2026-10-09 22:27:13.037   Log opened. (Time zone: UTC+00:00)
2026-10-09 22:27:13.037   Setup version: Inno Setup version 6.7.1
2026-10-09 22:27:13.037   Original Uninstall EXE: D:\a\_temp\agym-z64-37998368137-1480-drr_wd3f\reception\unins000.exe
2026-10-09 22:27:13.037   Uninstall DAT: D:\a\_temp\agym-z64-37998368137-1480-drr_wd3f\reception\unins000.dat
2026-10-09 22:27:13.037   Current Uninstall EXE: C:\Users\RUNNER~1\AppData\Local\Temp\is-JHTNAQ3P4G-uninstall.tmp\_unins.tmp
2026-10-09 22:27:13.037   Uninstall command line: /SECONDPHASE="D:\a\_temp\agym-z64-37998368137-1480-drr_wd3f\reception\unins000.exe" /FIRSTPHASEWND=$120226 /VERYSILENT /SUPPRESSMSGBOXES /NORESTART /LOG=D:\a\Atlantic-Software\Atlantic-Software\GymSoft_ZTATTUZ_3.6.1_x64\salida\validacion\instalacion-tecnica\ejecuciones\20261009T222614Z-1480\desinstalar-reception.log
2026-10-09 22:27:13.037   Windows version: 10.0.20348
2026-10-09 22:27:13.037   Windows architecture: x64 (64-bit)
2026-10-09 22:27:13.037   Machine types supported by system: x86 x64
2026-10-09 22:27:13.037   User privileges: Administrative
2026-10-09 22:27:13.037   Administrative install mode: No
2026-10-09 22:27:13.037   Install mode root key: HKEY_CURRENT_USER
2026-10-09 22:27:13.037   RedirectionGuard status for current process: Enabled in enforcing mode
2026-10-09 22:27:13.037   Cleaning up any residual temporary files from previous Uninstall runs.
2026-10-09 22:27:13.037   Cleanup finished (2 directories found, 2 directories checked, 0 files deleted).
2026-10-09 22:27:13.037   Created protected temporary directory: C:\Users\RUNNER~1\AppData\Local\Temp\is-L6PJHF4LQO.tmp
2026-10-09 22:27:13.037   -- DLL function import --
2026-10-09 22:27:13.037   Function and DLL name: SHChangeNotify@shell32.dll
2026-10-09 22:27:13.037   Importing the DLL function. Dest DLL name: shell32.dll
2026-10-09 22:27:13.037   Successfully imported the DLL function. Delay loaded? No
2026-10-09 22:27:13.053   Starting the uninstallation process.
2026-10-09 22:27:13.053   Deleting registry key: HKEY_CURRENT_USER\Software\Microsoft\Windows\CurrentVersion\Uninstall\{8F529E62-5D29-49E0-99AA-28255D920ECE}_is1
2026-10-09 22:27:13.100   Deleting file: C:\Users\runneradmin\AppData\Roaming\Microsoft\Windows\Start Menu\Programs\ZTATTUZ\Diagnóstico de Atlantic Gym · ZTATTUZ Recepción.lnk
2026-10-09 22:27:13.100   Deleting directory: C:\Users\runneradmin\AppData\Roaming\Microsoft\Windows\Start Menu\Programs\ZTATTUZ
2026-10-09 22:27:13.100   Failed to delete directory (145). Will retry later.
2026-10-09 22:27:13.100   Deleting file: C:\Users\runneradmin\Desktop\Atlantic Gym · ZTATTUZ Recepción.lnk
2026-10-09 22:27:13.116   Deleting file: C:\Users\runneradmin\AppData\Roaming\Microsoft\Windows\Start Menu\Programs\ZTATTUZ\Atlantic Gym · ZTATTUZ Recepción.lnk
2026-10-09 22:27:13.116   Deleting directory: C:\Users\runneradmin\AppData\Roaming\Microsoft\Windows\Start Menu\Programs\ZTATTUZ
2026-10-09 22:27:13.116   Deleting file: D:\a\_temp\agym-z64-37998368137-1480-drr_wd3f\reception\GUIA_PUERTA_LCUS1.md
2026-10-09 22:27:13.116   Deleting file: D:\a\_temp\agym-z64-37998368137-1480-drr_wd3f\reception\LEEME_ACTUALIZAR_3.6.1.md
2026-10-09 22:27:13.116   Deleting file: D:\a\_temp\agym-z64-37998368137-1480-drr_wd3f\reception\LEEME_WINDOWS_MINI.txt
2026-10-09 22:27:13.116   Deleting file: D:\a\_temp\agym-z64-37998368137-1480-drr_wd3f\reception\COPYRIGHT.txt
2026-10-09 22:27:13.116   Deleting file: D:\a\_temp\agym-z64-37998368137-1480-drr_wd3f\reception\ZTATTUZ-Recepcion-3.6.1.ico
2026-10-09 22:27:13.116   Deleting file: D:\a\_temp\agym-z64-37998368137-1480-drr_wd3f\reception\_internal\yarl\_quoting_c.cp314-win_amd64.pyd
2026-10-09 22:27:13.116   Deleting file: D:\a\_temp\agym-z64-37998368137-1480-drr_wd3f\reception\_internal\websockets-15.0.1.dist-info\WHEEL
2026-10-09 22:27:13.116   Deleting file: D:\a\_temp\agym-z64-37998368137-1480-drr_wd3f\reception\_internal\websockets-15.0.1.dist-info\top_level.txt
2026-10-09 22:27:13.116   Deleting file: D:\a\_temp\agym-z64-37998368137-1480-drr_wd3f\reception\_internal\websockets-15.0.1.dist-info\RECORD
2026-10-09 22:27:13.116   Deleting file: D:\a\_temp\agym-z64-37998368137-1480-drr_wd3f\reception\_internal\websockets-15.0.1.dist-info\METADATA
2026-10-09 22:27:13.116   Deleting file: D:\a\_temp\agym-z64-37998368137-1480-drr_wd3f\reception\_internal\websockets-15.0.1.dist-info\LICENSE
2026-10-09 22:27:13.116   Deleting file: D:\a\_temp\agym-z64-37998368137-1480-drr_wd3f\reception\_internal\websockets-15.0.1.dist-info\INSTALLER
2026-10-09 22:27:13.116   Deleting file: D:\a\_temp\agym-z64-37998368137-1480-drr_wd3f\reception\_internal\websockets-15.0.1.dist-info\entry_points.txt
2026-10-09 22:27:13.116   Deleting file: D:\a\_temp\agym-z64-37998368137-1480-drr_wd3f\reception\_internal\tzdata-2026.3.dist-info\licenses\licenses\LICENSE_APACHE
2026-10-09 22:27:13.116   Deleting file: D:\a\_temp\agym-z64-37998368137-1480-drr_wd3f\reception\_internal\tzdata-2026.3.dist-info\licenses\LICENSE
2026-10-09 22:27:13.116   Deleting file: D:\a\_temp\agym-z64-37998368137-1480-drr_wd3f\reception\_internal\tzdata-2026.3.dist-info\WHEEL
2026-10-09 22:27:13.116   Deleting file: D:\a\_temp\agym-z64-37998368137-1480-drr_wd3f\reception\_internal\tzdata-2026.3.dist-info\top_level.txt
2026-10-09 22:27:13.116   Deleting file: D:\a\_temp\agym-z64-37998368137-1480-drr_wd3f\reception\_internal\tzdata-2026.3.dist-info\REQUESTED
2026-10-09 22:27:13.116   Deleting file: D:\a\_temp\agym-z64-37998368137-1480-drr_wd3f\reception\_internal\tzdata-2026.3.dist-info\RECORD
2026-10-09 22:27:13.116   Deleting file: D:\a\_temp\agym-z64-37998368137-1480-drr_wd3f\reception\_internal\tzdata-2026.3.dist-info\METADATA
2026-10-09 22:27:13.116   Deleting file: D:\a\_temp\agym-z64-37998368137-1480-drr_wd3f\reception\_internal\tzdata-2026.3.dist-info\INSTALLER
2026-10-09 22:27:13.116   Deleting file: D:\a\_temp\agym-z64-37998368137-1480-drr_wd3f\reception\_internal\tzdata\zoneinfo\US\__init__.py
2026-10-09 22:27:13.116   Deleting file: D:\a\_temp\agym-z64-37998368137-1480-drr_wd3f\reception\_internal\tzdata\zoneinfo\US\Samoa
2026-10-09 22:27:13.116   Deleting file: D:\a\_temp\agym-z64-37998368137-1480-drr_wd3f\reception\_internal\tzdata\zoneinfo\US\Pacific
2026-10-09 22:27:13.116   Deleting file: D:\a\_temp\agym-z64-37998368137-1480-drr_wd3f\reception\_internal\tzdata\zoneinfo\US\Mountain
2026-10-09 22:27:13.116   Deleting file: D:\a\_temp\agym-z64-37998368137-1480-drr_wd3f\reception\_internal\tzdata\zoneinfo\US\Michigan
2026-10-09 22:27:13.116   Deleting file: D:\a\_temp\agym-z64-37998368137-1480-drr_wd3f\reception\_internal\tzdata\zoneinfo\US\Indiana-Starke
2026-10-09 22:27:13.116   Deleting file: D:\a\_temp\agym-z64-37998368137-1480-drr_wd3f\reception\_internal\tzdata\zoneinfo\US\Hawaii
2026-10-09 22:27:13.116   Deleting file: D:\a\_temp\agym-z64-37998368137-1480-drr_wd3f\reception\_internal\tzdata\zoneinfo\US\Eastern
2026-10-09 22:27:13.116   Deleting file: D:\a\_temp\agym-z64-37998368137-1480-drr_wd3f\reception\_internal\tzdata\zoneinfo\US\East-Indiana
2026-10-09 22:27:13.116   Deleting file: D:\a\_temp\agym-z64-37998368137-1480-drr_wd3f\reception\_internal\tzdata\zoneinfo\US\Central
2026-10-09 22:27:13.116   Deleting file: D:\a\_temp\agym-z64-37998368137-1480-drr_wd3f\reception\_internal\tzdata\zoneinfo\US\Arizona
2026-10-09 22:27:13.116   Deleting file: D:\a\_temp\agym-z64-37998368137-1480-drr_wd3f\reception\_internal\tzdata\zoneinfo\US\Aleutian
2026-10-09 22:27:13.116   Deleting file: D:\a\_temp\agym-z64-37998368137-1480-drr_wd3f\reception\_internal\tzdata\zoneinfo\US\Alaska
2026-10-09 22:27:13.116   Deleting file: D:\a\_temp\agym-z64-37998368137-1480-drr_wd3f\reception\_internal\tzdata\zoneinfo\Pacific\__init__.py
2026-10-09 22:27:13.116   Deleting file: D:\a\_temp\agym-z64-37998368137-1480-drr_wd3f\reception\_internal\tzdata\zoneinfo\Pacific\Yap
2026-10-09 22:27:13.116   Deleting file: D:\a\_temp\agym-z64-37998368137-1480-drr_wd3f\reception\_internal\tzdata\zoneinfo\Pacific\Wallis
2026-10-09 22:27:13.116   Deleting file: D:\a\_temp\agym-z64-37998368137-1480-drr_wd3f\reception\_internal\tzdata\zoneinfo\Pacific\Wake
2026-10-09 22:27:13.116   Deleting file: D:\a\_temp\agym-z64-37998368137-1480-drr_wd3f\reception\_internal\tzdata\zoneinfo\Pacific\Truk
2026-10-09 22:27:13.116   Deleting file: D:\a\_temp\agym-z64-37998368137-1480-drr_wd3f\reception\_internal\tzdata\zoneinfo\Pacific\Tongatapu
2026-10-09 22:27:13.116   Deleting file: D:\a\_temp\agym-z64-37998368137-1480-drr_wd3f\reception\_internal\tzdata\zoneinfo\Pacific\Tarawa
2026-10-09 22:27:13.116   Deleting file: D:\a\_temp\agym-z64-37998368137-1480-drr_wd3f\reception\_internal\tzdata\zoneinfo\Pacific\Tahiti
2026-10-09 22:27:13.116   Deleting file: D:\a\_temp\agym-z64-37998368137-1480-drr_wd3f\reception\_internal\tzdata\zoneinfo\Pacific\Samoa
2026-10-09 22:27:13.116   Deleting file: D:\a\_temp\agym-z64-37998368137-1480-drr_wd3f\reception\_internal\tzdata\zoneinfo\Pacific\Saipan
2026-10-09 22:27:13.116   Deleting file: D:\a\_temp\agym-z64-37998368137-1480-drr_wd3f\reception\_internal\tzdata\zoneinfo\Pacific\Rarotonga
2026-10-09 22:27:13.116   Deleting file: D:\a\_temp\agym-z64-37998368137-1480-drr_wd3f\reception\_internal\tzdata\zoneinfo\Pacific\Port_Moresby
2026-10-09 22:27:13.116   Deleting file: D:\a\_temp\agym-z64-37998368137-1480-drr_wd3f\reception\_internal\tzdata\zoneinfo\Pacific\Ponape
2026-10-09 22:27:13.116   Deleting file: D:\a\_temp\agym-z64-37998368137-1480-drr_wd3f\reception\_internal\tzdata\zoneinfo\Pacific\Pohnpei
2026-10-09 22:27:13.116   Deleting file: D:\a\_temp\agym-z64-37998368137-1480-drr_wd3f\reception\_internal\tzdata\zoneinfo\Pacific\Pitcairn
2026-10-09 22:27:13.116   Deleting file: D:\a\_temp\agym-z64-37998368137-1480-drr_wd3f\reception\_internal\tzdata\zoneinfo\Pacific\Palau
2026-10-09 22:27:13.116   Deleting file: D:\a\_temp\agym-z64-37998368137-1480-drr_wd3f\reception\_internal\tzdata\zoneinfo\Pacific\Pago_Pago
2026-10-09 22:27:13.116   Deleting file: D:\a\_temp\agym-z64-37998368137-1480-drr_wd3f\reception\_internal\tzdata\zoneinfo\Pacific\Noumea
2026-10-09 22:27:13.116   Deleting file: D:\a\_temp\agym-z64-37998368137-1480-drr_wd3f\reception\_internal\tzdata\zoneinfo\Pacific\Norfolk
2026-10-09 22:27:13.116   Deleting file: D:\a\_temp\agym-z64-37998368137-1480-drr_wd3f\reception\_internal\tzdata\zoneinfo\Pacific\Niue
2026-10-09 22:27:13.116   Deleting file: D:\a\_temp\agym-z64-37998368137-1480-drr_wd3f\reception\_internal\tzdata\zoneinfo\Pacific\Nauru
2026-10-09 22:27:13.116   Deleting file: D:\a\_temp\agym-z64-37998368137-1480-drr_wd3f\reception\_internal\tzdata\zoneinfo\Pacific\Midway
2026-10-09 22:27:13.116   Deleting file: D:\a\_temp\agym-z64-37998368137-1480-drr_wd3f\reception\_internal\tzdata\zoneinfo\Pacific\Marquesas
2026-10-09 22:27:13.116   Deleting file: D:\a\_temp\agym-z64-37998368137-1480-drr_wd3f\reception\_internal\tzdata\zoneinfo\Pacific\Majuro
2026-10-09 22:27:13.116   Deleting file: D:\a\_temp\agym-z64-37998368137-1480-drr_wd3f\reception\_internal\tzdata\zoneinfo\Pacific\Kwajalein
2026-10-09 22:27:13.116   Deleting file: D:\a\_temp\agym-z64-37998368137-1480-drr_wd3f\reception\_internal\tzdata\zoneinfo\Pacific\Kosrae
2026-10-09 22:27:13.116   Deleting file: D:\a\_temp\agym-z64-37998368137-1480-drr_wd3f\reception\_internal\tzdata\zoneinfo\Pacific\Kiritimati
2026-10-09 22:27:13.116   Deleting file: D:\a\_temp\agym-z64-37998368137-1480-drr_wd3f\reception\_internal\tzdata\zoneinfo\Pacific\Kanton
2026-10-09 22:27:13.116   Deleting file: D:\a\_temp\agym-z64-37998368137-1480-drr_wd3f\reception\_internal\tzdata\zoneinfo\Pacific\Johnston
2026-10-09 22:27:13.116   Deleting file: D:\a\_temp\agym-z64-37998368137-1480-drr_wd3f\reception\_internal\tzdata\zoneinfo\Pacific\Honolulu
2026-10-09 22:27:13.116   Deleting file: D:\a\_temp\agym-z64-37998368137-1480-drr_wd3f\reception\_internal\tzdata\zoneinfo\Pacific\Guam
2026-10-09 22:27:13.116   Deleting file: D:\a\_temp\agym-z64-37998368137-1480-drr_wd3f\reception\_internal\tzdata\zoneinfo\Pacific\Guadalcanal
2026-10-09 22:27:13.116   Deleting file: D:\a\_temp\agym-z64-37998368137-1480-drr_wd3f\reception\_internal\tzdata\zoneinfo\Pacific\Gambier
2026-10-09 22:27:13.116   Deleting file: D:\a\_temp\agym-z64-37998368137-1480-drr_wd3f\reception\_internal\tzdata\zoneinfo\Pacific\Galapagos
2026-10-09 22:27:13.116   Deleting file: D:\a\_temp\agym-z64-37998368137-1480-drr_wd3f\reception\_internal\tzdata\zoneinfo\Pacific\Funafuti
2026-10-09 22:27:13.116   Deleting file: D:\a\_temp\agym-z64-37998368137-1480-drr_wd3f\reception\_internal\tzdata\zoneinfo\Pacific\Fiji
2026-10-09 22:27:13.116   Deleting file: D:\a\_temp\agym-z64-37998368137-1480-drr_wd3f\reception\_internal\tzdata\zoneinfo\Pacific\Fakaofo
2026-10-09 22:27:13.116   Deleting file: D:\a\_temp\agym-z64-37998368137-1480-drr_wd3f\reception\_internal\tzdata\zoneinfo\Pacific\Enderbury
2026-10-09 22:27:13.116   Deleting file: D:\a\_temp\agym-z64-37998368137-1480-drr_wd3f\reception\_internal\tzdata\zoneinfo\Pacific\Efate
2026-10-09 22:27:13.116   Deleting file: D:\a\_temp\agym-z64-37998368137-1480-drr_wd3f\reception\_internal\tzdata\zoneinfo\Pacific\Easter
2026-10-09 22:27:13.116   Deleting file: D:\a\_temp\agym-z64-37998368137-1480-drr_wd3f\reception\_internal\tzdata\zoneinfo\Pacific\Chuuk
2026-10-09 22:27:13.116   Deleting file: D:\a\_temp\agym-z64-37998368137-1480-drr_wd3f\reception\_internal\tzdata\zoneinfo\Pacific\Chatham
2026-10-09 22:27:13.116   Deleting file: D:\a\_temp\agym-z64-37998368137-1480-drr_wd3f\reception\_internal\tzdata\zoneinfo\Pacific\Bougainville
2026-10-09 22:27:13.116   Deleting file: D:\a\_temp\agym-z64-37998368137-1480-drr_wd3f\reception\_internal\tzdata\zoneinfo\Pacific\Auckland
2026-10-09 22:27:13.116   Deleting file: D:\a\_temp\agym-z64-37998368137-1480-drr_wd3f\reception\_internal\tzdata\zoneinfo\Pacific\Apia
2026-10-09 22:27:13.116   Deleting file: D:\a\_temp\agym-z64-37998368137-1480-drr_wd3f\reception\_internal\tzdata\zoneinfo\Mexico\__init__.py
2026-10-09 22:27:13.116   Deleting file: D:\a\_temp\agym-z64-37998368137-1480-drr_wd3f\reception\_internal\tzdata\zoneinfo\Mexico\General
2026-10-09 22:27:13.116   Deleting file: D:\a\_temp\agym-z64-37998368137-1480-drr_wd3f\reception\_internal\tzdata\zoneinfo\Mexico\BajaSur
2026-10-09 22:27:13.116   Deleting file: D:\a\_temp\agym-z64-37998368137-1480-drr_wd3f\reception\_internal\tzdata\zoneinfo\Mexico\BajaNorte
2026-10-09 22:27:13.116   Deleting file: D:\a\_temp\agym-z64-37998368137-1480-drr_wd3f\reception\_internal\tzdata\zoneinfo\Indian\__init__.py
2026-10-09 22:27:13.116   Deleting file: D:\a\_temp\agym-z64-37998368137-1480-drr_wd3f\reception\_internal\tzdata\zoneinfo\Indian\Reunion
2026-10-09 22:27:13.116   Deleting file: D:\a\_temp\agym-z64-37998368137-1480-drr_wd3f\reception\_internal\tzdata\zoneinfo\Indian\Mayotte
2026-10-09 22:27:13.116   Deleting file: D:\a\_temp\agym-z64-37998368137-1480-drr_wd3f\reception\_internal\tzdata\zoneinfo\Indian\Mauritius
2026-10-09 22:27:13.116   Deleting file: D:\a\_temp\agym-z64-37998368137-1480-drr_wd3f\reception\_internal\tzdata\zoneinfo\Indian\Maldives
2026-10-09 22:27:13.116   Deleting file: D:\a\_temp\agym-z64-37998368137-1480-drr_wd3f\reception\_internal\tzdata\zoneinfo\Indian\Mahe
2026-10-09 22:27:13.116   Deleting file: D:\a\_temp\agym-z64-37998368137-1480-drr_wd3f\reception\_internal\tzdata\zoneinfo\Indian\Kerguelen
2026-10-09 22:27:13.116   Deleting file: D:\a\_temp\agym-z64-37998368137-1480-drr_wd3f\reception\_internal\tzdata\zoneinfo\Indian\Comoro
2026-10-09 22:27:13.116   Deleting file: D:\a\_temp\agym-z64-37998368137-1480-drr_wd3f\reception\_internal\tzdata\zoneinfo\Indian\Cocos
2026-10-09 22:27:13.116   Deleting file: D:\a\_temp\agym-z64-37998368137-1480-drr_wd3f\reception\_internal\tzdata\zoneinfo\Indian\Christmas
2026-10-09 22:27:13.116   Deleting file: D:\a\_temp\agym-z64-37998368137-1480-drr_wd3f\reception\_internal\tzdata\zoneinfo\Indian\Chagos
2026-10-09 22:27:13.116   Deleting file: D:\a\_temp\agym-z64-37998368137-1480-drr_wd3f\reception\_internal\tzdata\zoneinfo\Indian\Antananarivo
2026-10-09 22:27:13.116   Deleting file: D:\a\_temp\agym-z64-37998368137-1480-drr_wd3f\reception\_internal\tzdata\zoneinfo\Europe\__init__.py
2026-10-09 22:27:13.116   Deleting file: D:\a\_temp\agym-z64-37998368137-1480-drr_wd3f\reception\_internal\tzdata\zoneinfo\Europe\Zurich
2026-10-09 22:27:13.116   Deleting file: D:\a\_temp\agym-z64-37998368137-1480-drr_wd3f\reception\_internal\tzdata\zoneinfo\Europe\Zaporozhye
2026-10-09 22:27:13.116   Deleting file: D:\a\_temp\agym-z64-37998368137-1480-drr_wd3f\reception\_internal\tzdata\zoneinfo\Europe\Zagreb
2026-10-09 22:27:13.116   Deleting file: D:\a\_temp\agym-z64-37998368137-1480-drr_wd3f\reception\_internal\tzdata\zoneinfo\Europe\Warsaw
2026-10-09 22:27:13.116   Deleting file: D:\a\_temp\agym-z64-37998368137-1480-drr_wd3f\reception\_internal\tzdata\zoneinfo\Europe\Volgograd
2026-10-09 22:27:13.116   Deleting file: D:\a\_temp\agym-z64-37998368137-1480-drr_wd3f\reception\_internal\tzdata\zoneinfo\Europe\Vilnius
2026-10-09 22:27:13.116   Deleting file: D:\a\_temp\agym-z64-37998368137-1480-drr_wd3f\reception\_internal\tzdata\zoneinfo\Europe\Vienna
2026-10-09 22:27:13.116   Deleting file: D:\a\_temp\agym-z64-37998368137-1480-drr_wd3f\reception\_internal\tzdata\zoneinfo\Europe\Vatican
2026-10-09 22:27:13.116   Deleting file: D:\a\_temp\agym-z64-37998368137-1480-drr_wd3f\reception\_internal\tzdata\zoneinfo\Europe\Vaduz
2026-10-09 22:27:13.116   Deleting file: D:\a\_temp\agym-z64-37998368137-1480-drr_wd3f\reception\_internal\tzdata\zoneinfo\Europe\Uzhgorod
2026-10-09 22:27:13.116   Deleting file: D:\a\_temp\agym-z64-37998368137-1480-drr_wd3f\reception\_internal\tzdata\zoneinfo\Europe\Ulyanovsk
2026-10-09 22:27:13.116   Deleting file: D:\a\_temp\agym-z64-37998368137-1480-drr_wd3f\reception\_internal\tzdata\zoneinfo\Europe\Tiraspol
2026-10-09 22:27:13.116   Deleting file: D:\a\_temp\agym-z64-37998368137-1480-drr_wd3f\reception\_internal\tzdata\zoneinfo\Europe\Tirane
2026-10-09 22:27:13.116   Deleting file: D:\a\_temp\agym-z64-37998368137-1480-drr_wd3f\reception\_internal\tzdata\zoneinfo\Europe\Tallinn
2026-10-09 22:27:13.116   Deleting file: D:\a\_temp\agym-z64-37998368137-1480-drr_wd3f\reception\_internal\tzdata\zoneinfo\Europe\Stockholm
2026-10-09 22:27:13.116   Deleting file: D:\a\_temp\agym-z64-37998368137-1480-drr_wd3f\reception\_internal\tzdata\zoneinfo\Europe\Sofia
2026-10-09 22:27:13.116   Deleting file: D:\a\_temp\agym-z64-37998368137-1480-drr_wd3f\reception\_internal\tzdata\zoneinfo\Europe\Skopje
2026-10-09 22:27:13.116   Deleting file: D:\a\_temp\agym-z64-37998368137-1480-drr_wd3f\reception\_internal\tzdata\zoneinfo\Europe\Simferopol
2026-10-09 22:27:13.116   Deleting file: D:\a\_temp\agym-z64-37998368137-1480-drr_wd3f\reception\_internal\tzdata\zoneinfo\Europe\Saratov
2026-10-09 22:27:13.116   Deleting file: D:\a\_temp\agym-z64-37998368137-1480-drr_wd3f\reception\_internal\tzdata\zoneinfo\Europe\Sarajevo
2026-10-09 22:27:13.116   Deleting file: D:\a\_temp\agym-z64-37998368137-1480-drr_wd3f\reception\_internal\tzdata\zoneinfo\Europe\San_Marino
2026-10-09 22:27:13.116   Deleting file: D:\a\_temp\agym-z64-37998368137-1480-drr_wd3f\reception\_internal\tzdata\zoneinfo\Europe\Samara
2026-10-09 22:27:13.116   Deleting file: D:\a\_temp\agym-z64-37998368137-1480-drr_wd3f\reception\_internal\tzdata\zoneinfo\Europe\Rome
2026-10-09 22:27:13.116   Deleting file: D:\a\_temp\agym-z64-37998368137-1480-drr_wd3f\reception\_internal\tzdata\zoneinfo\Europe\Riga
2026-10-09 22:27:13.116   Deleting file: D:\a\_temp\agym-z64-37998368137-1480-drr_wd3f\reception\_internal\tzdata\zoneinfo\Europe\Prague
2026-10-09 22:27:13.116   Deleting file: D:\a\_temp\agym-z64-37998368137-1480-drr_wd3f\reception\_internal\tzdata\zoneinfo\Europe\Podgorica
2026-10-09 22:27:13.116   Deleting file: D:\a\_temp\agym-z64-37998368137-1480-drr_wd3f\reception\_internal\tzdata\zoneinfo\Europe\Paris
2026-10-09 22:27:13.116   Deleting file: D:\a\_temp\agym-z64-37998368137-1480-drr_wd3f\reception\_internal\tzdata\zoneinfo\Europe\Oslo
2026-10-09 22:27:13.116   Deleting file: D:\a\_temp\agym-z64-37998368137-1480-drr_wd3f\reception\_internal\tzdata\zoneinfo\Europe\Nicosia
2026-10-09 22:27:13.116   Deleting file: D:\a\_temp\agym-z64-37998368137-1480-drr_wd3f\reception\_internal\tzdata\zoneinfo\Europe\Moscow
2026-10-09 22:27:13.116   Deleting file: D:\a\_temp\agym-z64-37998368137-1480-drr_wd3f\reception\_internal\tzdata\zoneinfo\Europe\Monaco
2026-10-09 22:27:13.116   Deleting file: D:\a\_temp\agym-z64-37998368137-1480-drr_wd3f\reception\_internal\tzdata\zoneinfo\Europe\Minsk
2026-10-09 22:27:13.116   Deleting file: D:\a\_temp\agym-z64-37998368137-1480-drr_wd3f\reception\_internal\tzdata\zoneinfo\Europe\Mariehamn
2026-10-09 22:27:13.116   Deleting file: D:\a\_temp\agym-z64-37998368137-1480-drr_wd3f\reception\_internal\tzdata\zoneinfo\Europe\Malta
2026-10-09 22:27:13.116   Deleting file: D:\a\_temp\agym-z64-37998368137-1480-drr_wd3f\reception\_internal\tzdata\zoneinfo\Europe\Madrid
2026-10-09 22:27:13.116   Deleting file: D:\a\_temp\agym-z64-37998368137-1480-drr_wd3f\reception\_internal\tzdata\zoneinfo\Europe\Luxembourg
2026-10-09 22:27:13.116   Deleting file: D:\a\_temp\agym-z64-37998368137-1480-drr_wd3f\reception\_internal\tzdata\zoneinfo\Europe\London
2026-10-09 22:27:13.116   Deleting file: D:\a\_temp\agym-z64-37998368137-1480-drr_wd3f\reception\_internal\tzdata\zoneinfo\Europe\Ljubljana
2026-10-09 22:27:13.116   Deleting file: D:\a\_temp\agym-z64-37998368137-1480-drr_wd3f\reception\_internal\tzdata\zoneinfo\Europe\Lisbon
2026-10-09 22:27:13.116   Deleting file: D:\a\_temp\agym-z64-37998368137-1480-drr_wd3f\reception\_internal\tzdata\zoneinfo\Europe\Kyiv
2026-10-09 22:27:13.116   Deleting file: D:\a\_temp\agym-z64-37998368137-1480-drr_wd3f\reception\_internal\tzdata\zoneinfo\Europe\Kirov
2026-10-09 22:27:13.116   Deleting file: D:\a\_temp\agym-z64-37998368137-1480-drr_wd3f\reception\_internal\tzdata\zoneinfo\Europe\Kiev
2026-10-09 22:27:13.116   Deleting file: D:\a\_temp\agym-z64-37998368137-1480-drr_wd3f\reception\_internal\tzdata\zoneinfo\Europe\Kaliningrad
2026-10-09 22:27:13.116   Deleting file: D:\a\_temp\agym-z64-37998368137-1480-drr_wd3f\reception\_internal\tzdata\zoneinfo\Europe\Jersey
2026-10-09 22:27:13.116   Deleting file: D:\a\_temp\agym-z64-37998368137-1480-drr_wd3f\reception\_internal\tzdata\zoneinfo\Europe\Istanbul
2026-10-09 22:27:13.116   Deleting file: D:\a\_temp\agym-z64-37998368137-1480-drr_wd3f\reception\_internal\tzdata\zoneinfo\Europe\Isle_of_Man
2026-10-09 22:27:13.116   Deleting file: D:\a\_temp\agym-z64-37998368137-1480-drr_wd3f\reception\_internal\tzdata\zoneinfo\Europe\Helsinki
2026-10-09 22:27:13.116   Deleting file: D:\a\_temp\agym-z64-37998368137-1480-drr_wd3f\reception\_internal\tzdata\zoneinfo\Europe\Guernsey
2026-10-09 22:27:13.116   Deleting file: D:\a\_temp\agym-z64-37998368137-1480-drr_wd3f\reception\_internal\tzdata\zoneinfo\Europe\Gibraltar
2026-10-09 22:27:13.116   Deleting file: D:\a\_temp\agym-z64-37998368137-1480-drr_wd3f\reception\_internal\tzdata\zoneinfo\Europe\Dublin
2026-10-09 22:27:13.116   Deleting file: D:\a\_temp\agym-z64-37998368137-1480-drr_wd3f\reception\_internal\tzdata\zoneinfo\Europe\Copenhagen
2026-10-09 22:27:13.116   Deleting file: D:\a\_temp\agym-z64-37998368137-1480-drr_wd3f\reception\_internal\tzdata\zoneinfo\Europe\Chisinau
2026-10-09 22:27:13.116   Deleting file: D:\a\_temp\agym-z64-37998368137-1480-drr_wd3f\reception\_internal\tzdata\zoneinfo\Europe\Busingen
2026-10-09 22:27:13.116   Deleting file: D:\a\_temp\agym-z64-37998368137-1480-drr_wd3f\reception\_internal\tzdata\zoneinfo\Europe\Budapest
2026-10-09 22:27:13.116   Deleting file: D:\a\_temp\agym-z64-37998368137-1480-drr_wd3f\reception\_internal\tzdata\zoneinfo\Europe\Bucharest
2026-10-09 22:27:13.116   Deleting file: D:\a\_temp\agym-z64-37998368137-1480-drr_wd3f\reception\_internal\tzdata\zoneinfo\Europe\Brussels
2026-10-09 22:27:13.116   Deleting file: D:\a\_temp\agym-z64-37998368137-1480-drr_wd3f\reception\_internal\tzdata\zoneinfo\Europe\Bratislava
2026-10-09 22:27:13.116   Deleting file: D:\a\_temp\agym-z64-37998368137-1480-drr_wd3f\reception\_internal\tzdata\zoneinfo\Europe\Berlin
2026-10-09 22:27:13.116   Deleting file: D:\a\_temp\agym-z64-37998368137-1480-drr_wd3f\reception\_internal\tzdata\zoneinfo\Europe\Belgrade
2026-10-09 22:27:13.116   Deleting file: D:\a\_temp\agym-z64-37998368137-1480-drr_wd3f\reception\_internal\tzdata\zoneinfo\Europe\Belfast
2026-10-09 22:27:13.116   Deleting file: D:\a\_temp\agym-z64-37998368137-1480-drr_wd3f\reception\_internal\tzdata\zoneinfo\Europe\Athens
2026-10-09 22:27:13.116   Deleting file: D:\a\_temp\agym-z64-37998368137-1480-drr_wd3f\reception\_internal\tzdata\zoneinfo\Europe\Astrakhan
2026-10-09 22:27:13.116   Deleting file: D:\a\_temp\agym-z64-37998368137-1480-drr_wd3f\reception\_internal\tzdata\zoneinfo\Europe\Andorra
2026-10-09 22:27:13.116   Deleting file: D:\a\_temp\agym-z64-37998368137-1480-drr_wd3f\reception\_internal\tzdata\zoneinfo\Europe\Amsterdam
2026-10-09 22:27:13.116   Deleting file: D:\a\_temp\agym-z64-37998368137-1480-drr_wd3f\reception\_internal\tzdata\zoneinfo\Etc\__init__.py
2026-10-09 22:27:13.116   Deleting file: D:\a\_temp\agym-z64-37998368137-1480-drr_wd3f\reception\_internal\tzdata\zoneinfo\Etc\Zulu
2026-10-09 22:27:13.116   Deleting file: D:\a\_temp\agym-z64-37998368137-1480-drr_wd3f\reception\_internal\tzdata\zoneinfo\Etc\UTC
2026-10-09 22:27:13.116   Deleting file: D:\a\_temp\agym-z64-37998368137-1480-drr_wd3f\reception\_internal\tzdata\zoneinfo\Etc\Universal
2026-10-09 22:27:13.116   Deleting file: D:\a\_temp\agym-z64-37998368137-1480-drr_wd3f\reception\_internal\tzdata\zoneinfo\Etc\UCT
2026-10-09 22:27:13.116   Deleting file: D:\a\_temp\agym-z64-37998368137-1480-drr_wd3f\reception\_internal\tzdata\zoneinfo\Etc\Greenwich
2026-10-09 22:27:13.116   Deleting file: D:\a\_temp\agym-z64-37998368137-1480-drr_wd3f\reception\_internal\tzdata\zoneinfo\Etc\GMT0
2026-10-09 22:27:13.116   Deleting file: D:\a\_temp\agym-z64-37998368137-1480-drr_wd3f\reception\_internal\tzdata\zoneinfo\Etc\GMT-9
2026-10-09 22:27:13.116   Deleting file: D:\a\_temp\agym-z64-37998368137-1480-drr_wd3f\reception\_internal\tzdata\zoneinfo\Etc\GMT-8
2026-10-09 22:27:13.116   Deleting file: D:\a\_temp\agym-z64-37998368137-1480-drr_wd3f\reception\_internal\tzdata\zoneinfo\Etc\GMT-7
2026-10-09 22:27:13.116   Deleting file: D:\a\_temp\agym-z64-37998368137-1480-drr_wd3f\reception\_internal\tzdata\zoneinfo\Etc\GMT-6
2026-10-09 22:27:13.116   Deleting file: D:\a\_temp\agym-z64-37998368137-1480-drr_wd3f\reception\_internal\tzdata\zoneinfo\Etc\GMT-5
2026-10-09 22:27:13.116   Deleting file: D:\a\_temp\agym-z64-37998368137-1480-drr_wd3f\reception\_internal\tzdata\zoneinfo\Etc\GMT-4
2026-10-09 22:27:13.116   Deleting file: D:\a\_temp\agym-z64-37998368137-1480-drr_wd3f\reception\_internal\tzdata\zoneinfo\Etc\GMT-3
2026-10-09 22:27:13.116   Deleting file: D:\a\_temp\agym-z64-37998368137-1480-drr_wd3f\reception\_internal\tzdata\zoneinfo\Etc\GMT-2
2026-10-09 22:27:13.116   Deleting file: D:\a\_temp\agym-z64-37998368137-1480-drr_wd3f\reception\_internal\tzdata\zoneinfo\Etc\GMT-14
2026-10-09 22:27:13.116   Deleting file: D:\a\_temp\agym-z64-37998368137-1480-drr_wd3f\reception\_internal\tzdata\zoneinfo\Etc\GMT-13
2026-10-09 22:27:13.116   Deleting file: D:\a\_temp\agym-z64-37998368137-1480-drr_wd3f\reception\_internal\tzdata\zoneinfo\Etc\GMT-12
2026-10-09 22:27:13.116   Deleting file: D:\a\_temp\agym-z64-37998368137-1480-drr_wd3f\reception\_internal\tzdata\zoneinfo\Etc\GMT-11
2026-10-09 22:27:13.116   Deleting file: D:\a\_temp\agym-z64-37998368137-1480-drr_wd3f\reception\_internal\tzdata\zoneinfo\Etc\GMT-10
2026-10-09 22:27:13.116   Deleting file: D:\a\_temp\agym-z64-37998368137-1480-drr_wd3f\reception\_internal\tzdata\zoneinfo\Etc\GMT-1
2026-10-09 22:27:13.116   Deleting file: D:\a\_temp\agym-z64-37998368137-1480-drr_wd3f\reception\_internal\tzdata\zoneinfo\Etc\GMT-0
2026-10-09 22:27:13.116   Deleting file: D:\a\_temp\agym-z64-37998368137-1480-drr_wd3f\reception\_internal\tzdata\zoneinfo\Etc\GMT+9
2026-10-09 22:27:13.116   Deleting file: D:\a\_temp\agym-z64-37998368137-1480-drr_wd3f\reception\_internal\tzdata\zoneinfo\Etc\GMT+8
2026-10-09 22:27:13.116   Deleting file: D:\a\_temp\agym-z64-37998368137-1480-drr_wd3f\reception\_internal\tzdata\zoneinfo\Etc\GMT+7
2026-10-09 22:27:13.116   Deleting file: D:\a\_temp\agym-z64-37998368137-1480-drr_wd3f\reception\_internal\tzdata\zoneinfo\Etc\GMT+6
2026-10-09 22:27:13.116   Deleting file: D:\a\_temp\agym-z64-37998368137-1480-drr_wd3f\reception\_internal\tzdata\zoneinfo\Etc\GMT+5
2026-10-09 22:27:13.116   Deleting file: D:\a\_temp\agym-z64-37998368137-1480-drr_wd3f\reception\_internal\tzdata\zoneinfo\Etc\GMT+4
2026-10-09 22:27:13.116   Deleting file: D:\a\_temp\agym-z64-37998368137-1480-drr_wd3f\reception\_internal\tzdata\zoneinfo\Etc\GMT+3
2026-10-09 22:27:13.116   Deleting file: D:\a\_temp\agym-z64-37998368137-1480-drr_wd3f\reception\_internal\tzdata\zoneinfo\Etc\GMT+2
2026-10-09 22:27:13.116   Deleting file: D:\a\_temp\agym-z64-37998368137-1480-drr_wd3f\reception\_internal\tzdata\zoneinfo\Etc\GMT+12
2026-10-09 22:27:13.116   Deleting file: D:\a\_temp\agym-z64-37998368137-1480-drr_wd3f\reception\_internal\tzdata\zoneinfo\Etc\GMT+11
2026-10-09 22:27:13.116   Deleting file: D:\a\_temp\agym-z64-37998368137-1480-drr_wd3f\reception\_internal\tzdata\zoneinfo\Etc\GMT+10
2026-10-09 22:27:13.116   Deleting file: D:\a\_temp\agym-z64-37998368137-1480-drr_wd3f\reception\_internal\tzdata\zoneinfo\Etc\GMT+1
2026-10-09 22:27:13.116   Deleting file: D:\a\_temp\agym-z64-37998368137-1480-drr_wd3f\reception\_internal\tzdata\zoneinfo\Etc\GMT+0
2026-10-09 22:27:13.116   Deleting file: D:\a\_temp\agym-z64-37998368137-1480-drr_wd3f\reception\_internal\tzdata\zoneinfo\Etc\GMT
2026-10-09 22:27:13.116   Deleting file: D:\a\_temp\agym-z64-37998368137-1480-drr_wd3f\reception\_internal\tzdata\zoneinfo\Chile\__init__.py
2026-10-09 22:27:13.116   Deleting file: D:\a\_temp\agym-z64-37998368137-1480-drr_wd3f\reception\_internal\tzdata\zoneinfo\Chile\EasterIsland
2026-10-09 22:27:13.116   Deleting file: D:\a\_temp\agym-z64-37998368137-1480-drr_wd3f\reception\_internal\tzdata\zoneinfo\Chile\Continental
2026-10-09 22:27:13.116   Deleting file: D:\a\_temp\agym-z64-37998368137-1480-drr_wd3f\reception\_internal\tzdata\zoneinfo\Canada\__init__.py
2026-10-09 22:27:13.116   Deleting file: D:\a\_temp\agym-z64-37998368137-1480-drr_wd3f\reception\_internal\tzdata\zoneinfo\Canada\Yukon
2026-10-09 22:27:13.116   Deleting file: D:\a\_temp\agym-z64-37998368137-1480-drr_wd3f\reception\_internal\tzdata\zoneinfo\Canada\Saskatchewan
2026-10-09 22:27:13.116   Deleting file: D:\a\_temp\agym-z64-37998368137-1480-drr_wd3f\reception\_internal\tzdata\zoneinfo\Canada\Pacific
2026-10-09 22:27:13.116   Deleting file: D:\a\_temp\agym-z64-37998368137-1480-drr_wd3f\reception\_internal\tzdata\zoneinfo\Canada\Newfoundland
2026-10-09 22:27:13.116   Deleting file: D:\a\_temp\agym-z64-37998368137-1480-drr_wd3f\reception\_internal\tzdata\zoneinfo\Canada\Mountain
2026-10-09 22:27:13.116   Deleting file: D:\a\_temp\agym-z64-37998368137-1480-drr_wd3f\reception\_internal\tzdata\zoneinfo\Canada\Eastern
2026-10-09 22:27:13.116   Deleting file: D:\a\_temp\agym-z64-37998368137-1480-drr_wd3f\reception\_internal\tzdata\zoneinfo\Canada\Central
2026-10-09 22:27:13.116   Deleting file: D:\a\_temp\agym-z64-37998368137-1480-drr_wd3f\reception\_internal\tzdata\zoneinfo\Canada\Atlantic
2026-10-09 22:27:13.116   Deleting file: D:\a\_temp\agym-z64-37998368137-1480-drr_wd3f\reception\_internal\tzdata\zoneinfo\Brazil\__init__.py
2026-10-09 22:27:13.116   Deleting file: D:\a\_temp\agym-z64-37998368137-1480-drr_wd3f\reception\_internal\tzdata\zoneinfo\Brazil\West
2026-10-09 22:27:13.116   Deleting file: D:\a\_temp\agym-z64-37998368137-1480-drr_wd3f\reception\_internal\tzdata\zoneinfo\Brazil\East
2026-10-09 22:27:13.116   Deleting file: D:\a\_temp\agym-z64-37998368137-1480-drr_wd3f\reception\_internal\tzdata\zoneinfo\Brazil\DeNoronha
2026-10-09 22:27:13.116   Deleting file: D:\a\_temp\agym-z64-37998368137-1480-drr_wd3f\reception\_internal\tzdata\zoneinfo\Brazil\Acre
2026-10-09 22:27:13.116   Deleting file: D:\a\_temp\agym-z64-37998368137-1480-drr_wd3f\reception\_internal\tzdata\zoneinfo\Australia\__init__.py
2026-10-09 22:27:13.116   Deleting file: D:\a\_temp\agym-z64-37998368137-1480-drr_wd3f\reception\_internal\tzdata\zoneinfo\Australia\Yancowinna
2026-10-09 22:27:13.116   Deleting file: D:\a\_temp\agym-z64-37998368137-1480-drr_wd3f\reception\_internal\tzdata\zoneinfo\Australia\West
2026-10-09 22:27:13.116   Deleting file: D:\a\_temp\agym-z64-37998368137-1480-drr_wd3f\reception\_internal\tzdata\zoneinfo\Australia\Victoria
2026-10-09 22:27:13.116   Deleting file: D:\a\_temp\agym-z64-37998368137-1480-drr_wd3f\reception\_internal\tzdata\zoneinfo\Australia\Tasmania
2026-10-09 22:27:13.116   Deleting file: D:\a\_temp\agym-z64-37998368137-1480-drr_wd3f\reception\_internal\tzdata\zoneinfo\Australia\Sydney
2026-10-09 22:27:13.116   Deleting file: D:\a\_temp\agym-z64-37998368137-1480-drr_wd3f\reception\_internal\tzdata\zoneinfo\Australia\South
2026-10-09 22:27:13.116   Deleting file: D:\a\_temp\agym-z64-37998368137-1480-drr_wd3f\reception\_internal\tzdata\zoneinfo\Australia\Queensland
2026-10-09 22:27:13.116   Deleting file: D:\a\_temp\agym-z64-37998368137-1480-drr_wd3f\reception\_internal\tzdata\zoneinfo\Australia\Perth
2026-10-09 22:27:13.116   Deleting file: D:\a\_temp\agym-z64-37998368137-1480-drr_wd3f\reception\_internal\tzdata\zoneinfo\Australia\NSW
2026-10-09 22:27:13.116   Deleting file: D:\a\_temp\agym-z64-37998368137-1480-drr_wd3f\reception\_internal\tzdata\zoneinfo\Australia\North
2026-10-09 22:27:13.116   Deleting file: D:\a\_temp\agym-z64-37998368137-1480-drr_wd3f\reception\_internal\tzdata\zoneinfo\Australia\Melbourne
2026-10-09 22:27:13.116   Deleting file: D:\a\_temp\agym-z64-37998368137-1480-drr_wd3f\reception\_internal\tzdata\zoneinfo\Australia\Lord_Howe
2026-10-09 22:27:13.116   Deleting file: D:\a\_temp\agym-z64-37998368137-1480-drr_wd3f\reception\_internal\tzdata\zoneinfo\Australia\Lindeman
2026-10-09 22:27:13.116   Deleting file: D:\a\_temp\agym-z64-37998368137-1480-drr_wd3f\reception\_internal\tzdata\zoneinfo\Australia\LHI
2026-10-09 22:27:13.116   Deleting file: D:\a\_temp\agym-z64-37998368137-1480-drr_wd3f\reception\_internal\tzdata\zoneinfo\Australia\Hobart
2026-10-09 22:27:13.131   Deleting file: D:\a\_temp\agym-z64-37998368137-1480-drr_wd3f\reception\_internal\tzdata\zoneinfo\Australia\Eucla
2026-10-09 22:27:13.131   Deleting file: D:\a\_temp\agym-z64-37998368137-1480-drr_wd3f\reception\_internal\tzdata\zoneinfo\Australia\Darwin
2026-10-09 22:27:13.131   Deleting file: D:\a\_temp\agym-z64-37998368137-1480-drr_wd3f\reception\_internal\tzdata\zoneinfo\Australia\Currie
2026-10-09 22:27:13.131   Deleting file: D:\a\_temp\agym-z64-37998368137-1480-drr_wd3f\reception\_internal\tzdata\zoneinfo\Australia\Canberra
2026-10-09 22:27:13.131   Deleting file: D:\a\_temp\agym-z64-37998368137-1480-drr_wd3f\reception\_internal\tzdata\zoneinfo\Australia\Broken_Hill
2026-10-09 22:27:13.131   Deleting file: D:\a\_temp\agym-z64-37998368137-1480-drr_wd3f\reception\_internal\tzdata\zoneinfo\Australia\Brisbane
2026-10-09 22:27:13.131   Deleting file: D:\a\_temp\agym-z64-37998368137-1480-drr_wd3f\reception\_internal\tzdata\zoneinfo\Australia\Adelaide
2026-10-09 22:27:13.131   Deleting file: D:\a\_temp\agym-z64-37998368137-1480-drr_wd3f\reception\_internal\tzdata\zoneinfo\Australia\ACT
2026-10-09 22:27:13.131   Deleting file: D:\a\_temp\agym-z64-37998368137-1480-drr_wd3f\reception\_internal\tzdata\zoneinfo\Atlantic\__init__.py
2026-10-09 22:27:13.131   Deleting file: D:\a\_temp\agym-z64-37998368137-1480-drr_wd3f\reception\_internal\tzdata\zoneinfo\Atlantic\St_Helena
2026-10-09 22:27:13.131   Deleting file: D:\a\_temp\agym-z64-37998368137-1480-drr_wd3f\reception\_internal\tzdata\zoneinfo\Atlantic\Stanley
2026-10-09 22:27:13.131   Deleting file: D:\a\_temp\agym-z64-37998368137-1480-drr_wd3f\reception\_internal\tzdata\zoneinfo\Atlantic\South_Georgia
2026-10-09 22:27:13.131   Deleting file: D:\a\_temp\agym-z64-37998368137-1480-drr_wd3f\reception\_internal\tzdata\zoneinfo\Atlantic\Reykjavik
2026-10-09 22:27:13.131   Deleting file: D:\a\_temp\agym-z64-37998368137-1480-drr_wd3f\reception\_internal\tzdata\zoneinfo\Atlantic\Madeira
2026-10-09 22:27:13.131   Deleting file: D:\a\_temp\agym-z64-37998368137-1480-drr_wd3f\reception\_internal\tzdata\zoneinfo\Atlantic\Jan_Mayen
2026-10-09 22:27:13.131   Deleting file: D:\a\_temp\agym-z64-37998368137-1480-drr_wd3f\reception\_internal\tzdata\zoneinfo\Atlantic\Faroe
2026-10-09 22:27:13.131   Deleting file: D:\a\_temp\agym-z64-37998368137-1480-drr_wd3f\reception\_internal\tzdata\zoneinfo\Atlantic\Faeroe
2026-10-09 22:27:13.131   Deleting file: D:\a\_temp\agym-z64-37998368137-1480-drr_wd3f\reception\_internal\tzdata\zoneinfo\Atlantic\Cape_Verde
2026-10-09 22:27:13.131   Deleting file: D:\a\_temp\agym-z64-37998368137-1480-drr_wd3f\reception\_internal\tzdata\zoneinfo\Atlantic\Canary
2026-10-09 22:27:13.131   Deleting file: D:\a\_temp\agym-z64-37998368137-1480-drr_wd3f\reception\_internal\tzdata\zoneinfo\Atlantic\Bermuda
2026-10-09 22:27:13.131   Deleting file: D:\a\_temp\agym-z64-37998368137-1480-drr_wd3f\reception\_internal\tzdata\zoneinfo\Atlantic\Azores
2026-10-09 22:27:13.131   Deleting file: D:\a\_temp\agym-z64-37998368137-1480-drr_wd3f\reception\_internal\tzdata\zoneinfo\Asia\__init__.py
2026-10-09 22:27:13.131   Deleting file: D:\a\_temp\agym-z64-37998368137-1480-drr_wd3f\reception\_internal\tzdata\zoneinfo\Asia\Yerevan
2026-10-09 22:27:13.131   Deleting file: D:\a\_temp\agym-z64-37998368137-1480-drr_wd3f\reception\_internal\tzdata\zoneinfo\Asia\Yekaterinburg
2026-10-09 22:27:13.131   Deleting file: D:\a\_temp\agym-z64-37998368137-1480-drr_wd3f\reception\_internal\tzdata\zoneinfo\Asia\Yangon
2026-10-09 22:27:13.131   Deleting file: D:\a\_temp\agym-z64-37998368137-1480-drr_wd3f\reception\_internal\tzdata\zoneinfo\Asia\Yakutsk
2026-10-09 22:27:13.131   Deleting file: D:\a\_temp\agym-z64-37998368137-1480-drr_wd3f\reception\_internal\tzdata\zoneinfo\Asia\Vladivostok
2026-10-09 22:27:13.131   Deleting file: D:\a\_temp\agym-z64-37998368137-1480-drr_wd3f\reception\_internal\tzdata\zoneinfo\Asia\Vientiane
2026-10-09 22:27:13.131   Deleting file: D:\a\_temp\agym-z64-37998368137-1480-drr_wd3f\reception\_internal\tzdata\zoneinfo\Asia\Ust-Nera
2026-10-09 22:27:13.131   Deleting file: D:\a\_temp\agym-z64-37998368137-1480-drr_wd3f\reception\_internal\tzdata\zoneinfo\Asia\Urumqi
2026-10-09 22:27:13.131   Deleting file: D:\a\_temp\agym-z64-37998368137-1480-drr_wd3f\reception\_internal\tzdata\zoneinfo\Asia\Ulan_Bator
2026-10-09 22:27:13.131   Deleting file: D:\a\_temp\agym-z64-37998368137-1480-drr_wd3f\reception\_internal\tzdata\zoneinfo\Asia\Ulaanbaatar
2026-10-09 22:27:13.131   Deleting file: D:\a\_temp\agym-z64-37998368137-1480-drr_wd3f\reception\_internal\tzdata\zoneinfo\Asia\Ujung_Pandang
2026-10-09 22:27:13.131   Deleting file: D:\a\_temp\agym-z64-37998368137-1480-drr_wd3f\reception\_internal\tzdata\zoneinfo\Asia\Tomsk
2026-10-09 22:27:13.131   Deleting file: D:\a\_temp\agym-z64-37998368137-1480-drr_wd3f\reception\_internal\tzdata\zoneinfo\Asia\Tokyo
2026-10-09 22:27:13.131   Deleting file: D:\a\_temp\agym-z64-37998368137-1480-drr_wd3f\reception\_internal\tzdata\zoneinfo\Asia\Thimphu
2026-10-09 22:27:13.131   Deleting file: D:\a\_temp\agym-z64-37998368137-1480-drr_wd3f\reception\_internal\tzdata\zoneinfo\Asia\Thimbu
2026-10-09 22:27:13.131   Deleting file: D:\a\_temp\agym-z64-37998368137-1480-drr_wd3f\reception\_internal\tzdata\zoneinfo\Asia\Tel_Aviv
2026-10-09 22:27:13.131   Deleting file: D:\a\_temp\agym-z64-37998368137-1480-drr_wd3f\reception\_internal\tzdata\zoneinfo\Asia\Tehran
2026-10-09 22:27:13.131   Deleting file: D:\a\_temp\agym-z64-37998368137-1480-drr_wd3f\reception\_internal\tzdata\zoneinfo\Asia\Tbilisi
2026-10-09 22:27:13.131   Deleting file: D:\a\_temp\agym-z64-37998368137-1480-drr_wd3f\reception\_internal\tzdata\zoneinfo\Asia\Tashkent
2026-10-09 22:27:13.131   Deleting file: D:\a\_temp\agym-z64-37998368137-1480-drr_wd3f\reception\_internal\tzdata\zoneinfo\Asia\Taipei
2026-10-09 22:27:13.131   Deleting file: D:\a\_temp\agym-z64-37998368137-1480-drr_wd3f\reception\_internal\tzdata\zoneinfo\Asia\Srednekolymsk
2026-10-09 22:27:13.131   Deleting file: D:\a\_temp\agym-z64-37998368137-1480-drr_wd3f\reception\_internal\tzdata\zoneinfo\Asia\Singapore
2026-10-09 22:27:13.131   Deleting file: D:\a\_temp\agym-z64-37998368137-1480-drr_wd3f\reception\_internal\tzdata\zoneinfo\Asia\Shanghai
2026-10-09 22:27:13.131   Deleting file: D:\a\_temp\agym-z64-37998368137-1480-drr_wd3f\reception\_internal\tzdata\zoneinfo\Asia\Seoul
2026-10-09 22:27:13.131   Deleting file: D:\a\_temp\agym-z64-37998368137-1480-drr_wd3f\reception\_internal\tzdata\zoneinfo\Asia\Samarkand
2026-10-09 22:27:13.131   Deleting file: D:\a\_temp\agym-z64-37998368137-1480-drr_wd3f\reception\_internal\tzdata\zoneinfo\Asia\Sakhalin
2026-10-09 22:27:13.131   Deleting file: D:\a\_temp\agym-z64-37998368137-1480-drr_wd3f\reception\_internal\tzdata\zoneinfo\Asia\Saigon
2026-10-09 22:27:13.131   Deleting file: D:\a\_temp\agym-z64-37998368137-1480-drr_wd3f\reception\_internal\tzdata\zoneinfo\Asia\Riyadh
2026-10-09 22:27:13.131   Deleting file: D:\a\_temp\agym-z64-37998368137-1480-drr_wd3f\reception\_internal\tzdata\zoneinfo\Asia\Rangoon
2026-10-09 22:27:13.131   Deleting file: D:\a\_temp\agym-z64-37998368137-1480-drr_wd3f\reception\_internal\tzdata\zoneinfo\Asia\Qyzylorda
2026-10-09 22:27:13.131   Deleting file: D:\a\_temp\agym-z64-37998368137-1480-drr_wd3f\reception\_internal\tzdata\zoneinfo\Asia\Qostanay
2026-10-09 22:27:13.131   Deleting file: D:\a\_temp\agym-z64-37998368137-1480-drr_wd3f\reception\_internal\tzdata\zoneinfo\Asia\Qatar
2026-10-09 22:27:13.131   Deleting file: D:\a\_temp\agym-z64-37998368137-1480-drr_wd3f\reception\_internal\tzdata\zoneinfo\Asia\Pyongyang
2026-10-09 22:27:13.131   Deleting file: D:\a\_temp\agym-z64-37998368137-1480-drr_wd3f\reception\_internal\tzdata\zoneinfo\Asia\Pontianak
2026-10-09 22:27:13.131   Deleting file: D:\a\_temp\agym-z64-37998368137-1480-drr_wd3f\reception\_internal\tzdata\zoneinfo\Asia\Phnom_Penh
2026-10-09 22:27:13.131   Deleting file: D:\a\_temp\agym-z64-37998368137-1480-drr_wd3f\reception\_internal\tzdata\zoneinfo\Asia\Oral
2026-10-09 22:27:13.131   Deleting file: D:\a\_temp\agym-z64-37998368137-1480-drr_wd3f\reception\_internal\tzdata\zoneinfo\Asia\Omsk
2026-10-09 22:27:13.131   Deleting file: D:\a\_temp\agym-z64-37998368137-1480-drr_wd3f\reception\_internal\tzdata\zoneinfo\Asia\Novosibirsk
2026-10-09 22:27:13.131   Deleting file: D:\a\_temp\agym-z64-37998368137-1480-drr_wd3f\reception\_internal\tzdata\zoneinfo\Asia\Novokuznetsk
2026-10-09 22:27:13.131   Deleting file: D:\a\_temp\agym-z64-37998368137-1480-drr_wd3f\reception\_internal\tzdata\zoneinfo\Asia\Nicosia
2026-10-09 22:27:13.131   Deleting file: D:\a\_temp\agym-z64-37998368137-1480-drr_wd3f\reception\_internal\tzdata\zoneinfo\Asia\Muscat
2026-10-09 22:27:13.131   Deleting file: D:\a\_temp\agym-z64-37998368137-1480-drr_wd3f\reception\_internal\tzdata\zoneinfo\Asia\Manila
2026-10-09 22:27:13.131   Deleting file: D:\a\_temp\agym-z64-37998368137-1480-drr_wd3f\reception\_internal\tzdata\zoneinfo\Asia\Makassar
2026-10-09 22:27:13.131   Deleting file: D:\a\_temp\agym-z64-37998368137-1480-drr_wd3f\reception\_internal\tzdata\zoneinfo\Asia\Magadan
2026-10-09 22:27:13.131   Deleting file: D:\a\_temp\agym-z64-37998368137-1480-drr_wd3f\reception\_internal\tzdata\zoneinfo\Asia\Macau
2026-10-09 22:27:13.131   Deleting file: D:\a\_temp\agym-z64-37998368137-1480-drr_wd3f\reception\_internal\tzdata\zoneinfo\Asia\Macao
2026-10-09 22:27:13.131   Deleting file: D:\a\_temp\agym-z64-37998368137-1480-drr_wd3f\reception\_internal\tzdata\zoneinfo\Asia\Kuwait
2026-10-09 22:27:13.131   Deleting file: D:\a\_temp\agym-z64-37998368137-1480-drr_wd3f\reception\_internal\tzdata\zoneinfo\Asia\Kuching
2026-10-09 22:27:13.131   Deleting file: D:\a\_temp\agym-z64-37998368137-1480-drr_wd3f\reception\_internal\tzdata\zoneinfo\Asia\Kuala_Lumpur
2026-10-09 22:27:13.131   Deleting file: D:\a\_temp\agym-z64-37998368137-1480-drr_wd3f\reception\_internal\tzdata\zoneinfo\Asia\Krasnoyarsk
2026-10-09 22:27:13.131   Deleting file: D:\a\_temp\agym-z64-37998368137-1480-drr_wd3f\reception\_internal\tzdata\zoneinfo\Asia\Kolkata
2026-10-09 22:27:13.131   Deleting file: D:\a\_temp\agym-z64-37998368137-1480-drr_wd3f\reception\_internal\tzdata\zoneinfo\Asia\Khandyga
2026-10-09 22:27:13.131   Deleting file: D:\a\_temp\agym-z64-37998368137-1480-drr_wd3f\reception\_internal\tzdata\zoneinfo\Asia\Katmandu
2026-10-09 22:27:13.131   Deleting file: D:\a\_temp\agym-z64-37998368137-1480-drr_wd3f\reception\_internal\tzdata\zoneinfo\Asia\Kathmandu
2026-10-09 22:27:13.131   Deleting file: D:\a\_temp\agym-z64-37998368137-1480-drr_wd3f\reception\_internal\tzdata\zoneinfo\Asia\Kashgar
2026-10-09 22:27:13.131   Deleting file: D:\a\_temp\agym-z64-37998368137-1480-drr_wd3f\reception\_internal\tzdata\zoneinfo\Asia\Karachi
2026-10-09 22:27:13.131   Deleting file: D:\a\_temp\agym-z64-37998368137-1480-drr_wd3f\reception\_internal\tzdata\zoneinfo\Asia\Kamchatka
2026-10-09 22:27:13.131   Deleting file: D:\a\_temp\agym-z64-37998368137-1480-drr_wd3f\reception\_internal\tzdata\zoneinfo\Asia\Kabul
2026-10-09 22:27:13.131   Deleting file: D:\a\_temp\agym-z64-37998368137-1480-drr_wd3f\reception\_internal\tzdata\zoneinfo\Asia\Jerusalem
2026-10-09 22:27:13.131   Deleting file: D:\a\_temp\agym-z64-37998368137-1480-drr_wd3f\reception\_internal\tzdata\zoneinfo\Asia\Jayapura
2026-10-09 22:27:13.131   Deleting file: D:\a\_temp\agym-z64-37998368137-1480-drr_wd3f\reception\_internal\tzdata\zoneinfo\Asia\Jakarta
2026-10-09 22:27:13.131   Deleting file: D:\a\_temp\agym-z64-37998368137-1480-drr_wd3f\reception\_internal\tzdata\zoneinfo\Asia\Istanbul
2026-10-09 22:27:13.131   Deleting file: D:\a\_temp\agym-z64-37998368137-1480-drr_wd3f\reception\_internal\tzdata\zoneinfo\Asia\Irkutsk
2026-10-09 22:27:13.131   Deleting file: D:\a\_temp\agym-z64-37998368137-1480-drr_wd3f\reception\_internal\tzdata\zoneinfo\Asia\Ho_Chi_Minh
2026-10-09 22:27:13.131   Deleting file: D:\a\_temp\agym-z64-37998368137-1480-drr_wd3f\reception\_internal\tzdata\zoneinfo\Asia\Hovd
2026-10-09 22:27:13.131   Deleting file: D:\a\_temp\agym-z64-37998368137-1480-drr_wd3f\reception\_internal\tzdata\zoneinfo\Asia\Hong_Kong
2026-10-09 22:27:13.131   Deleting file: D:\a\_temp\agym-z64-37998368137-1480-drr_wd3f\reception\_internal\tzdata\zoneinfo\Asia\Hebron
2026-10-09 22:27:13.131   Deleting file: D:\a\_temp\agym-z64-37998368137-1480-drr_wd3f\reception\_internal\tzdata\zoneinfo\Asia\Harbin
2026-10-09 22:27:13.131   Deleting file: D:\a\_temp\agym-z64-37998368137-1480-drr_wd3f\reception\_internal\tzdata\zoneinfo\Asia\Gaza
2026-10-09 22:27:13.131   Deleting file: D:\a\_temp\agym-z64-37998368137-1480-drr_wd3f\reception\_internal\tzdata\zoneinfo\Asia\Famagusta
2026-10-09 22:27:13.131   Deleting file: D:\a\_temp\agym-z64-37998368137-1480-drr_wd3f\reception\_internal\tzdata\zoneinfo\Asia\Dushanbe
2026-10-09 22:27:13.131   Deleting file: D:\a\_temp\agym-z64-37998368137-1480-drr_wd3f\reception\_internal\tzdata\zoneinfo\Asia\Dubai
2026-10-09 22:27:13.131   Deleting file: D:\a\_temp\agym-z64-37998368137-1480-drr_wd3f\reception\_internal\tzdata\zoneinfo\Asia\Dili
2026-10-09 22:27:13.131   Deleting file: D:\a\_temp\agym-z64-37998368137-1480-drr_wd3f\reception\_internal\tzdata\zoneinfo\Asia\Dhaka
2026-10-09 22:27:13.131   Deleting file: D:\a\_temp\agym-z64-37998368137-1480-drr_wd3f\reception\_internal\tzdata\zoneinfo\Asia\Damascus
2026-10-09 22:27:13.131   Deleting file: D:\a\_temp\agym-z64-37998368137-1480-drr_wd3f\reception\_internal\tzdata\zoneinfo\Asia\Dacca
2026-10-09 22:27:13.131   Deleting file: D:\a\_temp\agym-z64-37998368137-1480-drr_wd3f\reception\_internal\tzdata\zoneinfo\Asia\Colombo
2026-10-09 22:27:13.131   Deleting file: D:\a\_temp\agym-z64-37998368137-1480-drr_wd3f\reception\_internal\tzdata\zoneinfo\Asia\Chungking
2026-10-09 22:27:13.131   Deleting file: D:\a\_temp\agym-z64-37998368137-1480-drr_wd3f\reception\_internal\tzdata\zoneinfo\Asia\Chongqing
2026-10-09 22:27:13.131   Deleting file: D:\a\_temp\agym-z64-37998368137-1480-drr_wd3f\reception\_internal\tzdata\zoneinfo\Asia\Choibalsan
2026-10-09 22:27:13.131   Deleting file: D:\a\_temp\agym-z64-37998368137-1480-drr_wd3f\reception\_internal\tzdata\zoneinfo\Asia\Chita
2026-10-09 22:27:13.131   Deleting file: D:\a\_temp\agym-z64-37998368137-1480-drr_wd3f\reception\_internal\tzdata\zoneinfo\Asia\Calcutta
2026-10-09 22:27:13.131   Deleting file: D:\a\_temp\agym-z64-37998368137-1480-drr_wd3f\reception\_internal\tzdata\zoneinfo\Asia\Brunei
2026-10-09 22:27:13.131   Deleting file: D:\a\_temp\agym-z64-37998368137-1480-drr_wd3f\reception\_internal\tzdata\zoneinfo\Asia\Bishkek
2026-10-09 22:27:13.131   Deleting file: D:\a\_temp\agym-z64-37998368137-1480-drr_wd3f\reception\_internal\tzdata\zoneinfo\Asia\Beirut
2026-10-09 22:27:13.131   Deleting file: D:\a\_temp\agym-z64-37998368137-1480-drr_wd3f\reception\_internal\tzdata\zoneinfo\Asia\Barnaul
2026-10-09 22:27:13.131   Deleting file: D:\a\_temp\agym-z64-37998368137-1480-drr_wd3f\reception\_internal\tzdata\zoneinfo\Asia\Bangkok
2026-10-09 22:27:13.131   Deleting file: D:\a\_temp\agym-z64-37998368137-1480-drr_wd3f\reception\_internal\tzdata\zoneinfo\Asia\Baku
2026-10-09 22:27:13.131   Deleting file: D:\a\_temp\agym-z64-37998368137-1480-drr_wd3f\reception\_internal\tzdata\zoneinfo\Asia\Bahrain
2026-10-09 22:27:13.131   Deleting file: D:\a\_temp\agym-z64-37998368137-1480-drr_wd3f\reception\_internal\tzdata\zoneinfo\Asia\Baghdad
2026-10-09 22:27:13.131   Deleting file: D:\a\_temp\agym-z64-37998368137-1480-drr_wd3f\reception\_internal\tzdata\zoneinfo\Asia\Atyrau
2026-10-09 22:27:13.131   Deleting file: D:\a\_temp\agym-z64-37998368137-1480-drr_wd3f\reception\_internal\tzdata\zoneinfo\Asia\Ashkhabad
2026-10-09 22:27:13.131   Deleting file: D:\a\_temp\agym-z64-37998368137-1480-drr_wd3f\reception\_internal\tzdata\zoneinfo\Asia\Ashgabat
2026-10-09 22:27:13.131   Deleting file: D:\a\_temp\agym-z64-37998368137-1480-drr_wd3f\reception\_internal\tzdata\zoneinfo\Asia\Aqtobe
2026-10-09 22:27:13.131   Deleting file: D:\a\_temp\agym-z64-37998368137-1480-drr_wd3f\reception\_internal\tzdata\zoneinfo\Asia\Aqtau
2026-10-09 22:27:13.131   Deleting file: D:\a\_temp\agym-z64-37998368137-1480-drr_wd3f\reception\_internal\tzdata\zoneinfo\Asia\Anadyr
2026-10-09 22:27:13.131   Deleting file: D:\a\_temp\agym-z64-37998368137-1480-drr_wd3f\reception\_internal\tzdata\zoneinfo\Asia\Amman
2026-10-09 22:27:13.131   Deleting file: D:\a\_temp\agym-z64-37998368137-1480-drr_wd3f\reception\_internal\tzdata\zoneinfo\Asia\Almaty
2026-10-09 22:27:13.131   Deleting file: D:\a\_temp\agym-z64-37998368137-1480-drr_wd3f\reception\_internal\tzdata\zoneinfo\Asia\Aden
2026-10-09 22:27:13.131   Deleting file: D:\a\_temp\agym-z64-37998368137-1480-drr_wd3f\reception\_internal\tzdata\zoneinfo\Arctic\__init__.py
2026-10-09 22:27:13.131   Deleting file: D:\a\_temp\agym-z64-37998368137-1480-drr_wd3f\reception\_internal\tzdata\zoneinfo\Arctic\Longyearbyen
2026-10-09 22:27:13.131   Deleting file: D:\a\_temp\agym-z64-37998368137-1480-drr_wd3f\reception\_internal\tzdata\zoneinfo\Antarctica\__init__.py
2026-10-09 22:27:13.131   Deleting file: D:\a\_temp\agym-z64-37998368137-1480-drr_wd3f\reception\_internal\tzdata\zoneinfo\Antarctica\Vostok
2026-10-09 22:27:13.131   Deleting file: D:\a\_temp\agym-z64-37998368137-1480-drr_wd3f\reception\_internal\tzdata\zoneinfo\Antarctica\Troll
2026-10-09 22:27:13.131   Deleting file: D:\a\_temp\agym-z64-37998368137-1480-drr_wd3f\reception\_internal\tzdata\zoneinfo\Antarctica\Syowa
2026-10-09 22:27:13.131   Deleting file: D:\a\_temp\agym-z64-37998368137-1480-drr_wd3f\reception\_internal\tzdata\zoneinfo\Antarctica\South_Pole
2026-10-09 22:27:13.131   Deleting file: D:\a\_temp\agym-z64-37998368137-1480-drr_wd3f\reception\_internal\tzdata\zoneinfo\Antarctica\Rothera
2026-10-09 22:27:13.131   Deleting file: D:\a\_temp\agym-z64-37998368137-1480-drr_wd3f\reception\_internal\tzdata\zoneinfo\Antarctica\Palmer
2026-10-09 22:27:13.131   Deleting file: D:\a\_temp\agym-z64-37998368137-1480-drr_wd3f\reception\_internal\tzdata\zoneinfo\Antarctica\McMurdo
2026-10-09 22:27:13.131   Deleting file: D:\a\_temp\agym-z64-37998368137-1480-drr_wd3f\reception\_internal\tzdata\zoneinfo\Antarctica\Mawson
2026-10-09 22:27:13.131   Deleting file: D:\a\_temp\agym-z64-37998368137-1480-drr_wd3f\reception\_internal\tzdata\zoneinfo\Antarctica\Macquarie
2026-10-09 22:27:13.131   Deleting file: D:\a\_temp\agym-z64-37998368137-1480-drr_wd3f\reception\_internal\tzdata\zoneinfo\Antarctica\DumontDUrville
2026-10-09 22:27:13.131   Deleting file: D:\a\_temp\agym-z64-37998368137-1480-drr_wd3f\reception\_internal\tzdata\zoneinfo\Antarctica\Davis
2026-10-09 22:27:13.131   Deleting file: D:\a\_temp\agym-z64-37998368137-1480-drr_wd3f\reception\_internal\tzdata\zoneinfo\Antarctica\Casey
2026-10-09 22:27:13.131   Deleting file: D:\a\_temp\agym-z64-37998368137-1480-drr_wd3f\reception\_internal\tzdata\zoneinfo\America\North_Dakota\__init__.py
2026-10-09 22:27:13.131   Deleting file: D:\a\_temp\agym-z64-37998368137-1480-drr_wd3f\reception\_internal\tzdata\zoneinfo\America\North_Dakota\New_Salem
2026-10-09 22:27:13.131   Deleting file: D:\a\_temp\agym-z64-37998368137-1480-drr_wd3f\reception\_internal\tzdata\zoneinfo\America\North_Dakota\Center
2026-10-09 22:27:13.131   Deleting file: D:\a\_temp\agym-z64-37998368137-1480-drr_wd3f\reception\_internal\tzdata\zoneinfo\America\North_Dakota\Beulah
2026-10-09 22:27:13.131   Deleting file: D:\a\_temp\agym-z64-37998368137-1480-drr_wd3f\reception\_internal\tzdata\zoneinfo\America\Kentucky\__init__.py
2026-10-09 22:27:13.131   Deleting file: D:\a\_temp\agym-z64-37998368137-1480-drr_wd3f\reception\_internal\tzdata\zoneinfo\America\Kentucky\Monticello
2026-10-09 22:27:13.131   Deleting file: D:\a\_temp\agym-z64-37998368137-1480-drr_wd3f\reception\_internal\tzdata\zoneinfo\America\Kentucky\Louisville
2026-10-09 22:27:13.131   Deleting file: D:\a\_temp\agym-z64-37998368137-1480-drr_wd3f\reception\_internal\tzdata\zoneinfo\America\Indiana\__init__.py
2026-10-09 22:27:13.131   Deleting file: D:\a\_temp\agym-z64-37998368137-1480-drr_wd3f\reception\_internal\tzdata\zoneinfo\America\Indiana\Winamac
2026-10-09 22:27:13.131   Deleting file: D:\a\_temp\agym-z64-37998368137-1480-drr_wd3f\reception\_internal\tzdata\zoneinfo\America\Indiana\Vincennes
2026-10-09 22:27:13.131   Deleting file: D:\a\_temp\agym-z64-37998368137-1480-drr_wd3f\reception\_internal\tzdata\zoneinfo\America\Indiana\Vevay
2026-10-09 22:27:13.131   Deleting file: D:\a\_temp\agym-z64-37998368137-1480-drr_wd3f\reception\_internal\tzdata\zoneinfo\America\Indiana\Tell_City
2026-10-09 22:27:13.131   Deleting file: D:\a\_temp\agym-z64-37998368137-1480-drr_wd3f\reception\_internal\tzdata\zoneinfo\America\Indiana\Petersburg
2026-10-09 22:27:13.131   Deleting file: D:\a\_temp\agym-z64-37998368137-1480-drr_wd3f\reception\_internal\tzdata\zoneinfo\America\Indiana\Marengo
2026-10-09 22:27:13.131   Deleting file: D:\a\_temp\agym-z64-37998368137-1480-drr_wd3f\reception\_internal\tzdata\zoneinfo\America\Indiana\Knox
2026-10-09 22:27:13.131   Deleting file: D:\a\_temp\agym-z64-37998368137-1480-drr_wd3f\reception\_internal\tzdata\zoneinfo\America\Indiana\Indianapolis
2026-10-09 22:27:13.131   Deleting file: D:\a\_temp\agym-z64-37998368137-1480-drr_wd3f\reception\_internal\tzdata\zoneinfo\America\Argentina\__init__.py
2026-10-09 22:27:13.131   Deleting file: D:\a\_temp\agym-z64-37998368137-1480-drr_wd3f\reception\_internal\tzdata\zoneinfo\America\Argentina\Ushuaia
2026-10-09 22:27:13.131   Deleting file: D:\a\_temp\agym-z64-37998368137-1480-drr_wd3f\reception\_internal\tzdata\zoneinfo\America\Argentina\Tucuman
2026-10-09 22:27:13.131   Deleting file: D:\a\_temp\agym-z64-37998368137-1480-drr_wd3f\reception\_internal\tzdata\zoneinfo\America\Argentina\San_Luis
2026-10-09 22:27:13.131   Deleting file: D:\a\_temp\agym-z64-37998368137-1480-drr_wd3f\reception\_internal\tzdata\zoneinfo\America\Argentina\San_Juan
2026-10-09 22:27:13.131   Deleting file: D:\a\_temp\agym-z64-37998368137-1480-drr_wd3f\reception\_internal\tzdata\zoneinfo\America\Argentina\Salta
2026-10-09 22:27:13.131   Deleting file: D:\a\_temp\agym-z64-37998368137-1480-drr_wd3f\reception\_internal\tzdata\zoneinfo\America\Argentina\Rio_Gallegos
2026-10-09 22:27:13.131   Deleting file: D:\a\_temp\agym-z64-37998368137-1480-drr_wd3f\reception\_internal\tzdata\zoneinfo\America\Argentina\Mendoza
2026-10-09 22:27:13.131   Deleting file: D:\a\_temp\agym-z64-37998368137-1480-drr_wd3f\reception\_internal\tzdata\zoneinfo\America\Argentina\La_Rioja
2026-10-09 22:27:13.131   Deleting file: D:\a\_temp\agym-z64-37998368137-1480-drr_wd3f\reception\_internal\tzdata\zoneinfo\America\Argentina\Jujuy
2026-10-09 22:27:13.131   Deleting file: D:\a\_temp\agym-z64-37998368137-1480-drr_wd3f\reception\_internal\tzdata\zoneinfo\America\Argentina\Cordoba
2026-10-09 22:27:13.131   Deleting file: D:\a\_temp\agym-z64-37998368137-1480-drr_wd3f\reception\_internal\tzdata\zoneinfo\America\Argentina\ComodRivadavia
2026-10-09 22:27:13.131   Deleting file: D:\a\_temp\agym-z64-37998368137-1480-drr_wd3f\reception\_internal\tzdata\zoneinfo\America\Argentina\Catamarca
2026-10-09 22:27:13.131   Deleting file: D:\a\_temp\agym-z64-37998368137-1480-drr_wd3f\reception\_internal\tzdata\zoneinfo\America\Argentina\Buenos_Aires
2026-10-09 22:27:13.131   Deleting file: D:\a\_temp\agym-z64-37998368137-1480-drr_wd3f\reception\_internal\tzdata\zoneinfo\America\__init__.py
2026-10-09 22:27:13.131   Deleting file: D:\a\_temp\agym-z64-37998368137-1480-drr_wd3f\reception\_internal\tzdata\zoneinfo\America\Yellowknife
2026-10-09 22:27:13.131   Deleting file: D:\a\_temp\agym-z64-37998368137-1480-drr_wd3f\reception\_internal\tzdata\zoneinfo\America\Yakutat
2026-10-09 22:27:13.131   Deleting file: D:\a\_temp\agym-z64-37998368137-1480-drr_wd3f\reception\_internal\tzdata\zoneinfo\America\Winnipeg
2026-10-09 22:27:13.131   Deleting file: D:\a\_temp\agym-z64-37998368137-1480-drr_wd3f\reception\_internal\tzdata\zoneinfo\America\Whitehorse
2026-10-09 22:27:13.131   Deleting file: D:\a\_temp\agym-z64-37998368137-1480-drr_wd3f\reception\_internal\tzdata\zoneinfo\America\Virgin
2026-10-09 22:27:13.131   Deleting file: D:\a\_temp\agym-z64-37998368137-1480-drr_wd3f\reception\_internal\tzdata\zoneinfo\America\Vancouver
2026-10-09 22:27:13.131   Deleting file: D:\a\_temp\agym-z64-37998368137-1480-drr_wd3f\reception\_internal\tzdata\zoneinfo\America\Tortola
2026-10-09 22:27:13.131   Deleting file: D:\a\_temp\agym-z64-37998368137-1480-drr_wd3f\reception\_internal\tzdata\zoneinfo\America\Toronto
2026-10-09 22:27:13.131   Deleting file: D:\a\_temp\agym-z64-37998368137-1480-drr_wd3f\reception\_internal\tzdata\zoneinfo\America\Tijuana
2026-10-09 22:27:13.131   Deleting file: D:\a\_temp\agym-z64-37998368137-1480-drr_wd3f\reception\_internal\tzdata\zoneinfo\America\Thunder_Bay
2026-10-09 22:27:13.131   Deleting file: D:\a\_temp\agym-z64-37998368137-1480-drr_wd3f\reception\_internal\tzdata\zoneinfo\America\Thule
2026-10-09 22:27:13.131   Deleting file: D:\a\_temp\agym-z64-37998368137-1480-drr_wd3f\reception\_internal\tzdata\zoneinfo\America\Tegucigalpa
2026-10-09 22:27:13.131   Deleting file: D:\a\_temp\agym-z64-37998368137-1480-drr_wd3f\reception\_internal\tzdata\zoneinfo\America\Swift_Current
2026-10-09 22:27:13.131   Deleting file: D:\a\_temp\agym-z64-37998368137-1480-drr_wd3f\reception\_internal\tzdata\zoneinfo\America\St_Vincent
2026-10-09 22:27:13.131   Deleting file: D:\a\_temp\agym-z64-37998368137-1480-drr_wd3f\reception\_internal\tzdata\zoneinfo\America\St_Thomas
2026-10-09 22:27:13.131   Deleting file: D:\a\_temp\agym-z64-37998368137-1480-drr_wd3f\reception\_internal\tzdata\zoneinfo\America\St_Lucia
2026-10-09 22:27:13.131   Deleting file: D:\a\_temp\agym-z64-37998368137-1480-drr_wd3f\reception\_internal\tzdata\zoneinfo\America\St_Kitts
2026-10-09 22:27:13.131   Deleting file: D:\a\_temp\agym-z64-37998368137-1480-drr_wd3f\reception\_internal\tzdata\zoneinfo\America\St_Johns
2026-10-09 22:27:13.131   Deleting file: D:\a\_temp\agym-z64-37998368137-1480-drr_wd3f\reception\_internal\tzdata\zoneinfo\America\St_Barthelemy
2026-10-09 22:27:13.131   Deleting file: D:\a\_temp\agym-z64-37998368137-1480-drr_wd3f\reception\_internal\tzdata\zoneinfo\America\Sitka
2026-10-09 22:27:13.131   Deleting file: D:\a\_temp\agym-z64-37998368137-1480-drr_wd3f\reception\_internal\tzdata\zoneinfo\America\Shiprock
2026-10-09 22:27:13.131   Deleting file: D:\a\_temp\agym-z64-37998368137-1480-drr_wd3f\reception\_internal\tzdata\zoneinfo\America\Scoresbysund
2026-10-09 22:27:13.131   Deleting file: D:\a\_temp\agym-z64-37998368137-1480-drr_wd3f\reception\_internal\tzdata\zoneinfo\America\Sao_Paulo
2026-10-09 22:27:13.131   Deleting file: D:\a\_temp\agym-z64-37998368137-1480-drr_wd3f\reception\_internal\tzdata\zoneinfo\America\Santo_Domingo
2026-10-09 22:27:13.131   Deleting file: D:\a\_temp\agym-z64-37998368137-1480-drr_wd3f\reception\_internal\tzdata\zoneinfo\America\Santiago
2026-10-09 22:27:13.131   Deleting file: D:\a\_temp\agym-z64-37998368137-1480-drr_wd3f\reception\_internal\tzdata\zoneinfo\America\Santa_Isabel
2026-10-09 22:27:13.131   Deleting file: D:\a\_temp\agym-z64-37998368137-1480-drr_wd3f\reception\_internal\tzdata\zoneinfo\America\Santarem
2026-10-09 22:27:13.131   Deleting file: D:\a\_temp\agym-z64-37998368137-1480-drr_wd3f\reception\_internal\tzdata\zoneinfo\America\Rosario
2026-10-09 22:27:13.131   Deleting file: D:\a\_temp\agym-z64-37998368137-1480-drr_wd3f\reception\_internal\tzdata\zoneinfo\America\Rio_Branco
2026-10-09 22:27:13.131   Deleting file: D:\a\_temp\agym-z64-37998368137-1480-drr_wd3f\reception\_internal\tzdata\zoneinfo\America\Resolute
2026-10-09 22:27:13.131   Deleting file: D:\a\_temp\agym-z64-37998368137-1480-drr_wd3f\reception\_internal\tzdata\zoneinfo\America\Regina
2026-10-09 22:27:13.131   Deleting file: D:\a\_temp\agym-z64-37998368137-1480-drr_wd3f\reception\_internal\tzdata\zoneinfo\America\Recife
2026-10-09 22:27:13.131   Deleting file: D:\a\_temp\agym-z64-37998368137-1480-drr_wd3f\reception\_internal\tzdata\zoneinfo\America\Rankin_Inlet
2026-10-09 22:27:13.131   Deleting file: D:\a\_temp\agym-z64-37998368137-1480-drr_wd3f\reception\_internal\tzdata\zoneinfo\America\Rainy_River
2026-10-09 22:27:13.131   Deleting file: D:\a\_temp\agym-z64-37998368137-1480-drr_wd3f\reception\_internal\tzdata\zoneinfo\America\Punta_Arenas
2026-10-09 22:27:13.131   Deleting file: D:\a\_temp\agym-z64-37998368137-1480-drr_wd3f\reception\_internal\tzdata\zoneinfo\America\Puerto_Rico
2026-10-09 22:27:13.131   Deleting file: D:\a\_temp\agym-z64-37998368137-1480-drr_wd3f\reception\_internal\tzdata\zoneinfo\America\Port_of_Spain
2026-10-09 22:27:13.131   Deleting file: D:\a\_temp\agym-z64-37998368137-1480-drr_wd3f\reception\_internal\tzdata\zoneinfo\America\Porto_Velho
2026-10-09 22:27:13.131   Deleting file: D:\a\_temp\agym-z64-37998368137-1480-drr_wd3f\reception\_internal\tzdata\zoneinfo\America\Porto_Acre
2026-10-09 22:27:13.131   Deleting file: D:\a\_temp\agym-z64-37998368137-1480-drr_wd3f\reception\_internal\tzdata\zoneinfo\America\Port-au-Prince
2026-10-09 22:27:13.131   Deleting file: D:\a\_temp\agym-z64-37998368137-1480-drr_wd3f\reception\_internal\tzdata\zoneinfo\America\Phoenix
2026-10-09 22:27:13.131   Deleting file: D:\a\_temp\agym-z64-37998368137-1480-drr_wd3f\reception\_internal\tzdata\zoneinfo\America\Paramaribo
2026-10-09 22:27:13.131   Deleting file: D:\a\_temp\agym-z64-37998368137-1480-drr_wd3f\reception\_internal\tzdata\zoneinfo\America\Pangnirtung
2026-10-09 22:27:13.131   Deleting file: D:\a\_temp\agym-z64-37998368137-1480-drr_wd3f\reception\_internal\tzdata\zoneinfo\America\Panama
2026-10-09 22:27:13.131   Deleting file: D:\a\_temp\agym-z64-37998368137-1480-drr_wd3f\reception\_internal\tzdata\zoneinfo\America\Ojinaga
2026-10-09 22:27:13.131   Deleting file: D:\a\_temp\agym-z64-37998368137-1480-drr_wd3f\reception\_internal\tzdata\zoneinfo\America\Nuuk
2026-10-09 22:27:13.131   Deleting file: D:\a\_temp\agym-z64-37998368137-1480-drr_wd3f\reception\_internal\tzdata\zoneinfo\America\Noronha
2026-10-09 22:27:13.131   Deleting file: D:\a\_temp\agym-z64-37998368137-1480-drr_wd3f\reception\_internal\tzdata\zoneinfo\America\Nome
2026-10-09 22:27:13.131   Deleting file: D:\a\_temp\agym-z64-37998368137-1480-drr_wd3f\reception\_internal\tzdata\zoneinfo\America\Nipigon
2026-10-09 22:27:13.131   Deleting file: D:\a\_temp\agym-z64-37998368137-1480-drr_wd3f\reception\_internal\tzdata\zoneinfo\America\New_York
2026-10-09 22:27:13.131   Deleting file: D:\a\_temp\agym-z64-37998368137-1480-drr_wd3f\reception\_internal\tzdata\zoneinfo\America\Nassau
2026-10-09 22:27:13.131   Deleting file: D:\a\_temp\agym-z64-37998368137-1480-drr_wd3f\reception\_internal\tzdata\zoneinfo\America\Montserrat
2026-10-09 22:27:13.131   Deleting file: D:\a\_temp\agym-z64-37998368137-1480-drr_wd3f\reception\_internal\tzdata\zoneinfo\America\Montreal
2026-10-09 22:27:13.131   Deleting file: D:\a\_temp\agym-z64-37998368137-1480-drr_wd3f\reception\_internal\tzdata\zoneinfo\America\Montevideo
2026-10-09 22:27:13.131   Deleting file: D:\a\_temp\agym-z64-37998368137-1480-drr_wd3f\reception\_internal\tzdata\zoneinfo\America\Monterrey
2026-10-09 22:27:13.131   Deleting file: D:\a\_temp\agym-z64-37998368137-1480-drr_wd3f\reception\_internal\tzdata\zoneinfo\America\Moncton
2026-10-09 22:27:13.131   Deleting file: D:\a\_temp\agym-z64-37998368137-1480-drr_wd3f\reception\_internal\tzdata\zoneinfo\America\Miquelon
2026-10-09 22:27:13.131   Deleting file: D:\a\_temp\agym-z64-37998368137-1480-drr_wd3f\reception\_internal\tzdata\zoneinfo\America\Mexico_City
2026-10-09 22:27:13.131   Deleting file: D:\a\_temp\agym-z64-37998368137-1480-drr_wd3f\reception\_internal\tzdata\zoneinfo\America\Metlakatla
2026-10-09 22:27:13.131   Deleting file: D:\a\_temp\agym-z64-37998368137-1480-drr_wd3f\reception\_internal\tzdata\zoneinfo\America\Merida
2026-10-09 22:27:13.131   Deleting file: D:\a\_temp\agym-z64-37998368137-1480-drr_wd3f\reception\_internal\tzdata\zoneinfo\America\Menominee
2026-10-09 22:27:13.131   Deleting file: D:\a\_temp\agym-z64-37998368137-1480-drr_wd3f\reception\_internal\tzdata\zoneinfo\America\Mendoza
2026-10-09 22:27:13.131   Deleting file: D:\a\_temp\agym-z64-37998368137-1480-drr_wd3f\reception\_internal\tzdata\zoneinfo\America\Mazatlan
2026-10-09 22:27:13.131   Deleting file: D:\a\_temp\agym-z64-37998368137-1480-drr_wd3f\reception\_internal\tzdata\zoneinfo\America\Matamoros
2026-10-09 22:27:13.131   Deleting file: D:\a\_temp\agym-z64-37998368137-1480-drr_wd3f\reception\_internal\tzdata\zoneinfo\America\Martinique
2026-10-09 22:27:13.131   Deleting file: D:\a\_temp\agym-z64-37998368137-1480-drr_wd3f\reception\_internal\tzdata\zoneinfo\America\Marigot
2026-10-09 22:27:13.131   Deleting file: D:\a\_temp\agym-z64-37998368137-1480-drr_wd3f\reception\_internal\tzdata\zoneinfo\America\Manaus
2026-10-09 22:27:13.131   Deleting file: D:\a\_temp\agym-z64-37998368137-1480-drr_wd3f\reception\_internal\tzdata\zoneinfo\America\Managua
2026-10-09 22:27:13.131   Deleting file: D:\a\_temp\agym-z64-37998368137-1480-drr_wd3f\reception\_internal\tzdata\zoneinfo\America\Maceio
2026-10-09 22:27:13.131   Deleting file: D:\a\_temp\agym-z64-37998368137-1480-drr_wd3f\reception\_internal\tzdata\zoneinfo\America\Lower_Princes
2026-10-09 22:27:13.131   Deleting file: D:\a\_temp\agym-z64-37998368137-1480-drr_wd3f\reception\_internal\tzdata\zoneinfo\America\Louisville
2026-10-09 22:27:13.131   Deleting file: D:\a\_temp\agym-z64-37998368137-1480-drr_wd3f\reception\_internal\tzdata\zoneinfo\America\Los_Angeles
2026-10-09 22:27:13.131   Deleting file: D:\a\_temp\agym-z64-37998368137-1480-drr_wd3f\reception\_internal\tzdata\zoneinfo\America\Lima
2026-10-09 22:27:13.131   Deleting file: D:\a\_temp\agym-z64-37998368137-1480-drr_wd3f\reception\_internal\tzdata\zoneinfo\America\La_Paz
2026-10-09 22:27:13.131   Deleting file: D:\a\_temp\agym-z64-37998368137-1480-drr_wd3f\reception\_internal\tzdata\zoneinfo\America\Kralendijk
2026-10-09 22:27:13.131   Deleting file: D:\a\_temp\agym-z64-37998368137-1480-drr_wd3f\reception\_internal\tzdata\zoneinfo\America\Knox_IN
2026-10-09 22:27:13.131   Deleting file: D:\a\_temp\agym-z64-37998368137-1480-drr_wd3f\reception\_internal\tzdata\zoneinfo\America\Juneau
2026-10-09 22:27:13.131   Deleting file: D:\a\_temp\agym-z64-37998368137-1480-drr_wd3f\reception\_internal\tzdata\zoneinfo\America\Jujuy
2026-10-09 22:27:13.131   Deleting file: D:\a\_temp\agym-z64-37998368137-1480-drr_wd3f\reception\_internal\tzdata\zoneinfo\America\Jamaica
2026-10-09 22:27:13.131   Deleting file: D:\a\_temp\agym-z64-37998368137-1480-drr_wd3f\reception\_internal\tzdata\zoneinfo\America\Iqaluit
2026-10-09 22:27:13.131   Deleting file: D:\a\_temp\agym-z64-37998368137-1480-drr_wd3f\reception\_internal\tzdata\zoneinfo\America\Inuvik
2026-10-09 22:27:13.131   Deleting file: D:\a\_temp\agym-z64-37998368137-1480-drr_wd3f\reception\_internal\tzdata\zoneinfo\America\Indianapolis
2026-10-09 22:27:13.131   Deleting file: D:\a\_temp\agym-z64-37998368137-1480-drr_wd3f\reception\_internal\tzdata\zoneinfo\America\Hermosillo
2026-10-09 22:27:13.131   Deleting file: D:\a\_temp\agym-z64-37998368137-1480-drr_wd3f\reception\_internal\tzdata\zoneinfo\America\Havana
2026-10-09 22:27:13.131   Deleting file: D:\a\_temp\agym-z64-37998368137-1480-drr_wd3f\reception\_internal\tzdata\zoneinfo\America\Halifax
2026-10-09 22:27:13.131   Deleting file: D:\a\_temp\agym-z64-37998368137-1480-drr_wd3f\reception\_internal\tzdata\zoneinfo\America\Guyana
2026-10-09 22:27:13.131   Deleting file: D:\a\_temp\agym-z64-37998368137-1480-drr_wd3f\reception\_internal\tzdata\zoneinfo\America\Guayaquil
2026-10-09 22:27:13.131   Deleting file: D:\a\_temp\agym-z64-37998368137-1480-drr_wd3f\reception\_internal\tzdata\zoneinfo\America\Guatemala
2026-10-09 22:27:13.131   Deleting file: D:\a\_temp\agym-z64-37998368137-1480-drr_wd3f\reception\_internal\tzdata\zoneinfo\America\Guadeloupe
2026-10-09 22:27:13.131   Deleting file: D:\a\_temp\agym-z64-37998368137-1480-drr_wd3f\reception\_internal\tzdata\zoneinfo\America\Grenada
2026-10-09 22:27:13.131   Deleting file: D:\a\_temp\agym-z64-37998368137-1480-drr_wd3f\reception\_internal\tzdata\zoneinfo\America\Grand_Turk
2026-10-09 22:27:13.131   Deleting file: D:\a\_temp\agym-z64-37998368137-1480-drr_wd3f\reception\_internal\tzdata\zoneinfo\America\Goose_Bay
2026-10-09 22:27:13.131   Deleting file: D:\a\_temp\agym-z64-37998368137-1480-drr_wd3f\reception\_internal\tzdata\zoneinfo\America\Godthab
2026-10-09 22:27:13.131   Deleting file: D:\a\_temp\agym-z64-37998368137-1480-drr_wd3f\reception\_internal\tzdata\zoneinfo\America\Glace_Bay
2026-10-09 22:27:13.131   Deleting file: D:\a\_temp\agym-z64-37998368137-1480-drr_wd3f\reception\_internal\tzdata\zoneinfo\America\Fort_Wayne
2026-10-09 22:27:13.131   Deleting file: D:\a\_temp\agym-z64-37998368137-1480-drr_wd3f\reception\_internal\tzdata\zoneinfo\America\Fort_Nelson
2026-10-09 22:27:13.131   Deleting file: D:\a\_temp\agym-z64-37998368137-1480-drr_wd3f\reception\_internal\tzdata\zoneinfo\America\Fortaleza
2026-10-09 22:27:13.131   Deleting file: D:\a\_temp\agym-z64-37998368137-1480-drr_wd3f\reception\_internal\tzdata\zoneinfo\America\Ensenada
2026-10-09 22:27:13.131   Deleting file: D:\a\_temp\agym-z64-37998368137-1480-drr_wd3f\reception\_internal\tzdata\zoneinfo\America\El_Salvador
2026-10-09 22:27:13.131   Deleting file: D:\a\_temp\agym-z64-37998368137-1480-drr_wd3f\reception\_internal\tzdata\zoneinfo\America\Eirunepe
2026-10-09 22:27:13.131   Deleting file: D:\a\_temp\agym-z64-37998368137-1480-drr_wd3f\reception\_internal\tzdata\zoneinfo\America\Edmonton
2026-10-09 22:27:13.131   Deleting file: D:\a\_temp\agym-z64-37998368137-1480-drr_wd3f\reception\_internal\tzdata\zoneinfo\America\Dominica
2026-10-09 22:27:13.131   Deleting file: D:\a\_temp\agym-z64-37998368137-1480-drr_wd3f\reception\_internal\tzdata\zoneinfo\America\Detroit
2026-10-09 22:27:13.131   Deleting file: D:\a\_temp\agym-z64-37998368137-1480-drr_wd3f\reception\_internal\tzdata\zoneinfo\America\Denver
2026-10-09 22:27:13.131   Deleting file: D:\a\_temp\agym-z64-37998368137-1480-drr_wd3f\reception\_internal\tzdata\zoneinfo\America\Dawson_Creek
2026-10-09 22:27:13.131   Deleting file: D:\a\_temp\agym-z64-37998368137-1480-drr_wd3f\reception\_internal\tzdata\zoneinfo\America\Dawson
2026-10-09 22:27:13.131   Deleting file: D:\a\_temp\agym-z64-37998368137-1480-drr_wd3f\reception\_internal\tzdata\zoneinfo\America\Danmarkshavn
2026-10-09 22:27:13.131   Deleting file: D:\a\_temp\agym-z64-37998368137-1480-drr_wd3f\reception\_internal\tzdata\zoneinfo\America\Curacao
2026-10-09 22:27:13.131   Deleting file: D:\a\_temp\agym-z64-37998368137-1480-drr_wd3f\reception\_internal\tzdata\zoneinfo\America\Cuiaba
2026-10-09 22:27:13.131   Deleting file: D:\a\_temp\agym-z64-37998368137-1480-drr_wd3f\reception\_internal\tzdata\zoneinfo\America\Creston
2026-10-09 22:27:13.131   Deleting file: D:\a\_temp\agym-z64-37998368137-1480-drr_wd3f\reception\_internal\tzdata\zoneinfo\America\Coyhaique
2026-10-09 22:27:13.131   Deleting file: D:\a\_temp\agym-z64-37998368137-1480-drr_wd3f\reception\_internal\tzdata\zoneinfo\America\Costa_Rica
2026-10-09 22:27:13.131   Deleting file: D:\a\_temp\agym-z64-37998368137-1480-drr_wd3f\reception\_internal\tzdata\zoneinfo\America\Cordoba
2026-10-09 22:27:13.131   Deleting file: D:\a\_temp\agym-z64-37998368137-1480-drr_wd3f\reception\_internal\tzdata\zoneinfo\America\Coral_Harbour
2026-10-09 22:27:13.131   Deleting file: D:\a\_temp\agym-z64-37998368137-1480-drr_wd3f\reception\_internal\tzdata\zoneinfo\America\Ciudad_Juarez
2026-10-09 22:27:13.131   Deleting file: D:\a\_temp\agym-z64-37998368137-1480-drr_wd3f\reception\_internal\tzdata\zoneinfo\America\Chihuahua
2026-10-09 22:27:13.131   Deleting file: D:\a\_temp\agym-z64-37998368137-1480-drr_wd3f\reception\_internal\tzdata\zoneinfo\America\Chicago
2026-10-09 22:27:13.131   Deleting file: D:\a\_temp\agym-z64-37998368137-1480-drr_wd3f\reception\_internal\tzdata\zoneinfo\America\Cayman
2026-10-09 22:27:13.131   Deleting file: D:\a\_temp\agym-z64-37998368137-1480-drr_wd3f\reception\_internal\tzdata\zoneinfo\America\Cayenne
2026-10-09 22:27:13.131   Deleting file: D:\a\_temp\agym-z64-37998368137-1480-drr_wd3f\reception\_internal\tzdata\zoneinfo\America\Catamarca
2026-10-09 22:27:13.131   Deleting file: D:\a\_temp\agym-z64-37998368137-1480-drr_wd3f\reception\_internal\tzdata\zoneinfo\America\Caracas
2026-10-09 22:27:13.131   Deleting file: D:\a\_temp\agym-z64-37998368137-1480-drr_wd3f\reception\_internal\tzdata\zoneinfo\America\Cancun
2026-10-09 22:27:13.131   Deleting file: D:\a\_temp\agym-z64-37998368137-1480-drr_wd3f\reception\_internal\tzdata\zoneinfo\America\Campo_Grande
2026-10-09 22:27:13.131   Deleting file: D:\a\_temp\agym-z64-37998368137-1480-drr_wd3f\reception\_internal\tzdata\zoneinfo\America\Cambridge_Bay
2026-10-09 22:27:13.131   Deleting file: D:\a\_temp\agym-z64-37998368137-1480-drr_wd3f\reception\_internal\tzdata\zoneinfo\America\Buenos_Aires
2026-10-09 22:27:13.131   Deleting file: D:\a\_temp\agym-z64-37998368137-1480-drr_wd3f\reception\_internal\tzdata\zoneinfo\America\Boise
2026-10-09 22:27:13.131   Deleting file: D:\a\_temp\agym-z64-37998368137-1480-drr_wd3f\reception\_internal\tzdata\zoneinfo\America\Bogota
2026-10-09 22:27:13.131   Deleting file: D:\a\_temp\agym-z64-37998368137-1480-drr_wd3f\reception\_internal\tzdata\zoneinfo\America\Boa_Vista
2026-10-09 22:27:13.131   Deleting file: D:\a\_temp\agym-z64-37998368137-1480-drr_wd3f\reception\_internal\tzdata\zoneinfo\America\Blanc-Sablon
2026-10-09 22:27:13.131   Deleting file: D:\a\_temp\agym-z64-37998368137-1480-drr_wd3f\reception\_internal\tzdata\zoneinfo\America\Belize
2026-10-09 22:27:13.131   Deleting file: D:\a\_temp\agym-z64-37998368137-1480-drr_wd3f\reception\_internal\tzdata\zoneinfo\America\Belem
2026-10-09 22:27:13.131   Deleting file: D:\a\_temp\agym-z64-37998368137-1480-drr_wd3f\reception\_internal\tzdata\zoneinfo\America\Barbados
2026-10-09 22:27:13.131   Deleting file: D:\a\_temp\agym-z64-37998368137-1480-drr_wd3f\reception\_internal\tzdata\zoneinfo\America\Bahia_Banderas
2026-10-09 22:27:13.131   Deleting file: D:\a\_temp\agym-z64-37998368137-1480-drr_wd3f\reception\_internal\tzdata\zoneinfo\America\Bahia
2026-10-09 22:27:13.131   Deleting file: D:\a\_temp\agym-z64-37998368137-1480-drr_wd3f\reception\_internal\tzdata\zoneinfo\America\Atka
2026-10-09 22:27:13.131   Deleting file: D:\a\_temp\agym-z64-37998368137-1480-drr_wd3f\reception\_internal\tzdata\zoneinfo\America\Atikokan
2026-10-09 22:27:13.131   Deleting file: D:\a\_temp\agym-z64-37998368137-1480-drr_wd3f\reception\_internal\tzdata\zoneinfo\America\Asuncion
2026-10-09 22:27:13.131   Deleting file: D:\a\_temp\agym-z64-37998368137-1480-drr_wd3f\reception\_internal\tzdata\zoneinfo\America\Aruba
2026-10-09 22:27:13.131   Deleting file: D:\a\_temp\agym-z64-37998368137-1480-drr_wd3f\reception\_internal\tzdata\zoneinfo\America\Araguaina
2026-10-09 22:27:13.131   Deleting file: D:\a\_temp\agym-z64-37998368137-1480-drr_wd3f\reception\_internal\tzdata\zoneinfo\America\Antigua
2026-10-09 22:27:13.131   Deleting file: D:\a\_temp\agym-z64-37998368137-1480-drr_wd3f\reception\_internal\tzdata\zoneinfo\America\Anguilla
2026-10-09 22:27:13.131   Deleting file: D:\a\_temp\agym-z64-37998368137-1480-drr_wd3f\reception\_internal\tzdata\zoneinfo\America\Anchorage
2026-10-09 22:27:13.131   Deleting file: D:\a\_temp\agym-z64-37998368137-1480-drr_wd3f\reception\_internal\tzdata\zoneinfo\America\Adak
2026-10-09 22:27:13.131   Deleting file: D:\a\_temp\agym-z64-37998368137-1480-drr_wd3f\reception\_internal\tzdata\zoneinfo\Africa\__init__.py
2026-10-09 22:27:13.131   Deleting file: D:\a\_temp\agym-z64-37998368137-1480-drr_wd3f\reception\_internal\tzdata\zoneinfo\Africa\Windhoek
2026-10-09 22:27:13.131   Deleting file: D:\a\_temp\agym-z64-37998368137-1480-drr_wd3f\reception\_internal\tzdata\zoneinfo\Africa\Tunis
2026-10-09 22:27:13.131   Deleting file: D:\a\_temp\agym-z64-37998368137-1480-drr_wd3f\reception\_internal\tzdata\zoneinfo\Africa\Tripoli
2026-10-09 22:27:13.131   Deleting file: D:\a\_temp\agym-z64-37998368137-1480-drr_wd3f\reception\_internal\tzdata\zoneinfo\Africa\Timbuktu
2026-10-09 22:27:13.131   Deleting file: D:\a\_temp\agym-z64-37998368137-1480-drr_wd3f\reception\_internal\tzdata\zoneinfo\Africa\Sao_Tome
2026-10-09 22:27:13.131   Deleting file: D:\a\_temp\agym-z64-37998368137-1480-drr_wd3f\reception\_internal\tzdata\zoneinfo\Africa\Porto-Novo
2026-10-09 22:27:13.131   Deleting file: D:\a\_temp\agym-z64-37998368137-1480-drr_wd3f\reception\_internal\tzdata\zoneinfo\Africa\Ouagadougou
2026-10-09 22:27:13.131   Deleting file: D:\a\_temp\agym-z64-37998368137-1480-drr_wd3f\reception\_internal\tzdata\zoneinfo\Africa\Nouakchott
2026-10-09 22:27:13.131   Deleting file: D:\a\_temp\agym-z64-37998368137-1480-drr_wd3f\reception\_internal\tzdata\zoneinfo\Africa\Niamey
2026-10-09 22:27:13.131   Deleting file: D:\a\_temp\agym-z64-37998368137-1480-drr_wd3f\reception\_internal\tzdata\zoneinfo\Africa\Ndjamena
2026-10-09 22:27:13.131   Deleting file: D:\a\_temp\agym-z64-37998368137-1480-drr_wd3f\reception\_internal\tzdata\zoneinfo\Africa\Nairobi
2026-10-09 22:27:13.131   Deleting file: D:\a\_temp\agym-z64-37998368137-1480-drr_wd3f\reception\_internal\tzdata\zoneinfo\Africa\Monrovia
2026-10-09 22:27:13.131   Deleting file: D:\a\_temp\agym-z64-37998368137-1480-drr_wd3f\reception\_internal\tzdata\zoneinfo\Africa\Mogadishu
2026-10-09 22:27:13.131   Deleting file: D:\a\_temp\agym-z64-37998368137-1480-drr_wd3f\reception\_internal\tzdata\zoneinfo\Africa\Mbabane
2026-10-09 22:27:13.131   Deleting file: D:\a\_temp\agym-z64-37998368137-1480-drr_wd3f\reception\_internal\tzdata\zoneinfo\Africa\Maseru
2026-10-09 22:27:13.131   Deleting file: D:\a\_temp\agym-z64-37998368137-1480-drr_wd3f\reception\_internal\tzdata\zoneinfo\Africa\Maputo
2026-10-09 22:27:13.131   Deleting file: D:\a\_temp\agym-z64-37998368137-1480-drr_wd3f\reception\_internal\tzdata\zoneinfo\Africa\Malabo
2026-10-09 22:27:13.131   Deleting file: D:\a\_temp\agym-z64-37998368137-1480-drr_wd3f\reception\_internal\tzdata\zoneinfo\Africa\Lusaka
2026-10-09 22:27:13.131   Deleting file: D:\a\_temp\agym-z64-37998368137-1480-drr_wd3f\reception\_internal\tzdata\zoneinfo\Africa\Lubumbashi
2026-10-09 22:27:13.131   Deleting file: D:\a\_temp\agym-z64-37998368137-1480-drr_wd3f\reception\_internal\tzdata\zoneinfo\Africa\Luanda
2026-10-09 22:27:13.131   Deleting file: D:\a\_temp\agym-z64-37998368137-1480-drr_wd3f\reception\_internal\tzdata\zoneinfo\Africa\Lome
2026-10-09 22:27:13.131   Deleting file: D:\a\_temp\agym-z64-37998368137-1480-drr_wd3f\reception\_internal\tzdata\zoneinfo\Africa\Libreville
2026-10-09 22:27:13.131   Deleting file: D:\a\_temp\agym-z64-37998368137-1480-drr_wd3f\reception\_internal\tzdata\zoneinfo\Africa\Lagos
2026-10-09 22:27:13.131   Deleting file: D:\a\_temp\agym-z64-37998368137-1480-drr_wd3f\reception\_internal\tzdata\zoneinfo\Africa\Kinshasa
2026-10-09 22:27:13.131   Deleting file: D:\a\_temp\agym-z64-37998368137-1480-drr_wd3f\reception\_internal\tzdata\zoneinfo\Africa\Kigali
2026-10-09 22:27:13.131   Deleting file: D:\a\_temp\agym-z64-37998368137-1480-drr_wd3f\reception\_internal\tzdata\zoneinfo\Africa\Khartoum
2026-10-09 22:27:13.131   Deleting file: D:\a\_temp\agym-z64-37998368137-1480-drr_wd3f\reception\_internal\tzdata\zoneinfo\Africa\Kampala
2026-10-09 22:27:13.131   Deleting file: D:\a\_temp\agym-z64-37998368137-1480-drr_wd3f\reception\_internal\tzdata\zoneinfo\Africa\Juba
2026-10-09 22:27:13.131   Deleting file: D:\a\_temp\agym-z64-37998368137-1480-drr_wd3f\reception\_internal\tzdata\zoneinfo\Africa\Johannesburg
2026-10-09 22:27:13.131   Deleting file: D:\a\_temp\agym-z64-37998368137-1480-drr_wd3f\reception\_internal\tzdata\zoneinfo\Africa\Harare
2026-10-09 22:27:13.131   Deleting file: D:\a\_temp\agym-z64-37998368137-1480-drr_wd3f\reception\_internal\tzdata\zoneinfo\Africa\Gaborone
2026-10-09 22:27:13.131   Deleting file: D:\a\_temp\agym-z64-37998368137-1480-drr_wd3f\reception\_internal\tzdata\zoneinfo\Africa\Freetown
2026-10-09 22:27:13.131   Deleting file: D:\a\_temp\agym-z64-37998368137-1480-drr_wd3f\reception\_internal\tzdata\zoneinfo\Africa\El_Aaiun
2026-10-09 22:27:13.131   Deleting file: D:\a\_temp\agym-z64-37998368137-1480-drr_wd3f\reception\_internal\tzdata\zoneinfo\Africa\Douala
2026-10-09 22:27:13.131   Deleting file: D:\a\_temp\agym-z64-37998368137-1480-drr_wd3f\reception\_internal\tzdata\zoneinfo\Africa\Djibouti
2026-10-09 22:27:13.131   Deleting file: D:\a\_temp\agym-z64-37998368137-1480-drr_wd3f\reception\_internal\tzdata\zoneinfo\Africa\Dar_es_Salaam
2026-10-09 22:27:13.131   Deleting file: D:\a\_temp\agym-z64-37998368137-1480-drr_wd3f\reception\_internal\tzdata\zoneinfo\Africa\Dakar
2026-10-09 22:27:13.131   Deleting file: D:\a\_temp\agym-z64-37998368137-1480-drr_wd3f\reception\_internal\tzdata\zoneinfo\Africa\Conakry
2026-10-09 22:27:13.131   Deleting file: D:\a\_temp\agym-z64-37998368137-1480-drr_wd3f\reception\_internal\tzdata\zoneinfo\Africa\Ceuta
2026-10-09 22:27:13.131   Deleting file: D:\a\_temp\agym-z64-37998368137-1480-drr_wd3f\reception\_internal\tzdata\zoneinfo\Africa\Casablanca
2026-10-09 22:27:13.131   Deleting file: D:\a\_temp\agym-z64-37998368137-1480-drr_wd3f\reception\_internal\tzdata\zoneinfo\Africa\Cairo
2026-10-09 22:27:13.131   Deleting file: D:\a\_temp\agym-z64-37998368137-1480-drr_wd3f\reception\_internal\tzdata\zoneinfo\Africa\Bujumbura
2026-10-09 22:27:13.131   Deleting file: D:\a\_temp\agym-z64-37998368137-1480-drr_wd3f\reception\_internal\tzdata\zoneinfo\Africa\Brazzaville
2026-10-09 22:27:13.131   Deleting file: D:\a\_temp\agym-z64-37998368137-1480-drr_wd3f\reception\_internal\tzdata\zoneinfo\Africa\Blantyre
2026-10-09 22:27:13.131   Deleting file: D:\a\_temp\agym-z64-37998368137-1480-drr_wd3f\reception\_internal\tzdata\zoneinfo\Africa\Bissau
2026-10-09 22:27:13.131   Deleting file: D:\a\_temp\agym-z64-37998368137-1480-drr_wd3f\reception\_internal\tzdata\zoneinfo\Africa\Banjul
2026-10-09 22:27:13.131   Deleting file: D:\a\_temp\agym-z64-37998368137-1480-drr_wd3f\reception\_internal\tzdata\zoneinfo\Africa\Bangui
2026-10-09 22:27:13.131   Deleting file: D:\a\_temp\agym-z64-37998368137-1480-drr_wd3f\reception\_internal\tzdata\zoneinfo\Africa\Bamako
2026-10-09 22:27:13.131   Deleting file: D:\a\_temp\agym-z64-37998368137-1480-drr_wd3f\reception\_internal\tzdata\zoneinfo\Africa\Asmera
2026-10-09 22:27:13.131   Deleting file: D:\a\_temp\agym-z64-37998368137-1480-drr_wd3f\reception\_internal\tzdata\zoneinfo\Africa\Asmara
2026-10-09 22:27:13.131   Deleting file: D:\a\_temp\agym-z64-37998368137-1480-drr_wd3f\reception\_internal\tzdata\zoneinfo\Africa\Algiers
2026-10-09 22:27:13.131   Deleting file: D:\a\_temp\agym-z64-37998368137-1480-drr_wd3f\reception\_internal\tzdata\zoneinfo\Africa\Addis_Ababa
2026-10-09 22:27:13.131   Deleting file: D:\a\_temp\agym-z64-37998368137-1480-drr_wd3f\reception\_internal\tzdata\zoneinfo\Africa\Accra
2026-10-09 22:27:13.131   Deleting file: D:\a\_temp\agym-z64-37998368137-1480-drr_wd3f\reception\_internal\tzdata\zoneinfo\Africa\Abidjan
2026-10-09 22:27:13.131   Deleting file: D:\a\_temp\agym-z64-37998368137-1480-drr_wd3f\reception\_internal\tzdata\zoneinfo\__init__.py
2026-10-09 22:27:13.131   Deleting file: D:\a\_temp\agym-z64-37998368137-1480-drr_wd3f\reception\_internal\tzdata\zoneinfo\Zulu
2026-10-09 22:27:13.131   Deleting file: D:\a\_temp\agym-z64-37998368137-1480-drr_wd3f\reception\_internal\tzdata\zoneinfo\zonenow.tab
2026-10-09 22:27:13.131   Deleting file: D:\a\_temp\agym-z64-37998368137-1480-drr_wd3f\reception\_internal\tzdata\zoneinfo\zone1970.tab
2026-10-09 22:27:13.131   Deleting file: D:\a\_temp\agym-z64-37998368137-1480-drr_wd3f\reception\_internal\tzdata\zoneinfo\zone.tab
2026-10-09 22:27:13.131   Deleting file: D:\a\_temp\agym-z64-37998368137-1480-drr_wd3f\reception\_internal\tzdata\zoneinfo\WET
2026-10-09 22:27:13.131   Deleting file: D:\a\_temp\agym-z64-37998368137-1480-drr_wd3f\reception\_internal\tzdata\zoneinfo\W-SU
2026-10-09 22:27:13.131   Deleting file: D:\a\_temp\agym-z64-37998368137-1480-drr_wd3f\reception\_internal\tzdata\zoneinfo\UTC
2026-10-09 22:27:13.131   Deleting file: D:\a\_temp\agym-z64-37998368137-1480-drr_wd3f\reception\_internal\tzdata\zoneinfo\Universal
2026-10-09 22:27:13.131   Deleting file: D:\a\_temp\agym-z64-37998368137-1480-drr_wd3f\reception\_internal\tzdata\zoneinfo\UCT
2026-10-09 22:27:13.131   Deleting file: D:\a\_temp\agym-z64-37998368137-1480-drr_wd3f\reception\_internal\tzdata\zoneinfo\tzdata.zi
2026-10-09 22:27:13.131   Deleting file: D:\a\_temp\agym-z64-37998368137-1480-drr_wd3f\reception\_internal\tzdata\zoneinfo\Turkey
2026-10-09 22:27:13.131   Deleting file: D:\a\_temp\agym-z64-37998368137-1480-drr_wd3f\reception\_internal\tzdata\zoneinfo\Singapore
2026-10-09 22:27:13.131   Deleting file: D:\a\_temp\agym-z64-37998368137-1480-drr_wd3f\reception\_internal\tzdata\zoneinfo\ROK
2026-10-09 22:27:13.131   Deleting file: D:\a\_temp\agym-z64-37998368137-1480-drr_wd3f\reception\_internal\tzdata\zoneinfo\ROC
2026-10-09 22:27:13.131   Deleting file: D:\a\_temp\agym-z64-37998368137-1480-drr_wd3f\reception\_internal\tzdata\zoneinfo\PST8PDT
2026-10-09 22:27:13.131   Deleting file: D:\a\_temp\agym-z64-37998368137-1480-drr_wd3f\reception\_internal\tzdata\zoneinfo\PRC
2026-10-09 22:27:13.131   Deleting file: D:\a\_temp\agym-z64-37998368137-1480-drr_wd3f\reception\_internal\tzdata\zoneinfo\Portugal
2026-10-09 22:27:13.131   Deleting file: D:\a\_temp\agym-z64-37998368137-1480-drr_wd3f\reception\_internal\tzdata\zoneinfo\Poland
2026-10-09 22:27:13.131   Deleting file: D:\a\_temp\agym-z64-37998368137-1480-drr_wd3f\reception\_internal\tzdata\zoneinfo\NZ-CHAT
2026-10-09 22:27:13.131   Deleting file: D:\a\_temp\agym-z64-37998368137-1480-drr_wd3f\reception\_internal\tzdata\zoneinfo\NZ
2026-10-09 22:27:13.131   Deleting file: D:\a\_temp\agym-z64-37998368137-1480-drr_wd3f\reception\_internal\tzdata\zoneinfo\Navajo
2026-10-09 22:27:13.131   Deleting file: D:\a\_temp\agym-z64-37998368137-1480-drr_wd3f\reception\_internal\tzdata\zoneinfo\MST7MDT
2026-10-09 22:27:13.131   Deleting file: D:\a\_temp\agym-z64-37998368137-1480-drr_wd3f\reception\_internal\tzdata\zoneinfo\MST
2026-10-09 22:27:13.131   Deleting file: D:\a\_temp\agym-z64-37998368137-1480-drr_wd3f\reception\_internal\tzdata\zoneinfo\MET
2026-10-09 22:27:13.131   Deleting file: D:\a\_temp\agym-z64-37998368137-1480-drr_wd3f\reception\_internal\tzdata\zoneinfo\Libya
2026-10-09 22:27:13.131   Deleting file: D:\a\_temp\agym-z64-37998368137-1480-drr_wd3f\reception\_internal\tzdata\zoneinfo\leapseconds
2026-10-09 22:27:13.131   Deleting file: D:\a\_temp\agym-z64-37998368137-1480-drr_wd3f\reception\_internal\tzdata\zoneinfo\Kwajalein
2026-10-09 22:27:13.131   Deleting file: D:\a\_temp\agym-z64-37998368137-1480-drr_wd3f\reception\_internal\tzdata\zoneinfo\Japan
2026-10-09 22:27:13.131   Deleting file: D:\a\_temp\agym-z64-37998368137-1480-drr_wd3f\reception\_internal\tzdata\zoneinfo\Jamaica
2026-10-09 22:27:13.131   Deleting file: D:\a\_temp\agym-z64-37998368137-1480-drr_wd3f\reception\_internal\tzdata\zoneinfo\Israel
2026-10-09 22:27:13.131   Deleting file: D:\a\_temp\agym-z64-37998368137-1480-drr_wd3f\reception\_internal\tzdata\zoneinfo\iso3166.tab
2026-10-09 22:27:13.131   Deleting file: D:\a\_temp\agym-z64-37998368137-1480-drr_wd3f\reception\_internal\tzdata\zoneinfo\Iran
2026-10-09 22:27:13.131   Deleting file: D:\a\_temp\agym-z64-37998368137-1480-drr_wd3f\reception\_internal\tzdata\zoneinfo\Iceland
2026-10-09 22:27:13.131   Deleting file: D:\a\_temp\agym-z64-37998368137-1480-drr_wd3f\reception\_internal\tzdata\zoneinfo\HST
2026-10-09 22:27:13.131   Deleting file: D:\a\_temp\agym-z64-37998368137-1480-drr_wd3f\reception\_internal\tzdata\zoneinfo\Hongkong
2026-10-09 22:27:13.131   Deleting file: D:\a\_temp\agym-z64-37998368137-1480-drr_wd3f\reception\_internal\tzdata\zoneinfo\Greenwich
2026-10-09 22:27:13.131   Deleting file: D:\a\_temp\agym-z64-37998368137-1480-drr_wd3f\reception\_internal\tzdata\zoneinfo\GMT0
2026-10-09 22:27:13.131   Deleting file: D:\a\_temp\agym-z64-37998368137-1480-drr_wd3f\reception\_internal\tzdata\zoneinfo\GMT-0
2026-10-09 22:27:13.131   Deleting file: D:\a\_temp\agym-z64-37998368137-1480-drr_wd3f\reception\_internal\tzdata\zoneinfo\GMT+0
2026-10-09 22:27:13.131   Deleting file: D:\a\_temp\agym-z64-37998368137-1480-drr_wd3f\reception\_internal\tzdata\zoneinfo\GMT
2026-10-09 22:27:13.131   Deleting file: D:\a\_temp\agym-z64-37998368137-1480-drr_wd3f\reception\_internal\tzdata\zoneinfo\GB-Eire
2026-10-09 22:27:13.131   Deleting file: D:\a\_temp\agym-z64-37998368137-1480-drr_wd3f\reception\_internal\tzdata\zoneinfo\GB
2026-10-09 22:27:13.131   Deleting file: D:\a\_temp\agym-z64-37998368137-1480-drr_wd3f\reception\_internal\tzdata\zoneinfo\Factory
2026-10-09 22:27:13.131   Deleting file: D:\a\_temp\agym-z64-37998368137-1480-drr_wd3f\reception\_internal\tzdata\zoneinfo\EST5EDT
2026-10-09 22:27:13.131   Deleting file: D:\a\_temp\agym-z64-37998368137-1480-drr_wd3f\reception\_internal\tzdata\zoneinfo\EST
2026-10-09 22:27:13.131   Deleting file: D:\a\_temp\agym-z64-37998368137-1480-drr_wd3f\reception\_internal\tzdata\zoneinfo\Eire
2026-10-09 22:27:13.131   Deleting file: D:\a\_temp\agym-z64-37998368137-1480-drr_wd3f\reception\_internal\tzdata\zoneinfo\Egypt
2026-10-09 22:27:13.131   Deleting file: D:\a\_temp\agym-z64-37998368137-1480-drr_wd3f\reception\_internal\tzdata\zoneinfo\EET
2026-10-09 22:27:13.131   Deleting file: D:\a\_temp\agym-z64-37998368137-1480-drr_wd3f\reception\_internal\tzdata\zoneinfo\Cuba
2026-10-09 22:27:13.147   Deleting file: D:\a\_temp\agym-z64-37998368137-1480-drr_wd3f\reception\_internal\tzdata\zoneinfo\CST6CDT
2026-10-09 22:27:13.147   Deleting file: D:\a\_temp\agym-z64-37998368137-1480-drr_wd3f\reception\_internal\tzdata\zoneinfo\CET
2026-10-09 22:27:13.147   Deleting file: D:\a\_temp\agym-z64-37998368137-1480-drr_wd3f\reception\_internal\tzdata\__init__.py
2026-10-09 22:27:13.147   Deleting file: D:\a\_temp\agym-z64-37998368137-1480-drr_wd3f\reception\_internal\tzdata\zones
2026-10-09 22:27:13.147   Deleting file: D:\a\_temp\agym-z64-37998368137-1480-drr_wd3f\reception\_internal\supabase_auth-2.31.0.dist-info\WHEEL
2026-10-09 22:27:13.147   Deleting file: D:\a\_temp\agym-z64-37998368137-1480-drr_wd3f\reception\_internal\supabase_auth-2.31.0.dist-info\RECORD
2026-10-09 22:27:13.147   Deleting file: D:\a\_temp\agym-z64-37998368137-1480-drr_wd3f\reception\_internal\supabase_auth-2.31.0.dist-info\METADATA
2026-10-09 22:27:13.147   Deleting file: D:\a\_temp\agym-z64-37998368137-1480-drr_wd3f\reception\_internal\supabase_auth-2.31.0.dist-info\INSTALLER
2026-10-09 22:27:13.147   Deleting file: D:\a\_temp\agym-z64-37998368137-1480-drr_wd3f\reception\_internal\supabase_auth\_sync\__init__.py
2026-10-09 22:27:13.147   Deleting file: D:\a\_temp\agym-z64-37998368137-1480-drr_wd3f\reception\_internal\supabase_auth\_sync\storage.py
2026-10-09 22:27:13.147   Deleting file: D:\a\_temp\agym-z64-37998368137-1480-drr_wd3f\reception\_internal\supabase_auth\_sync\gotrue_mfa_api.py
2026-10-09 22:27:13.147   Deleting file: D:\a\_temp\agym-z64-37998368137-1480-drr_wd3f\reception\_internal\supabase_auth\_sync\gotrue_client.py
2026-10-09 22:27:13.147   Deleting file: D:\a\_temp\agym-z64-37998368137-1480-drr_wd3f\reception\_internal\supabase_auth\_sync\gotrue_base_api.py
2026-10-09 22:27:13.147   Deleting file: D:\a\_temp\agym-z64-37998368137-1480-drr_wd3f\reception\_internal\supabase_auth\_sync\gotrue_admin_oauth_api.py
2026-10-09 22:27:13.147   Deleting file: D:\a\_temp\agym-z64-37998368137-1480-drr_wd3f\reception\_internal\supabase_auth\_sync\gotrue_admin_mfa_api.py
2026-10-09 22:27:13.147   Deleting file: D:\a\_temp\agym-z64-37998368137-1480-drr_wd3f\reception\_internal\supabase_auth\_sync\gotrue_admin_api.py
2026-10-09 22:27:13.147   Deleting file: D:\a\_temp\agym-z64-37998368137-1480-drr_wd3f\reception\_internal\supabase_auth\_async\__init__.py
2026-10-09 22:27:13.147   Deleting file: D:\a\_temp\agym-z64-37998368137-1480-drr_wd3f\reception\_internal\supabase_auth\_async\storage.py
2026-10-09 22:27:13.147   Deleting file: D:\a\_temp\agym-z64-37998368137-1480-drr_wd3f\reception\_internal\supabase_auth\_async\gotrue_mfa_api.py
2026-10-09 22:27:13.147   Deleting file: D:\a\_temp\agym-z64-37998368137-1480-drr_wd3f\reception\_internal\supabase_auth\_async\gotrue_client.py
2026-10-09 22:27:13.147   Deleting file: D:\a\_temp\agym-z64-37998368137-1480-drr_wd3f\reception\_internal\supabase_auth\_async\gotrue_base_api.py
2026-10-09 22:27:13.147   Deleting file: D:\a\_temp\agym-z64-37998368137-1480-drr_wd3f\reception\_internal\supabase_auth\_async\gotrue_admin_oauth_api.py
2026-10-09 22:27:13.147   Deleting file: D:\a\_temp\agym-z64-37998368137-1480-drr_wd3f\reception\_internal\supabase_auth\_async\gotrue_admin_mfa_api.py
2026-10-09 22:27:13.147   Deleting file: D:\a\_temp\agym-z64-37998368137-1480-drr_wd3f\reception\_internal\supabase_auth\_async\gotrue_admin_api.py
2026-10-09 22:27:13.147   Deleting file: D:\a\_temp\agym-z64-37998368137-1480-drr_wd3f\reception\_internal\supabase_auth\__init__.py
2026-10-09 22:27:13.147   Deleting file: D:\a\_temp\agym-z64-37998368137-1480-drr_wd3f\reception\_internal\supabase_auth\version.py
2026-10-09 22:27:13.147   Deleting file: D:\a\_temp\agym-z64-37998368137-1480-drr_wd3f\reception\_internal\supabase_auth\types.py
2026-10-09 22:27:13.147   Deleting file: D:\a\_temp\agym-z64-37998368137-1480-drr_wd3f\reception\_internal\supabase_auth\timer.py
2026-10-09 22:27:13.147   Deleting file: D:\a\_temp\agym-z64-37998368137-1480-drr_wd3f\reception\_internal\supabase_auth\py.typed
2026-10-09 22:27:13.147   Deleting file: D:\a\_temp\agym-z64-37998368137-1480-drr_wd3f\reception\_internal\supabase_auth\helpers.py
2026-10-09 22:27:13.147   Deleting file: D:\a\_temp\agym-z64-37998368137-1480-drr_wd3f\reception\_internal\supabase_auth\errors.py
2026-10-09 22:27:13.147   Deleting file: D:\a\_temp\agym-z64-37998368137-1480-drr_wd3f\reception\_internal\supabase_auth\constants.py
2026-10-09 22:27:13.147   Deleting file: D:\a\_temp\agym-z64-37998368137-1480-drr_wd3f\reception\_internal\supabase-2.31.0.dist-info\licenses\LICENSE
2026-10-09 22:27:13.147   Deleting file: D:\a\_temp\agym-z64-37998368137-1480-drr_wd3f\reception\_internal\supabase-2.31.0.dist-info\WHEEL
2026-10-09 22:27:13.147   Deleting file: D:\a\_temp\agym-z64-37998368137-1480-drr_wd3f\reception\_internal\supabase-2.31.0.dist-info\REQUESTED
2026-10-09 22:27:13.147   Deleting file: D:\a\_temp\agym-z64-37998368137-1480-drr_wd3f\reception\_internal\supabase-2.31.0.dist-info\RECORD
2026-10-09 22:27:13.147   Deleting file: D:\a\_temp\agym-z64-37998368137-1480-drr_wd3f\reception\_internal\supabase-2.31.0.dist-info\METADATA
2026-10-09 22:27:13.147   Deleting file: D:\a\_temp\agym-z64-37998368137-1480-drr_wd3f\reception\_internal\supabase-2.31.0.dist-info\INSTALLER
2026-10-09 22:27:13.147   Deleting file: D:\a\_temp\agym-z64-37998368137-1480-drr_wd3f\reception\_internal\supabase\_sync\__init__.py
2026-10-09 22:27:13.147   Deleting file: D:\a\_temp\agym-z64-37998368137-1480-drr_wd3f\reception\_internal\supabase\_sync\client.py
2026-10-09 22:27:13.147   Deleting file: D:\a\_temp\agym-z64-37998368137-1480-drr_wd3f\reception\_internal\supabase\_sync\auth_client.py
2026-10-09 22:27:13.147   Deleting file: D:\a\_temp\agym-z64-37998368137-1480-drr_wd3f\reception\_internal\supabase\_async\__init__.py
2026-10-09 22:27:13.147   Deleting file: D:\a\_temp\agym-z64-37998368137-1480-drr_wd3f\reception\_internal\supabase\_async\client.py
2026-10-09 22:27:13.147   Deleting file: D:\a\_temp\agym-z64-37998368137-1480-drr_wd3f\reception\_internal\supabase\_async\auth_client.py
2026-10-09 22:27:13.147   Deleting file: D:\a\_temp\agym-z64-37998368137-1480-drr_wd3f\reception\_internal\supabase\lib\__init__.py
2026-10-09 22:27:13.147   Deleting file: D:\a\_temp\agym-z64-37998368137-1480-drr_wd3f\reception\_internal\supabase\lib\client_options.py
2026-10-09 22:27:13.147   Deleting file: D:\a\_temp\agym-z64-37998368137-1480-drr_wd3f\reception\_internal\supabase\__init__.py
2026-10-09 22:27:13.147   Deleting file: D:\a\_temp\agym-z64-37998368137-1480-drr_wd3f\reception\_internal\supabase\version.py
2026-10-09 22:27:13.147   Deleting file: D:\a\_temp\agym-z64-37998368137-1480-drr_wd3f\reception\_internal\supabase\types.py
2026-10-09 22:27:13.147   Deleting file: D:\a\_temp\agym-z64-37998368137-1480-drr_wd3f\reception\_internal\supabase\py.typed
2026-10-09 22:27:13.147   Deleting file: D:\a\_temp\agym-z64-37998368137-1480-drr_wd3f\reception\_internal\supabase\client.py
2026-10-09 22:27:13.147   Deleting file: D:\a\_temp\agym-z64-37998368137-1480-drr_wd3f\reception\_internal\setuptools\_vendor\jaraco\text\Lorem ipsum.txt
2026-10-09 22:27:13.147   Deleting file: D:\a\_temp\agym-z64-37998368137-1480-drr_wd3f\reception\_internal\serial\urlhandler\__init__.py
2026-10-09 22:27:13.147   Deleting file: D:\a\_temp\agym-z64-37998368137-1480-drr_wd3f\reception\_internal\serial\urlhandler\protocol_spy.py
2026-10-09 22:27:13.147   Deleting file: D:\a\_temp\agym-z64-37998368137-1480-drr_wd3f\reception\_internal\serial\urlhandler\protocol_socket.py
2026-10-09 22:27:13.147   Deleting file: D:\a\_temp\agym-z64-37998368137-1480-drr_wd3f\reception\_internal\serial\urlhandler\protocol_rfc2217.py
2026-10-09 22:27:13.147   Deleting file: D:\a\_temp\agym-z64-37998368137-1480-drr_wd3f\reception\_internal\serial\urlhandler\protocol_loop.py
2026-10-09 22:27:13.147   Deleting file: D:\a\_temp\agym-z64-37998368137-1480-drr_wd3f\reception\_internal\serial\urlhandler\protocol_hwgrep.py
2026-10-09 22:27:13.147   Deleting file: D:\a\_temp\agym-z64-37998368137-1480-drr_wd3f\reception\_internal\serial\urlhandler\protocol_cp2110.py
2026-10-09 22:27:13.147   Deleting file: D:\a\_temp\agym-z64-37998368137-1480-drr_wd3f\reception\_internal\serial\urlhandler\protocol_alt.py
2026-10-09 22:27:13.147   Deleting file: D:\a\_temp\agym-z64-37998368137-1480-drr_wd3f\reception\_internal\serial\tools\__init__.py
2026-10-09 22:27:13.147   Deleting file: D:\a\_temp\agym-z64-37998368137-1480-drr_wd3f\reception\_internal\serial\tools\miniterm.py
2026-10-09 22:27:13.147   Deleting file: D:\a\_temp\agym-z64-37998368137-1480-drr_wd3f\reception\_internal\serial\tools\list_ports_windows.py
2026-10-09 22:27:13.147   Deleting file: D:\a\_temp\agym-z64-37998368137-1480-drr_wd3f\reception\_internal\serial\tools\list_ports_posix.py
2026-10-09 22:27:13.147   Deleting file: D:\a\_temp\agym-z64-37998368137-1480-drr_wd3f\reception\_internal\serial\tools\list_ports_osx.py
2026-10-09 22:27:13.147   Deleting file: D:\a\_temp\agym-z64-37998368137-1480-drr_wd3f\reception\_internal\serial\tools\list_ports_linux.py
2026-10-09 22:27:13.147   Deleting file: D:\a\_temp\agym-z64-37998368137-1480-drr_wd3f\reception\_internal\serial\tools\list_ports_common.py
2026-10-09 22:27:13.147   Deleting file: D:\a\_temp\agym-z64-37998368137-1480-drr_wd3f\reception\_internal\serial\tools\list_ports.py
2026-10-09 22:27:13.147   Deleting file: D:\a\_temp\agym-z64-37998368137-1480-drr_wd3f\reception\_internal\serial\tools\hexlify_codec.py
2026-10-09 22:27:13.147   Deleting file: D:\a\_temp\agym-z64-37998368137-1480-drr_wd3f\reception\_internal\serial\threaded\__init__.py
2026-10-09 22:27:13.147   Deleting file: D:\a\_temp\agym-z64-37998368137-1480-drr_wd3f\reception\_internal\serial\__main__.py
2026-10-09 22:27:13.147   Deleting file: D:\a\_temp\agym-z64-37998368137-1480-drr_wd3f\reception\_internal\serial\__init__.py
2026-10-09 22:27:13.147   Deleting file: D:\a\_temp\agym-z64-37998368137-1480-drr_wd3f\reception\_internal\serial\win32.py
2026-10-09 22:27:13.147   Deleting file: D:\a\_temp\agym-z64-37998368137-1480-drr_wd3f\reception\_internal\serial\serialwin32.py
2026-10-09 22:27:13.147   Deleting file: D:\a\_temp\agym-z64-37998368137-1480-drr_wd3f\reception\_internal\serial\serialutil.py
2026-10-09 22:27:13.147   Deleting file: D:\a\_temp\agym-z64-37998368137-1480-drr_wd3f\reception\_internal\serial\serialposix.py
2026-10-09 22:27:13.147   Deleting file: D:\a\_temp\agym-z64-37998368137-1480-drr_wd3f\reception\_internal\serial\serialjava.py
2026-10-09 22:27:13.147   Deleting file: D:\a\_temp\agym-z64-37998368137-1480-drr_wd3f\reception\_internal\serial\serialcli.py
2026-10-09 22:27:13.147   Deleting file: D:\a\_temp\agym-z64-37998368137-1480-drr_wd3f\reception\_internal\serial\rs485.py
2026-10-09 22:27:13.147   Deleting file: D:\a\_temp\agym-z64-37998368137-1480-drr_wd3f\reception\_internal\serial\rfc2217.py
2026-10-09 22:27:13.147   Deleting file: D:\a\_temp\agym-z64-37998368137-1480-drr_wd3f\reception\_internal\realtime-2.31.0.dist-info\WHEEL
2026-10-09 22:27:13.147   Deleting file: D:\a\_temp\agym-z64-37998368137-1480-drr_wd3f\reception\_internal\realtime-2.31.0.dist-info\RECORD
2026-10-09 22:27:13.147   Deleting file: D:\a\_temp\agym-z64-37998368137-1480-drr_wd3f\reception\_internal\realtime-2.31.0.dist-info\METADATA
2026-10-09 22:27:13.147   Deleting file: D:\a\_temp\agym-z64-37998368137-1480-drr_wd3f\reception\_internal\realtime-2.31.0.dist-info\INSTALLER
2026-10-09 22:27:13.147   Deleting file: D:\a\_temp\agym-z64-37998368137-1480-drr_wd3f\reception\_internal\realtime\_sync\__init__.py
2026-10-09 22:27:13.147   Deleting file: D:\a\_temp\agym-z64-37998368137-1480-drr_wd3f\reception\_internal\realtime\_sync\presence.py
2026-10-09 22:27:13.147   Deleting file: D:\a\_temp\agym-z64-37998368137-1480-drr_wd3f\reception\_internal\realtime\_sync\client.py
2026-10-09 22:27:13.147   Deleting file: D:\a\_temp\agym-z64-37998368137-1480-drr_wd3f\reception\_internal\realtime\_sync\channel.py
2026-10-09 22:27:13.147   Deleting file: D:\a\_temp\agym-z64-37998368137-1480-drr_wd3f\reception\_internal\realtime\_async\__init__.py
2026-10-09 22:27:13.147   Deleting file: D:\a\_temp\agym-z64-37998368137-1480-drr_wd3f\reception\_internal\realtime\_async\timer.py
2026-10-09 22:27:13.147   Deleting file: D:\a\_temp\agym-z64-37998368137-1480-drr_wd3f\reception\_internal\realtime\_async\push.py
2026-10-09 22:27:13.147   Deleting file: D:\a\_temp\agym-z64-37998368137-1480-drr_wd3f\reception\_internal\realtime\_async\presence.py
2026-10-09 22:27:13.147   Deleting file: D:\a\_temp\agym-z64-37998368137-1480-drr_wd3f\reception\_internal\realtime\_async\client.py
2026-10-09 22:27:13.147   Deleting file: D:\a\_temp\agym-z64-37998368137-1480-drr_wd3f\reception\_internal\realtime\_async\channel.py
2026-10-09 22:27:13.147   Deleting file: D:\a\_temp\agym-z64-37998368137-1480-drr_wd3f\reception\_internal\realtime\__init__.py
2026-10-09 22:27:13.147   Deleting file: D:\a\_temp\agym-z64-37998368137-1480-drr_wd3f\reception\_internal\realtime\version.py
2026-10-09 22:27:13.147   Deleting file: D:\a\_temp\agym-z64-37998368137-1480-drr_wd3f\reception\_internal\realtime\utils.py
2026-10-09 22:27:13.147   Deleting file: D:\a\_temp\agym-z64-37998368137-1480-drr_wd3f\reception\_internal\realtime\types.py
2026-10-09 22:27:13.147   Deleting file: D:\a\_temp\agym-z64-37998368137-1480-drr_wd3f\reception\_internal\realtime\transformers.py
2026-10-09 22:27:13.147   Deleting file: D:\a\_temp\agym-z64-37998368137-1480-drr_wd3f\reception\_internal\realtime\py.typed
2026-10-09 22:27:13.147   Deleting file: D:\a\_temp\agym-z64-37998368137-1480-drr_wd3f\reception\_internal\realtime\message.py
2026-10-09 22:27:13.147   Deleting file: D:\a\_temp\agym-z64-37998368137-1480-drr_wd3f\reception\_internal\realtime\exceptions.py
2026-10-09 22:27:13.147   Deleting file: D:\a\_temp\agym-z64-37998368137-1480-drr_wd3f\reception\_internal\pyserial-3.5.dist-info\WHEEL
2026-10-09 22:27:13.147   Deleting file: D:\a\_temp\agym-z64-37998368137-1480-drr_wd3f\reception\_internal\pyserial-3.5.dist-info\top_level.txt
2026-10-09 22:27:13.147   Deleting file: D:\a\_temp\agym-z64-37998368137-1480-drr_wd3f\reception\_internal\pyserial-3.5.dist-info\REQUESTED
2026-10-09 22:27:13.147   Deleting file: D:\a\_temp\agym-z64-37998368137-1480-drr_wd3f\reception\_internal\pyserial-3.5.dist-info\RECORD
2026-10-09 22:27:13.147   Deleting file: D:\a\_temp\agym-z64-37998368137-1480-drr_wd3f\reception\_internal\pyserial-3.5.dist-info\metadata.json
2026-10-09 22:27:13.147   Deleting file: D:\a\_temp\agym-z64-37998368137-1480-drr_wd3f\reception\_internal\pyserial-3.5.dist-info\METADATA
2026-10-09 22:27:13.147   Deleting file: D:\a\_temp\agym-z64-37998368137-1480-drr_wd3f\reception\_internal\pyserial-3.5.dist-info\INSTALLER
2026-10-09 22:27:13.147   Deleting file: D:\a\_temp\agym-z64-37998368137-1480-drr_wd3f\reception\_internal\pyserial-3.5.dist-info\entry_points.txt
2026-10-09 22:27:13.147   Deleting file: D:\a\_temp\agym-z64-37998368137-1480-drr_wd3f\reception\_internal\pyserial-3.5.dist-info\DESCRIPTION.rst
2026-10-09 22:27:13.147   Deleting file: D:\a\_temp\agym-z64-37998368137-1480-drr_wd3f\reception\_internal\pydantic_core\_pydantic_core.cp314-win_amd64.pyd
2026-10-09 22:27:13.147   Deleting file: D:\a\_temp\agym-z64-37998368137-1480-drr_wd3f\reception\_internal\pydantic-2.14.0.dist-info\licenses\LICENSE
2026-10-09 22:27:13.147   Deleting file: D:\a\_temp\agym-z64-37998368137-1480-drr_wd3f\reception\_internal\pydantic-2.14.0.dist-info\WHEEL
2026-10-09 22:27:13.147   Deleting file: D:\a\_temp\agym-z64-37998368137-1480-drr_wd3f\reception\_internal\pydantic-2.14.0.dist-info\RECORD
2026-10-09 22:27:13.147   Deleting file: D:\a\_temp\agym-z64-37998368137-1480-drr_wd3f\reception\_internal\pydantic-2.14.0.dist-info\METADATA
2026-10-09 22:27:13.147   Deleting file: D:\a\_temp\agym-z64-37998368137-1480-drr_wd3f\reception\_internal\pydantic-2.14.0.dist-info\INSTALLER
2026-10-09 22:27:13.147   Deleting file: D:\a\_temp\agym-z64-37998368137-1480-drr_wd3f\reception\_internal\propcache\_helpers_c.cp314-win_amd64.pyd
2026-10-09 22:27:13.147   Deleting file: D:\a\_temp\agym-z64-37998368137-1480-drr_wd3f\reception\_internal\postgrest-2.31.0.dist-info\WHEEL
2026-10-09 22:27:13.147   Deleting file: D:\a\_temp\agym-z64-37998368137-1480-drr_wd3f\reception\_internal\postgrest-2.31.0.dist-info\RECORD
2026-10-09 22:27:13.147   Deleting file: D:\a\_temp\agym-z64-37998368137-1480-drr_wd3f\reception\_internal\postgrest-2.31.0.dist-info\METADATA
2026-10-09 22:27:13.147   Deleting file: D:\a\_temp\agym-z64-37998368137-1480-drr_wd3f\reception\_internal\postgrest-2.31.0.dist-info\INSTALLER
2026-10-09 22:27:13.147   Deleting file: D:\a\_temp\agym-z64-37998368137-1480-drr_wd3f\reception\_internal\postgrest\_sync\__init__.py
2026-10-09 22:27:13.147   Deleting file: D:\a\_temp\agym-z64-37998368137-1480-drr_wd3f\reception\_internal\postgrest\_sync\request_builder.py
2026-10-09 22:27:13.147   Deleting file: D:\a\_temp\agym-z64-37998368137-1480-drr_wd3f\reception\_internal\postgrest\_sync\client.py
2026-10-09 22:27:13.147   Deleting file: D:\a\_temp\agym-z64-37998368137-1480-drr_wd3f\reception\_internal\postgrest\_async\__init__.py
2026-10-09 22:27:13.147   Deleting file: D:\a\_temp\agym-z64-37998368137-1480-drr_wd3f\reception\_internal\postgrest\_async\request_builder.py
2026-10-09 22:27:13.147   Deleting file: D:\a\_temp\agym-z64-37998368137-1480-drr_wd3f\reception\_internal\postgrest\_async\client.py
2026-10-09 22:27:13.147   Deleting file: D:\a\_temp\agym-z64-37998368137-1480-drr_wd3f\reception\_internal\postgrest\__init__.py
2026-10-09 22:27:13.147   Deleting file: D:\a\_temp\agym-z64-37998368137-1480-drr_wd3f\reception\_internal\postgrest\version.py
2026-10-09 22:27:13.147   Deleting file: D:\a\_temp\agym-z64-37998368137-1480-drr_wd3f\reception\_internal\postgrest\utils.py
2026-10-09 22:27:13.147   Deleting file: D:\a\_temp\agym-z64-37998368137-1480-drr_wd3f\reception\_internal\postgrest\types.py
2026-10-09 22:27:13.147   Deleting file: D:\a\_temp\agym-z64-37998368137-1480-drr_wd3f\reception\_internal\postgrest\py.typed
2026-10-09 22:27:13.147   Deleting file: D:\a\_temp\agym-z64-37998368137-1480-drr_wd3f\reception\_internal\postgrest\exceptions.py
2026-10-09 22:27:13.147   Deleting file: D:\a\_temp\agym-z64-37998368137-1480-drr_wd3f\reception\_internal\postgrest\constants.py
2026-10-09 22:27:13.147   Deleting file: D:\a\_temp\agym-z64-37998368137-1480-drr_wd3f\reception\_internal\postgrest\base_request_builder.py
2026-10-09 22:27:13.147   Deleting file: D:\a\_temp\agym-z64-37998368137-1480-drr_wd3f\reception\_internal\postgrest\base_client.py
2026-10-09 22:27:13.147   Deleting file: D:\a\_temp\agym-z64-37998368137-1480-drr_wd3f\reception\_internal\PIL\_webp.cp314-win_amd64.pyd
2026-10-09 22:27:13.147   Deleting file: D:\a\_temp\agym-z64-37998368137-1480-drr_wd3f\reception\_internal\PIL\_imagingtk.cp314-win_amd64.pyd
2026-10-09 22:27:13.147   Deleting file: D:\a\_temp\agym-z64-37998368137-1480-drr_wd3f\reception\_internal\PIL\_imagingmath.cp314-win_amd64.pyd
2026-10-09 22:27:13.147   Deleting file: D:\a\_temp\agym-z64-37998368137-1480-drr_wd3f\reception\_internal\PIL\_imagingft.cp314-win_amd64.pyd
2026-10-09 22:27:13.147   Deleting file: D:\a\_temp\agym-z64-37998368137-1480-drr_wd3f\reception\_internal\PIL\_imagingcms.cp314-win_amd64.pyd
2026-10-09 22:27:13.147   Deleting file: D:\a\_temp\agym-z64-37998368137-1480-drr_wd3f\reception\_internal\PIL\_imaging.cp314-win_amd64.pyd
2026-10-09 22:27:13.147   Deleting file: D:\a\_temp\agym-z64-37998368137-1480-drr_wd3f\reception\_internal\PIL\_avif.cp314-win_amd64.pyd
2026-10-09 22:27:13.147   Deleting file: D:\a\_temp\agym-z64-37998368137-1480-drr_wd3f\reception\_internal\multidict\_multidict.cp314-win_amd64.pyd
2026-10-09 22:27:13.147   Deleting file: D:\a\_temp\agym-z64-37998368137-1480-drr_wd3f\reception\_internal\cryptography-48.0.1.dist-info\sboms\sbom.json
2026-10-09 22:27:13.147   Deleting file: D:\a\_temp\agym-z64-37998368137-1480-drr_wd3f\reception\_internal\cryptography-48.0.1.dist-info\sboms\cryptography-rust.cyclonedx.json
2026-10-09 22:27:13.147   Deleting file: D:\a\_temp\agym-z64-37998368137-1480-drr_wd3f\reception\_internal\cryptography-48.0.1.dist-info\licenses\LICENSE.BSD
2026-10-09 22:27:13.147   Deleting file: D:\a\_temp\agym-z64-37998368137-1480-drr_wd3f\reception\_internal\cryptography-48.0.1.dist-info\licenses\LICENSE.APACHE
2026-10-09 22:27:13.147   Deleting file: D:\a\_temp\agym-z64-37998368137-1480-drr_wd3f\reception\_internal\cryptography-48.0.1.dist-info\licenses\LICENSE
2026-10-09 22:27:13.147   Deleting file: D:\a\_temp\agym-z64-37998368137-1480-drr_wd3f\reception\_internal\cryptography-48.0.1.dist-info\WHEEL
2026-10-09 22:27:13.147   Deleting file: D:\a\_temp\agym-z64-37998368137-1480-drr_wd3f\reception\_internal\cryptography-48.0.1.dist-info\REQUESTED
2026-10-09 22:27:13.147   Deleting file: D:\a\_temp\agym-z64-37998368137-1480-drr_wd3f\reception\_internal\cryptography-48.0.1.dist-info\RECORD
2026-10-09 22:27:13.147   Deleting file: D:\a\_temp\agym-z64-37998368137-1480-drr_wd3f\reception\_internal\cryptography-48.0.1.dist-info\METADATA
2026-10-09 22:27:13.147   Deleting file: D:\a\_temp\agym-z64-37998368137-1480-drr_wd3f\reception\_internal\cryptography-48.0.1.dist-info\INSTALLER
2026-10-09 22:27:13.147   Deleting file: D:\a\_temp\agym-z64-37998368137-1480-drr_wd3f\reception\_internal\cryptography\hazmat\bindings\_rust.pyd
2026-10-09 22:27:13.147   Deleting file: D:\a\_temp\agym-z64-37998368137-1480-drr_wd3f\reception\_internal\certifi-2026.7.22.dist-info\licenses\LICENSE
2026-10-09 22:27:13.147   Deleting file: D:\a\_temp\agym-z64-37998368137-1480-drr_wd3f\reception\_internal\certifi-2026.7.22.dist-info\WHEEL
2026-10-09 22:27:13.147   Deleting file: D:\a\_temp\agym-z64-37998368137-1480-drr_wd3f\reception\_internal\certifi-2026.7.22.dist-info\top_level.txt
2026-10-09 22:27:13.147   Deleting file: D:\a\_temp\agym-z64-37998368137-1480-drr_wd3f\reception\_internal\certifi-2026.7.22.dist-info\RECORD
2026-10-09 22:27:13.147   Deleting file: D:\a\_temp\agym-z64-37998368137-1480-drr_wd3f\reception\_internal\certifi-2026.7.22.dist-info\METADATA
2026-10-09 22:27:13.147   Deleting file: D:\a\_temp\agym-z64-37998368137-1480-drr_wd3f\reception\_internal\certifi-2026.7.22.dist-info\INSTALLER
2026-10-09 22:27:13.147   Deleting file: D:\a\_temp\agym-z64-37998368137-1480-drr_wd3f\reception\_internal\certifi\tests\__init__.py
2026-10-09 22:27:13.147   Deleting file: D:\a\_temp\agym-z64-37998368137-1480-drr_wd3f\reception\_internal\certifi\tests\test_certify.py
2026-10-09 22:27:13.147   Deleting file: D:\a\_temp\agym-z64-37998368137-1480-drr_wd3f\reception\_internal\certifi\__main__.py
2026-10-09 22:27:13.147   Deleting file: D:\a\_temp\agym-z64-37998368137-1480-drr_wd3f\reception\_internal\certifi\__init__.py
2026-10-09 22:27:13.147   Deleting file: D:\a\_temp\agym-z64-37998368137-1480-drr_wd3f\reception\_internal\certifi\py.typed
2026-10-09 22:27:13.147   Deleting file: D:\a\_temp\agym-z64-37998368137-1480-drr_wd3f\reception\_internal\certifi\core.py
2026-10-09 22:27:13.147   Deleting file: D:\a\_temp\agym-z64-37998368137-1480-drr_wd3f\reception\_internal\certifi\cacert.pem
2026-10-09 22:27:13.147   Deleting file: D:\a\_temp\agym-z64-37998368137-1480-drr_wd3f\reception\_internal\_zstd.pyd
2026-10-09 22:27:13.147   Deleting file: D:\a\_temp\agym-z64-37998368137-1480-drr_wd3f\reception\_internal\_zoneinfo.pyd
2026-10-09 22:27:13.147   Deleting file: D:\a\_temp\agym-z64-37998368137-1480-drr_wd3f\reception\_internal\_wmi.pyd
2026-10-09 22:27:13.147   Deleting file: D:\a\_temp\agym-z64-37998368137-1480-drr_wd3f\reception\_internal\_uuid.pyd
2026-10-09 22:27:13.147   Deleting file: D:\a\_temp\agym-z64-37998368137-1480-drr_wd3f\reception\_internal\_tkinter.pyd
2026-10-09 22:27:13.147   Deleting file: D:\a\_temp\agym-z64-37998368137-1480-drr_wd3f\reception\_internal\_ssl.pyd
2026-10-09 22:27:13.147   Deleting file: D:\a\_temp\agym-z64-37998368137-1480-drr_wd3f\reception\_internal\_sqlite3.pyd
2026-10-09 22:27:13.147   Deleting file: D:\a\_temp\agym-z64-37998368137-1480-drr_wd3f\reception\_internal\_socket.pyd
2026-10-09 22:27:13.147   Deleting file: D:\a\_temp\agym-z64-37998368137-1480-drr_wd3f\reception\_internal\_queue.pyd
2026-10-09 22:27:13.147   Deleting file: D:\a\_temp\agym-z64-37998368137-1480-drr_wd3f\reception\_internal\_overlapped.pyd
2026-10-09 22:27:13.147   Deleting file: D:\a\_temp\agym-z64-37998368137-1480-drr_wd3f\reception\_internal\_multiprocessing.pyd
2026-10-09 22:27:13.147   Deleting file: D:\a\_temp\agym-z64-37998368137-1480-drr_wd3f\reception\_internal\_lzma.pyd
2026-10-09 22:27:13.147   Deleting file: D:\a\_temp\agym-z64-37998368137-1480-drr_wd3f\reception\_internal\_hashlib.pyd
2026-10-09 22:27:13.147   Deleting file: D:\a\_temp\agym-z64-37998368137-1480-drr_wd3f\reception\_internal\_elementtree.pyd
2026-10-09 22:27:13.147   Deleting file: D:\a\_temp\agym-z64-37998368137-1480-drr_wd3f\reception\_internal\_decimal.pyd
2026-10-09 22:27:13.147   Deleting file: D:\a\_temp\agym-z64-37998368137-1480-drr_wd3f\reception\_internal\_ctypes.pyd
2026-10-09 22:27:13.147   Deleting file: D:\a\_temp\agym-z64-37998368137-1480-drr_wd3f\reception\_internal\_cffi_backend.cp314-win_amd64.pyd
2026-10-09 22:27:13.147   Deleting file: D:\a\_temp\agym-z64-37998368137-1480-drr_wd3f\reception\_internal\_bz2.pyd
2026-10-09 22:27:13.147   Deleting file: D:\a\_temp\agym-z64-37998368137-1480-drr_wd3f\reception\_internal\_asyncio.pyd
2026-10-09 22:27:13.147   Deleting file: D:\a\_temp\agym-z64-37998368137-1480-drr_wd3f\reception\_internal\zlib1.dll
2026-10-09 22:27:13.147   Deleting file: D:\a\_temp\agym-z64-37998368137-1480-drr_wd3f\reception\_internal\VCRUNTIME140_1.dll
2026-10-09 22:27:13.147   Deleting file: D:\a\_temp\agym-z64-37998368137-1480-drr_wd3f\reception\_internal\VCRUNTIME140.dll
2026-10-09 22:27:13.147   Deleting file: D:\a\_temp\agym-z64-37998368137-1480-drr_wd3f\reception\_internal\unicodedata.pyd
2026-10-09 22:27:13.147   Deleting file: D:\a\_temp\agym-z64-37998368137-1480-drr_wd3f\reception\_internal\ucrtbase.dll
2026-10-09 22:27:13.147   Deleting file: D:\a\_temp\agym-z64-37998368137-1480-drr_wd3f\reception\_internal\tcl9tk90.dll
2026-10-09 22:27:13.147   Deleting file: D:\a\_temp\agym-z64-37998368137-1480-drr_wd3f\reception\_internal\tcl90.dll
2026-10-09 22:27:13.147   Deleting file: D:\a\_temp\agym-z64-37998368137-1480-drr_wd3f\reception\_internal\sqlite3.dll
2026-10-09 22:27:13.147   Deleting file: D:\a\_temp\agym-z64-37998368137-1480-drr_wd3f\reception\_internal\select.pyd
2026-10-09 22:27:13.147   Deleting file: D:\a\_temp\agym-z64-37998368137-1480-drr_wd3f\reception\_internal\python314.dll
2026-10-09 22:27:13.147   Deleting file: D:\a\_temp\agym-z64-37998368137-1480-drr_wd3f\reception\_internal\python3.dll
2026-10-09 22:27:13.147   Deleting file: D:\a\_temp\agym-z64-37998368137-1480-drr_wd3f\reception\_internal\pyexpat.pyd
2026-10-09 22:27:13.147   Deleting file: D:\a\_temp\agym-z64-37998368137-1480-drr_wd3f\reception\_internal\libtommath.dll
2026-10-09 22:27:13.147   Deleting file: D:\a\_temp\agym-z64-37998368137-1480-drr_wd3f\reception\_internal\libssl-3.dll
2026-10-09 22:27:13.147   Deleting file: D:\a\_temp\agym-z64-37998368137-1480-drr_wd3f\reception\_internal\libffi-8.dll
2026-10-09 22:27:13.147   Deleting file: D:\a\_temp\agym-z64-37998368137-1480-drr_wd3f\reception\_internal\libcrypto-3.dll
2026-10-09 22:27:13.147   Deleting file: D:\a\_temp\agym-z64-37998368137-1480-drr_wd3f\reception\_internal\icono_recepcion.ico
2026-10-09 22:27:13.147   Deleting file: D:\a\_temp\agym-z64-37998368137-1480-drr_wd3f\reception\_internal\icono.ico
2026-10-09 22:27:13.147   Deleting file: D:\a\_temp\agym-z64-37998368137-1480-drr_wd3f\reception\_internal\gymsoft_config.json
2026-10-09 22:27:13.147   Deleting file: D:\a\_temp\agym-z64-37998368137-1480-drr_wd3f\reception\_internal\base_library.zip
2026-10-09 22:27:13.147   Deleting file: D:\a\_temp\agym-z64-37998368137-1480-drr_wd3f\reception\_internal\api-ms-win-crt-utility-l1-1-0.dll
2026-10-09 22:27:13.147   Deleting file: D:\a\_temp\agym-z64-37998368137-1480-drr_wd3f\reception\_internal\api-ms-win-crt-time-l1-1-0.dll
2026-10-09 22:27:13.147   Deleting file: D:\a\_temp\agym-z64-37998368137-1480-drr_wd3f\reception\_internal\api-ms-win-crt-string-l1-1-0.dll
2026-10-09 22:27:13.147   Deleting file: D:\a\_temp\agym-z64-37998368137-1480-drr_wd3f\reception\_internal\api-ms-win-crt-stdio-l1-1-0.dll
2026-10-09 22:27:13.147   Deleting file: D:\a\_temp\agym-z64-37998368137-1480-drr_wd3f\reception\_internal\api-ms-win-crt-runtime-l1-1-0.dll
2026-10-09 22:27:13.147   Deleting file: D:\a\_temp\agym-z64-37998368137-1480-drr_wd3f\reception\_internal\api-ms-win-crt-process-l1-1-0.dll
2026-10-09 22:27:13.147   Deleting file: D:\a\_temp\agym-z64-37998368137-1480-drr_wd3f\reception\_internal\api-ms-win-crt-private-l1-1-0.dll
2026-10-09 22:27:13.147   Deleting file: D:\a\_temp\agym-z64-37998368137-1480-drr_wd3f\reception\_internal\api-ms-win-crt-math-l1-1-0.dll
2026-10-09 22:27:13.147   Deleting file: D:\a\_temp\agym-z64-37998368137-1480-drr_wd3f\reception\_internal\api-ms-win-crt-locale-l1-1-0.dll
2026-10-09 22:27:13.147   Deleting file: D:\a\_temp\agym-z64-37998368137-1480-drr_wd3f\reception\_internal\api-ms-win-crt-heap-l1-1-0.dll
2026-10-09 22:27:13.147   Deleting file: D:\a\_temp\agym-z64-37998368137-1480-drr_wd3f\reception\_internal\api-ms-win-crt-filesystem-l1-1-0.dll
2026-10-09 22:27:13.147   Deleting file: D:\a\_temp\agym-z64-37998368137-1480-drr_wd3f\reception\_internal\api-ms-win-crt-environment-l1-1-0.dll
2026-10-09 22:27:13.147   Deleting file: D:\a\_temp\agym-z64-37998368137-1480-drr_wd3f\reception\_internal\api-ms-win-crt-convert-l1-1-0.dll
2026-10-09 22:27:13.147   Deleting file: D:\a\_temp\agym-z64-37998368137-1480-drr_wd3f\reception\_internal\api-ms-win-crt-conio-l1-1-0.dll
2026-10-09 22:27:13.147   Deleting file: D:\a\_temp\agym-z64-37998368137-1480-drr_wd3f\reception\_internal\api-ms-win-core-util-l1-1-0.dll
2026-10-09 22:27:13.147   Deleting file: D:\a\_temp\agym-z64-37998368137-1480-drr_wd3f\reception\_internal\api-ms-win-core-timezone-l1-1-0.dll
2026-10-09 22:27:13.147   Deleting file: D:\a\_temp\agym-z64-37998368137-1480-drr_wd3f\reception\_internal\api-ms-win-core-sysinfo-l1-2-0.dll
2026-10-09 22:27:13.147   Deleting file: D:\a\_temp\agym-z64-37998368137-1480-drr_wd3f\reception\_internal\api-ms-win-core-sysinfo-l1-1-0.dll
2026-10-09 22:27:13.147   Deleting file: D:\a\_temp\agym-z64-37998368137-1480-drr_wd3f\reception\_internal\api-ms-win-core-synch-l1-2-0.dll
2026-10-09 22:27:13.147   Deleting file: D:\a\_temp\agym-z64-37998368137-1480-drr_wd3f\reception\_internal\api-ms-win-core-synch-l1-1-0.dll
2026-10-09 22:27:13.147   Deleting file: D:\a\_temp\agym-z64-37998368137-1480-drr_wd3f\reception\_internal\api-ms-win-core-string-l1-1-0.dll
2026-10-09 22:27:13.147   Deleting file: D:\a\_temp\agym-z64-37998368137-1480-drr_wd3f\reception\_internal\api-ms-win-core-rtlsupport-l1-1-0.dll
2026-10-09 22:27:13.147   Deleting file: D:\a\_temp\agym-z64-37998368137-1480-drr_wd3f\reception\_internal\api-ms-win-core-profile-l1-1-0.dll
2026-10-09 22:27:13.147   Deleting file: D:\a\_temp\agym-z64-37998368137-1480-drr_wd3f\reception\_internal\api-ms-win-core-processthreads-l1-1-1.dll
2026-10-09 22:27:13.147   Deleting file: D:\a\_temp\agym-z64-37998368137-1480-drr_wd3f\reception\_internal\api-ms-win-core-processthreads-l1-1-0.dll
2026-10-09 22:27:13.147   Deleting file: D:\a\_temp\agym-z64-37998368137-1480-drr_wd3f\reception\_internal\api-ms-win-core-processenvironment-l1-1-0.dll
2026-10-09 22:27:13.147   Deleting file: D:\a\_temp\agym-z64-37998368137-1480-drr_wd3f\reception\_internal\api-ms-win-core-namedpipe-l1-1-0.dll
2026-10-09 22:27:13.147   Deleting file: D:\a\_temp\agym-z64-37998368137-1480-drr_wd3f\reception\_internal\api-ms-win-core-memory-l1-1-0.dll
2026-10-09 22:27:13.147   Deleting file: D:\a\_temp\agym-z64-37998368137-1480-drr_wd3f\reception\_internal\api-ms-win-core-localization-l1-2-0.dll
2026-10-09 22:27:13.147   Deleting file: D:\a\_temp\agym-z64-37998368137-1480-drr_wd3f\reception\_internal\api-ms-win-core-libraryloader-l1-1-0.dll
2026-10-09 22:27:13.147   Deleting file: D:\a\_temp\agym-z64-37998368137-1480-drr_wd3f\reception\_internal\api-ms-win-core-kernel32-legacy-l1-1-1.dll
2026-10-09 22:27:13.147   Deleting file: D:\a\_temp\agym-z64-37998368137-1480-drr_wd3f\reception\_internal\api-ms-win-core-interlocked-l1-1-0.dll
2026-10-09 22:27:13.147   Deleting file: D:\a\_temp\agym-z64-37998368137-1480-drr_wd3f\reception\_internal\api-ms-win-core-heap-l1-1-0.dll
2026-10-09 22:27:13.147   Deleting file: D:\a\_temp\agym-z64-37998368137-1480-drr_wd3f\reception\_internal\api-ms-win-core-handle-l1-1-0.dll
2026-10-09 22:27:13.147   Deleting file: D:\a\_temp\agym-z64-37998368137-1480-drr_wd3f\reception\_internal\api-ms-win-core-file-l2-1-0.dll
2026-10-09 22:27:13.147   Deleting file: D:\a\_temp\agym-z64-37998368137-1480-drr_wd3f\reception\_internal\api-ms-win-core-file-l1-2-0.dll
2026-10-09 22:27:13.147   Deleting file: D:\a\_temp\agym-z64-37998368137-1480-drr_wd3f\reception\_internal\api-ms-win-core-file-l1-1-0.dll
2026-10-09 22:27:13.147   Deleting file: D:\a\_temp\agym-z64-37998368137-1480-drr_wd3f\reception\_internal\api-ms-win-core-fibers-l1-1-1.dll
2026-10-09 22:27:13.147   Deleting file: D:\a\_temp\agym-z64-37998368137-1480-drr_wd3f\reception\_internal\api-ms-win-core-fibers-l1-1-0.dll
2026-10-09 22:27:13.147   Deleting file: D:\a\_temp\agym-z64-37998368137-1480-drr_wd3f\reception\_internal\api-ms-win-core-errorhandling-l1-1-0.dll
2026-10-09 22:27:13.147   Deleting file: D:\a\_temp\agym-z64-37998368137-1480-drr_wd3f\reception\_internal\api-ms-win-core-debug-l1-1-0.dll
2026-10-09 22:27:13.147   Deleting file: D:\a\_temp\agym-z64-37998368137-1480-drr_wd3f\reception\_internal\api-ms-win-core-datetime-l1-1-0.dll
2026-10-09 22:27:13.147   Deleting file: D:\a\_temp\agym-z64-37998368137-1480-drr_wd3f\reception\_internal\api-ms-win-core-console-l1-1-0.dll
2026-10-09 22:27:13.147   Deleting file: D:\a\_temp\agym-z64-37998368137-1480-drr_wd3f\reception\ZTATTUZ Recepcion.exe
2026-10-09 22:27:13.162   Deleting file: D:\a\_temp\agym-z64-37998368137-1480-drr_wd3f\reception\DigitalPersonaRuntime\Licenses\EULA SDK.rtf
2026-10-09 22:27:13.162   Deleting file: D:\a\_temp\agym-z64-37998368137-1480-drr_wd3f\reception\DigitalPersonaRuntime\ISSetupPrerequisites\{5193621C-1E00-428D-8F59-9220277BE61E}\LumiDvcSvcWin10_x64_v7.0.34450.exe
2026-10-09 22:27:13.162   Deleting file: D:\a\_temp\agym-z64-37998368137-1480-drr_wd3f\reception\DigitalPersonaRuntime\UninstallOnly.bat
2026-10-09 22:27:13.162   Deleting file: D:\a\_temp\agym-z64-37998368137-1480-drr_wd3f\reception\DigitalPersonaRuntime\setup.msi
2026-10-09 22:27:13.162   Deleting file: D:\a\_temp\agym-z64-37998368137-1480-drr_wd3f\reception\DigitalPersonaRuntime\Setup.ini
2026-10-09 22:27:13.162   Deleting file: D:\a\_temp\agym-z64-37998368137-1480-drr_wd3f\reception\DigitalPersonaRuntime\setup.exe
2026-10-09 22:27:13.162   Deleting file: D:\a\_temp\agym-z64-37998368137-1480-drr_wd3f\reception\DigitalPersonaRuntime\README.md
2026-10-09 22:27:13.162   Deleting file: D:\a\_temp\agym-z64-37998368137-1480-drr_wd3f\reception\DigitalPersonaRuntime\MANIFEST.json
2026-10-09 22:27:13.162   Deleting file: D:\a\_temp\agym-z64-37998368137-1480-drr_wd3f\reception\DigitalPersonaRuntime\InstallOnly.bat
2026-10-09 22:27:13.162   Deleting file: D:\a\_temp\agym-z64-37998368137-1480-drr_wd3f\reception\DigitalPersonaRuntime\Data1.cab
2026-10-09 22:27:13.162   Deleting file: D:\a\_temp\agym-z64-37998368137-1480-drr_wd3f\reception\DigitalPersonaRuntime\0x0409.ini
2026-10-09 22:27:13.162   Deleting file: D:\a\_temp\agym-z64-37998368137-1480-drr_wd3f\reception\DigitalPersonaRuntime\.gitignore
2026-10-09 22:27:13.162   Deleting registry key: HKEY_CURRENT_USER\Software\Microsoft\Windows\CurrentVersion\Uninstall\{8F529E62-5D29-49E0-99AA-28255D920ECE}_is1
2026-10-09 22:27:13.162   Deleting directory: D:\a\_temp\agym-z64-37998368137-1480-drr_wd3f\reception\_internal\yarl
2026-10-09 22:27:13.162   Deleting directory: D:\a\_temp\agym-z64-37998368137-1480-drr_wd3f\reception\_internal\websockets-15.0.1.dist-info
2026-10-09 22:27:13.162   Deleting directory: D:\a\_temp\agym-z64-37998368137-1480-drr_wd3f\reception\_internal\tzdata-2026.3.dist-info\licenses\licenses
2026-10-09 22:27:13.162   Deleting directory: D:\a\_temp\agym-z64-37998368137-1480-drr_wd3f\reception\_internal\tzdata-2026.3.dist-info\licenses
2026-10-09 22:27:13.162   Deleting directory: D:\a\_temp\agym-z64-37998368137-1480-drr_wd3f\reception\_internal\tzdata-2026.3.dist-info
2026-10-09 22:27:13.162   Deleting directory: D:\a\_temp\agym-z64-37998368137-1480-drr_wd3f\reception\_internal\tzdata\zoneinfo\US
2026-10-09 22:27:13.162   Deleting directory: D:\a\_temp\agym-z64-37998368137-1480-drr_wd3f\reception\_internal\tzdata\zoneinfo\Pacific
2026-10-09 22:27:13.162   Deleting directory: D:\a\_temp\agym-z64-37998368137-1480-drr_wd3f\reception\_internal\tzdata\zoneinfo\Mexico
2026-10-09 22:27:13.162   Deleting directory: D:\a\_temp\agym-z64-37998368137-1480-drr_wd3f\reception\_internal\tzdata\zoneinfo\Indian
2026-10-09 22:27:13.162   Deleting directory: D:\a\_temp\agym-z64-37998368137-1480-drr_wd3f\reception\_internal\tzdata\zoneinfo\Europe
2026-10-09 22:27:13.162   Deleting directory: D:\a\_temp\agym-z64-37998368137-1480-drr_wd3f\reception\_internal\tzdata\zoneinfo\Etc
2026-10-09 22:27:13.162   Deleting directory: D:\a\_temp\agym-z64-37998368137-1480-drr_wd3f\reception\_internal\tzdata\zoneinfo\Chile
2026-10-09 22:27:13.162   Deleting directory: D:\a\_temp\agym-z64-37998368137-1480-drr_wd3f\reception\_internal\tzdata\zoneinfo\Canada
2026-10-09 22:27:13.162   Deleting directory: D:\a\_temp\agym-z64-37998368137-1480-drr_wd3f\reception\_internal\tzdata\zoneinfo\Brazil
2026-10-09 22:27:13.162   Deleting directory: D:\a\_temp\agym-z64-37998368137-1480-drr_wd3f\reception\_internal\tzdata\zoneinfo\Australia
2026-10-09 22:27:13.162   Deleting directory: D:\a\_temp\agym-z64-37998368137-1480-drr_wd3f\reception\_internal\tzdata\zoneinfo\Atlantic
2026-10-09 22:27:13.162   Deleting directory: D:\a\_temp\agym-z64-37998368137-1480-drr_wd3f\reception\_internal\tzdata\zoneinfo\Asia
2026-10-09 22:27:13.162   Deleting directory: D:\a\_temp\agym-z64-37998368137-1480-drr_wd3f\reception\_internal\tzdata\zoneinfo\Arctic
2026-10-09 22:27:13.162   Deleting directory: D:\a\_temp\agym-z64-37998368137-1480-drr_wd3f\reception\_internal\tzdata\zoneinfo\Antarctica
2026-10-09 22:27:13.162   Deleting directory: D:\a\_temp\agym-z64-37998368137-1480-drr_wd3f\reception\_internal\tzdata\zoneinfo\America\North_Dakota
2026-10-09 22:27:13.162   Deleting directory: D:\a\_temp\agym-z64-37998368137-1480-drr_wd3f\reception\_internal\tzdata\zoneinfo\America\Kentucky
2026-10-09 22:27:13.162   Deleting directory: D:\a\_temp\agym-z64-37998368137-1480-drr_wd3f\reception\_internal\tzdata\zoneinfo\America\Indiana
2026-10-09 22:27:13.162   Deleting directory: D:\a\_temp\agym-z64-37998368137-1480-drr_wd3f\reception\_internal\tzdata\zoneinfo\America\Argentina
2026-10-09 22:27:13.162   Deleting directory: D:\a\_temp\agym-z64-37998368137-1480-drr_wd3f\reception\_internal\tzdata\zoneinfo\America
2026-10-09 22:27:13.162   Deleting directory: D:\a\_temp\agym-z64-37998368137-1480-drr_wd3f\reception\_internal\tzdata\zoneinfo\Africa
2026-10-09 22:27:13.162   Deleting directory: D:\a\_temp\agym-z64-37998368137-1480-drr_wd3f\reception\_internal\tzdata\zoneinfo
2026-10-09 22:27:13.162   Deleting directory: D:\a\_temp\agym-z64-37998368137-1480-drr_wd3f\reception\_internal\tzdata
2026-10-09 22:27:13.162   Deleting directory: D:\a\_temp\agym-z64-37998368137-1480-drr_wd3f\reception\_internal\supabase_auth-2.31.0.dist-info
2026-10-09 22:27:13.162   Deleting directory: D:\a\_temp\agym-z64-37998368137-1480-drr_wd3f\reception\_internal\supabase_auth\_sync
2026-10-09 22:27:13.162   Deleting directory: D:\a\_temp\agym-z64-37998368137-1480-drr_wd3f\reception\_internal\supabase_auth\_async
2026-10-09 22:27:13.162   Deleting directory: D:\a\_temp\agym-z64-37998368137-1480-drr_wd3f\reception\_internal\supabase_auth
2026-10-09 22:27:13.162   Deleting directory: D:\a\_temp\agym-z64-37998368137-1480-drr_wd3f\reception\_internal\supabase-2.31.0.dist-info\licenses
2026-10-09 22:27:13.162   Deleting directory: D:\a\_temp\agym-z64-37998368137-1480-drr_wd3f\reception\_internal\supabase-2.31.0.dist-info
2026-10-09 22:27:13.162   Deleting directory: D:\a\_temp\agym-z64-37998368137-1480-drr_wd3f\reception\_internal\supabase\_sync
2026-10-09 22:27:13.162   Deleting directory: D:\a\_temp\agym-z64-37998368137-1480-drr_wd3f\reception\_internal\supabase\_async
2026-10-09 22:27:13.162   Deleting directory: D:\a\_temp\agym-z64-37998368137-1480-drr_wd3f\reception\_internal\supabase\lib
2026-10-09 22:27:13.162   Deleting directory: D:\a\_temp\agym-z64-37998368137-1480-drr_wd3f\reception\_internal\supabase
2026-10-09 22:27:13.162   Deleting directory: D:\a\_temp\agym-z64-37998368137-1480-drr_wd3f\reception\_internal\setuptools\_vendor\jaraco\text
2026-10-09 22:27:13.162   Deleting directory: D:\a\_temp\agym-z64-37998368137-1480-drr_wd3f\reception\_internal\setuptools\_vendor\jaraco
2026-10-09 22:27:13.162   Deleting directory: D:\a\_temp\agym-z64-37998368137-1480-drr_wd3f\reception\_internal\setuptools\_vendor
2026-10-09 22:27:13.162   Deleting directory: D:\a\_temp\agym-z64-37998368137-1480-drr_wd3f\reception\_internal\setuptools
2026-10-09 22:27:13.162   Deleting directory: D:\a\_temp\agym-z64-37998368137-1480-drr_wd3f\reception\_internal\serial\urlhandler
2026-10-09 22:27:13.162   Deleting directory: D:\a\_temp\agym-z64-37998368137-1480-drr_wd3f\reception\_internal\serial\tools
2026-10-09 22:27:13.162   Deleting directory: D:\a\_temp\agym-z64-37998368137-1480-drr_wd3f\reception\_internal\serial\threaded
2026-10-09 22:27:13.162   Deleting directory: D:\a\_temp\agym-z64-37998368137-1480-drr_wd3f\reception\_internal\serial
2026-10-09 22:27:13.162   Deleting directory: D:\a\_temp\agym-z64-37998368137-1480-drr_wd3f\reception\_internal\realtime-2.31.0.dist-info
2026-10-09 22:27:13.162   Deleting directory: D:\a\_temp\agym-z64-37998368137-1480-drr_wd3f\reception\_internal\realtime\_sync
2026-10-09 22:27:13.162   Deleting directory: D:\a\_temp\agym-z64-37998368137-1480-drr_wd3f\reception\_internal\realtime\_async
2026-10-09 22:27:13.162   Deleting directory: D:\a\_temp\agym-z64-37998368137-1480-drr_wd3f\reception\_internal\realtime
2026-10-09 22:27:13.178   Deleting directory: D:\a\_temp\agym-z64-37998368137-1480-drr_wd3f\reception\_internal\pyserial-3.5.dist-info
2026-10-09 22:27:13.178   Deleting directory: D:\a\_temp\agym-z64-37998368137-1480-drr_wd3f\reception\_internal\pydantic_core
2026-10-09 22:27:13.178   Deleting directory: D:\a\_temp\agym-z64-37998368137-1480-drr_wd3f\reception\_internal\pydantic-2.14.0.dist-info\licenses
2026-10-09 22:27:13.178   Deleting directory: D:\a\_temp\agym-z64-37998368137-1480-drr_wd3f\reception\_internal\pydantic-2.14.0.dist-info
2026-10-09 22:27:13.178   Deleting directory: D:\a\_temp\agym-z64-37998368137-1480-drr_wd3f\reception\_internal\propcache
2026-10-09 22:27:13.178   Deleting directory: D:\a\_temp\agym-z64-37998368137-1480-drr_wd3f\reception\_internal\postgrest-2.31.0.dist-info
2026-10-09 22:27:13.178   Deleting directory: D:\a\_temp\agym-z64-37998368137-1480-drr_wd3f\reception\_internal\postgrest\_sync
2026-10-09 22:27:13.178   Deleting directory: D:\a\_temp\agym-z64-37998368137-1480-drr_wd3f\reception\_internal\postgrest\_async
2026-10-09 22:27:13.178   Deleting directory: D:\a\_temp\agym-z64-37998368137-1480-drr_wd3f\reception\_internal\postgrest
2026-10-09 22:27:13.178   Deleting directory: D:\a\_temp\agym-z64-37998368137-1480-drr_wd3f\reception\_internal\PIL
2026-10-09 22:27:13.178   Deleting directory: D:\a\_temp\agym-z64-37998368137-1480-drr_wd3f\reception\_internal\multidict
2026-10-09 22:27:13.178   Deleting directory: D:\a\_temp\agym-z64-37998368137-1480-drr_wd3f\reception\_internal\cryptography-48.0.1.dist-info\sboms
2026-10-09 22:27:13.178   Deleting directory: D:\a\_temp\agym-z64-37998368137-1480-drr_wd3f\reception\_internal\cryptography-48.0.1.dist-info\licenses
2026-10-09 22:27:13.178   Deleting directory: D:\a\_temp\agym-z64-37998368137-1480-drr_wd3f\reception\_internal\cryptography-48.0.1.dist-info
2026-10-09 22:27:13.178   Deleting directory: D:\a\_temp\agym-z64-37998368137-1480-drr_wd3f\reception\_internal\cryptography\hazmat\bindings
2026-10-09 22:27:13.178   Deleting directory: D:\a\_temp\agym-z64-37998368137-1480-drr_wd3f\reception\_internal\cryptography\hazmat
2026-10-09 22:27:13.178   Deleting directory: D:\a\_temp\agym-z64-37998368137-1480-drr_wd3f\reception\_internal\cryptography
2026-10-09 22:27:13.178   Deleting directory: D:\a\_temp\agym-z64-37998368137-1480-drr_wd3f\reception\_internal\certifi-2026.7.22.dist-info\licenses
2026-10-09 22:27:13.178   Deleting directory: D:\a\_temp\agym-z64-37998368137-1480-drr_wd3f\reception\_internal\certifi-2026.7.22.dist-info
2026-10-09 22:27:13.178   Deleting directory: D:\a\_temp\agym-z64-37998368137-1480-drr_wd3f\reception\_internal\certifi\tests
2026-10-09 22:27:13.178   Deleting directory: D:\a\_temp\agym-z64-37998368137-1480-drr_wd3f\reception\_internal\certifi
2026-10-09 22:27:13.178   Deleting directory: D:\a\_temp\agym-z64-37998368137-1480-drr_wd3f\reception\_internal
2026-10-09 22:27:13.178   Deleting directory: D:\a\_temp\agym-z64-37998368137-1480-drr_wd3f\reception\DigitalPersonaRuntime\Licenses
2026-10-09 22:27:13.178   Deleting directory: D:\a\_temp\agym-z64-37998368137-1480-drr_wd3f\reception\DigitalPersonaRuntime\ISSetupPrerequisites\{5193621C-1E00-428D-8F59-9220277BE61E}
2026-10-09 22:27:13.178   Deleting directory: D:\a\_temp\agym-z64-37998368137-1480-drr_wd3f\reception\DigitalPersonaRuntime\ISSetupPrerequisites
2026-10-09 22:27:13.178   Deleting directory: D:\a\_temp\agym-z64-37998368137-1480-drr_wd3f\reception\DigitalPersonaRuntime
2026-10-09 22:27:13.178   Deleting directory: D:\a\_temp\agym-z64-37998368137-1480-drr_wd3f\reception
2026-10-09 22:27:13.178   Failed to delete directory (145). Will retry later.
2026-10-09 22:27:13.178   Deleting Uninstall data files.
2026-10-09 22:27:13.178   Creating "_unins-done.tmp" file.
2026-10-09 22:27:13.694   Uninstallation process succeeded.
2026-10-09 22:27:13.694   Removed all? Yes
2026-10-09 22:27:13.694   Need to restart Windows? No
2026-10-09 22:27:13.694   Log closed.
