2026-10-09 23:00:06.968   Log opened. (Time zone: UTC+00:00)
2026-10-09 23:00:06.968   Setup version: Inno Setup version 6.7.1
2026-10-09 23:00:06.968   Original Setup EXE: D:\a\Atlantic-Software\Atlantic-Software\GymSoft_Comercial_3.6.0\salida\validacion\paquete-tecnico\ejecuciones\20261009T225044Z-2856\instaladores\VALIDACION_NO_FINAL_GymSoft_Instalar_o_Actualizar_3.6.0.exe
2026-10-09 23:00:06.968   Setup command line: /SL5="$5400C2,93161196,936448,D:\a\Atlantic-Software\Atlantic-Software\GymSoft_Comercial_3.6.0\salida\validacion\paquete-tecnico\ejecuciones\20261009T225044Z-2856\instaladores\VALIDACION_NO_FINAL_GymSoft_Instalar_o_Actualizar_3.6.0.exe" /VERYSILENT /SUPPRESSMSGBOXES /NORESTART /LOG=D:\a\Atlantic-Software\Atlantic-Software\GymSoft_Comercial_3.6.0\salida\validacion\instalacion-tecnica\ejecuciones\20261009T225922Z-5872\actualizar-client.log
2026-10-09 23:00:06.968   Windows version: 10.0.20348
2026-10-09 23:00:06.968   Windows architecture: x64 (64-bit)
2026-10-09 23:00:06.968   Machine types supported by system: x86 x64
2026-10-09 23:00:06.968   User privileges: Administrative
2026-10-09 23:00:06.983   Administrative install mode: No
2026-10-09 23:00:06.983   Install mode root key: HKEY_CURRENT_USER
2026-10-09 23:00:06.983   64-bit install mode: Yes
2026-10-09 23:00:06.983   RedirectionGuard status for current process: Enabled in enforcing mode
2026-10-09 23:00:06.983   Created protected temporary directory: C:\Users\RUNNER~1\AppData\Local\Temp\is-D17RKSTLV6.tmp
2026-10-09 23:00:06.983   -- DLL function import --
2026-10-09 23:00:06.983   Function and DLL name: SHChangeNotify@shell32.dll
2026-10-09 23:00:06.983   Importing the DLL function. Dest DLL name: shell32.dll
2026-10-09 23:00:06.983   Successfully imported the DLL function. Delay loaded? No
2026-10-09 23:00:07.061   Found 116 files to register with RestartManager.
2026-10-09 23:00:07.061   Calling RestartManager's RmGetList.
2026-10-09 23:00:07.077   RmGetList finished successfully.
2026-10-09 23:00:07.077   RestartManager found no applications using one of our files.
2026-10-09 23:00:07.077   Starting the installation process.
2026-10-09 23:00:07.077   Directory for uninstall files: D:\a\_temp\agym-c64-38001250527-5872-u8q4q801\client
2026-10-09 23:00:07.077   Will append to existing uninstall log: D:\a\_temp\agym-c64-38001250527-5872-u8q4q801\client\unins000.dat
2026-10-09 23:00:07.077   -- File entry --
2026-10-09 23:00:07.077   Dest filename: D:\a\_temp\agym-c64-38001250527-5872-u8q4q801\client\unins000.exe
2026-10-09 23:00:07.077   Non-default bitness: 32-bit
2026-10-09 23:00:07.093   Time stamp of our file: 2026-10-09 23:00:06.921
2026-10-09 23:00:07.093   Dest file exists.
2026-10-09 23:00:07.093   Time stamp of existing file: 2026-10-09 22:59:28.418
2026-10-09 23:00:07.093   Version of our file: 51.1054.0.0
2026-10-09 23:00:07.093   Version of existing file: 51.1054.0.0
2026-10-09 23:00:07.093   Installing the file.
2026-10-09 23:00:07.093   Leaving temporary file in place for now.
2026-10-09 23:00:07.093   -- File entry --
2026-10-09 23:00:07.093   Dest filename: D:\a\_temp\agym-c64-38001250527-5872-u8q4q801\client\DigitalPersonaRuntime\.gitignore
2026-10-09 23:00:07.093   Time stamp of our file: 2026-10-09 22:49:24.000
2026-10-09 23:00:07.093   Dest file exists.
2026-10-09 23:00:07.093   Time stamp of existing file: 2026-10-09 22:49:24.000
2026-10-09 23:00:07.093   Installing the file.
2026-10-09 23:00:07.093   Successfully installed the file.
2026-10-09 23:00:07.093   -- File entry --
2026-10-09 23:00:07.093   Dest filename: D:\a\_temp\agym-c64-38001250527-5872-u8q4q801\client\DigitalPersonaRuntime\0x0409.ini
2026-10-09 23:00:07.093   Time stamp of our file: 2026-10-09 22:50:42.000
2026-10-09 23:00:07.093   Dest file exists.
2026-10-09 23:00:07.093   Time stamp of existing file: 2026-10-09 22:50:42.000
2026-10-09 23:00:07.093   Installing the file.
2026-10-09 23:00:07.093   Successfully installed the file.
2026-10-09 23:00:07.093   -- File entry --
2026-10-09 23:00:07.093   Dest filename: D:\a\_temp\agym-c64-38001250527-5872-u8q4q801\client\DigitalPersonaRuntime\Data1.cab
2026-10-09 23:00:07.093   Time stamp of our file: 2026-10-09 22:50:42.000
2026-10-09 23:00:07.093   Dest file exists.
2026-10-09 23:00:07.093   Time stamp of existing file: 2026-10-09 22:50:42.000
2026-10-09 23:00:07.093   Installing the file.
2026-10-09 23:00:07.405   Successfully installed the file.
2026-10-09 23:00:07.405   -- File entry --
2026-10-09 23:00:07.405   Dest filename: D:\a\_temp\agym-c64-38001250527-5872-u8q4q801\client\DigitalPersonaRuntime\InstallOnly.bat
2026-10-09 23:00:07.405   Time stamp of our file: 2026-10-09 22:50:42.000
2026-10-09 23:00:07.405   Dest file exists.
2026-10-09 23:00:07.405   Time stamp of existing file: 2026-10-09 22:50:42.000
2026-10-09 23:00:07.405   Installing the file.
2026-10-09 23:00:07.405   Successfully installed the file.
2026-10-09 23:00:07.405   -- File entry --
2026-10-09 23:00:07.405   Dest filename: D:\a\_temp\agym-c64-38001250527-5872-u8q4q801\client\DigitalPersonaRuntime\MANIFEST.json
2026-10-09 23:00:07.405   Time stamp of our file: 2026-10-09 22:49:24.000
2026-10-09 23:00:07.405   Dest file exists.
2026-10-09 23:00:07.405   Time stamp of existing file: 2026-10-09 22:49:24.000
2026-10-09 23:00:07.405   Installing the file.
2026-10-09 23:00:07.405   Successfully installed the file.
2026-10-09 23:00:07.405   -- File entry --
2026-10-09 23:00:07.405   Dest filename: D:\a\_temp\agym-c64-38001250527-5872-u8q4q801\client\DigitalPersonaRuntime\README.md
2026-10-09 23:00:07.405   Time stamp of our file: 2026-10-09 22:49:24.000
2026-10-09 23:00:07.405   Dest file exists.
2026-10-09 23:00:07.405   Time stamp of existing file: 2026-10-09 22:49:24.000
2026-10-09 23:00:07.405   Installing the file.
2026-10-09 23:00:07.405   Successfully installed the file.
2026-10-09 23:00:07.405   -- File entry --
2026-10-09 23:00:07.405   Dest filename: D:\a\_temp\agym-c64-38001250527-5872-u8q4q801\client\DigitalPersonaRuntime\setup.exe
2026-10-09 23:00:07.405   Time stamp of our file: 2026-10-09 22:50:42.000
2026-10-09 23:00:07.405   Dest file exists.
2026-10-09 23:00:07.405   Time stamp of existing file: 2026-10-09 22:50:42.000
2026-10-09 23:00:07.405   Installing the file.
2026-10-09 23:00:07.436   Successfully installed the file.
2026-10-09 23:00:07.436   -- File entry --
2026-10-09 23:00:07.436   Dest filename: D:\a\_temp\agym-c64-38001250527-5872-u8q4q801\client\DigitalPersonaRuntime\Setup.ini
2026-10-09 23:00:07.436   Time stamp of our file: 2026-10-09 22:50:42.000
2026-10-09 23:00:07.436   Dest file exists.
2026-10-09 23:00:07.436   Time stamp of existing file: 2026-10-09 22:50:42.000
2026-10-09 23:00:07.436   Installing the file.
2026-10-09 23:00:07.436   Successfully installed the file.
2026-10-09 23:00:07.436   -- File entry --
2026-10-09 23:00:07.436   Dest filename: D:\a\_temp\agym-c64-38001250527-5872-u8q4q801\client\DigitalPersonaRuntime\setup.msi
2026-10-09 23:00:07.436   Time stamp of our file: 2026-10-09 22:50:42.000
2026-10-09 23:00:07.436   Dest file exists.
2026-10-09 23:00:07.436   Time stamp of existing file: 2026-10-09 22:50:42.000
2026-10-09 23:00:07.436   Installing the file.
2026-10-09 23:00:07.514   Successfully installed the file.
2026-10-09 23:00:07.514   -- File entry --
2026-10-09 23:00:07.514   Dest filename: D:\a\_temp\agym-c64-38001250527-5872-u8q4q801\client\DigitalPersonaRuntime\UninstallOnly.bat
2026-10-09 23:00:07.514   Time stamp of our file: 2026-10-09 22:50:42.000
2026-10-09 23:00:07.514   Dest file exists.
2026-10-09 23:00:07.514   Time stamp of existing file: 2026-10-09 22:50:42.000
2026-10-09 23:00:07.514   Installing the file.
2026-10-09 23:00:07.514   Successfully installed the file.
2026-10-09 23:00:07.514   -- File entry --
2026-10-09 23:00:07.514   Dest filename: D:\a\_temp\agym-c64-38001250527-5872-u8q4q801\client\DigitalPersonaRuntime\ISSetupPrerequisites\{5193621C-1E00-428D-8F59-9220277BE61E}\LumiDvcSvcWin10_x64_v7.0.34450.exe
2026-10-09 23:00:07.514   Time stamp of our file: 2026-10-09 22:50:42.000
2026-10-09 23:00:07.514   Dest file exists.
2026-10-09 23:00:07.514   Time stamp of existing file: 2026-10-09 22:50:42.000
2026-10-09 23:00:07.514   Installing the file.
2026-10-09 23:00:07.774   Successfully installed the file.
2026-10-09 23:00:07.774   -- File entry --
2026-10-09 23:00:07.774   Dest filename: D:\a\_temp\agym-c64-38001250527-5872-u8q4q801\client\DigitalPersonaRuntime\Licenses\EULA SDK.rtf
2026-10-09 23:00:07.774   Time stamp of our file: 2026-10-09 22:49:24.000
2026-10-09 23:00:07.774   Dest file exists.
2026-10-09 23:00:07.774   Time stamp of existing file: 2026-10-09 22:49:24.000
2026-10-09 23:00:07.774   Installing the file.
2026-10-09 23:00:07.780   Successfully installed the file.
2026-10-09 23:00:07.780   -- File entry --
2026-10-09 23:00:07.780   Dest filename: D:\a\_temp\agym-c64-38001250527-5872-u8q4q801\client\Admin\GymSoftAdmin.exe
2026-10-09 23:00:07.780   Time stamp of our file: 2026-10-09 22:57:36.000
2026-10-09 23:00:07.780   Dest file exists.
2026-10-09 23:00:07.780   Time stamp of existing file: 2026-10-09 22:57:36.000
2026-10-09 23:00:07.780   Installing the file.
2026-10-09 23:00:07.969   Successfully installed the file.
2026-10-09 23:00:07.969   -- File entry --
2026-10-09 23:00:07.969   Dest filename: D:\a\_temp\agym-c64-38001250527-5872-u8q4q801\client\Admin\_internal\api-ms-win-core-console-l1-1-0.dll
2026-10-09 23:00:07.969   Time stamp of our file: 2026-10-09 22:57:36.000
2026-10-09 23:00:07.969   Dest file exists.
2026-10-09 23:00:07.969   Time stamp of existing file: 2026-10-09 22:57:36.000
2026-10-09 23:00:07.969   Installing the file.
2026-10-09 23:00:07.969   Successfully installed the file.
2026-10-09 23:00:07.969   -- File entry --
2026-10-09 23:00:07.969   Dest filename: D:\a\_temp\agym-c64-38001250527-5872-u8q4q801\client\Admin\_internal\api-ms-win-core-datetime-l1-1-0.dll
2026-10-09 23:00:07.969   Time stamp of our file: 2026-10-09 22:57:36.000
2026-10-09 23:00:07.969   Dest file exists.
2026-10-09 23:00:07.969   Time stamp of existing file: 2026-10-09 22:57:36.000
2026-10-09 23:00:07.969   Installing the file.
2026-10-09 23:00:07.969   Successfully installed the file.
2026-10-09 23:00:07.969   -- File entry --
2026-10-09 23:00:07.969   Dest filename: D:\a\_temp\agym-c64-38001250527-5872-u8q4q801\client\Admin\_internal\api-ms-win-core-debug-l1-1-0.dll
2026-10-09 23:00:07.969   Time stamp of our file: 2026-10-09 22:57:36.000
2026-10-09 23:00:07.969   Dest file exists.
2026-10-09 23:00:07.969   Time stamp of existing file: 2026-10-09 22:57:36.000
2026-10-09 23:00:07.969   Installing the file.
2026-10-09 23:00:07.969   Successfully installed the file.
2026-10-09 23:00:07.969   -- File entry --
2026-10-09 23:00:07.969   Dest filename: D:\a\_temp\agym-c64-38001250527-5872-u8q4q801\client\Admin\_internal\api-ms-win-core-errorhandling-l1-1-0.dll
2026-10-09 23:00:07.969   Time stamp of our file: 2026-10-09 22:57:36.000
2026-10-09 23:00:07.969   Dest file exists.
2026-10-09 23:00:07.969   Time stamp of existing file: 2026-10-09 22:57:36.000
2026-10-09 23:00:07.969   Installing the file.
2026-10-09 23:00:07.969   Successfully installed the file.
2026-10-09 23:00:07.969   -- File entry --
2026-10-09 23:00:07.969   Dest filename: D:\a\_temp\agym-c64-38001250527-5872-u8q4q801\client\Admin\_internal\api-ms-win-core-fibers-l1-1-0.dll
2026-10-09 23:00:07.969   Time stamp of our file: 2026-10-09 22:57:36.000
2026-10-09 23:00:07.969   Dest file exists.
2026-10-09 23:00:07.969   Time stamp of existing file: 2026-10-09 22:57:36.000
2026-10-09 23:00:07.969   Installing the file.
2026-10-09 23:00:07.969   Successfully installed the file.
2026-10-09 23:00:07.969   -- File entry --
2026-10-09 23:00:07.969   Dest filename: D:\a\_temp\agym-c64-38001250527-5872-u8q4q801\client\Admin\_internal\api-ms-win-core-fibers-l1-1-1.dll
2026-10-09 23:00:07.969   Time stamp of our file: 2026-10-09 22:57:36.000
2026-10-09 23:00:07.969   Dest file exists.
2026-10-09 23:00:07.969   Time stamp of existing file: 2026-10-09 22:57:36.000
2026-10-09 23:00:07.969   Installing the file.
2026-10-09 23:00:07.969   Successfully installed the file.
2026-10-09 23:00:07.969   -- File entry --
2026-10-09 23:00:07.969   Dest filename: D:\a\_temp\agym-c64-38001250527-5872-u8q4q801\client\Admin\_internal\api-ms-win-core-file-l1-1-0.dll
2026-10-09 23:00:07.969   Time stamp of our file: 2026-10-09 22:57:36.000
2026-10-09 23:00:07.969   Dest file exists.
2026-10-09 23:00:07.969   Time stamp of existing file: 2026-10-09 22:57:36.000
2026-10-09 23:00:07.969   Installing the file.
2026-10-09 23:00:07.969   Successfully installed the file.
2026-10-09 23:00:07.969   -- File entry --
2026-10-09 23:00:07.969   Dest filename: D:\a\_temp\agym-c64-38001250527-5872-u8q4q801\client\Admin\_internal\api-ms-win-core-file-l1-2-0.dll
2026-10-09 23:00:07.969   Time stamp of our file: 2026-10-09 22:57:36.000
2026-10-09 23:00:07.969   Dest file exists.
2026-10-09 23:00:07.969   Time stamp of existing file: 2026-10-09 22:57:36.000
2026-10-09 23:00:07.969   Installing the file.
2026-10-09 23:00:07.969   Successfully installed the file.
2026-10-09 23:00:07.969   -- File entry --
2026-10-09 23:00:07.969   Dest filename: D:\a\_temp\agym-c64-38001250527-5872-u8q4q801\client\Admin\_internal\api-ms-win-core-file-l2-1-0.dll
2026-10-09 23:00:07.969   Time stamp of our file: 2026-10-09 22:57:36.000
2026-10-09 23:00:07.969   Dest file exists.
2026-10-09 23:00:07.969   Time stamp of existing file: 2026-10-09 22:57:36.000
2026-10-09 23:00:07.969   Installing the file.
2026-10-09 23:00:07.985   Successfully installed the file.
2026-10-09 23:00:07.985   -- File entry --
2026-10-09 23:00:07.985   Dest filename: D:\a\_temp\agym-c64-38001250527-5872-u8q4q801\client\Admin\_internal\api-ms-win-core-handle-l1-1-0.dll
2026-10-09 23:00:07.985   Time stamp of our file: 2026-10-09 22:57:36.000
2026-10-09 23:00:07.985   Dest file exists.
2026-10-09 23:00:07.985   Time stamp of existing file: 2026-10-09 22:57:36.000
2026-10-09 23:00:07.985   Installing the file.
2026-10-09 23:00:07.985   Successfully installed the file.
2026-10-09 23:00:07.985   -- File entry --
2026-10-09 23:00:07.985   Dest filename: D:\a\_temp\agym-c64-38001250527-5872-u8q4q801\client\Admin\_internal\api-ms-win-core-heap-l1-1-0.dll
2026-10-09 23:00:07.985   Time stamp of our file: 2026-10-09 22:57:36.000
2026-10-09 23:00:07.985   Dest file exists.
2026-10-09 23:00:07.985   Time stamp of existing file: 2026-10-09 22:57:36.000
2026-10-09 23:00:07.985   Installing the file.
2026-10-09 23:00:07.985   Successfully installed the file.
2026-10-09 23:00:07.985   -- File entry --
2026-10-09 23:00:07.985   Dest filename: D:\a\_temp\agym-c64-38001250527-5872-u8q4q801\client\Admin\_internal\api-ms-win-core-interlocked-l1-1-0.dll
2026-10-09 23:00:07.985   Time stamp of our file: 2026-10-09 22:57:36.000
2026-10-09 23:00:07.985   Dest file exists.
2026-10-09 23:00:07.985   Time stamp of existing file: 2026-10-09 22:57:36.000
2026-10-09 23:00:07.985   Installing the file.
2026-10-09 23:00:07.985   Successfully installed the file.
2026-10-09 23:00:07.985   -- File entry --
2026-10-09 23:00:07.985   Dest filename: D:\a\_temp\agym-c64-38001250527-5872-u8q4q801\client\Admin\_internal\api-ms-win-core-kernel32-legacy-l1-1-1.dll
2026-10-09 23:00:07.985   Time stamp of our file: 2026-10-09 22:57:36.000
2026-10-09 23:00:07.985   Dest file exists.
2026-10-09 23:00:07.985   Time stamp of existing file: 2026-10-09 22:57:36.000
2026-10-09 23:00:07.985   Installing the file.
2026-10-09 23:00:07.985   Successfully installed the file.
2026-10-09 23:00:07.985   -- File entry --
2026-10-09 23:00:07.985   Dest filename: D:\a\_temp\agym-c64-38001250527-5872-u8q4q801\client\Admin\_internal\api-ms-win-core-libraryloader-l1-1-0.dll
2026-10-09 23:00:07.985   Time stamp of our file: 2026-10-09 22:57:36.000
2026-10-09 23:00:07.985   Dest file exists.
2026-10-09 23:00:07.985   Time stamp of existing file: 2026-10-09 22:57:36.000
2026-10-09 23:00:07.985   Installing the file.
2026-10-09 23:00:07.985   Successfully installed the file.
2026-10-09 23:00:07.985   -- File entry --
2026-10-09 23:00:07.985   Dest filename: D:\a\_temp\agym-c64-38001250527-5872-u8q4q801\client\Admin\_internal\api-ms-win-core-localization-l1-2-0.dll
2026-10-09 23:00:07.985   Time stamp of our file: 2026-10-09 22:57:36.000
2026-10-09 23:00:07.985   Dest file exists.
2026-10-09 23:00:07.985   Time stamp of existing file: 2026-10-09 22:57:36.000
2026-10-09 23:00:07.985   Installing the file.
2026-10-09 23:00:07.985   Successfully installed the file.
2026-10-09 23:00:07.985   -- File entry --
2026-10-09 23:00:07.985   Dest filename: D:\a\_temp\agym-c64-38001250527-5872-u8q4q801\client\Admin\_internal\api-ms-win-core-memory-l1-1-0.dll
2026-10-09 23:00:07.985   Time stamp of our file: 2026-10-09 22:57:36.000
2026-10-09 23:00:07.985   Dest file exists.
2026-10-09 23:00:07.985   Time stamp of existing file: 2026-10-09 22:57:36.000
2026-10-09 23:00:07.985   Installing the file.
2026-10-09 23:00:07.985   Successfully installed the file.
2026-10-09 23:00:07.985   -- File entry --
2026-10-09 23:00:07.985   Dest filename: D:\a\_temp\agym-c64-38001250527-5872-u8q4q801\client\Admin\_internal\api-ms-win-core-namedpipe-l1-1-0.dll
2026-10-09 23:00:07.985   Time stamp of our file: 2026-10-09 22:57:36.000
2026-10-09 23:00:07.985   Dest file exists.
2026-10-09 23:00:07.985   Time stamp of existing file: 2026-10-09 22:57:36.000
2026-10-09 23:00:07.985   Installing the file.
2026-10-09 23:00:07.985   Successfully installed the file.
2026-10-09 23:00:07.985   -- File entry --
2026-10-09 23:00:07.985   Dest filename: D:\a\_temp\agym-c64-38001250527-5872-u8q4q801\client\Admin\_internal\api-ms-win-core-processenvironment-l1-1-0.dll
2026-10-09 23:00:07.985   Time stamp of our file: 2026-10-09 22:57:36.000
2026-10-09 23:00:07.985   Dest file exists.
2026-10-09 23:00:07.985   Time stamp of existing file: 2026-10-09 22:57:36.000
2026-10-09 23:00:07.985   Installing the file.
2026-10-09 23:00:07.985   Successfully installed the file.
2026-10-09 23:00:07.985   -- File entry --
2026-10-09 23:00:07.985   Dest filename: D:\a\_temp\agym-c64-38001250527-5872-u8q4q801\client\Admin\_internal\api-ms-win-core-processthreads-l1-1-0.dll
2026-10-09 23:00:07.985   Time stamp of our file: 2026-10-09 22:57:36.000
2026-10-09 23:00:07.985   Dest file exists.
2026-10-09 23:00:07.985   Time stamp of existing file: 2026-10-09 22:57:36.000
2026-10-09 23:00:07.985   Installing the file.
2026-10-09 23:00:07.985   Successfully installed the file.
2026-10-09 23:00:07.985   -- File entry --
2026-10-09 23:00:07.985   Dest filename: D:\a\_temp\agym-c64-38001250527-5872-u8q4q801\client\Admin\_internal\api-ms-win-core-processthreads-l1-1-1.dll
2026-10-09 23:00:07.985   Time stamp of our file: 2026-10-09 22:57:36.000
2026-10-09 23:00:07.985   Dest file exists.
2026-10-09 23:00:07.985   Time stamp of existing file: 2026-10-09 22:57:36.000
2026-10-09 23:00:07.985   Installing the file.
2026-10-09 23:00:07.985   Successfully installed the file.
2026-10-09 23:00:07.985   -- File entry --
2026-10-09 23:00:07.985   Dest filename: D:\a\_temp\agym-c64-38001250527-5872-u8q4q801\client\Admin\_internal\api-ms-win-core-profile-l1-1-0.dll
2026-10-09 23:00:07.985   Time stamp of our file: 2026-10-09 22:57:36.000
2026-10-09 23:00:07.985   Dest file exists.
2026-10-09 23:00:07.985   Time stamp of existing file: 2026-10-09 22:57:36.000
2026-10-09 23:00:07.985   Installing the file.
2026-10-09 23:00:07.985   Successfully installed the file.
2026-10-09 23:00:07.985   -- File entry --
2026-10-09 23:00:07.985   Dest filename: D:\a\_temp\agym-c64-38001250527-5872-u8q4q801\client\Admin\_internal\api-ms-win-core-rtlsupport-l1-1-0.dll
2026-10-09 23:00:07.985   Time stamp of our file: 2026-10-09 22:57:36.000
2026-10-09 23:00:07.985   Dest file exists.
2026-10-09 23:00:07.985   Time stamp of existing file: 2026-10-09 22:57:36.000
2026-10-09 23:00:07.985   Installing the file.
2026-10-09 23:00:07.985   Successfully installed the file.
2026-10-09 23:00:07.985   -- File entry --
2026-10-09 23:00:07.985   Dest filename: D:\a\_temp\agym-c64-38001250527-5872-u8q4q801\client\Admin\_internal\api-ms-win-core-string-l1-1-0.dll
2026-10-09 23:00:07.985   Time stamp of our file: 2026-10-09 22:57:36.000
2026-10-09 23:00:07.985   Dest file exists.
2026-10-09 23:00:07.985   Time stamp of existing file: 2026-10-09 22:57:36.000
2026-10-09 23:00:07.985   Installing the file.
2026-10-09 23:00:07.985   Successfully installed the file.
2026-10-09 23:00:07.985   -- File entry --
2026-10-09 23:00:07.985   Dest filename: D:\a\_temp\agym-c64-38001250527-5872-u8q4q801\client\Admin\_internal\api-ms-win-core-synch-l1-1-0.dll
2026-10-09 23:00:07.985   Time stamp of our file: 2026-10-09 22:57:36.000
2026-10-09 23:00:07.985   Dest file exists.
2026-10-09 23:00:07.985   Time stamp of existing file: 2026-10-09 22:57:36.000
2026-10-09 23:00:07.985   Installing the file.
2026-10-09 23:00:08.000   Successfully installed the file.
2026-10-09 23:00:08.000   -- File entry --
2026-10-09 23:00:08.000   Dest filename: D:\a\_temp\agym-c64-38001250527-5872-u8q4q801\client\Admin\_internal\api-ms-win-core-synch-l1-2-0.dll
2026-10-09 23:00:08.000   Time stamp of our file: 2026-10-09 22:57:36.000
2026-10-09 23:00:08.000   Dest file exists.
2026-10-09 23:00:08.000   Time stamp of existing file: 2026-10-09 22:57:36.000
2026-10-09 23:00:08.000   Installing the file.
2026-10-09 23:00:08.000   Successfully installed the file.
2026-10-09 23:00:08.000   -- File entry --
2026-10-09 23:00:08.000   Dest filename: D:\a\_temp\agym-c64-38001250527-5872-u8q4q801\client\Admin\_internal\api-ms-win-core-sysinfo-l1-1-0.dll
2026-10-09 23:00:08.000   Time stamp of our file: 2026-10-09 22:57:36.000
2026-10-09 23:00:08.000   Dest file exists.
2026-10-09 23:00:08.000   Time stamp of existing file: 2026-10-09 22:57:36.000
2026-10-09 23:00:08.000   Installing the file.
2026-10-09 23:00:08.000   Successfully installed the file.
2026-10-09 23:00:08.000   -- File entry --
2026-10-09 23:00:08.000   Dest filename: D:\a\_temp\agym-c64-38001250527-5872-u8q4q801\client\Admin\_internal\api-ms-win-core-sysinfo-l1-2-0.dll
2026-10-09 23:00:08.000   Time stamp of our file: 2026-10-09 22:57:36.000
2026-10-09 23:00:08.000   Dest file exists.
2026-10-09 23:00:08.000   Time stamp of existing file: 2026-10-09 22:57:36.000
2026-10-09 23:00:08.000   Installing the file.
2026-10-09 23:00:08.000   Successfully installed the file.
2026-10-09 23:00:08.000   -- File entry --
2026-10-09 23:00:08.000   Dest filename: D:\a\_temp\agym-c64-38001250527-5872-u8q4q801\client\Admin\_internal\api-ms-win-core-timezone-l1-1-0.dll
2026-10-09 23:00:08.000   Time stamp of our file: 2026-10-09 22:57:36.000
2026-10-09 23:00:08.000   Dest file exists.
2026-10-09 23:00:08.000   Time stamp of existing file: 2026-10-09 22:57:36.000
2026-10-09 23:00:08.000   Installing the file.
2026-10-09 23:00:08.000   Successfully installed the file.
2026-10-09 23:00:08.000   -- File entry --
2026-10-09 23:00:08.000   Dest filename: D:\a\_temp\agym-c64-38001250527-5872-u8q4q801\client\Admin\_internal\api-ms-win-core-util-l1-1-0.dll
2026-10-09 23:00:08.000   Time stamp of our file: 2026-10-09 22:57:36.000
2026-10-09 23:00:08.000   Dest file exists.
2026-10-09 23:00:08.000   Time stamp of existing file: 2026-10-09 22:57:36.000
2026-10-09 23:00:08.000   Installing the file.
2026-10-09 23:00:08.000   Successfully installed the file.
2026-10-09 23:00:08.000   -- File entry --
2026-10-09 23:00:08.000   Dest filename: D:\a\_temp\agym-c64-38001250527-5872-u8q4q801\client\Admin\_internal\api-ms-win-crt-conio-l1-1-0.dll
2026-10-09 23:00:08.000   Time stamp of our file: 2026-10-09 22:57:36.000
2026-10-09 23:00:08.000   Dest file exists.
2026-10-09 23:00:08.000   Time stamp of existing file: 2026-10-09 22:57:36.000
2026-10-09 23:00:08.000   Installing the file.
2026-10-09 23:00:08.000   Successfully installed the file.
2026-10-09 23:00:08.000   -- File entry --
2026-10-09 23:00:08.000   Dest filename: D:\a\_temp\agym-c64-38001250527-5872-u8q4q801\client\Admin\_internal\api-ms-win-crt-convert-l1-1-0.dll
2026-10-09 23:00:08.000   Time stamp of our file: 2026-10-09 22:57:36.000
2026-10-09 23:00:08.000   Dest file exists.
2026-10-09 23:00:08.000   Time stamp of existing file: 2026-10-09 22:57:36.000
2026-10-09 23:00:08.000   Installing the file.
2026-10-09 23:00:08.000   Successfully installed the file.
2026-10-09 23:00:08.000   -- File entry --
2026-10-09 23:00:08.000   Dest filename: D:\a\_temp\agym-c64-38001250527-5872-u8q4q801\client\Admin\_internal\api-ms-win-crt-environment-l1-1-0.dll
2026-10-09 23:00:08.000   Time stamp of our file: 2026-10-09 22:57:36.000
2026-10-09 23:00:08.000   Dest file exists.
2026-10-09 23:00:08.000   Time stamp of existing file: 2026-10-09 22:57:36.000
2026-10-09 23:00:08.000   Installing the file.
2026-10-09 23:00:08.000   Successfully installed the file.
2026-10-09 23:00:08.000   -- File entry --
2026-10-09 23:00:08.000   Dest filename: D:\a\_temp\agym-c64-38001250527-5872-u8q4q801\client\Admin\_internal\api-ms-win-crt-filesystem-l1-1-0.dll
2026-10-09 23:00:08.000   Time stamp of our file: 2026-10-09 22:57:36.000
2026-10-09 23:00:08.000   Dest file exists.
2026-10-09 23:00:08.000   Time stamp of existing file: 2026-10-09 22:57:36.000
2026-10-09 23:00:08.000   Installing the file.
2026-10-09 23:00:08.000   Successfully installed the file.
2026-10-09 23:00:08.000   -- File entry --
2026-10-09 23:00:08.000   Dest filename: D:\a\_temp\agym-c64-38001250527-5872-u8q4q801\client\Admin\_internal\api-ms-win-crt-heap-l1-1-0.dll
2026-10-09 23:00:08.000   Time stamp of our file: 2026-10-09 22:57:36.000
2026-10-09 23:00:08.000   Dest file exists.
2026-10-09 23:00:08.000   Time stamp of existing file: 2026-10-09 22:57:36.000
2026-10-09 23:00:08.000   Installing the file.
2026-10-09 23:00:08.000   Successfully installed the file.
2026-10-09 23:00:08.000   -- File entry --
2026-10-09 23:00:08.000   Dest filename: D:\a\_temp\agym-c64-38001250527-5872-u8q4q801\client\Admin\_internal\api-ms-win-crt-locale-l1-1-0.dll
2026-10-09 23:00:08.000   Time stamp of our file: 2026-10-09 22:57:36.000
2026-10-09 23:00:08.000   Dest file exists.
2026-10-09 23:00:08.000   Time stamp of existing file: 2026-10-09 22:57:36.000
2026-10-09 23:00:08.000   Installing the file.
2026-10-09 23:00:08.000   Successfully installed the file.
2026-10-09 23:00:08.000   -- File entry --
2026-10-09 23:00:08.000   Dest filename: D:\a\_temp\agym-c64-38001250527-5872-u8q4q801\client\Admin\_internal\api-ms-win-crt-math-l1-1-0.dll
2026-10-09 23:00:08.000   Time stamp of our file: 2026-10-09 22:57:36.000
2026-10-09 23:00:08.000   Dest file exists.
2026-10-09 23:00:08.000   Time stamp of existing file: 2026-10-09 22:57:36.000
2026-10-09 23:00:08.000   Installing the file.
2026-10-09 23:00:08.000   Successfully installed the file.
2026-10-09 23:00:08.000   -- File entry --
2026-10-09 23:00:08.000   Dest filename: D:\a\_temp\agym-c64-38001250527-5872-u8q4q801\client\Admin\_internal\api-ms-win-crt-private-l1-1-0.dll
2026-10-09 23:00:08.000   Time stamp of our file: 2026-10-09 22:57:36.000
2026-10-09 23:00:08.000   Dest file exists.
2026-10-09 23:00:08.000   Time stamp of existing file: 2026-10-09 22:57:36.000
2026-10-09 23:00:08.000   Installing the file.
2026-10-09 23:00:08.000   Successfully installed the file.
2026-10-09 23:00:08.000   -- File entry --
2026-10-09 23:00:08.000   Dest filename: D:\a\_temp\agym-c64-38001250527-5872-u8q4q801\client\Admin\_internal\api-ms-win-crt-process-l1-1-0.dll
2026-10-09 23:00:08.000   Time stamp of our file: 2026-10-09 22:57:36.000
2026-10-09 23:00:08.000   Dest file exists.
2026-10-09 23:00:08.000   Time stamp of existing file: 2026-10-09 22:57:36.000
2026-10-09 23:00:08.000   Installing the file.
2026-10-09 23:00:08.000   Successfully installed the file.
2026-10-09 23:00:08.000   -- File entry --
2026-10-09 23:00:08.000   Dest filename: D:\a\_temp\agym-c64-38001250527-5872-u8q4q801\client\Admin\_internal\api-ms-win-crt-runtime-l1-1-0.dll
2026-10-09 23:00:08.000   Time stamp of our file: 2026-10-09 22:57:36.000
2026-10-09 23:00:08.000   Dest file exists.
2026-10-09 23:00:08.000   Time stamp of existing file: 2026-10-09 22:57:36.000
2026-10-09 23:00:08.000   Installing the file.
2026-10-09 23:00:08.016   Successfully installed the file.
2026-10-09 23:00:08.016   -- File entry --
2026-10-09 23:00:08.016   Dest filename: D:\a\_temp\agym-c64-38001250527-5872-u8q4q801\client\Admin\_internal\api-ms-win-crt-stdio-l1-1-0.dll
2026-10-09 23:00:08.016   Time stamp of our file: 2026-10-09 22:57:36.000
2026-10-09 23:00:08.016   Dest file exists.
2026-10-09 23:00:08.016   Time stamp of existing file: 2026-10-09 22:57:36.000
2026-10-09 23:00:08.016   Installing the file.
2026-10-09 23:00:08.016   Successfully installed the file.
2026-10-09 23:00:08.016   -- File entry --
2026-10-09 23:00:08.016   Dest filename: D:\a\_temp\agym-c64-38001250527-5872-u8q4q801\client\Admin\_internal\api-ms-win-crt-string-l1-1-0.dll
2026-10-09 23:00:08.016   Time stamp of our file: 2026-10-09 22:57:36.000
2026-10-09 23:00:08.016   Dest file exists.
2026-10-09 23:00:08.016   Time stamp of existing file: 2026-10-09 22:57:36.000
2026-10-09 23:00:08.016   Installing the file.
2026-10-09 23:00:08.016   Successfully installed the file.
2026-10-09 23:00:08.016   -- File entry --
2026-10-09 23:00:08.016   Dest filename: D:\a\_temp\agym-c64-38001250527-5872-u8q4q801\client\Admin\_internal\api-ms-win-crt-time-l1-1-0.dll
2026-10-09 23:00:08.016   Time stamp of our file: 2026-10-09 22:57:36.000
2026-10-09 23:00:08.016   Dest file exists.
2026-10-09 23:00:08.016   Time stamp of existing file: 2026-10-09 22:57:36.000
2026-10-09 23:00:08.016   Installing the file.
2026-10-09 23:00:08.016   Successfully installed the file.
2026-10-09 23:00:08.016   -- File entry --
2026-10-09 23:00:08.016   Dest filename: D:\a\_temp\agym-c64-38001250527-5872-u8q4q801\client\Admin\_internal\api-ms-win-crt-utility-l1-1-0.dll
2026-10-09 23:00:08.016   Time stamp of our file: 2026-10-09 22:57:36.000
2026-10-09 23:00:08.016   Dest file exists.
2026-10-09 23:00:08.016   Time stamp of existing file: 2026-10-09 22:57:36.000
2026-10-09 23:00:08.016   Installing the file.
2026-10-09 23:00:08.016   Successfully installed the file.
2026-10-09 23:00:08.016   -- File entry --
2026-10-09 23:00:08.016   Dest filename: D:\a\_temp\agym-c64-38001250527-5872-u8q4q801\client\Admin\_internal\base_library.zip
2026-10-09 23:00:08.016   Time stamp of our file: 2026-10-09 22:57:36.000
2026-10-09 23:00:08.016   Dest file exists.
2026-10-09 23:00:08.016   Time stamp of existing file: 2026-10-09 22:57:36.000
2026-10-09 23:00:08.016   Installing the file.
2026-10-09 23:00:08.047   Successfully installed the file.
2026-10-09 23:00:08.047   -- File entry --
2026-10-09 23:00:08.047   Dest filename: D:\a\_temp\agym-c64-38001250527-5872-u8q4q801\client\Admin\_internal\gymsoft_config.json
2026-10-09 23:00:08.047   Time stamp of our file: 2026-10-09 22:57:36.000
2026-10-09 23:00:08.047   Dest file exists.
2026-10-09 23:00:08.047   Time stamp of existing file: 2026-10-09 22:57:36.000
2026-10-09 23:00:08.047   Installing the file.
2026-10-09 23:00:08.047   Successfully installed the file.
2026-10-09 23:00:08.047   -- File entry --
2026-10-09 23:00:08.047   Dest filename: D:\a\_temp\agym-c64-38001250527-5872-u8q4q801\client\Admin\_internal\icono.ico
2026-10-09 23:00:08.047   Time stamp of our file: 2026-10-09 22:57:36.000
2026-10-09 23:00:08.047   Dest file exists.
2026-10-09 23:00:08.047   Time stamp of existing file: 2026-10-09 22:57:36.000
2026-10-09 23:00:08.047   Installing the file.
2026-10-09 23:00:08.047   Successfully installed the file.
2026-10-09 23:00:08.047   -- File entry --
2026-10-09 23:00:08.047   Dest filename: D:\a\_temp\agym-c64-38001250527-5872-u8q4q801\client\Admin\_internal\icono_recepcion.ico
2026-10-09 23:00:08.047   Time stamp of our file: 2026-10-09 22:57:36.000
2026-10-09 23:00:08.047   Dest file exists.
2026-10-09 23:00:08.047   Time stamp of existing file: 2026-10-09 22:57:36.000
2026-10-09 23:00:08.047   Installing the file.
2026-10-09 23:00:08.063   Successfully installed the file.
2026-10-09 23:00:08.063   -- File entry --
2026-10-09 23:00:08.063   Dest filename: D:\a\_temp\agym-c64-38001250527-5872-u8q4q801\client\Admin\_internal\libcrypto-3.dll
2026-10-09 23:00:08.063   Time stamp of our file: 2026-10-09 22:57:36.000
2026-10-09 23:00:08.063   Dest file exists.
2026-10-09 23:00:08.063   Time stamp of existing file: 2026-10-09 22:57:36.000
2026-10-09 23:00:08.063   Installing the file.
2026-10-09 23:00:08.219   Successfully installed the file.
2026-10-09 23:00:08.219   -- File entry --
2026-10-09 23:00:08.219   Dest filename: D:\a\_temp\agym-c64-38001250527-5872-u8q4q801\client\Admin\_internal\libffi-8.dll
2026-10-09 23:00:08.219   Time stamp of our file: 2026-10-09 22:57:36.000
2026-10-09 23:00:08.219   Dest file exists.
2026-10-09 23:00:08.219   Time stamp of existing file: 2026-10-09 22:57:36.000
2026-10-09 23:00:08.219   Installing the file.
2026-10-09 23:00:08.219   Successfully installed the file.
2026-10-09 23:00:08.219   -- File entry --
2026-10-09 23:00:08.219   Dest filename: D:\a\_temp\agym-c64-38001250527-5872-u8q4q801\client\Admin\_internal\libssl-3.dll
2026-10-09 23:00:08.219   Time stamp of our file: 2026-10-09 22:57:36.000
2026-10-09 23:00:08.219   Dest file exists.
2026-10-09 23:00:08.219   Time stamp of existing file: 2026-10-09 22:57:36.000
2026-10-09 23:00:08.219   Installing the file.
2026-10-09 23:00:08.250   Successfully installed the file.
2026-10-09 23:00:08.250   -- File entry --
2026-10-09 23:00:08.250   Dest filename: D:\a\_temp\agym-c64-38001250527-5872-u8q4q801\client\Admin\_internal\libtommath.dll
2026-10-09 23:00:08.250   Time stamp of our file: 2026-10-09 22:57:36.000
2026-10-09 23:00:08.250   Dest file exists.
2026-10-09 23:00:08.250   Time stamp of existing file: 2026-10-09 22:57:36.000
2026-10-09 23:00:08.250   Installing the file.
2026-10-09 23:00:08.250   Successfully installed the file.
2026-10-09 23:00:08.250   -- File entry --
2026-10-09 23:00:08.250   Dest filename: D:\a\_temp\agym-c64-38001250527-5872-u8q4q801\client\Admin\_internal\pyexpat.pyd
2026-10-09 23:00:08.250   Time stamp of our file: 2026-10-09 22:57:36.000
2026-10-09 23:00:08.250   Dest file exists.
2026-10-09 23:00:08.250   Time stamp of existing file: 2026-10-09 22:57:36.000
2026-10-09 23:00:08.250   Installing the file.
2026-10-09 23:00:08.250   Successfully installed the file.
2026-10-09 23:00:08.250   -- File entry --
2026-10-09 23:00:08.250   Dest filename: D:\a\_temp\agym-c64-38001250527-5872-u8q4q801\client\Admin\_internal\python3.dll
2026-10-09 23:00:08.250   Time stamp of our file: 2026-10-09 22:57:36.000
2026-10-09 23:00:08.250   Dest file exists.
2026-10-09 23:00:08.250   Time stamp of existing file: 2026-10-09 22:57:36.000
2026-10-09 23:00:08.250   Installing the file.
2026-10-09 23:00:08.266   Successfully installed the file.
2026-10-09 23:00:08.266   -- File entry --
2026-10-09 23:00:08.266   Dest filename: D:\a\_temp\agym-c64-38001250527-5872-u8q4q801\client\Admin\_internal\python314.dll
2026-10-09 23:00:08.266   Time stamp of our file: 2026-10-09 22:57:36.000
2026-10-09 23:00:08.266   Dest file exists.
2026-10-09 23:00:08.266   Time stamp of existing file: 2026-10-09 22:57:36.000
2026-10-09 23:00:08.266   Installing the file.
2026-10-09 23:00:08.453   Successfully installed the file.
2026-10-09 23:00:08.453   -- File entry --
2026-10-09 23:00:08.453   Dest filename: D:\a\_temp\agym-c64-38001250527-5872-u8q4q801\client\Admin\_internal\select.pyd
2026-10-09 23:00:08.453   Time stamp of our file: 2026-10-09 22:57:36.000
2026-10-09 23:00:08.453   Dest file exists.
2026-10-09 23:00:08.453   Time stamp of existing file: 2026-10-09 22:57:36.000
2026-10-09 23:00:08.453   Installing the file.
2026-10-09 23:00:08.453   Successfully installed the file.
2026-10-09 23:00:08.453   -- File entry --
2026-10-09 23:00:08.453   Dest filename: D:\a\_temp\agym-c64-38001250527-5872-u8q4q801\client\Admin\_internal\sqlite3.dll
2026-10-09 23:00:08.453   Time stamp of our file: 2026-10-09 22:57:36.000
2026-10-09 23:00:08.453   Dest file exists.
2026-10-09 23:00:08.453   Time stamp of existing file: 2026-10-09 22:57:36.000
2026-10-09 23:00:08.453   Installing the file.
2026-10-09 23:00:08.500   Successfully installed the file.
2026-10-09 23:00:08.500   -- File entry --
2026-10-09 23:00:08.500   Dest filename: D:\a\_temp\agym-c64-38001250527-5872-u8q4q801\client\Admin\_internal\tcl90.dll
2026-10-09 23:00:08.500   Time stamp of our file: 2026-10-09 22:57:36.000
2026-10-09 23:00:08.500   Dest file exists.
2026-10-09 23:00:08.500   Time stamp of existing file: 2026-10-09 22:57:36.000
2026-10-09 23:00:08.500   Installing the file.
2026-10-09 23:00:08.625   Successfully installed the file.
2026-10-09 23:00:08.625   -- File entry --
2026-10-09 23:00:08.625   Dest filename: D:\a\_temp\agym-c64-38001250527-5872-u8q4q801\client\Admin\_internal\tcl9tk90.dll
2026-10-09 23:00:08.625   Time stamp of our file: 2026-10-09 22:57:36.000
2026-10-09 23:00:08.625   Dest file exists.
2026-10-09 23:00:08.625   Time stamp of existing file: 2026-10-09 22:57:36.000
2026-10-09 23:00:08.625   Installing the file.
2026-10-09 23:00:08.688   Successfully installed the file.
2026-10-09 23:00:08.688   -- File entry --
2026-10-09 23:00:08.688   Dest filename: D:\a\_temp\agym-c64-38001250527-5872-u8q4q801\client\Admin\_internal\ucrtbase.dll
2026-10-09 23:00:08.688   Time stamp of our file: 2026-10-09 22:57:36.000
2026-10-09 23:00:08.688   Dest file exists.
2026-10-09 23:00:08.688   Time stamp of existing file: 2026-10-09 22:57:36.000
2026-10-09 23:00:08.688   Installing the file.
2026-10-09 23:00:08.719   Successfully installed the file.
2026-10-09 23:00:08.719   -- File entry --
2026-10-09 23:00:08.719   Dest filename: D:\a\_temp\agym-c64-38001250527-5872-u8q4q801\client\Admin\_internal\unicodedata.pyd
2026-10-09 23:00:08.719   Time stamp of our file: 2026-10-09 22:57:36.000
2026-10-09 23:00:08.719   Dest file exists.
2026-10-09 23:00:08.719   Time stamp of existing file: 2026-10-09 22:57:36.000
2026-10-09 23:00:08.719   Installing the file.
2026-10-09 23:00:08.750   Successfully installed the file.
2026-10-09 23:00:08.750   -- File entry --
2026-10-09 23:00:08.750   Dest filename: D:\a\_temp\agym-c64-38001250527-5872-u8q4q801\client\Admin\_internal\VCRUNTIME140.dll
2026-10-09 23:00:08.750   Time stamp of our file: 2026-10-09 22:57:36.000
2026-10-09 23:00:08.750   Dest file exists.
2026-10-09 23:00:08.750   Time stamp of existing file: 2026-10-09 22:57:36.000
2026-10-09 23:00:08.750   Installing the file.
2026-10-09 23:00:08.762   Successfully installed the file.
2026-10-09 23:00:08.762   -- File entry --
2026-10-09 23:00:08.762   Dest filename: D:\a\_temp\agym-c64-38001250527-5872-u8q4q801\client\Admin\_internal\VCRUNTIME140_1.dll
2026-10-09 23:00:08.762   Time stamp of our file: 2026-10-09 22:57:36.000
2026-10-09 23:00:08.762   Dest file exists.
2026-10-09 23:00:08.762   Time stamp of existing file: 2026-10-09 22:57:36.000
2026-10-09 23:00:08.762   Installing the file.
2026-10-09 23:00:08.762   Successfully installed the file.
2026-10-09 23:00:08.762   -- File entry --
2026-10-09 23:00:08.762   Dest filename: D:\a\_temp\agym-c64-38001250527-5872-u8q4q801\client\Admin\_internal\zlib1.dll
2026-10-09 23:00:08.762   Time stamp of our file: 2026-10-09 22:57:36.000
2026-10-09 23:00:08.762   Dest file exists.
2026-10-09 23:00:08.762   Time stamp of existing file: 2026-10-09 22:57:36.000
2026-10-09 23:00:08.762   Installing the file.
2026-10-09 23:00:08.766   Successfully installed the file.
2026-10-09 23:00:08.766   -- File entry --
2026-10-09 23:00:08.766   Dest filename: D:\a\_temp\agym-c64-38001250527-5872-u8q4q801\client\Admin\_internal\_asyncio.pyd
2026-10-09 23:00:08.766   Time stamp of our file: 2026-10-09 22:57:36.000
2026-10-09 23:00:08.766   Dest file exists.
2026-10-09 23:00:08.766   Time stamp of existing file: 2026-10-09 22:57:36.000
2026-10-09 23:00:08.766   Installing the file.
2026-10-09 23:00:08.766   Successfully installed the file.
2026-10-09 23:00:08.766   -- File entry --
2026-10-09 23:00:08.766   Dest filename: D:\a\_temp\agym-c64-38001250527-5872-u8q4q801\client\Admin\_internal\_bz2.pyd
2026-10-09 23:00:08.766   Time stamp of our file: 2026-10-09 22:57:36.000
2026-10-09 23:00:08.766   Dest file exists.
2026-10-09 23:00:08.766   Time stamp of existing file: 2026-10-09 22:57:36.000
2026-10-09 23:00:08.766   Installing the file.
2026-10-09 23:00:08.766   Successfully installed the file.
2026-10-09 23:00:08.766   -- File entry --
2026-10-09 23:00:08.766   Dest filename: D:\a\_temp\agym-c64-38001250527-5872-u8q4q801\client\Admin\_internal\_cffi_backend.cp314-win_amd64.pyd
2026-10-09 23:00:08.766   Time stamp of our file: 2026-10-09 22:57:36.000
2026-10-09 23:00:08.766   Dest file exists.
2026-10-09 23:00:08.766   Time stamp of existing file: 2026-10-09 22:57:36.000
2026-10-09 23:00:08.766   Installing the file.
2026-10-09 23:00:08.766   Successfully installed the file.
2026-10-09 23:00:08.766   -- File entry --
2026-10-09 23:00:08.766   Dest filename: D:\a\_temp\agym-c64-38001250527-5872-u8q4q801\client\Admin\_internal\_ctypes.pyd
2026-10-09 23:00:08.766   Time stamp of our file: 2026-10-09 22:57:36.000
2026-10-09 23:00:08.766   Dest file exists.
2026-10-09 23:00:08.766   Time stamp of existing file: 2026-10-09 22:57:36.000
2026-10-09 23:00:08.766   Installing the file.
2026-10-09 23:00:08.782   Successfully installed the file.
2026-10-09 23:00:08.782   -- File entry --
2026-10-09 23:00:08.782   Dest filename: D:\a\_temp\agym-c64-38001250527-5872-u8q4q801\client\Admin\_internal\_decimal.pyd
2026-10-09 23:00:08.782   Time stamp of our file: 2026-10-09 22:57:36.000
2026-10-09 23:00:08.782   Dest file exists.
2026-10-09 23:00:08.782   Time stamp of existing file: 2026-10-09 22:57:36.000
2026-10-09 23:00:08.782   Installing the file.
2026-10-09 23:00:08.782   Successfully installed the file.
2026-10-09 23:00:08.782   -- File entry --
2026-10-09 23:00:08.782   Dest filename: D:\a\_temp\agym-c64-38001250527-5872-u8q4q801\client\Admin\_internal\_elementtree.pyd
2026-10-09 23:00:08.782   Time stamp of our file: 2026-10-09 22:57:36.000
2026-10-09 23:00:08.782   Dest file exists.
2026-10-09 23:00:08.782   Time stamp of existing file: 2026-10-09 22:57:36.000
2026-10-09 23:00:08.782   Installing the file.
2026-10-09 23:00:08.798   Successfully installed the file.
2026-10-09 23:00:08.798   -- File entry --
2026-10-09 23:00:08.798   Dest filename: D:\a\_temp\agym-c64-38001250527-5872-u8q4q801\client\Admin\_internal\_hashlib.pyd
2026-10-09 23:00:08.798   Time stamp of our file: 2026-10-09 22:57:36.000
2026-10-09 23:00:08.798   Dest file exists.
2026-10-09 23:00:08.798   Time stamp of existing file: 2026-10-09 22:57:36.000
2026-10-09 23:00:08.798   Installing the file.
2026-10-09 23:00:08.798   Successfully installed the file.
2026-10-09 23:00:08.798   -- File entry --
2026-10-09 23:00:08.798   Dest filename: D:\a\_temp\agym-c64-38001250527-5872-u8q4q801\client\Admin\_internal\_lzma.pyd
2026-10-09 23:00:08.798   Time stamp of our file: 2026-10-09 22:57:36.000
2026-10-09 23:00:08.798   Dest file exists.
2026-10-09 23:00:08.798   Time stamp of existing file: 2026-10-09 22:57:36.000
2026-10-09 23:00:08.798   Installing the file.
2026-10-09 23:00:08.798   Successfully installed the file.
2026-10-09 23:00:08.798   -- File entry --
2026-10-09 23:00:08.798   Dest filename: D:\a\_temp\agym-c64-38001250527-5872-u8q4q801\client\Admin\_internal\_multiprocessing.pyd
2026-10-09 23:00:08.798   Time stamp of our file: 2026-10-09 22:57:36.000
2026-10-09 23:00:08.798   Dest file exists.
2026-10-09 23:00:08.798   Time stamp of existing file: 2026-10-09 22:57:36.000
2026-10-09 23:00:08.798   Installing the file.
2026-10-09 23:00:08.798   Successfully installed the file.
2026-10-09 23:00:08.798   -- File entry --
2026-10-09 23:00:08.798   Dest filename: D:\a\_temp\agym-c64-38001250527-5872-u8q4q801\client\Admin\_internal\_overlapped.pyd
2026-10-09 23:00:08.798   Time stamp of our file: 2026-10-09 22:57:36.000
2026-10-09 23:00:08.798   Dest file exists.
2026-10-09 23:00:08.798   Time stamp of existing file: 2026-10-09 22:57:36.000
2026-10-09 23:00:08.798   Installing the file.
2026-10-09 23:00:08.798   Successfully installed the file.
2026-10-09 23:00:08.798   -- File entry --
2026-10-09 23:00:08.798   Dest filename: D:\a\_temp\agym-c64-38001250527-5872-u8q4q801\client\Admin\_internal\_queue.pyd
2026-10-09 23:00:08.798   Time stamp of our file: 2026-10-09 22:57:36.000
2026-10-09 23:00:08.798   Dest file exists.
2026-10-09 23:00:08.798   Time stamp of existing file: 2026-10-09 22:57:36.000
2026-10-09 23:00:08.798   Installing the file.
2026-10-09 23:00:08.798   Successfully installed the file.
2026-10-09 23:00:08.798   -- File entry --
2026-10-09 23:00:08.798   Dest filename: D:\a\_temp\agym-c64-38001250527-5872-u8q4q801\client\Admin\_internal\_socket.pyd
2026-10-09 23:00:08.798   Time stamp of our file: 2026-10-09 22:57:36.000
2026-10-09 23:00:08.798   Dest file exists.
2026-10-09 23:00:08.798   Time stamp of existing file: 2026-10-09 22:57:36.000
2026-10-09 23:00:08.798   Installing the file.
2026-10-09 23:00:08.798   Successfully installed the file.
2026-10-09 23:00:08.798   -- File entry --
2026-10-09 23:00:08.798   Dest filename: D:\a\_temp\agym-c64-38001250527-5872-u8q4q801\client\Admin\_internal\_sqlite3.pyd
2026-10-09 23:00:08.798   Time stamp of our file: 2026-10-09 22:57:36.000
2026-10-09 23:00:08.798   Dest file exists.
2026-10-09 23:00:08.798   Time stamp of existing file: 2026-10-09 22:57:36.000
2026-10-09 23:00:08.798   Installing the file.
2026-10-09 23:00:08.813   Successfully installed the file.
2026-10-09 23:00:08.813   -- File entry --
2026-10-09 23:00:08.813   Dest filename: D:\a\_temp\agym-c64-38001250527-5872-u8q4q801\client\Admin\_internal\_ssl.pyd
2026-10-09 23:00:08.813   Time stamp of our file: 2026-10-09 22:57:36.000
2026-10-09 23:00:08.813   Dest file exists.
2026-10-09 23:00:08.813   Time stamp of existing file: 2026-10-09 22:57:36.000
2026-10-09 23:00:08.813   Installing the file.
2026-10-09 23:00:08.813   Successfully installed the file.
2026-10-09 23:00:08.813   -- File entry --
2026-10-09 23:00:08.813   Dest filename: D:\a\_temp\agym-c64-38001250527-5872-u8q4q801\client\Admin\_internal\_tkinter.pyd
2026-10-09 23:00:08.813   Time stamp of our file: 2026-10-09 22:57:36.000
2026-10-09 23:00:08.813   Dest file exists.
2026-10-09 23:00:08.813   Time stamp of existing file: 2026-10-09 22:57:36.000
2026-10-09 23:00:08.813   Installing the file.
2026-10-09 23:00:08.813   Successfully installed the file.
2026-10-09 23:00:08.813   -- File entry --
2026-10-09 23:00:08.813   Dest filename: D:\a\_temp\agym-c64-38001250527-5872-u8q4q801\client\Admin\_internal\_uuid.pyd
2026-10-09 23:00:08.813   Time stamp of our file: 2026-10-09 22:57:36.000
2026-10-09 23:00:08.813   Dest file exists.
2026-10-09 23:00:08.813   Time stamp of existing file: 2026-10-09 22:57:36.000
2026-10-09 23:00:08.813   Installing the file.
2026-10-09 23:00:08.813   Successfully installed the file.
2026-10-09 23:00:08.813   -- File entry --
2026-10-09 23:00:08.813   Dest filename: D:\a\_temp\agym-c64-38001250527-5872-u8q4q801\client\Admin\_internal\_wmi.pyd
2026-10-09 23:00:08.813   Time stamp of our file: 2026-10-09 22:57:36.000
2026-10-09 23:00:08.813   Dest file exists.
2026-10-09 23:00:08.813   Time stamp of existing file: 2026-10-09 22:57:36.000
2026-10-09 23:00:08.813   Installing the file.
2026-10-09 23:00:08.813   Successfully installed the file.
2026-10-09 23:00:08.813   -- File entry --
2026-10-09 23:00:08.813   Dest filename: D:\a\_temp\agym-c64-38001250527-5872-u8q4q801\client\Admin\_internal\_zoneinfo.pyd
2026-10-09 23:00:08.813   Time stamp of our file: 2026-10-09 22:57:36.000
2026-10-09 23:00:08.813   Dest file exists.
2026-10-09 23:00:08.813   Time stamp of existing file: 2026-10-09 22:57:36.000
2026-10-09 23:00:08.813   Installing the file.
2026-10-09 23:00:08.813   Successfully installed the file.
2026-10-09 23:00:08.813   -- File entry --
2026-10-09 23:00:08.813   Dest filename: D:\a\_temp\agym-c64-38001250527-5872-u8q4q801\client\Admin\_internal\_zstd.pyd
2026-10-09 23:00:08.813   Time stamp of our file: 2026-10-09 22:57:36.000
2026-10-09 23:00:08.813   Dest file exists.
2026-10-09 23:00:08.813   Time stamp of existing file: 2026-10-09 22:57:36.000
2026-10-09 23:00:08.813   Installing the file.
2026-10-09 23:00:08.829   Successfully installed the file.
2026-10-09 23:00:08.829   -- File entry --
2026-10-09 23:00:08.829   Dest filename: D:\a\_temp\agym-c64-38001250527-5872-u8q4q801\client\Admin\_internal\certifi\cacert.pem
2026-10-09 23:00:08.829   Time stamp of our file: 2026-10-09 22:57:36.000
2026-10-09 23:00:08.829   Dest file exists.
2026-10-09 23:00:08.829   Time stamp of existing file: 2026-10-09 22:57:36.000
2026-10-09 23:00:08.829   Installing the file.
2026-10-09 23:00:08.844   Successfully installed the file.
2026-10-09 23:00:08.844   -- File entry --
2026-10-09 23:00:08.844   Dest filename: D:\a\_temp\agym-c64-38001250527-5872-u8q4q801\client\Admin\_internal\certifi\py.typed
2026-10-09 23:00:08.844   Time stamp of our file: 2026-10-09 22:57:36.000
2026-10-09 23:00:08.844   Dest file exists.
2026-10-09 23:00:08.844   Time stamp of existing file: 2026-10-09 22:57:36.000
2026-10-09 23:00:08.844   Installing the file.
2026-10-09 23:00:08.844   Successfully installed the file.
2026-10-09 23:00:08.844   -- File entry --
2026-10-09 23:00:08.844   Dest filename: D:\a\_temp\agym-c64-38001250527-5872-u8q4q801\client\Admin\_internal\cryptography\hazmat\bindings\_rust.pyd
2026-10-09 23:00:08.844   Time stamp of our file: 2026-10-09 22:57:36.000
2026-10-09 23:00:08.844   Dest file exists.
2026-10-09 23:00:08.844   Time stamp of existing file: 2026-10-09 22:57:36.000
2026-10-09 23:00:08.844   Installing the file.
2026-10-09 23:00:09.079   Successfully installed the file.
2026-10-09 23:00:09.079   -- File entry --
2026-10-09 23:00:09.079   Dest filename: D:\a\_temp\agym-c64-38001250527-5872-u8q4q801\client\Admin\_internal\cryptography-50.0.2.dist-info\INSTALLER
2026-10-09 23:00:09.079   Time stamp of our file: 2026-10-09 22:57:36.000
2026-10-09 23:00:09.079   Dest file exists.
2026-10-09 23:00:09.079   Time stamp of existing file: 2026-10-09 22:57:36.000
2026-10-09 23:00:09.079   Installing the file.
2026-10-09 23:00:09.079   Successfully installed the file.
2026-10-09 23:00:09.079   -- File entry --
2026-10-09 23:00:09.079   Dest filename: D:\a\_temp\agym-c64-38001250527-5872-u8q4q801\client\Admin\_internal\cryptography-50.0.2.dist-info\METADATA
2026-10-09 23:00:09.079   Time stamp of our file: 2026-10-09 22:57:36.000
2026-10-09 23:00:09.079   Dest file exists.
2026-10-09 23:00:09.079   Time stamp of existing file: 2026-10-09 22:57:36.000
2026-10-09 23:00:09.079   Installing the file.
2026-10-09 23:00:09.079   Successfully installed the file.
2026-10-09 23:00:09.079   -- File entry --
2026-10-09 23:00:09.079   Dest filename: D:\a\_temp\agym-c64-38001250527-5872-u8q4q801\client\Admin\_internal\cryptography-50.0.2.dist-info\RECORD
2026-10-09 23:00:09.079   Time stamp of our file: 2026-10-09 22:57:36.000
2026-10-09 23:00:09.079   Dest file exists.
2026-10-09 23:00:09.079   Time stamp of existing file: 2026-10-09 22:57:36.000
2026-10-09 23:00:09.079   Installing the file.
2026-10-09 23:00:09.079   Successfully installed the file.
2026-10-09 23:00:09.079   -- File entry --
2026-10-09 23:00:09.079   Dest filename: D:\a\_temp\agym-c64-38001250527-5872-u8q4q801\client\Admin\_internal\cryptography-50.0.2.dist-info\WHEEL
2026-10-09 23:00:09.079   Time stamp of our file: 2026-10-09 22:57:36.000
2026-10-09 23:00:09.079   Dest file exists.
2026-10-09 23:00:09.079   Time stamp of existing file: 2026-10-09 22:57:36.000
2026-10-09 23:00:09.079   Installing the file.
2026-10-09 23:00:09.079   Successfully installed the file.
2026-10-09 23:00:09.079   -- File entry --
2026-10-09 23:00:09.079   Dest filename: D:\a\_temp\agym-c64-38001250527-5872-u8q4q801\client\Admin\_internal\cryptography-50.0.2.dist-info\licenses\LICENSE
2026-10-09 23:00:09.079   Time stamp of our file: 2026-10-09 22:57:36.000
2026-10-09 23:00:09.079   Dest file exists.
2026-10-09 23:00:09.094   Time stamp of existing file: 2026-10-09 22:57:36.000
2026-10-09 23:00:09.094   Installing the file.
2026-10-09 23:00:09.094   Successfully installed the file.
2026-10-09 23:00:09.094   -- File entry --
2026-10-09 23:00:09.094   Dest filename: D:\a\_temp\agym-c64-38001250527-5872-u8q4q801\client\Admin\_internal\cryptography-50.0.2.dist-info\licenses\LICENSE.APACHE
2026-10-09 23:00:09.094   Time stamp of our file: 2026-10-09 22:57:36.000
2026-10-09 23:00:09.094   Dest file exists.
2026-10-09 23:00:09.094   Time stamp of existing file: 2026-10-09 22:57:36.000
2026-10-09 23:00:09.094   Installing the file.
2026-10-09 23:00:09.094   Successfully installed the file.
2026-10-09 23:00:09.094   -- File entry --
2026-10-09 23:00:09.094   Dest filename: D:\a\_temp\agym-c64-38001250527-5872-u8q4q801\client\Admin\_internal\cryptography-50.0.2.dist-info\licenses\LICENSE.BSD
2026-10-09 23:00:09.094   Time stamp of our file: 2026-10-09 22:57:36.000
2026-10-09 23:00:09.094   Dest file exists.
2026-10-09 23:00:09.094   Time stamp of existing file: 2026-10-09 22:57:36.000
2026-10-09 23:00:09.094   Installing the file.
2026-10-09 23:00:09.094   Successfully installed the file.
2026-10-09 23:00:09.094   -- File entry --
2026-10-09 23:00:09.094   Dest filename: D:\a\_temp\agym-c64-38001250527-5872-u8q4q801\client\Admin\_internal\cryptography-50.0.2.dist-info\sboms\cryptography-rust.cyclonedx.json
2026-10-09 23:00:09.094   Time stamp of our file: 2026-10-09 22:57:36.000
2026-10-09 23:00:09.094   Dest file exists.
2026-10-09 23:00:09.094   Time stamp of existing file: 2026-10-09 22:57:36.000
2026-10-09 23:00:09.094   Installing the file.
2026-10-09 23:00:09.094   Successfully installed the file.
2026-10-09 23:00:09.094   -- File entry --
2026-10-09 23:00:09.094   Dest filename: D:\a\_temp\agym-c64-38001250527-5872-u8q4q801\client\Admin\_internal\cryptography-50.0.2.dist-info\sboms\sbom.json
2026-10-09 23:00:09.094   Time stamp of our file: 2026-10-09 22:57:36.000
2026-10-09 23:00:09.094   Dest file exists.
2026-10-09 23:00:09.094   Time stamp of existing file: 2026-10-09 22:57:36.000
2026-10-09 23:00:09.094   Installing the file.
2026-10-09 23:00:09.094   Successfully installed the file.
2026-10-09 23:00:09.094   -- File entry --
2026-10-09 23:00:09.094   Dest filename: D:\a\_temp\agym-c64-38001250527-5872-u8q4q801\client\Admin\_internal\multidict\_multidict.cp314-win_amd64.pyd
2026-10-09 23:00:09.094   Time stamp of our file: 2026-10-09 22:57:36.000
2026-10-09 23:00:09.094   Dest file exists.
2026-10-09 23:00:09.094   Time stamp of existing file: 2026-10-09 22:57:36.000
2026-10-09 23:00:09.094   Installing the file.
2026-10-09 23:00:09.094   Successfully installed the file.
2026-10-09 23:00:09.094   -- File entry --
2026-10-09 23:00:09.094   Dest filename: D:\a\_temp\agym-c64-38001250527-5872-u8q4q801\client\Admin\_internal\PIL\_avif.cp314-win_amd64.pyd
2026-10-09 23:00:09.094   Time stamp of our file: 2026-10-09 22:57:36.000
2026-10-09 23:00:09.094   Dest file exists.
2026-10-09 23:00:09.094   Time stamp of existing file: 2026-10-09 22:57:36.000
2026-10-09 23:00:09.094   Installing the file.
2026-10-09 23:00:09.282   Successfully installed the file.
2026-10-09 23:00:09.282   -- File entry --
2026-10-09 23:00:09.282   Dest filename: D:\a\_temp\agym-c64-38001250527-5872-u8q4q801\client\Admin\_internal\PIL\_imaging.cp314-win_amd64.pyd
2026-10-09 23:00:09.282   Time stamp of our file: 2026-10-09 22:57:36.000
2026-10-09 23:00:09.282   Dest file exists.
2026-10-09 23:00:09.282   Time stamp of existing file: 2026-10-09 22:57:36.000
2026-10-09 23:00:09.282   Installing the file.
2026-10-09 23:00:09.360   Successfully installed the file.
2026-10-09 23:00:09.360   -- File entry --
2026-10-09 23:00:09.360   Dest filename: D:\a\_temp\agym-c64-38001250527-5872-u8q4q801\client\Admin\_internal\PIL\_imagingcms.cp314-win_amd64.pyd
2026-10-09 23:00:09.360   Time stamp of our file: 2026-10-09 22:57:36.000
2026-10-09 23:00:09.360   Dest file exists.
2026-10-09 23:00:09.360   Time stamp of existing file: 2026-10-09 22:57:36.000
2026-10-09 23:00:09.360   Installing the file.
2026-10-09 23:00:09.360   Successfully installed the file.
2026-10-09 23:00:09.360   -- File entry --
2026-10-09 23:00:09.360   Dest filename: D:\a\_temp\agym-c64-38001250527-5872-u8q4q801\client\Admin\_internal\PIL\_imagingft.cp314-win_amd64.pyd
2026-10-09 23:00:09.360   Time stamp of our file: 2026-10-09 22:57:36.000
2026-10-09 23:00:09.360   Dest file exists.
2026-10-09 23:00:09.360   Time stamp of existing file: 2026-10-09 22:57:36.000
2026-10-09 23:00:09.360   Installing the file.
2026-10-09 23:00:09.422   Successfully installed the file.
2026-10-09 23:00:09.422   -- File entry --
2026-10-09 23:00:09.422   Dest filename: D:\a\_temp\agym-c64-38001250527-5872-u8q4q801\client\Admin\_internal\PIL\_imagingmath.cp314-win_amd64.pyd
2026-10-09 23:00:09.422   Time stamp of our file: 2026-10-09 22:57:36.000
2026-10-09 23:00:09.422   Dest file exists.
2026-10-09 23:00:09.422   Time stamp of existing file: 2026-10-09 22:57:36.000
2026-10-09 23:00:09.422   Installing the file.
2026-10-09 23:00:09.422   Successfully installed the file.
2026-10-09 23:00:09.422   -- File entry --
2026-10-09 23:00:09.422   Dest filename: D:\a\_temp\agym-c64-38001250527-5872-u8q4q801\client\Admin\_internal\PIL\_imagingtk.cp314-win_amd64.pyd
2026-10-09 23:00:09.422   Time stamp of our file: 2026-10-09 22:57:36.000
2026-10-09 23:00:09.422   Dest file exists.
2026-10-09 23:00:09.422   Time stamp of existing file: 2026-10-09 22:57:36.000
2026-10-09 23:00:09.422   Installing the file.
2026-10-09 23:00:09.422   Successfully installed the file.
2026-10-09 23:00:09.422   -- File entry --
2026-10-09 23:00:09.422   Dest filename: D:\a\_temp\agym-c64-38001250527-5872-u8q4q801\client\Admin\_internal\PIL\_webp.cp314-win_amd64.pyd
2026-10-09 23:00:09.422   Time stamp of our file: 2026-10-09 22:57:36.000
2026-10-09 23:00:09.422   Dest file exists.
2026-10-09 23:00:09.422   Time stamp of existing file: 2026-10-09 22:57:36.000
2026-10-09 23:00:09.422   Installing the file.
2026-10-09 23:00:09.438   Successfully installed the file.
2026-10-09 23:00:09.438   -- File entry --
2026-10-09 23:00:09.438   Dest filename: D:\a\_temp\agym-c64-38001250527-5872-u8q4q801\client\Admin\_internal\postgrest\base_client.py
2026-10-09 23:00:09.438   Time stamp of our file: 2026-10-09 22:57:36.000
2026-10-09 23:00:09.438   Dest file exists.
2026-10-09 23:00:09.438   Time stamp of existing file: 2026-10-09 22:57:36.000
2026-10-09 23:00:09.438   Installing the file.
2026-10-09 23:00:09.438   Successfully installed the file.
2026-10-09 23:00:09.438   -- File entry --
2026-10-09 23:00:09.438   Dest filename: D:\a\_temp\agym-c64-38001250527-5872-u8q4q801\client\Admin\_internal\postgrest\base_request_builder.py
2026-10-09 23:00:09.438   Time stamp of our file: 2026-10-09 22:57:36.000
2026-10-09 23:00:09.438   Dest file exists.
2026-10-09 23:00:09.438   Time stamp of existing file: 2026-10-09 22:57:36.000
2026-10-09 23:00:09.438   Installing the file.
2026-10-09 23:00:09.438   Successfully installed the file.
2026-10-09 23:00:09.438   -- File entry --
2026-10-09 23:00:09.438   Dest filename: D:\a\_temp\agym-c64-38001250527-5872-u8q4q801\client\Admin\_internal\postgrest\constants.py
2026-10-09 23:00:09.438   Time stamp of our file: 2026-10-09 22:57:36.000
2026-10-09 23:00:09.438   Dest file exists.
2026-10-09 23:00:09.438   Time stamp of existing file: 2026-10-09 22:57:36.000
2026-10-09 23:00:09.438   Installing the file.
2026-10-09 23:00:09.438   Successfully installed the file.
2026-10-09 23:00:09.438   -- File entry --
2026-10-09 23:00:09.438   Dest filename: D:\a\_temp\agym-c64-38001250527-5872-u8q4q801\client\Admin\_internal\postgrest\exceptions.py
2026-10-09 23:00:09.438   Time stamp of our file: 2026-10-09 22:57:36.000
2026-10-09 23:00:09.438   Dest file exists.
2026-10-09 23:00:09.438   Time stamp of existing file: 2026-10-09 22:57:36.000
2026-10-09 23:00:09.438   Installing the file.
2026-10-09 23:00:09.438   Successfully installed the file.
2026-10-09 23:00:09.438   -- File entry --
2026-10-09 23:00:09.438   Dest filename: D:\a\_temp\agym-c64-38001250527-5872-u8q4q801\client\Admin\_internal\postgrest\py.typed
2026-10-09 23:00:09.438   Time stamp of our file: 2026-10-09 22:57:36.000
2026-10-09 23:00:09.438   Dest file exists.
2026-10-09 23:00:09.438   Time stamp of existing file: 2026-10-09 22:57:36.000
2026-10-09 23:00:09.438   Installing the file.
2026-10-09 23:00:09.438   Successfully installed the file.
2026-10-09 23:00:09.438   -- File entry --
2026-10-09 23:00:09.438   Dest filename: D:\a\_temp\agym-c64-38001250527-5872-u8q4q801\client\Admin\_internal\postgrest\types.py
2026-10-09 23:00:09.438   Time stamp of our file: 2026-10-09 22:57:36.000
2026-10-09 23:00:09.438   Dest file exists.
2026-10-09 23:00:09.438   Time stamp of existing file: 2026-10-09 22:57:36.000
2026-10-09 23:00:09.438   Installing the file.
2026-10-09 23:00:09.438   Successfully installed the file.
2026-10-09 23:00:09.438   -- File entry --
2026-10-09 23:00:09.438   Dest filename: D:\a\_temp\agym-c64-38001250527-5872-u8q4q801\client\Admin\_internal\postgrest\utils.py
2026-10-09 23:00:09.438   Time stamp of our file: 2026-10-09 22:57:36.000
2026-10-09 23:00:09.438   Dest file exists.
2026-10-09 23:00:09.438   Time stamp of existing file: 2026-10-09 22:57:36.000
2026-10-09 23:00:09.438   Installing the file.
2026-10-09 23:00:09.438   Successfully installed the file.
2026-10-09 23:00:09.438   -- File entry --
2026-10-09 23:00:09.438   Dest filename: D:\a\_temp\agym-c64-38001250527-5872-u8q4q801\client\Admin\_internal\postgrest\version.py
2026-10-09 23:00:09.438   Time stamp of our file: 2026-10-09 22:57:36.000
2026-10-09 23:00:09.438   Dest file exists.
2026-10-09 23:00:09.438   Time stamp of existing file: 2026-10-09 22:57:36.000
2026-10-09 23:00:09.438   Installing the file.
2026-10-09 23:00:09.438   Successfully installed the file.
2026-10-09 23:00:09.438   -- File entry --
2026-10-09 23:00:09.438   Dest filename: D:\a\_temp\agym-c64-38001250527-5872-u8q4q801\client\Admin\_internal\postgrest\__init__.py
2026-10-09 23:00:09.438   Time stamp of our file: 2026-10-09 22:57:36.000
2026-10-09 23:00:09.438   Dest file exists.
2026-10-09 23:00:09.438   Time stamp of existing file: 2026-10-09 22:57:36.000
2026-10-09 23:00:09.438   Installing the file.
2026-10-09 23:00:09.438   Successfully installed the file.
2026-10-09 23:00:09.438   -- File entry --
2026-10-09 23:00:09.438   Dest filename: D:\a\_temp\agym-c64-38001250527-5872-u8q4q801\client\Admin\_internal\postgrest\_async\client.py
2026-10-09 23:00:09.438   Time stamp of our file: 2026-10-09 22:57:36.000
2026-10-09 23:00:09.438   Dest file exists.
2026-10-09 23:00:09.438   Time stamp of existing file: 2026-10-09 22:57:36.000
2026-10-09 23:00:09.438   Installing the file.
2026-10-09 23:00:09.438   Successfully installed the file.
2026-10-09 23:00:09.438   -- File entry --
2026-10-09 23:00:09.438   Dest filename: D:\a\_temp\agym-c64-38001250527-5872-u8q4q801\client\Admin\_internal\postgrest\_async\request_builder.py
2026-10-09 23:00:09.438   Time stamp of our file: 2026-10-09 22:57:36.000
2026-10-09 23:00:09.438   Dest file exists.
2026-10-09 23:00:09.438   Time stamp of existing file: 2026-10-09 22:57:36.000
2026-10-09 23:00:09.438   Installing the file.
2026-10-09 23:00:09.438   Successfully installed the file.
2026-10-09 23:00:09.438   -- File entry --
2026-10-09 23:00:09.438   Dest filename: D:\a\_temp\agym-c64-38001250527-5872-u8q4q801\client\Admin\_internal\postgrest\_async\__init__.py
2026-10-09 23:00:09.438   Time stamp of our file: 2026-10-09 22:57:36.000
2026-10-09 23:00:09.438   Dest file exists.
2026-10-09 23:00:09.438   Time stamp of existing file: 2026-10-09 22:57:36.000
2026-10-09 23:00:09.438   Installing the file.
2026-10-09 23:00:09.438   Successfully installed the file.
2026-10-09 23:00:09.438   -- File entry --
2026-10-09 23:00:09.438   Dest filename: D:\a\_temp\agym-c64-38001250527-5872-u8q4q801\client\Admin\_internal\postgrest\_sync\client.py
2026-10-09 23:00:09.438   Time stamp of our file: 2026-10-09 22:57:36.000
2026-10-09 23:00:09.438   Dest file exists.
2026-10-09 23:00:09.438   Time stamp of existing file: 2026-10-09 22:57:36.000
2026-10-09 23:00:09.438   Installing the file.
2026-10-09 23:00:09.438   Successfully installed the file.
2026-10-09 23:00:09.438   -- File entry --
2026-10-09 23:00:09.438   Dest filename: D:\a\_temp\agym-c64-38001250527-5872-u8q4q801\client\Admin\_internal\postgrest\_sync\request_builder.py
2026-10-09 23:00:09.438   Time stamp of our file: 2026-10-09 22:57:36.000
2026-10-09 23:00:09.438   Dest file exists.
2026-10-09 23:00:09.438   Time stamp of existing file: 2026-10-09 22:57:36.000
2026-10-09 23:00:09.438   Installing the file.
2026-10-09 23:00:09.438   Successfully installed the file.
2026-10-09 23:00:09.438   -- File entry --
2026-10-09 23:00:09.438   Dest filename: D:\a\_temp\agym-c64-38001250527-5872-u8q4q801\client\Admin\_internal\postgrest\_sync\__init__.py
2026-10-09 23:00:09.438   Time stamp of our file: 2026-10-09 22:57:36.000
2026-10-09 23:00:09.438   Dest file exists.
2026-10-09 23:00:09.438   Time stamp of existing file: 2026-10-09 22:57:36.000
2026-10-09 23:00:09.438   Installing the file.
2026-10-09 23:00:09.454   Successfully installed the file.
2026-10-09 23:00:09.454   -- File entry --
2026-10-09 23:00:09.454   Dest filename: D:\a\_temp\agym-c64-38001250527-5872-u8q4q801\client\Admin\_internal\postgrest-2.31.0.dist-info\INSTALLER
2026-10-09 23:00:09.454   Time stamp of our file: 2026-10-09 22:57:36.000
2026-10-09 23:00:09.454   Dest file exists.
2026-10-09 23:00:09.454   Time stamp of existing file: 2026-10-09 22:57:36.000
2026-10-09 23:00:09.454   Installing the file.
2026-10-09 23:00:09.454   Successfully installed the file.
2026-10-09 23:00:09.454   -- File entry --
2026-10-09 23:00:09.454   Dest filename: D:\a\_temp\agym-c64-38001250527-5872-u8q4q801\client\Admin\_internal\postgrest-2.31.0.dist-info\METADATA
2026-10-09 23:00:09.454   Time stamp of our file: 2026-10-09 22:57:36.000
2026-10-09 23:00:09.454   Dest file exists.
2026-10-09 23:00:09.454   Time stamp of existing file: 2026-10-09 22:57:36.000
2026-10-09 23:00:09.454   Installing the file.
2026-10-09 23:00:09.454   Successfully installed the file.
2026-10-09 23:00:09.454   -- File entry --
2026-10-09 23:00:09.454   Dest filename: D:\a\_temp\agym-c64-38001250527-5872-u8q4q801\client\Admin\_internal\postgrest-2.31.0.dist-info\RECORD
2026-10-09 23:00:09.454   Time stamp of our file: 2026-10-09 22:57:36.000
2026-10-09 23:00:09.454   Dest file exists.
2026-10-09 23:00:09.454   Time stamp of existing file: 2026-10-09 22:57:36.000
2026-10-09 23:00:09.454   Installing the file.
2026-10-09 23:00:09.454   Successfully installed the file.
2026-10-09 23:00:09.454   -- File entry --
2026-10-09 23:00:09.454   Dest filename: D:\a\_temp\agym-c64-38001250527-5872-u8q4q801\client\Admin\_internal\postgrest-2.31.0.dist-info\WHEEL
2026-10-09 23:00:09.454   Time stamp of our file: 2026-10-09 22:57:36.000
2026-10-09 23:00:09.454   Dest file exists.
2026-10-09 23:00:09.454   Time stamp of existing file: 2026-10-09 22:57:36.000
2026-10-09 23:00:09.454   Installing the file.
2026-10-09 23:00:09.454   Successfully installed the file.
2026-10-09 23:00:09.454   -- File entry --
2026-10-09 23:00:09.454   Dest filename: D:\a\_temp\agym-c64-38001250527-5872-u8q4q801\client\Admin\_internal\propcache\_helpers_c.cp314-win_amd64.pyd
2026-10-09 23:00:09.454   Time stamp of our file: 2026-10-09 22:57:36.000
2026-10-09 23:00:09.454   Dest file exists.
2026-10-09 23:00:09.454   Time stamp of existing file: 2026-10-09 22:57:36.000
2026-10-09 23:00:09.454   Installing the file.
2026-10-09 23:00:09.454   Successfully installed the file.
2026-10-09 23:00:09.454   -- File entry --
2026-10-09 23:00:09.454   Dest filename: D:\a\_temp\agym-c64-38001250527-5872-u8q4q801\client\Admin\_internal\pydantic-2.14.0.dist-info\INSTALLER
2026-10-09 23:00:09.454   Time stamp of our file: 2026-10-09 22:57:36.000
2026-10-09 23:00:09.454   Dest file exists.
2026-10-09 23:00:09.454   Time stamp of existing file: 2026-10-09 22:57:36.000
2026-10-09 23:00:09.454   Installing the file.
2026-10-09 23:00:09.454   Successfully installed the file.
2026-10-09 23:00:09.454   -- File entry --
2026-10-09 23:00:09.454   Dest filename: D:\a\_temp\agym-c64-38001250527-5872-u8q4q801\client\Admin\_internal\pydantic-2.14.0.dist-info\METADATA
2026-10-09 23:00:09.454   Time stamp of our file: 2026-10-09 22:57:36.000
2026-10-09 23:00:09.454   Dest file exists.
2026-10-09 23:00:09.454   Time stamp of existing file: 2026-10-09 22:57:36.000
2026-10-09 23:00:09.454   Installing the file.
2026-10-09 23:00:09.454   Successfully installed the file.
2026-10-09 23:00:09.454   -- File entry --
2026-10-09 23:00:09.454   Dest filename: D:\a\_temp\agym-c64-38001250527-5872-u8q4q801\client\Admin\_internal\pydantic-2.14.0.dist-info\RECORD
2026-10-09 23:00:09.454   Time stamp of our file: 2026-10-09 22:57:36.000
2026-10-09 23:00:09.454   Dest file exists.
2026-10-09 23:00:09.454   Time stamp of existing file: 2026-10-09 22:57:36.000
2026-10-09 23:00:09.454   Installing the file.
2026-10-09 23:00:09.454   Successfully installed the file.
2026-10-09 23:00:09.454   -- File entry --
2026-10-09 23:00:09.454   Dest filename: D:\a\_temp\agym-c64-38001250527-5872-u8q4q801\client\Admin\_internal\pydantic-2.14.0.dist-info\WHEEL
2026-10-09 23:00:09.454   Time stamp of our file: 2026-10-09 22:57:36.000
2026-10-09 23:00:09.454   Dest file exists.
2026-10-09 23:00:09.454   Time stamp of existing file: 2026-10-09 22:57:36.000
2026-10-09 23:00:09.454   Installing the file.
2026-10-09 23:00:09.454   Successfully installed the file.
2026-10-09 23:00:09.454   -- File entry --
2026-10-09 23:00:09.454   Dest filename: D:\a\_temp\agym-c64-38001250527-5872-u8q4q801\client\Admin\_internal\pydantic-2.14.0.dist-info\licenses\LICENSE
2026-10-09 23:00:09.454   Time stamp of our file: 2026-10-09 22:57:36.000
2026-10-09 23:00:09.454   Dest file exists.
2026-10-09 23:00:09.454   Time stamp of existing file: 2026-10-09 22:57:36.000
2026-10-09 23:00:09.454   Installing the file.
2026-10-09 23:00:09.454   Successfully installed the file.
2026-10-09 23:00:09.454   -- File entry --
2026-10-09 23:00:09.454   Dest filename: D:\a\_temp\agym-c64-38001250527-5872-u8q4q801\client\Admin\_internal\pydantic_core\_pydantic_core.cp314-win_amd64.pyd
2026-10-09 23:00:09.454   Time stamp of our file: 2026-10-09 22:57:36.000
2026-10-09 23:00:09.454   Dest file exists.
2026-10-09 23:00:09.454   Time stamp of existing file: 2026-10-09 22:57:36.000
2026-10-09 23:00:09.454   Installing the file.
2026-10-09 23:00:09.595   Successfully installed the file.
2026-10-09 23:00:09.595   -- File entry --
2026-10-09 23:00:09.595   Dest filename: D:\a\_temp\agym-c64-38001250527-5872-u8q4q801\client\Admin\_internal\realtime\exceptions.py
2026-10-09 23:00:09.595   Time stamp of our file: 2026-10-09 22:57:36.000
2026-10-09 23:00:09.595   Dest file exists.
2026-10-09 23:00:09.595   Time stamp of existing file: 2026-10-09 22:57:36.000
2026-10-09 23:00:09.595   Installing the file.
2026-10-09 23:00:09.595   Successfully installed the file.
2026-10-09 23:00:09.595   -- File entry --
2026-10-09 23:00:09.595   Dest filename: D:\a\_temp\agym-c64-38001250527-5872-u8q4q801\client\Admin\_internal\realtime\message.py
2026-10-09 23:00:09.595   Time stamp of our file: 2026-10-09 22:57:36.000
2026-10-09 23:00:09.595   Dest file exists.
2026-10-09 23:00:09.595   Time stamp of existing file: 2026-10-09 22:57:36.000
2026-10-09 23:00:09.595   Installing the file.
2026-10-09 23:00:09.595   Successfully installed the file.
2026-10-09 23:00:09.595   -- File entry --
2026-10-09 23:00:09.595   Dest filename: D:\a\_temp\agym-c64-38001250527-5872-u8q4q801\client\Admin\_internal\realtime\py.typed
2026-10-09 23:00:09.595   Time stamp of our file: 2026-10-09 22:57:36.000
2026-10-09 23:00:09.595   Dest file exists.
2026-10-09 23:00:09.595   Time stamp of existing file: 2026-10-09 22:57:36.000
2026-10-09 23:00:09.595   Installing the file.
2026-10-09 23:00:09.595   Successfully installed the file.
2026-10-09 23:00:09.595   -- File entry --
2026-10-09 23:00:09.595   Dest filename: D:\a\_temp\agym-c64-38001250527-5872-u8q4q801\client\Admin\_internal\realtime\transformers.py
2026-10-09 23:00:09.595   Time stamp of our file: 2026-10-09 22:57:36.000
2026-10-09 23:00:09.595   Dest file exists.
2026-10-09 23:00:09.595   Time stamp of existing file: 2026-10-09 22:57:36.000
2026-10-09 23:00:09.595   Installing the file.
2026-10-09 23:00:09.595   Successfully installed the file.
2026-10-09 23:00:09.595   -- File entry --
2026-10-09 23:00:09.595   Dest filename: D:\a\_temp\agym-c64-38001250527-5872-u8q4q801\client\Admin\_internal\realtime\types.py
2026-10-09 23:00:09.595   Time stamp of our file: 2026-10-09 22:57:36.000
2026-10-09 23:00:09.595   Dest file exists.
2026-10-09 23:00:09.595   Time stamp of existing file: 2026-10-09 22:57:36.000
2026-10-09 23:00:09.595   Installing the file.
2026-10-09 23:00:09.595   Successfully installed the file.
2026-10-09 23:00:09.595   -- File entry --
2026-10-09 23:00:09.595   Dest filename: D:\a\_temp\agym-c64-38001250527-5872-u8q4q801\client\Admin\_internal\realtime\utils.py
2026-10-09 23:00:09.595   Time stamp of our file: 2026-10-09 22:57:36.000
2026-10-09 23:00:09.595   Dest file exists.
2026-10-09 23:00:09.595   Time stamp of existing file: 2026-10-09 22:57:36.000
2026-10-09 23:00:09.595   Installing the file.
2026-10-09 23:00:09.595   Successfully installed the file.
2026-10-09 23:00:09.595   -- File entry --
2026-10-09 23:00:09.595   Dest filename: D:\a\_temp\agym-c64-38001250527-5872-u8q4q801\client\Admin\_internal\realtime\version.py
2026-10-09 23:00:09.595   Time stamp of our file: 2026-10-09 22:57:36.000
2026-10-09 23:00:09.595   Dest file exists.
2026-10-09 23:00:09.595   Time stamp of existing file: 2026-10-09 22:57:36.000
2026-10-09 23:00:09.595   Installing the file.
2026-10-09 23:00:09.595   Successfully installed the file.
2026-10-09 23:00:09.595   -- File entry --
2026-10-09 23:00:09.595   Dest filename: D:\a\_temp\agym-c64-38001250527-5872-u8q4q801\client\Admin\_internal\realtime\__init__.py
2026-10-09 23:00:09.595   Time stamp of our file: 2026-10-09 22:57:36.000
2026-10-09 23:00:09.595   Dest file exists.
2026-10-09 23:00:09.595   Time stamp of existing file: 2026-10-09 22:57:36.000
2026-10-09 23:00:09.595   Installing the file.
2026-10-09 23:00:09.595   Successfully installed the file.
2026-10-09 23:00:09.595   -- File entry --
2026-10-09 23:00:09.595   Dest filename: D:\a\_temp\agym-c64-38001250527-5872-u8q4q801\client\Admin\_internal\realtime\_async\channel.py
2026-10-09 23:00:09.595   Time stamp of our file: 2026-10-09 22:57:36.000
2026-10-09 23:00:09.595   Dest file exists.
2026-10-09 23:00:09.595   Time stamp of existing file: 2026-10-09 22:57:36.000
2026-10-09 23:00:09.595   Installing the file.
2026-10-09 23:00:09.610   Successfully installed the file.
2026-10-09 23:00:09.610   -- File entry --
2026-10-09 23:00:09.610   Dest filename: D:\a\_temp\agym-c64-38001250527-5872-u8q4q801\client\Admin\_internal\realtime\_async\client.py
2026-10-09 23:00:09.610   Time stamp of our file: 2026-10-09 22:57:36.000
2026-10-09 23:00:09.610   Dest file exists.
2026-10-09 23:00:09.610   Time stamp of existing file: 2026-10-09 22:57:36.000
2026-10-09 23:00:09.610   Installing the file.
2026-10-09 23:00:09.610   Successfully installed the file.
2026-10-09 23:00:09.610   -- File entry --
2026-10-09 23:00:09.610   Dest filename: D:\a\_temp\agym-c64-38001250527-5872-u8q4q801\client\Admin\_internal\realtime\_async\presence.py
2026-10-09 23:00:09.610   Time stamp of our file: 2026-10-09 22:57:36.000
2026-10-09 23:00:09.610   Dest file exists.
2026-10-09 23:00:09.610   Time stamp of existing file: 2026-10-09 22:57:36.000
2026-10-09 23:00:09.610   Installing the file.
2026-10-09 23:00:09.610   Successfully installed the file.
2026-10-09 23:00:09.610   -- File entry --
2026-10-09 23:00:09.610   Dest filename: D:\a\_temp\agym-c64-38001250527-5872-u8q4q801\client\Admin\_internal\realtime\_async\push.py
2026-10-09 23:00:09.610   Time stamp of our file: 2026-10-09 22:57:36.000
2026-10-09 23:00:09.610   Dest file exists.
2026-10-09 23:00:09.610   Time stamp of existing file: 2026-10-09 22:57:36.000
2026-10-09 23:00:09.610   Installing the file.
2026-10-09 23:00:09.610   Successfully installed the file.
2026-10-09 23:00:09.610   -- File entry --
2026-10-09 23:00:09.610   Dest filename: D:\a\_temp\agym-c64-38001250527-5872-u8q4q801\client\Admin\_internal\realtime\_async\timer.py
2026-10-09 23:00:09.610   Time stamp of our file: 2026-10-09 22:57:36.000
2026-10-09 23:00:09.610   Dest file exists.
2026-10-09 23:00:09.610   Time stamp of existing file: 2026-10-09 22:57:36.000
2026-10-09 23:00:09.610   Installing the file.
2026-10-09 23:00:09.610   Successfully installed the file.
2026-10-09 23:00:09.610   -- File entry --
2026-10-09 23:00:09.610   Dest filename: D:\a\_temp\agym-c64-38001250527-5872-u8q4q801\client\Admin\_internal\realtime\_async\__init__.py
2026-10-09 23:00:09.610   Time stamp of our file: 2026-10-09 22:57:36.000
2026-10-09 23:00:09.610   Dest file exists.
2026-10-09 23:00:09.610   Time stamp of existing file: 2026-10-09 22:57:36.000
2026-10-09 23:00:09.610   Installing the file.
2026-10-09 23:00:09.610   Successfully installed the file.
2026-10-09 23:00:09.610   -- File entry --
2026-10-09 23:00:09.610   Dest filename: D:\a\_temp\agym-c64-38001250527-5872-u8q4q801\client\Admin\_internal\realtime\_sync\channel.py
2026-10-09 23:00:09.610   Time stamp of our file: 2026-10-09 22:57:36.000
2026-10-09 23:00:09.610   Dest file exists.
2026-10-09 23:00:09.610   Time stamp of existing file: 2026-10-09 22:57:36.000
2026-10-09 23:00:09.610   Installing the file.
2026-10-09 23:00:09.610   Successfully installed the file.
2026-10-09 23:00:09.610   -- File entry --
2026-10-09 23:00:09.610   Dest filename: D:\a\_temp\agym-c64-38001250527-5872-u8q4q801\client\Admin\_internal\realtime\_sync\client.py
2026-10-09 23:00:09.610   Time stamp of our file: 2026-10-09 22:57:36.000
2026-10-09 23:00:09.610   Dest file exists.
2026-10-09 23:00:09.610   Time stamp of existing file: 2026-10-09 22:57:36.000
2026-10-09 23:00:09.610   Installing the file.
2026-10-09 23:00:09.610   Successfully installed the file.
2026-10-09 23:00:09.610   -- File entry --
2026-10-09 23:00:09.610   Dest filename: D:\a\_temp\agym-c64-38001250527-5872-u8q4q801\client\Admin\_internal\realtime\_sync\presence.py
2026-10-09 23:00:09.610   Time stamp of our file: 2026-10-09 22:57:36.000
2026-10-09 23:00:09.610   Dest file exists.
2026-10-09 23:00:09.610   Time stamp of existing file: 2026-10-09 22:57:36.000
2026-10-09 23:00:09.610   Installing the file.
2026-10-09 23:00:09.610   Successfully installed the file.
2026-10-09 23:00:09.610   -- File entry --
2026-10-09 23:00:09.610   Dest filename: D:\a\_temp\agym-c64-38001250527-5872-u8q4q801\client\Admin\_internal\realtime\_sync\__init__.py
2026-10-09 23:00:09.610   Time stamp of our file: 2026-10-09 22:57:36.000
2026-10-09 23:00:09.610   Dest file exists.
2026-10-09 23:00:09.610   Time stamp of existing file: 2026-10-09 22:57:36.000
2026-10-09 23:00:09.610   Installing the file.
2026-10-09 23:00:09.610   Successfully installed the file.
2026-10-09 23:00:09.610   -- File entry --
2026-10-09 23:00:09.610   Dest filename: D:\a\_temp\agym-c64-38001250527-5872-u8q4q801\client\Admin\_internal\realtime-2.31.0.dist-info\INSTALLER
2026-10-09 23:00:09.610   Time stamp of our file: 2026-10-09 22:57:36.000
2026-10-09 23:00:09.610   Dest file exists.
2026-10-09 23:00:09.610   Time stamp of existing file: 2026-10-09 22:57:36.000
2026-10-09 23:00:09.610   Installing the file.
2026-10-09 23:00:09.610   Successfully installed the file.
2026-10-09 23:00:09.610   -- File entry --
2026-10-09 23:00:09.610   Dest filename: D:\a\_temp\agym-c64-38001250527-5872-u8q4q801\client\Admin\_internal\realtime-2.31.0.dist-info\METADATA
2026-10-09 23:00:09.610   Time stamp of our file: 2026-10-09 22:57:36.000
2026-10-09 23:00:09.610   Dest file exists.
2026-10-09 23:00:09.610   Time stamp of existing file: 2026-10-09 22:57:36.000
2026-10-09 23:00:09.610   Installing the file.
2026-10-09 23:00:09.610   Successfully installed the file.
2026-10-09 23:00:09.610   -- File entry --
2026-10-09 23:00:09.610   Dest filename: D:\a\_temp\agym-c64-38001250527-5872-u8q4q801\client\Admin\_internal\realtime-2.31.0.dist-info\RECORD
2026-10-09 23:00:09.610   Time stamp of our file: 2026-10-09 22:57:36.000
2026-10-09 23:00:09.610   Dest file exists.
2026-10-09 23:00:09.610   Time stamp of existing file: 2026-10-09 22:57:36.000
2026-10-09 23:00:09.610   Installing the file.
2026-10-09 23:00:09.610   Successfully installed the file.
2026-10-09 23:00:09.610   -- File entry --
2026-10-09 23:00:09.610   Dest filename: D:\a\_temp\agym-c64-38001250527-5872-u8q4q801\client\Admin\_internal\realtime-2.31.0.dist-info\WHEEL
2026-10-09 23:00:09.610   Time stamp of our file: 2026-10-09 22:57:36.000
2026-10-09 23:00:09.610   Dest file exists.
2026-10-09 23:00:09.610   Time stamp of existing file: 2026-10-09 22:57:36.000
2026-10-09 23:00:09.610   Installing the file.
2026-10-09 23:00:09.610   Successfully installed the file.
2026-10-09 23:00:09.610   -- File entry --
2026-10-09 23:00:09.610   Dest filename: D:\a\_temp\agym-c64-38001250527-5872-u8q4q801\client\Admin\_internal\setuptools\_vendor\jaraco\text\Lorem ipsum.txt
2026-10-09 23:00:09.610   Time stamp of our file: 2026-10-09 22:57:36.000
2026-10-09 23:00:09.610   Dest file exists.
2026-10-09 23:00:09.610   Time stamp of existing file: 2026-10-09 22:57:36.000
2026-10-09 23:00:09.610   Installing the file.
2026-10-09 23:00:09.610   Successfully installed the file.
2026-10-09 23:00:09.610   -- File entry --
2026-10-09 23:00:09.610   Dest filename: D:\a\_temp\agym-c64-38001250527-5872-u8q4q801\client\Admin\_internal\supabase\client.py
2026-10-09 23:00:09.610   Time stamp of our file: 2026-10-09 22:57:36.000
2026-10-09 23:00:09.610   Dest file exists.
2026-10-09 23:00:09.610   Time stamp of existing file: 2026-10-09 22:57:36.000
2026-10-09 23:00:09.610   Installing the file.
2026-10-09 23:00:09.610   Successfully installed the file.
2026-10-09 23:00:09.610   -- File entry --
2026-10-09 23:00:09.610   Dest filename: D:\a\_temp\agym-c64-38001250527-5872-u8q4q801\client\Admin\_internal\supabase\py.typed
2026-10-09 23:00:09.610   Time stamp of our file: 2026-10-09 22:57:36.000
2026-10-09 23:00:09.610   Dest file exists.
2026-10-09 23:00:09.610   Time stamp of existing file: 2026-10-09 22:57:36.000
2026-10-09 23:00:09.610   Installing the file.
2026-10-09 23:00:09.610   Successfully installed the file.
2026-10-09 23:00:09.610   -- File entry --
2026-10-09 23:00:09.610   Dest filename: D:\a\_temp\agym-c64-38001250527-5872-u8q4q801\client\Admin\_internal\supabase\types.py
2026-10-09 23:00:09.610   Time stamp of our file: 2026-10-09 22:57:36.000
2026-10-09 23:00:09.610   Dest file exists.
2026-10-09 23:00:09.610   Time stamp of existing file: 2026-10-09 22:57:36.000
2026-10-09 23:00:09.610   Installing the file.
2026-10-09 23:00:09.610   Successfully installed the file.
2026-10-09 23:00:09.610   -- File entry --
2026-10-09 23:00:09.610   Dest filename: D:\a\_temp\agym-c64-38001250527-5872-u8q4q801\client\Admin\_internal\supabase\version.py
2026-10-09 23:00:09.610   Time stamp of our file: 2026-10-09 22:57:36.000
2026-10-09 23:00:09.610   Dest file exists.
2026-10-09 23:00:09.610   Time stamp of existing file: 2026-10-09 22:57:36.000
2026-10-09 23:00:09.610   Installing the file.
2026-10-09 23:00:09.610   Successfully installed the file.
2026-10-09 23:00:09.610   -- File entry --
2026-10-09 23:00:09.610   Dest filename: D:\a\_temp\agym-c64-38001250527-5872-u8q4q801\client\Admin\_internal\supabase\__init__.py
2026-10-09 23:00:09.610   Time stamp of our file: 2026-10-09 22:57:36.000
2026-10-09 23:00:09.610   Dest file exists.
2026-10-09 23:00:09.610   Time stamp of existing file: 2026-10-09 22:57:36.000
2026-10-09 23:00:09.610   Installing the file.
2026-10-09 23:00:09.610   Successfully installed the file.
2026-10-09 23:00:09.610   -- File entry --
2026-10-09 23:00:09.610   Dest filename: D:\a\_temp\agym-c64-38001250527-5872-u8q4q801\client\Admin\_internal\supabase\lib\client_options.py
2026-10-09 23:00:09.610   Time stamp of our file: 2026-10-09 22:57:36.000
2026-10-09 23:00:09.610   Dest file exists.
2026-10-09 23:00:09.610   Time stamp of existing file: 2026-10-09 22:57:36.000
2026-10-09 23:00:09.610   Installing the file.
2026-10-09 23:00:09.610   Successfully installed the file.
2026-10-09 23:00:09.610   -- File entry --
2026-10-09 23:00:09.610   Dest filename: D:\a\_temp\agym-c64-38001250527-5872-u8q4q801\client\Admin\_internal\supabase\lib\__init__.py
2026-10-09 23:00:09.610   Time stamp of our file: 2026-10-09 22:57:36.000
2026-10-09 23:00:09.610   Dest file exists.
2026-10-09 23:00:09.610   Time stamp of existing file: 2026-10-09 22:57:36.000
2026-10-09 23:00:09.610   Installing the file.
2026-10-09 23:00:09.610   Successfully installed the file.
2026-10-09 23:00:09.610   -- File entry --
2026-10-09 23:00:09.610   Dest filename: D:\a\_temp\agym-c64-38001250527-5872-u8q4q801\client\Admin\_internal\supabase\_async\auth_client.py
2026-10-09 23:00:09.610   Time stamp of our file: 2026-10-09 22:57:36.000
2026-10-09 23:00:09.610   Dest file exists.
2026-10-09 23:00:09.610   Time stamp of existing file: 2026-10-09 22:57:36.000
2026-10-09 23:00:09.610   Installing the file.
2026-10-09 23:00:09.610   Successfully installed the file.
2026-10-09 23:00:09.610   -- File entry --
2026-10-09 23:00:09.610   Dest filename: D:\a\_temp\agym-c64-38001250527-5872-u8q4q801\client\Admin\_internal\supabase\_async\client.py
2026-10-09 23:00:09.610   Time stamp of our file: 2026-10-09 22:57:36.000
2026-10-09 23:00:09.610   Dest file exists.
2026-10-09 23:00:09.610   Time stamp of existing file: 2026-10-09 22:57:36.000
2026-10-09 23:00:09.610   Installing the file.
2026-10-09 23:00:09.610   Successfully installed the file.
2026-10-09 23:00:09.610   -- File entry --
2026-10-09 23:00:09.610   Dest filename: D:\a\_temp\agym-c64-38001250527-5872-u8q4q801\client\Admin\_internal\supabase\_async\__init__.py
2026-10-09 23:00:09.610   Time stamp of our file: 2026-10-09 22:57:36.000
2026-10-09 23:00:09.610   Dest file exists.
2026-10-09 23:00:09.610   Time stamp of existing file: 2026-10-09 22:57:36.000
2026-10-09 23:00:09.610   Installing the file.
2026-10-09 23:00:09.610   Successfully installed the file.
2026-10-09 23:00:09.610   -- File entry --
2026-10-09 23:00:09.610   Dest filename: D:\a\_temp\agym-c64-38001250527-5872-u8q4q801\client\Admin\_internal\supabase\_sync\auth_client.py
2026-10-09 23:00:09.610   Time stamp of our file: 2026-10-09 22:57:36.000
2026-10-09 23:00:09.610   Dest file exists.
2026-10-09 23:00:09.610   Time stamp of existing file: 2026-10-09 22:57:36.000
2026-10-09 23:00:09.610   Installing the file.
2026-10-09 23:00:09.610   Successfully installed the file.
2026-10-09 23:00:09.610   -- File entry --
2026-10-09 23:00:09.610   Dest filename: D:\a\_temp\agym-c64-38001250527-5872-u8q4q801\client\Admin\_internal\supabase\_sync\client.py
2026-10-09 23:00:09.610   Time stamp of our file: 2026-10-09 22:57:36.000
2026-10-09 23:00:09.610   Dest file exists.
2026-10-09 23:00:09.610   Time stamp of existing file: 2026-10-09 22:57:36.000
2026-10-09 23:00:09.610   Installing the file.
2026-10-09 23:00:09.626   Successfully installed the file.
2026-10-09 23:00:09.626   -- File entry --
2026-10-09 23:00:09.626   Dest filename: D:\a\_temp\agym-c64-38001250527-5872-u8q4q801\client\Admin\_internal\supabase\_sync\__init__.py
2026-10-09 23:00:09.626   Time stamp of our file: 2026-10-09 22:57:36.000
2026-10-09 23:00:09.626   Dest file exists.
2026-10-09 23:00:09.626   Time stamp of existing file: 2026-10-09 22:57:36.000
2026-10-09 23:00:09.626   Installing the file.
2026-10-09 23:00:09.626   Successfully installed the file.
2026-10-09 23:00:09.626   -- File entry --
2026-10-09 23:00:09.626   Dest filename: D:\a\_temp\agym-c64-38001250527-5872-u8q4q801\client\Admin\_internal\supabase-2.31.0.dist-info\INSTALLER
2026-10-09 23:00:09.626   Time stamp of our file: 2026-10-09 22:57:36.000
2026-10-09 23:00:09.626   Dest file exists.
2026-10-09 23:00:09.626   Time stamp of existing file: 2026-10-09 22:57:36.000
2026-10-09 23:00:09.626   Installing the file.
2026-10-09 23:00:09.626   Successfully installed the file.
2026-10-09 23:00:09.626   -- File entry --
2026-10-09 23:00:09.626   Dest filename: D:\a\_temp\agym-c64-38001250527-5872-u8q4q801\client\Admin\_internal\supabase-2.31.0.dist-info\METADATA
2026-10-09 23:00:09.626   Time stamp of our file: 2026-10-09 22:57:36.000
2026-10-09 23:00:09.626   Dest file exists.
2026-10-09 23:00:09.626   Time stamp of existing file: 2026-10-09 22:57:36.000
2026-10-09 23:00:09.626   Installing the file.
2026-10-09 23:00:09.626   Successfully installed the file.
2026-10-09 23:00:09.626   -- File entry --
2026-10-09 23:00:09.626   Dest filename: D:\a\_temp\agym-c64-38001250527-5872-u8q4q801\client\Admin\_internal\supabase-2.31.0.dist-info\RECORD
2026-10-09 23:00:09.626   Time stamp of our file: 2026-10-09 22:57:36.000
2026-10-09 23:00:09.626   Dest file exists.
2026-10-09 23:00:09.626   Time stamp of existing file: 2026-10-09 22:57:36.000
2026-10-09 23:00:09.626   Installing the file.
2026-10-09 23:00:09.626   Successfully installed the file.
2026-10-09 23:00:09.626   -- File entry --
2026-10-09 23:00:09.626   Dest filename: D:\a\_temp\agym-c64-38001250527-5872-u8q4q801\client\Admin\_internal\supabase-2.31.0.dist-info\REQUESTED
2026-10-09 23:00:09.626   Time stamp of our file: 2026-10-09 22:57:36.000
2026-10-09 23:00:09.626   Dest file exists.
2026-10-09 23:00:09.626   Time stamp of existing file: 2026-10-09 22:57:36.000
2026-10-09 23:00:09.626   Installing the file.
2026-10-09 23:00:09.626   Successfully installed the file.
2026-10-09 23:00:09.626   -- File entry --
2026-10-09 23:00:09.626   Dest filename: D:\a\_temp\agym-c64-38001250527-5872-u8q4q801\client\Admin\_internal\supabase-2.31.0.dist-info\WHEEL
2026-10-09 23:00:09.626   Time stamp of our file: 2026-10-09 22:57:36.000
2026-10-09 23:00:09.626   Dest file exists.
2026-10-09 23:00:09.626   Time stamp of existing file: 2026-10-09 22:57:36.000
2026-10-09 23:00:09.626   Installing the file.
2026-10-09 23:00:09.626   Successfully installed the file.
2026-10-09 23:00:09.626   -- File entry --
2026-10-09 23:00:09.626   Dest filename: D:\a\_temp\agym-c64-38001250527-5872-u8q4q801\client\Admin\_internal\supabase-2.31.0.dist-info\licenses\LICENSE
2026-10-09 23:00:09.626   Time stamp of our file: 2026-10-09 22:57:36.000
2026-10-09 23:00:09.626   Dest file exists.
2026-10-09 23:00:09.626   Time stamp of existing file: 2026-10-09 22:57:36.000
2026-10-09 23:00:09.626   Installing the file.
2026-10-09 23:00:09.626   Successfully installed the file.
2026-10-09 23:00:09.626   -- File entry --
2026-10-09 23:00:09.626   Dest filename: D:\a\_temp\agym-c64-38001250527-5872-u8q4q801\client\Admin\_internal\supabase_auth\constants.py
2026-10-09 23:00:09.626   Time stamp of our file: 2026-10-09 22:57:36.000
2026-10-09 23:00:09.626   Dest file exists.
2026-10-09 23:00:09.626   Time stamp of existing file: 2026-10-09 22:57:36.000
2026-10-09 23:00:09.626   Installing the file.
2026-10-09 23:00:09.626   Successfully installed the file.
2026-10-09 23:00:09.626   -- File entry --
2026-10-09 23:00:09.626   Dest filename: D:\a\_temp\agym-c64-38001250527-5872-u8q4q801\client\Admin\_internal\supabase_auth\errors.py
2026-10-09 23:00:09.626   Time stamp of our file: 2026-10-09 22:57:36.000
2026-10-09 23:00:09.626   Dest file exists.
2026-10-09 23:00:09.626   Time stamp of existing file: 2026-10-09 22:57:36.000
2026-10-09 23:00:09.626   Installing the file.
2026-10-09 23:00:09.626   Successfully installed the file.
2026-10-09 23:00:09.626   -- File entry --
2026-10-09 23:00:09.626   Dest filename: D:\a\_temp\agym-c64-38001250527-5872-u8q4q801\client\Admin\_internal\supabase_auth\helpers.py
2026-10-09 23:00:09.626   Time stamp of our file: 2026-10-09 22:57:36.000
2026-10-09 23:00:09.626   Dest file exists.
2026-10-09 23:00:09.626   Time stamp of existing file: 2026-10-09 22:57:36.000
2026-10-09 23:00:09.626   Installing the file.
2026-10-09 23:00:09.626   Successfully installed the file.
2026-10-09 23:00:09.626   -- File entry --
2026-10-09 23:00:09.626   Dest filename: D:\a\_temp\agym-c64-38001250527-5872-u8q4q801\client\Admin\_internal\supabase_auth\py.typed
2026-10-09 23:00:09.626   Time stamp of our file: 2026-10-09 22:57:36.000
2026-10-09 23:00:09.626   Dest file exists.
2026-10-09 23:00:09.626   Time stamp of existing file: 2026-10-09 22:57:36.000
2026-10-09 23:00:09.626   Installing the file.
2026-10-09 23:00:09.626   Successfully installed the file.
2026-10-09 23:00:09.626   -- File entry --
2026-10-09 23:00:09.626   Dest filename: D:\a\_temp\agym-c64-38001250527-5872-u8q4q801\client\Admin\_internal\supabase_auth\timer.py
2026-10-09 23:00:09.626   Time stamp of our file: 2026-10-09 22:57:36.000
2026-10-09 23:00:09.626   Dest file exists.
2026-10-09 23:00:09.626   Time stamp of existing file: 2026-10-09 22:57:36.000
2026-10-09 23:00:09.626   Installing the file.
2026-10-09 23:00:09.626   Successfully installed the file.
2026-10-09 23:00:09.626   -- File entry --
2026-10-09 23:00:09.626   Dest filename: D:\a\_temp\agym-c64-38001250527-5872-u8q4q801\client\Admin\_internal\supabase_auth\types.py
2026-10-09 23:00:09.626   Time stamp of our file: 2026-10-09 22:57:36.000
2026-10-09 23:00:09.626   Dest file exists.
2026-10-09 23:00:09.626   Time stamp of existing file: 2026-10-09 22:57:36.000
2026-10-09 23:00:09.626   Installing the file.
2026-10-09 23:00:09.626   Successfully installed the file.
2026-10-09 23:00:09.626   -- File entry --
2026-10-09 23:00:09.626   Dest filename: D:\a\_temp\agym-c64-38001250527-5872-u8q4q801\client\Admin\_internal\supabase_auth\version.py
2026-10-09 23:00:09.626   Time stamp of our file: 2026-10-09 22:57:36.000
2026-10-09 23:00:09.626   Dest file exists.
2026-10-09 23:00:09.626   Time stamp of existing file: 2026-10-09 22:57:36.000
2026-10-09 23:00:09.626   Installing the file.
2026-10-09 23:00:09.626   Successfully installed the file.
2026-10-09 23:00:09.626   -- File entry --
2026-10-09 23:00:09.626   Dest filename: D:\a\_temp\agym-c64-38001250527-5872-u8q4q801\client\Admin\_internal\supabase_auth\__init__.py
2026-10-09 23:00:09.626   Time stamp of our file: 2026-10-09 22:57:36.000
2026-10-09 23:00:09.626   Dest file exists.
2026-10-09 23:00:09.626   Time stamp of existing file: 2026-10-09 22:57:36.000
2026-10-09 23:00:09.626   Installing the file.
2026-10-09 23:00:09.626   Successfully installed the file.
2026-10-09 23:00:09.626   -- File entry --
2026-10-09 23:00:09.626   Dest filename: D:\a\_temp\agym-c64-38001250527-5872-u8q4q801\client\Admin\_internal\supabase_auth\_async\gotrue_admin_api.py
2026-10-09 23:00:09.626   Time stamp of our file: 2026-10-09 22:57:36.000
2026-10-09 23:00:09.626   Dest file exists.
2026-10-09 23:00:09.626   Time stamp of existing file: 2026-10-09 22:57:36.000
2026-10-09 23:00:09.626   Installing the file.
2026-10-09 23:00:09.626   Successfully installed the file.
2026-10-09 23:00:09.626   -- File entry --
2026-10-09 23:00:09.626   Dest filename: D:\a\_temp\agym-c64-38001250527-5872-u8q4q801\client\Admin\_internal\supabase_auth\_async\gotrue_admin_mfa_api.py
2026-10-09 23:00:09.626   Time stamp of our file: 2026-10-09 22:57:36.000
2026-10-09 23:00:09.626   Dest file exists.
2026-10-09 23:00:09.626   Time stamp of existing file: 2026-10-09 22:57:36.000
2026-10-09 23:00:09.626   Installing the file.
2026-10-09 23:00:09.626   Successfully installed the file.
2026-10-09 23:00:09.626   -- File entry --
2026-10-09 23:00:09.626   Dest filename: D:\a\_temp\agym-c64-38001250527-5872-u8q4q801\client\Admin\_internal\supabase_auth\_async\gotrue_admin_oauth_api.py
2026-10-09 23:00:09.626   Time stamp of our file: 2026-10-09 22:57:36.000
2026-10-09 23:00:09.626   Dest file exists.
2026-10-09 23:00:09.626   Time stamp of existing file: 2026-10-09 22:57:36.000
2026-10-09 23:00:09.626   Installing the file.
2026-10-09 23:00:09.626   Successfully installed the file.
2026-10-09 23:00:09.626   -- File entry --
2026-10-09 23:00:09.626   Dest filename: D:\a\_temp\agym-c64-38001250527-5872-u8q4q801\client\Admin\_internal\supabase_auth\_async\gotrue_base_api.py
2026-10-09 23:00:09.626   Time stamp of our file: 2026-10-09 22:57:36.000
2026-10-09 23:00:09.626   Dest file exists.
2026-10-09 23:00:09.626   Time stamp of existing file: 2026-10-09 22:57:36.000
2026-10-09 23:00:09.626   Installing the file.
2026-10-09 23:00:09.626   Successfully installed the file.
2026-10-09 23:00:09.626   -- File entry --
2026-10-09 23:00:09.626   Dest filename: D:\a\_temp\agym-c64-38001250527-5872-u8q4q801\client\Admin\_internal\supabase_auth\_async\gotrue_client.py
2026-10-09 23:00:09.626   Time stamp of our file: 2026-10-09 22:57:36.000
2026-10-09 23:00:09.626   Dest file exists.
2026-10-09 23:00:09.626   Time stamp of existing file: 2026-10-09 22:57:36.000
2026-10-09 23:00:09.626   Installing the file.
2026-10-09 23:00:09.626   Successfully installed the file.
2026-10-09 23:00:09.626   -- File entry --
2026-10-09 23:00:09.626   Dest filename: D:\a\_temp\agym-c64-38001250527-5872-u8q4q801\client\Admin\_internal\supabase_auth\_async\gotrue_mfa_api.py
2026-10-09 23:00:09.626   Time stamp of our file: 2026-10-09 22:57:36.000
2026-10-09 23:00:09.626   Dest file exists.
2026-10-09 23:00:09.626   Time stamp of existing file: 2026-10-09 22:57:36.000
2026-10-09 23:00:09.626   Installing the file.
2026-10-09 23:00:09.626   Successfully installed the file.
2026-10-09 23:00:09.626   -- File entry --
2026-10-09 23:00:09.626   Dest filename: D:\a\_temp\agym-c64-38001250527-5872-u8q4q801\client\Admin\_internal\supabase_auth\_async\storage.py
2026-10-09 23:00:09.626   Time stamp of our file: 2026-10-09 22:57:36.000
2026-10-09 23:00:09.626   Dest file exists.
2026-10-09 23:00:09.626   Time stamp of existing file: 2026-10-09 22:57:36.000
2026-10-09 23:00:09.626   Installing the file.
2026-10-09 23:00:09.626   Successfully installed the file.
2026-10-09 23:00:09.626   -- File entry --
2026-10-09 23:00:09.626   Dest filename: D:\a\_temp\agym-c64-38001250527-5872-u8q4q801\client\Admin\_internal\supabase_auth\_async\__init__.py
2026-10-09 23:00:09.626   Time stamp of our file: 2026-10-09 22:57:36.000
2026-10-09 23:00:09.626   Dest file exists.
2026-10-09 23:00:09.626   Time stamp of existing file: 2026-10-09 22:57:36.000
2026-10-09 23:00:09.626   Installing the file.
2026-10-09 23:00:09.626   Successfully installed the file.
2026-10-09 23:00:09.626   -- File entry --
2026-10-09 23:00:09.626   Dest filename: D:\a\_temp\agym-c64-38001250527-5872-u8q4q801\client\Admin\_internal\supabase_auth\_sync\gotrue_admin_api.py
2026-10-09 23:00:09.626   Time stamp of our file: 2026-10-09 22:57:36.000
2026-10-09 23:00:09.626   Dest file exists.
2026-10-09 23:00:09.626   Time stamp of existing file: 2026-10-09 22:57:36.000
2026-10-09 23:00:09.626   Installing the file.
2026-10-09 23:00:09.626   Successfully installed the file.
2026-10-09 23:00:09.626   -- File entry --
2026-10-09 23:00:09.626   Dest filename: D:\a\_temp\agym-c64-38001250527-5872-u8q4q801\client\Admin\_internal\supabase_auth\_sync\gotrue_admin_mfa_api.py
2026-10-09 23:00:09.626   Time stamp of our file: 2026-10-09 22:57:36.000
2026-10-09 23:00:09.626   Dest file exists.
2026-10-09 23:00:09.642   Time stamp of existing file: 2026-10-09 22:57:36.000
2026-10-09 23:00:09.642   Installing the file.
2026-10-09 23:00:09.642   Successfully installed the file.
2026-10-09 23:00:09.642   -- File entry --
2026-10-09 23:00:09.642   Dest filename: D:\a\_temp\agym-c64-38001250527-5872-u8q4q801\client\Admin\_internal\supabase_auth\_sync\gotrue_admin_oauth_api.py
2026-10-09 23:00:09.642   Time stamp of our file: 2026-10-09 22:57:36.000
2026-10-09 23:00:09.642   Dest file exists.
2026-10-09 23:00:09.642   Time stamp of existing file: 2026-10-09 22:57:36.000
2026-10-09 23:00:09.642   Installing the file.
2026-10-09 23:00:09.642   Successfully installed the file.
2026-10-09 23:00:09.642   -- File entry --
2026-10-09 23:00:09.642   Dest filename: D:\a\_temp\agym-c64-38001250527-5872-u8q4q801\client\Admin\_internal\supabase_auth\_sync\gotrue_base_api.py
2026-10-09 23:00:09.642   Time stamp of our file: 2026-10-09 22:57:36.000
2026-10-09 23:00:09.642   Dest file exists.
2026-10-09 23:00:09.642   Time stamp of existing file: 2026-10-09 22:57:36.000
2026-10-09 23:00:09.642   Installing the file.
2026-10-09 23:00:09.642   Successfully installed the file.
2026-10-09 23:00:09.642   -- File entry --
2026-10-09 23:00:09.642   Dest filename: D:\a\_temp\agym-c64-38001250527-5872-u8q4q801\client\Admin\_internal\supabase_auth\_sync\gotrue_client.py
2026-10-09 23:00:09.642   Time stamp of our file: 2026-10-09 22:57:36.000
2026-10-09 23:00:09.642   Dest file exists.
2026-10-09 23:00:09.642   Time stamp of existing file: 2026-10-09 22:57:36.000
2026-10-09 23:00:09.642   Installing the file.
2026-10-09 23:00:09.642   Successfully installed the file.
2026-10-09 23:00:09.642   -- File entry --
2026-10-09 23:00:09.642   Dest filename: D:\a\_temp\agym-c64-38001250527-5872-u8q4q801\client\Admin\_internal\supabase_auth\_sync\gotrue_mfa_api.py
2026-10-09 23:00:09.642   Time stamp of our file: 2026-10-09 22:57:36.000
2026-10-09 23:00:09.642   Dest file exists.
2026-10-09 23:00:09.642   Time stamp of existing file: 2026-10-09 22:57:36.000
2026-10-09 23:00:09.642   Installing the file.
2026-10-09 23:00:09.642   Successfully installed the file.
2026-10-09 23:00:09.642   -- File entry --
2026-10-09 23:00:09.642   Dest filename: D:\a\_temp\agym-c64-38001250527-5872-u8q4q801\client\Admin\_internal\supabase_auth\_sync\storage.py
2026-10-09 23:00:09.642   Time stamp of our file: 2026-10-09 22:57:36.000
2026-10-09 23:00:09.642   Dest file exists.
2026-10-09 23:00:09.642   Time stamp of existing file: 2026-10-09 22:57:36.000
2026-10-09 23:00:09.642   Installing the file.
2026-10-09 23:00:09.642   Successfully installed the file.
2026-10-09 23:00:09.642   -- File entry --
2026-10-09 23:00:09.642   Dest filename: D:\a\_temp\agym-c64-38001250527-5872-u8q4q801\client\Admin\_internal\supabase_auth\_sync\__init__.py
2026-10-09 23:00:09.642   Time stamp of our file: 2026-10-09 22:57:36.000
2026-10-09 23:00:09.642   Dest file exists.
2026-10-09 23:00:09.642   Time stamp of existing file: 2026-10-09 22:57:36.000
2026-10-09 23:00:09.642   Installing the file.
2026-10-09 23:00:09.642   Successfully installed the file.
2026-10-09 23:00:09.642   -- File entry --
2026-10-09 23:00:09.642   Dest filename: D:\a\_temp\agym-c64-38001250527-5872-u8q4q801\client\Admin\_internal\supabase_auth-2.31.0.dist-info\INSTALLER
2026-10-09 23:00:09.642   Time stamp of our file: 2026-10-09 22:57:36.000
2026-10-09 23:00:09.642   Dest file exists.
2026-10-09 23:00:09.642   Time stamp of existing file: 2026-10-09 22:57:36.000
2026-10-09 23:00:09.642   Installing the file.
2026-10-09 23:00:09.642   Successfully installed the file.
2026-10-09 23:00:09.642   -- File entry --
2026-10-09 23:00:09.642   Dest filename: D:\a\_temp\agym-c64-38001250527-5872-u8q4q801\client\Admin\_internal\supabase_auth-2.31.0.dist-info\METADATA
2026-10-09 23:00:09.642   Time stamp of our file: 2026-10-09 22:57:36.000
2026-10-09 23:00:09.642   Dest file exists.
2026-10-09 23:00:09.642   Time stamp of existing file: 2026-10-09 22:57:36.000
2026-10-09 23:00:09.642   Installing the file.
2026-10-09 23:00:09.642   Successfully installed the file.
2026-10-09 23:00:09.642   -- File entry --
2026-10-09 23:00:09.642   Dest filename: D:\a\_temp\agym-c64-38001250527-5872-u8q4q801\client\Admin\_internal\supabase_auth-2.31.0.dist-info\RECORD
2026-10-09 23:00:09.642   Time stamp of our file: 2026-10-09 22:57:36.000
2026-10-09 23:00:09.642   Dest file exists.
2026-10-09 23:00:09.642   Time stamp of existing file: 2026-10-09 22:57:36.000
2026-10-09 23:00:09.642   Installing the file.
2026-10-09 23:00:09.642   Successfully installed the file.
2026-10-09 23:00:09.642   -- File entry --
2026-10-09 23:00:09.642   Dest filename: D:\a\_temp\agym-c64-38001250527-5872-u8q4q801\client\Admin\_internal\supabase_auth-2.31.0.dist-info\WHEEL
2026-10-09 23:00:09.642   Time stamp of our file: 2026-10-09 22:57:36.000
2026-10-09 23:00:09.642   Dest file exists.
2026-10-09 23:00:09.642   Time stamp of existing file: 2026-10-09 22:57:36.000
2026-10-09 23:00:09.642   Installing the file.
2026-10-09 23:00:09.642   Successfully installed the file.
2026-10-09 23:00:09.642   -- File entry --
2026-10-09 23:00:09.642   Dest filename: D:\a\_temp\agym-c64-38001250527-5872-u8q4q801\client\Admin\_internal\tzdata\zones
2026-10-09 23:00:09.642   Time stamp of our file: 2026-10-09 22:57:36.000
2026-10-09 23:00:09.642   Dest file exists.
2026-10-09 23:00:09.642   Time stamp of existing file: 2026-10-09 22:57:36.000
2026-10-09 23:00:09.642   Installing the file.
2026-10-09 23:00:09.642   Successfully installed the file.
2026-10-09 23:00:09.642   -- File entry --
2026-10-09 23:00:09.642   Dest filename: D:\a\_temp\agym-c64-38001250527-5872-u8q4q801\client\Admin\_internal\tzdata\__init__.py
2026-10-09 23:00:09.642   Time stamp of our file: 2026-10-09 22:57:36.000
2026-10-09 23:00:09.642   Dest file exists.
2026-10-09 23:00:09.642   Time stamp of existing file: 2026-10-09 22:57:36.000
2026-10-09 23:00:09.642   Installing the file.
2026-10-09 23:00:09.642   Successfully installed the file.
2026-10-09 23:00:09.642   -- File entry --
2026-10-09 23:00:09.642   Dest filename: D:\a\_temp\agym-c64-38001250527-5872-u8q4q801\client\Admin\_internal\tzdata\zoneinfo\CET
2026-10-09 23:00:09.642   Time stamp of our file: 2026-10-09 22:57:36.000
2026-10-09 23:00:09.642   Dest file exists.
2026-10-09 23:00:09.642   Time stamp of existing file: 2026-10-09 22:57:36.000
2026-10-09 23:00:09.642   Installing the file.
2026-10-09 23:00:09.642   Successfully installed the file.
2026-10-09 23:00:09.642   -- File entry --
2026-10-09 23:00:09.642   Dest filename: D:\a\_temp\agym-c64-38001250527-5872-u8q4q801\client\Admin\_internal\tzdata\zoneinfo\CST6CDT
2026-10-09 23:00:09.642   Time stamp of our file: 2026-10-09 22:57:36.000
2026-10-09 23:00:09.642   Dest file exists.
2026-10-09 23:00:09.642   Time stamp of existing file: 2026-10-09 22:57:36.000
2026-10-09 23:00:09.642   Installing the file.
2026-10-09 23:00:09.642   Successfully installed the file.
2026-10-09 23:00:09.642   -- File entry --
2026-10-09 23:00:09.642   Dest filename: D:\a\_temp\agym-c64-38001250527-5872-u8q4q801\client\Admin\_internal\tzdata\zoneinfo\Cuba
2026-10-09 23:00:09.642   Time stamp of our file: 2026-10-09 22:57:36.000
2026-10-09 23:00:09.642   Dest file exists.
2026-10-09 23:00:09.642   Time stamp of existing file: 2026-10-09 22:57:36.000
2026-10-09 23:00:09.642   Installing the file.
2026-10-09 23:00:09.642   Successfully installed the file.
2026-10-09 23:00:09.642   -- File entry --
2026-10-09 23:00:09.642   Dest filename: D:\a\_temp\agym-c64-38001250527-5872-u8q4q801\client\Admin\_internal\tzdata\zoneinfo\EET
2026-10-09 23:00:09.642   Time stamp of our file: 2026-10-09 22:57:36.000
2026-10-09 23:00:09.642   Dest file exists.
2026-10-09 23:00:09.642   Time stamp of existing file: 2026-10-09 22:57:36.000
2026-10-09 23:00:09.642   Installing the file.
2026-10-09 23:00:09.642   Successfully installed the file.
2026-10-09 23:00:09.642   -- File entry --
2026-10-09 23:00:09.642   Dest filename: D:\a\_temp\agym-c64-38001250527-5872-u8q4q801\client\Admin\_internal\tzdata\zoneinfo\Egypt
2026-10-09 23:00:09.642   Time stamp of our file: 2026-10-09 22:57:36.000
2026-10-09 23:00:09.642   Dest file exists.
2026-10-09 23:00:09.642   Time stamp of existing file: 2026-10-09 22:57:36.000
2026-10-09 23:00:09.642   Installing the file.
2026-10-09 23:00:09.642   Successfully installed the file.
2026-10-09 23:00:09.642   -- File entry --
2026-10-09 23:00:09.642   Dest filename: D:\a\_temp\agym-c64-38001250527-5872-u8q4q801\client\Admin\_internal\tzdata\zoneinfo\Eire
2026-10-09 23:00:09.642   Time stamp of our file: 2026-10-09 22:57:36.000
2026-10-09 23:00:09.642   Dest file exists.
2026-10-09 23:00:09.642   Time stamp of existing file: 2026-10-09 22:57:36.000
2026-10-09 23:00:09.642   Installing the file.
2026-10-09 23:00:09.642   Successfully installed the file.
2026-10-09 23:00:09.642   -- File entry --
2026-10-09 23:00:09.642   Dest filename: D:\a\_temp\agym-c64-38001250527-5872-u8q4q801\client\Admin\_internal\tzdata\zoneinfo\EST
2026-10-09 23:00:09.642   Time stamp of our file: 2026-10-09 22:57:36.000
2026-10-09 23:00:09.642   Dest file exists.
2026-10-09 23:00:09.642   Time stamp of existing file: 2026-10-09 22:57:36.000
2026-10-09 23:00:09.642   Installing the file.
2026-10-09 23:00:09.642   Successfully installed the file.
2026-10-09 23:00:09.642   -- File entry --
2026-10-09 23:00:09.642   Dest filename: D:\a\_temp\agym-c64-38001250527-5872-u8q4q801\client\Admin\_internal\tzdata\zoneinfo\EST5EDT
2026-10-09 23:00:09.642   Time stamp of our file: 2026-10-09 22:57:36.000
2026-10-09 23:00:09.642   Dest file exists.
2026-10-09 23:00:09.642   Time stamp of existing file: 2026-10-09 22:57:36.000
2026-10-09 23:00:09.642   Installing the file.
2026-10-09 23:00:09.642   Successfully installed the file.
2026-10-09 23:00:09.642   -- File entry --
2026-10-09 23:00:09.642   Dest filename: D:\a\_temp\agym-c64-38001250527-5872-u8q4q801\client\Admin\_internal\tzdata\zoneinfo\Factory
2026-10-09 23:00:09.642   Time stamp of our file: 2026-10-09 22:57:36.000
2026-10-09 23:00:09.642   Dest file exists.
2026-10-09 23:00:09.642   Time stamp of existing file: 2026-10-09 22:57:36.000
2026-10-09 23:00:09.642   Installing the file.
2026-10-09 23:00:09.642   Successfully installed the file.
2026-10-09 23:00:09.642   -- File entry --
2026-10-09 23:00:09.642   Dest filename: D:\a\_temp\agym-c64-38001250527-5872-u8q4q801\client\Admin\_internal\tzdata\zoneinfo\GB
2026-10-09 23:00:09.642   Time stamp of our file: 2026-10-09 22:57:36.000
2026-10-09 23:00:09.642   Dest file exists.
2026-10-09 23:00:09.642   Time stamp of existing file: 2026-10-09 22:57:36.000
2026-10-09 23:00:09.642   Installing the file.
2026-10-09 23:00:09.642   Successfully installed the file.
2026-10-09 23:00:09.642   -- File entry --
2026-10-09 23:00:09.642   Dest filename: D:\a\_temp\agym-c64-38001250527-5872-u8q4q801\client\Admin\_internal\tzdata\zoneinfo\GB-Eire
2026-10-09 23:00:09.642   Time stamp of our file: 2026-10-09 22:57:36.000
2026-10-09 23:00:09.642   Dest file exists.
2026-10-09 23:00:09.642   Time stamp of existing file: 2026-10-09 22:57:36.000
2026-10-09 23:00:09.642   Installing the file.
2026-10-09 23:00:09.642   Successfully installed the file.
2026-10-09 23:00:09.642   -- File entry --
2026-10-09 23:00:09.642   Dest filename: D:\a\_temp\agym-c64-38001250527-5872-u8q4q801\client\Admin\_internal\tzdata\zoneinfo\GMT
2026-10-09 23:00:09.642   Time stamp of our file: 2026-10-09 22:57:36.000
2026-10-09 23:00:09.642   Dest file exists.
2026-10-09 23:00:09.642   Time stamp of existing file: 2026-10-09 22:57:36.000
2026-10-09 23:00:09.642   Installing the file.
2026-10-09 23:00:09.642   Successfully installed the file.
2026-10-09 23:00:09.642   -- File entry --
2026-10-09 23:00:09.642   Dest filename: D:\a\_temp\agym-c64-38001250527-5872-u8q4q801\client\Admin\_internal\tzdata\zoneinfo\GMT+0
2026-10-09 23:00:09.642   Time stamp of our file: 2026-10-09 22:57:36.000
2026-10-09 23:00:09.642   Dest file exists.
2026-10-09 23:00:09.642   Time stamp of existing file: 2026-10-09 22:57:36.000
2026-10-09 23:00:09.642   Installing the file.
2026-10-09 23:00:09.642   Successfully installed the file.
2026-10-09 23:00:09.642   -- File entry --
2026-10-09 23:00:09.642   Dest filename: D:\a\_temp\agym-c64-38001250527-5872-u8q4q801\client\Admin\_internal\tzdata\zoneinfo\GMT-0
2026-10-09 23:00:09.642   Time stamp of our file: 2026-10-09 22:57:36.000
2026-10-09 23:00:09.642   Dest file exists.
2026-10-09 23:00:09.642   Time stamp of existing file: 2026-10-09 22:57:36.000
2026-10-09 23:00:09.642   Installing the file.
2026-10-09 23:00:09.657   Successfully installed the file.
2026-10-09 23:00:09.657   -- File entry --
2026-10-09 23:00:09.657   Dest filename: D:\a\_temp\agym-c64-38001250527-5872-u8q4q801\client\Admin\_internal\tzdata\zoneinfo\GMT0
2026-10-09 23:00:09.657   Time stamp of our file: 2026-10-09 22:57:36.000
2026-10-09 23:00:09.657   Dest file exists.
2026-10-09 23:00:09.657   Time stamp of existing file: 2026-10-09 22:57:36.000
2026-10-09 23:00:09.657   Installing the file.
2026-10-09 23:00:09.657   Successfully installed the file.
2026-10-09 23:00:09.657   -- File entry --
2026-10-09 23:00:09.657   Dest filename: D:\a\_temp\agym-c64-38001250527-5872-u8q4q801\client\Admin\_internal\tzdata\zoneinfo\Greenwich
2026-10-09 23:00:09.657   Time stamp of our file: 2026-10-09 22:57:36.000
2026-10-09 23:00:09.657   Dest file exists.
2026-10-09 23:00:09.657   Time stamp of existing file: 2026-10-09 22:57:36.000
2026-10-09 23:00:09.657   Installing the file.
2026-10-09 23:00:09.657   Successfully installed the file.
2026-10-09 23:00:09.657   -- File entry --
2026-10-09 23:00:09.657   Dest filename: D:\a\_temp\agym-c64-38001250527-5872-u8q4q801\client\Admin\_internal\tzdata\zoneinfo\Hongkong
2026-10-09 23:00:09.657   Time stamp of our file: 2026-10-09 22:57:36.000
2026-10-09 23:00:09.657   Dest file exists.
2026-10-09 23:00:09.657   Time stamp of existing file: 2026-10-09 22:57:36.000
2026-10-09 23:00:09.657   Installing the file.
2026-10-09 23:00:09.657   Successfully installed the file.
2026-10-09 23:00:09.657   -- File entry --
2026-10-09 23:00:09.657   Dest filename: D:\a\_temp\agym-c64-38001250527-5872-u8q4q801\client\Admin\_internal\tzdata\zoneinfo\HST
2026-10-09 23:00:09.657   Time stamp of our file: 2026-10-09 22:57:36.000
2026-10-09 23:00:09.657   Dest file exists.
2026-10-09 23:00:09.657   Time stamp of existing file: 2026-10-09 22:57:36.000
2026-10-09 23:00:09.657   Installing the file.
2026-10-09 23:00:09.657   Successfully installed the file.
2026-10-09 23:00:09.657   -- File entry --
2026-10-09 23:00:09.657   Dest filename: D:\a\_temp\agym-c64-38001250527-5872-u8q4q801\client\Admin\_internal\tzdata\zoneinfo\Iceland
2026-10-09 23:00:09.657   Time stamp of our file: 2026-10-09 22:57:36.000
2026-10-09 23:00:09.657   Dest file exists.
2026-10-09 23:00:09.657   Time stamp of existing file: 2026-10-09 22:57:36.000
2026-10-09 23:00:09.657   Installing the file.
2026-10-09 23:00:09.657   Successfully installed the file.
2026-10-09 23:00:09.657   -- File entry --
2026-10-09 23:00:09.657   Dest filename: D:\a\_temp\agym-c64-38001250527-5872-u8q4q801\client\Admin\_internal\tzdata\zoneinfo\Iran
2026-10-09 23:00:09.657   Time stamp of our file: 2026-10-09 22:57:36.000
2026-10-09 23:00:09.657   Dest file exists.
2026-10-09 23:00:09.657   Time stamp of existing file: 2026-10-09 22:57:36.000
2026-10-09 23:00:09.657   Installing the file.
2026-10-09 23:00:09.657   Successfully installed the file.
2026-10-09 23:00:09.657   -- File entry --
2026-10-09 23:00:09.657   Dest filename: D:\a\_temp\agym-c64-38001250527-5872-u8q4q801\client\Admin\_internal\tzdata\zoneinfo\iso3166.tab
2026-10-09 23:00:09.657   Time stamp of our file: 2026-10-09 22:57:36.000
2026-10-09 23:00:09.657   Dest file exists.
2026-10-09 23:00:09.657   Time stamp of existing file: 2026-10-09 22:57:36.000
2026-10-09 23:00:09.657   Installing the file.
2026-10-09 23:00:09.657   Successfully installed the file.
2026-10-09 23:00:09.657   -- File entry --
2026-10-09 23:00:09.657   Dest filename: D:\a\_temp\agym-c64-38001250527-5872-u8q4q801\client\Admin\_internal\tzdata\zoneinfo\Israel
2026-10-09 23:00:09.657   Time stamp of our file: 2026-10-09 22:57:36.000
2026-10-09 23:00:09.657   Dest file exists.
2026-10-09 23:00:09.657   Time stamp of existing file: 2026-10-09 22:57:36.000
2026-10-09 23:00:09.657   Installing the file.
2026-10-09 23:00:09.657   Successfully installed the file.
2026-10-09 23:00:09.657   -- File entry --
2026-10-09 23:00:09.657   Dest filename: D:\a\_temp\agym-c64-38001250527-5872-u8q4q801\client\Admin\_internal\tzdata\zoneinfo\Jamaica
2026-10-09 23:00:09.657   Time stamp of our file: 2026-10-09 22:57:36.000
2026-10-09 23:00:09.657   Dest file exists.
2026-10-09 23:00:09.657   Time stamp of existing file: 2026-10-09 22:57:36.000
2026-10-09 23:00:09.657   Installing the file.
2026-10-09 23:00:09.657   Successfully installed the file.
2026-10-09 23:00:09.657   -- File entry --
2026-10-09 23:00:09.657   Dest filename: D:\a\_temp\agym-c64-38001250527-5872-u8q4q801\client\Admin\_internal\tzdata\zoneinfo\Japan
2026-10-09 23:00:09.657   Time stamp of our file: 2026-10-09 22:57:36.000
2026-10-09 23:00:09.657   Dest file exists.
2026-10-09 23:00:09.657   Time stamp of existing file: 2026-10-09 22:57:36.000
2026-10-09 23:00:09.657   Installing the file.
2026-10-09 23:00:09.657   Successfully installed the file.
2026-10-09 23:00:09.657   -- File entry --
2026-10-09 23:00:09.657   Dest filename: D:\a\_temp\agym-c64-38001250527-5872-u8q4q801\client\Admin\_internal\tzdata\zoneinfo\Kwajalein
2026-10-09 23:00:09.657   Time stamp of our file: 2026-10-09 22:57:36.000
2026-10-09 23:00:09.657   Dest file exists.
2026-10-09 23:00:09.657   Time stamp of existing file: 2026-10-09 22:57:36.000
2026-10-09 23:00:09.657   Installing the file.
2026-10-09 23:00:09.657   Successfully installed the file.
2026-10-09 23:00:09.657   -- File entry --
2026-10-09 23:00:09.657   Dest filename: D:\a\_temp\agym-c64-38001250527-5872-u8q4q801\client\Admin\_internal\tzdata\zoneinfo\leapseconds
2026-10-09 23:00:09.657   Time stamp of our file: 2026-10-09 22:57:36.000
2026-10-09 23:00:09.657   Dest file exists.
2026-10-09 23:00:09.657   Time stamp of existing file: 2026-10-09 22:57:36.000
2026-10-09 23:00:09.657   Installing the file.
2026-10-09 23:00:09.657   Successfully installed the file.
2026-10-09 23:00:09.657   -- File entry --
2026-10-09 23:00:09.657   Dest filename: D:\a\_temp\agym-c64-38001250527-5872-u8q4q801\client\Admin\_internal\tzdata\zoneinfo\Libya
2026-10-09 23:00:09.657   Time stamp of our file: 2026-10-09 22:57:36.000
2026-10-09 23:00:09.657   Dest file exists.
2026-10-09 23:00:09.657   Time stamp of existing file: 2026-10-09 22:57:36.000
2026-10-09 23:00:09.657   Installing the file.
2026-10-09 23:00:09.657   Successfully installed the file.
2026-10-09 23:00:09.657   -- File entry --
2026-10-09 23:00:09.657   Dest filename: D:\a\_temp\agym-c64-38001250527-5872-u8q4q801\client\Admin\_internal\tzdata\zoneinfo\MET
2026-10-09 23:00:09.657   Time stamp of our file: 2026-10-09 22:57:36.000
2026-10-09 23:00:09.657   Dest file exists.
2026-10-09 23:00:09.657   Time stamp of existing file: 2026-10-09 22:57:36.000
2026-10-09 23:00:09.657   Installing the file.
2026-10-09 23:00:09.657   Successfully installed the file.
2026-10-09 23:00:09.657   -- File entry --
2026-10-09 23:00:09.657   Dest filename: D:\a\_temp\agym-c64-38001250527-5872-u8q4q801\client\Admin\_internal\tzdata\zoneinfo\MST
2026-10-09 23:00:09.657   Time stamp of our file: 2026-10-09 22:57:36.000
2026-10-09 23:00:09.657   Dest file exists.
2026-10-09 23:00:09.657   Time stamp of existing file: 2026-10-09 22:57:36.000
2026-10-09 23:00:09.657   Installing the file.
2026-10-09 23:00:09.657   Successfully installed the file.
2026-10-09 23:00:09.657   -- File entry --
2026-10-09 23:00:09.657   Dest filename: D:\a\_temp\agym-c64-38001250527-5872-u8q4q801\client\Admin\_internal\tzdata\zoneinfo\MST7MDT
2026-10-09 23:00:09.657   Time stamp of our file: 2026-10-09 22:57:36.000
2026-10-09 23:00:09.657   Dest file exists.
2026-10-09 23:00:09.657   Time stamp of existing file: 2026-10-09 22:57:36.000
2026-10-09 23:00:09.657   Installing the file.
2026-10-09 23:00:09.657   Successfully installed the file.
2026-10-09 23:00:09.657   -- File entry --
2026-10-09 23:00:09.657   Dest filename: D:\a\_temp\agym-c64-38001250527-5872-u8q4q801\client\Admin\_internal\tzdata\zoneinfo\Navajo
2026-10-09 23:00:09.657   Time stamp of our file: 2026-10-09 22:57:36.000
2026-10-09 23:00:09.657   Dest file exists.
2026-10-09 23:00:09.657   Time stamp of existing file: 2026-10-09 22:57:36.000
2026-10-09 23:00:09.657   Installing the file.
2026-10-09 23:00:09.657   Successfully installed the file.
2026-10-09 23:00:09.657   -- File entry --
2026-10-09 23:00:09.657   Dest filename: D:\a\_temp\agym-c64-38001250527-5872-u8q4q801\client\Admin\_internal\tzdata\zoneinfo\NZ
2026-10-09 23:00:09.657   Time stamp of our file: 2026-10-09 22:57:36.000
2026-10-09 23:00:09.657   Dest file exists.
2026-10-09 23:00:09.657   Time stamp of existing file: 2026-10-09 22:57:36.000
2026-10-09 23:00:09.657   Installing the file.
2026-10-09 23:00:09.657   Successfully installed the file.
2026-10-09 23:00:09.657   -- File entry --
2026-10-09 23:00:09.657   Dest filename: D:\a\_temp\agym-c64-38001250527-5872-u8q4q801\client\Admin\_internal\tzdata\zoneinfo\NZ-CHAT
2026-10-09 23:00:09.657   Time stamp of our file: 2026-10-09 22:57:36.000
2026-10-09 23:00:09.657   Dest file exists.
2026-10-09 23:00:09.657   Time stamp of existing file: 2026-10-09 22:57:36.000
2026-10-09 23:00:09.657   Installing the file.
2026-10-09 23:00:09.657   Successfully installed the file.
2026-10-09 23:00:09.657   -- File entry --
2026-10-09 23:00:09.657   Dest filename: D:\a\_temp\agym-c64-38001250527-5872-u8q4q801\client\Admin\_internal\tzdata\zoneinfo\Poland
2026-10-09 23:00:09.657   Time stamp of our file: 2026-10-09 22:57:36.000
2026-10-09 23:00:09.657   Dest file exists.
2026-10-09 23:00:09.657   Time stamp of existing file: 2026-10-09 22:57:36.000
2026-10-09 23:00:09.657   Installing the file.
2026-10-09 23:00:09.657   Successfully installed the file.
2026-10-09 23:00:09.657   -- File entry --
2026-10-09 23:00:09.657   Dest filename: D:\a\_temp\agym-c64-38001250527-5872-u8q4q801\client\Admin\_internal\tzdata\zoneinfo\Portugal
2026-10-09 23:00:09.657   Time stamp of our file: 2026-10-09 22:57:36.000
2026-10-09 23:00:09.657   Dest file exists.
2026-10-09 23:00:09.657   Time stamp of existing file: 2026-10-09 22:57:36.000
2026-10-09 23:00:09.657   Installing the file.
2026-10-09 23:00:09.657   Successfully installed the file.
2026-10-09 23:00:09.657   -- File entry --
2026-10-09 23:00:09.657   Dest filename: D:\a\_temp\agym-c64-38001250527-5872-u8q4q801\client\Admin\_internal\tzdata\zoneinfo\PRC
2026-10-09 23:00:09.657   Time stamp of our file: 2026-10-09 22:57:36.000
2026-10-09 23:00:09.657   Dest file exists.
2026-10-09 23:00:09.657   Time stamp of existing file: 2026-10-09 22:57:36.000
2026-10-09 23:00:09.657   Installing the file.
2026-10-09 23:00:09.657   Successfully installed the file.
2026-10-09 23:00:09.657   -- File entry --
2026-10-09 23:00:09.657   Dest filename: D:\a\_temp\agym-c64-38001250527-5872-u8q4q801\client\Admin\_internal\tzdata\zoneinfo\PST8PDT
2026-10-09 23:00:09.657   Time stamp of our file: 2026-10-09 22:57:36.000
2026-10-09 23:00:09.657   Dest file exists.
2026-10-09 23:00:09.657   Time stamp of existing file: 2026-10-09 22:57:36.000
2026-10-09 23:00:09.657   Installing the file.
2026-10-09 23:00:09.657   Successfully installed the file.
2026-10-09 23:00:09.657   -- File entry --
2026-10-09 23:00:09.657   Dest filename: D:\a\_temp\agym-c64-38001250527-5872-u8q4q801\client\Admin\_internal\tzdata\zoneinfo\ROC
2026-10-09 23:00:09.657   Time stamp of our file: 2026-10-09 22:57:36.000
2026-10-09 23:00:09.657   Dest file exists.
2026-10-09 23:00:09.657   Time stamp of existing file: 2026-10-09 22:57:36.000
2026-10-09 23:00:09.657   Installing the file.
2026-10-09 23:00:09.657   Successfully installed the file.
2026-10-09 23:00:09.657   -- File entry --
2026-10-09 23:00:09.657   Dest filename: D:\a\_temp\agym-c64-38001250527-5872-u8q4q801\client\Admin\_internal\tzdata\zoneinfo\ROK
2026-10-09 23:00:09.657   Time stamp of our file: 2026-10-09 22:57:36.000
2026-10-09 23:00:09.657   Dest file exists.
2026-10-09 23:00:09.657   Time stamp of existing file: 2026-10-09 22:57:36.000
2026-10-09 23:00:09.657   Installing the file.
2026-10-09 23:00:09.657   Successfully installed the file.
2026-10-09 23:00:09.657   -- File entry --
2026-10-09 23:00:09.657   Dest filename: D:\a\_temp\agym-c64-38001250527-5872-u8q4q801\client\Admin\_internal\tzdata\zoneinfo\Singapore
2026-10-09 23:00:09.657   Time stamp of our file: 2026-10-09 22:57:36.000
2026-10-09 23:00:09.657   Dest file exists.
2026-10-09 23:00:09.657   Time stamp of existing file: 2026-10-09 22:57:36.000
2026-10-09 23:00:09.657   Installing the file.
2026-10-09 23:00:09.657   Successfully installed the file.
2026-10-09 23:00:09.657   -- File entry --
2026-10-09 23:00:09.657   Dest filename: D:\a\_temp\agym-c64-38001250527-5872-u8q4q801\client\Admin\_internal\tzdata\zoneinfo\Turkey
2026-10-09 23:00:09.657   Time stamp of our file: 2026-10-09 22:57:36.000
2026-10-09 23:00:09.657   Dest file exists.
2026-10-09 23:00:09.657   Time stamp of existing file: 2026-10-09 22:57:36.000
2026-10-09 23:00:09.657   Installing the file.
2026-10-09 23:00:09.657   Successfully installed the file.
2026-10-09 23:00:09.657   -- File entry --
2026-10-09 23:00:09.657   Dest filename: D:\a\_temp\agym-c64-38001250527-5872-u8q4q801\client\Admin\_internal\tzdata\zoneinfo\tzdata.zi
2026-10-09 23:00:09.657   Time stamp of our file: 2026-10-09 22:57:36.000
2026-10-09 23:00:09.657   Dest file exists.
2026-10-09 23:00:09.657   Time stamp of existing file: 2026-10-09 22:57:36.000
2026-10-09 23:00:09.657   Installing the file.
2026-10-09 23:00:09.673   Successfully installed the file.
2026-10-09 23:00:09.673   -- File entry --
2026-10-09 23:00:09.673   Dest filename: D:\a\_temp\agym-c64-38001250527-5872-u8q4q801\client\Admin\_internal\tzdata\zoneinfo\UCT
2026-10-09 23:00:09.673   Time stamp of our file: 2026-10-09 22:57:36.000
2026-10-09 23:00:09.673   Dest file exists.
2026-10-09 23:00:09.673   Time stamp of existing file: 2026-10-09 22:57:36.000
2026-10-09 23:00:09.673   Installing the file.
2026-10-09 23:00:09.673   Successfully installed the file.
2026-10-09 23:00:09.673   -- File entry --
2026-10-09 23:00:09.673   Dest filename: D:\a\_temp\agym-c64-38001250527-5872-u8q4q801\client\Admin\_internal\tzdata\zoneinfo\Universal
2026-10-09 23:00:09.673   Time stamp of our file: 2026-10-09 22:57:36.000
2026-10-09 23:00:09.673   Dest file exists.
2026-10-09 23:00:09.673   Time stamp of existing file: 2026-10-09 22:57:36.000
2026-10-09 23:00:09.673   Installing the file.
2026-10-09 23:00:09.673   Successfully installed the file.
2026-10-09 23:00:09.673   -- File entry --
2026-10-09 23:00:09.673   Dest filename: D:\a\_temp\agym-c64-38001250527-5872-u8q4q801\client\Admin\_internal\tzdata\zoneinfo\UTC
2026-10-09 23:00:09.673   Time stamp of our file: 2026-10-09 22:57:36.000
2026-10-09 23:00:09.673   Dest file exists.
2026-10-09 23:00:09.673   Time stamp of existing file: 2026-10-09 22:57:36.000
2026-10-09 23:00:09.673   Installing the file.
2026-10-09 23:00:09.673   Successfully installed the file.
2026-10-09 23:00:09.673   -- File entry --
2026-10-09 23:00:09.673   Dest filename: D:\a\_temp\agym-c64-38001250527-5872-u8q4q801\client\Admin\_internal\tzdata\zoneinfo\W-SU
2026-10-09 23:00:09.673   Time stamp of our file: 2026-10-09 22:57:36.000
2026-10-09 23:00:09.673   Dest file exists.
2026-10-09 23:00:09.673   Time stamp of existing file: 2026-10-09 22:57:36.000
2026-10-09 23:00:09.673   Installing the file.
2026-10-09 23:00:09.673   Successfully installed the file.
2026-10-09 23:00:09.673   -- File entry --
2026-10-09 23:00:09.673   Dest filename: D:\a\_temp\agym-c64-38001250527-5872-u8q4q801\client\Admin\_internal\tzdata\zoneinfo\WET
2026-10-09 23:00:09.673   Time stamp of our file: 2026-10-09 22:57:36.000
2026-10-09 23:00:09.673   Dest file exists.
2026-10-09 23:00:09.673   Time stamp of existing file: 2026-10-09 22:57:36.000
2026-10-09 23:00:09.673   Installing the file.
2026-10-09 23:00:09.673   Successfully installed the file.
2026-10-09 23:00:09.673   -- File entry --
2026-10-09 23:00:09.673   Dest filename: D:\a\_temp\agym-c64-38001250527-5872-u8q4q801\client\Admin\_internal\tzdata\zoneinfo\zone.tab
2026-10-09 23:00:09.673   Time stamp of our file: 2026-10-09 22:57:36.000
2026-10-09 23:00:09.673   Dest file exists.
2026-10-09 23:00:09.673   Time stamp of existing file: 2026-10-09 22:57:36.000
2026-10-09 23:00:09.673   Installing the file.
2026-10-09 23:00:09.673   Successfully installed the file.
2026-10-09 23:00:09.673   -- File entry --
2026-10-09 23:00:09.673   Dest filename: D:\a\_temp\agym-c64-38001250527-5872-u8q4q801\client\Admin\_internal\tzdata\zoneinfo\zone1970.tab
2026-10-09 23:00:09.673   Time stamp of our file: 2026-10-09 22:57:36.000
2026-10-09 23:00:09.673   Dest file exists.
2026-10-09 23:00:09.673   Time stamp of existing file: 2026-10-09 22:57:36.000
2026-10-09 23:00:09.673   Installing the file.
2026-10-09 23:00:09.673   Successfully installed the file.
2026-10-09 23:00:09.673   -- File entry --
2026-10-09 23:00:09.673   Dest filename: D:\a\_temp\agym-c64-38001250527-5872-u8q4q801\client\Admin\_internal\tzdata\zoneinfo\zonenow.tab
2026-10-09 23:00:09.673   Time stamp of our file: 2026-10-09 22:57:36.000
2026-10-09 23:00:09.673   Dest file exists.
2026-10-09 23:00:09.673   Time stamp of existing file: 2026-10-09 22:57:36.000
2026-10-09 23:00:09.673   Installing the file.
2026-10-09 23:00:09.673   Successfully installed the file.
2026-10-09 23:00:09.673   -- File entry --
2026-10-09 23:00:09.673   Dest filename: D:\a\_temp\agym-c64-38001250527-5872-u8q4q801\client\Admin\_internal\tzdata\zoneinfo\Zulu
2026-10-09 23:00:09.673   Time stamp of our file: 2026-10-09 22:57:36.000
2026-10-09 23:00:09.673   Dest file exists.
2026-10-09 23:00:09.673   Time stamp of existing file: 2026-10-09 22:57:36.000
2026-10-09 23:00:09.673   Installing the file.
2026-10-09 23:00:09.673   Successfully installed the file.
2026-10-09 23:00:09.673   -- File entry --
2026-10-09 23:00:09.673   Dest filename: D:\a\_temp\agym-c64-38001250527-5872-u8q4q801\client\Admin\_internal\tzdata\zoneinfo\__init__.py
2026-10-09 23:00:09.673   Time stamp of our file: 2026-10-09 22:57:36.000
2026-10-09 23:00:09.673   Dest file exists.
2026-10-09 23:00:09.673   Time stamp of existing file: 2026-10-09 22:57:36.000
2026-10-09 23:00:09.673   Installing the file.
2026-10-09 23:00:09.673   Successfully installed the file.
2026-10-09 23:00:09.673   -- File entry --
2026-10-09 23:00:09.673   Dest filename: D:\a\_temp\agym-c64-38001250527-5872-u8q4q801\client\Admin\_internal\tzdata\zoneinfo\Africa\Abidjan
2026-10-09 23:00:09.673   Time stamp of our file: 2026-10-09 22:57:36.000
2026-10-09 23:00:09.673   Dest file exists.
2026-10-09 23:00:09.673   Time stamp of existing file: 2026-10-09 22:57:36.000
2026-10-09 23:00:09.673   Installing the file.
2026-10-09 23:00:09.673   Successfully installed the file.
2026-10-09 23:00:09.673   -- File entry --
2026-10-09 23:00:09.673   Dest filename: D:\a\_temp\agym-c64-38001250527-5872-u8q4q801\client\Admin\_internal\tzdata\zoneinfo\Africa\Accra
2026-10-09 23:00:09.673   Time stamp of our file: 2026-10-09 22:57:36.000
2026-10-09 23:00:09.673   Dest file exists.
2026-10-09 23:00:09.673   Time stamp of existing file: 2026-10-09 22:57:36.000
2026-10-09 23:00:09.673   Installing the file.
2026-10-09 23:00:09.673   Successfully installed the file.
2026-10-09 23:00:09.673   -- File entry --
2026-10-09 23:00:09.673   Dest filename: D:\a\_temp\agym-c64-38001250527-5872-u8q4q801\client\Admin\_internal\tzdata\zoneinfo\Africa\Addis_Ababa
2026-10-09 23:00:09.673   Time stamp of our file: 2026-10-09 22:57:36.000
2026-10-09 23:00:09.673   Dest file exists.
2026-10-09 23:00:09.673   Time stamp of existing file: 2026-10-09 22:57:36.000
2026-10-09 23:00:09.673   Installing the file.
2026-10-09 23:00:09.673   Successfully installed the file.
2026-10-09 23:00:09.673   -- File entry --
2026-10-09 23:00:09.673   Dest filename: D:\a\_temp\agym-c64-38001250527-5872-u8q4q801\client\Admin\_internal\tzdata\zoneinfo\Africa\Algiers
2026-10-09 23:00:09.673   Time stamp of our file: 2026-10-09 22:57:36.000
2026-10-09 23:00:09.673   Dest file exists.
2026-10-09 23:00:09.673   Time stamp of existing file: 2026-10-09 22:57:36.000
2026-10-09 23:00:09.673   Installing the file.
2026-10-09 23:00:09.673   Successfully installed the file.
2026-10-09 23:00:09.673   -- File entry --
2026-10-09 23:00:09.673   Dest filename: D:\a\_temp\agym-c64-38001250527-5872-u8q4q801\client\Admin\_internal\tzdata\zoneinfo\Africa\Asmara
2026-10-09 23:00:09.673   Time stamp of our file: 2026-10-09 22:57:36.000
2026-10-09 23:00:09.673   Dest file exists.
2026-10-09 23:00:09.673   Time stamp of existing file: 2026-10-09 22:57:36.000
2026-10-09 23:00:09.673   Installing the file.
2026-10-09 23:00:09.673   Successfully installed the file.
2026-10-09 23:00:09.673   -- File entry --
2026-10-09 23:00:09.673   Dest filename: D:\a\_temp\agym-c64-38001250527-5872-u8q4q801\client\Admin\_internal\tzdata\zoneinfo\Africa\Asmera
2026-10-09 23:00:09.673   Time stamp of our file: 2026-10-09 22:57:36.000
2026-10-09 23:00:09.673   Dest file exists.
2026-10-09 23:00:09.673   Time stamp of existing file: 2026-10-09 22:57:36.000
2026-10-09 23:00:09.673   Installing the file.
2026-10-09 23:00:09.673   Successfully installed the file.
2026-10-09 23:00:09.673   -- File entry --
2026-10-09 23:00:09.673   Dest filename: D:\a\_temp\agym-c64-38001250527-5872-u8q4q801\client\Admin\_internal\tzdata\zoneinfo\Africa\Bamako
2026-10-09 23:00:09.673   Time stamp of our file: 2026-10-09 22:57:36.000
2026-10-09 23:00:09.673   Dest file exists.
2026-10-09 23:00:09.673   Time stamp of existing file: 2026-10-09 22:57:36.000
2026-10-09 23:00:09.673   Installing the file.
2026-10-09 23:00:09.673   Successfully installed the file.
2026-10-09 23:00:09.673   -- File entry --
2026-10-09 23:00:09.673   Dest filename: D:\a\_temp\agym-c64-38001250527-5872-u8q4q801\client\Admin\_internal\tzdata\zoneinfo\Africa\Bangui
2026-10-09 23:00:09.673   Time stamp of our file: 2026-10-09 22:57:36.000
2026-10-09 23:00:09.673   Dest file exists.
2026-10-09 23:00:09.673   Time stamp of existing file: 2026-10-09 22:57:36.000
2026-10-09 23:00:09.673   Installing the file.
2026-10-09 23:00:09.673   Successfully installed the file.
2026-10-09 23:00:09.673   -- File entry --
2026-10-09 23:00:09.673   Dest filename: D:\a\_temp\agym-c64-38001250527-5872-u8q4q801\client\Admin\_internal\tzdata\zoneinfo\Africa\Banjul
2026-10-09 23:00:09.673   Time stamp of our file: 2026-10-09 22:57:36.000
2026-10-09 23:00:09.673   Dest file exists.
2026-10-09 23:00:09.673   Time stamp of existing file: 2026-10-09 22:57:36.000
2026-10-09 23:00:09.673   Installing the file.
2026-10-09 23:00:09.673   Successfully installed the file.
2026-10-09 23:00:09.673   -- File entry --
2026-10-09 23:00:09.673   Dest filename: D:\a\_temp\agym-c64-38001250527-5872-u8q4q801\client\Admin\_internal\tzdata\zoneinfo\Africa\Bissau
2026-10-09 23:00:09.673   Time stamp of our file: 2026-10-09 22:57:36.000
2026-10-09 23:00:09.673   Dest file exists.
2026-10-09 23:00:09.673   Time stamp of existing file: 2026-10-09 22:57:36.000
2026-10-09 23:00:09.673   Installing the file.
2026-10-09 23:00:09.673   Successfully installed the file.
2026-10-09 23:00:09.673   -- File entry --
2026-10-09 23:00:09.673   Dest filename: D:\a\_temp\agym-c64-38001250527-5872-u8q4q801\client\Admin\_internal\tzdata\zoneinfo\Africa\Blantyre
2026-10-09 23:00:09.673   Time stamp of our file: 2026-10-09 22:57:36.000
2026-10-09 23:00:09.673   Dest file exists.
2026-10-09 23:00:09.673   Time stamp of existing file: 2026-10-09 22:57:36.000
2026-10-09 23:00:09.673   Installing the file.
2026-10-09 23:00:09.673   Successfully installed the file.
2026-10-09 23:00:09.673   -- File entry --
2026-10-09 23:00:09.673   Dest filename: D:\a\_temp\agym-c64-38001250527-5872-u8q4q801\client\Admin\_internal\tzdata\zoneinfo\Africa\Brazzaville
2026-10-09 23:00:09.673   Time stamp of our file: 2026-10-09 22:57:36.000
2026-10-09 23:00:09.673   Dest file exists.
2026-10-09 23:00:09.673   Time stamp of existing file: 2026-10-09 22:57:36.000
2026-10-09 23:00:09.673   Installing the file.
2026-10-09 23:00:09.673   Successfully installed the file.
2026-10-09 23:00:09.673   -- File entry --
2026-10-09 23:00:09.673   Dest filename: D:\a\_temp\agym-c64-38001250527-5872-u8q4q801\client\Admin\_internal\tzdata\zoneinfo\Africa\Bujumbura
2026-10-09 23:00:09.673   Time stamp of our file: 2026-10-09 22:57:36.000
2026-10-09 23:00:09.673   Dest file exists.
2026-10-09 23:00:09.673   Time stamp of existing file: 2026-10-09 22:57:36.000
2026-10-09 23:00:09.673   Installing the file.
2026-10-09 23:00:09.688   Successfully installed the file.
2026-10-09 23:00:09.688   -- File entry --
2026-10-09 23:00:09.688   Dest filename: D:\a\_temp\agym-c64-38001250527-5872-u8q4q801\client\Admin\_internal\tzdata\zoneinfo\Africa\Cairo
2026-10-09 23:00:09.688   Time stamp of our file: 2026-10-09 22:57:36.000
2026-10-09 23:00:09.688   Dest file exists.
2026-10-09 23:00:09.688   Time stamp of existing file: 2026-10-09 22:57:36.000
2026-10-09 23:00:09.688   Installing the file.
2026-10-09 23:00:09.688   Successfully installed the file.
2026-10-09 23:00:09.688   -- File entry --
2026-10-09 23:00:09.688   Dest filename: D:\a\_temp\agym-c64-38001250527-5872-u8q4q801\client\Admin\_internal\tzdata\zoneinfo\Africa\Casablanca
2026-10-09 23:00:09.688   Time stamp of our file: 2026-10-09 22:57:36.000
2026-10-09 23:00:09.688   Dest file exists.
2026-10-09 23:00:09.688   Time stamp of existing file: 2026-10-09 22:57:36.000
2026-10-09 23:00:09.688   Installing the file.
2026-10-09 23:00:09.688   Successfully installed the file.
2026-10-09 23:00:09.688   -- File entry --
2026-10-09 23:00:09.688   Dest filename: D:\a\_temp\agym-c64-38001250527-5872-u8q4q801\client\Admin\_internal\tzdata\zoneinfo\Africa\Ceuta
2026-10-09 23:00:09.688   Time stamp of our file: 2026-10-09 22:57:36.000
2026-10-09 23:00:09.688   Dest file exists.
2026-10-09 23:00:09.688   Time stamp of existing file: 2026-10-09 22:57:36.000
2026-10-09 23:00:09.688   Installing the file.
2026-10-09 23:00:09.688   Successfully installed the file.
2026-10-09 23:00:09.688   -- File entry --
2026-10-09 23:00:09.688   Dest filename: D:\a\_temp\agym-c64-38001250527-5872-u8q4q801\client\Admin\_internal\tzdata\zoneinfo\Africa\Conakry
2026-10-09 23:00:09.688   Time stamp of our file: 2026-10-09 22:57:36.000
2026-10-09 23:00:09.688   Dest file exists.
2026-10-09 23:00:09.688   Time stamp of existing file: 2026-10-09 22:57:36.000
2026-10-09 23:00:09.688   Installing the file.
2026-10-09 23:00:09.688   Successfully installed the file.
2026-10-09 23:00:09.688   -- File entry --
2026-10-09 23:00:09.688   Dest filename: D:\a\_temp\agym-c64-38001250527-5872-u8q4q801\client\Admin\_internal\tzdata\zoneinfo\Africa\Dakar
2026-10-09 23:00:09.688   Time stamp of our file: 2026-10-09 22:57:36.000
2026-10-09 23:00:09.688   Dest file exists.
2026-10-09 23:00:09.688   Time stamp of existing file: 2026-10-09 22:57:36.000
2026-10-09 23:00:09.688   Installing the file.
2026-10-09 23:00:09.688   Successfully installed the file.
2026-10-09 23:00:09.688   -- File entry --
2026-10-09 23:00:09.688   Dest filename: D:\a\_temp\agym-c64-38001250527-5872-u8q4q801\client\Admin\_internal\tzdata\zoneinfo\Africa\Dar_es_Salaam
2026-10-09 23:00:09.688   Time stamp of our file: 2026-10-09 22:57:36.000
2026-10-09 23:00:09.688   Dest file exists.
2026-10-09 23:00:09.688   Time stamp of existing file: 2026-10-09 22:57:36.000
2026-10-09 23:00:09.688   Installing the file.
2026-10-09 23:00:09.688   Successfully installed the file.
2026-10-09 23:00:09.688   -- File entry --
2026-10-09 23:00:09.688   Dest filename: D:\a\_temp\agym-c64-38001250527-5872-u8q4q801\client\Admin\_internal\tzdata\zoneinfo\Africa\Djibouti
2026-10-09 23:00:09.688   Time stamp of our file: 2026-10-09 22:57:36.000
2026-10-09 23:00:09.688   Dest file exists.
2026-10-09 23:00:09.688   Time stamp of existing file: 2026-10-09 22:57:36.000
2026-10-09 23:00:09.688   Installing the file.
2026-10-09 23:00:09.688   Successfully installed the file.
2026-10-09 23:00:09.688   -- File entry --
2026-10-09 23:00:09.688   Dest filename: D:\a\_temp\agym-c64-38001250527-5872-u8q4q801\client\Admin\_internal\tzdata\zoneinfo\Africa\Douala
2026-10-09 23:00:09.688   Time stamp of our file: 2026-10-09 22:57:36.000
2026-10-09 23:00:09.688   Dest file exists.
2026-10-09 23:00:09.688   Time stamp of existing file: 2026-10-09 22:57:36.000
2026-10-09 23:00:09.688   Installing the file.
2026-10-09 23:00:09.688   Successfully installed the file.
2026-10-09 23:00:09.688   -- File entry --
2026-10-09 23:00:09.688   Dest filename: D:\a\_temp\agym-c64-38001250527-5872-u8q4q801\client\Admin\_internal\tzdata\zoneinfo\Africa\El_Aaiun
2026-10-09 23:00:09.688   Time stamp of our file: 2026-10-09 22:57:36.000
2026-10-09 23:00:09.688   Dest file exists.
2026-10-09 23:00:09.688   Time stamp of existing file: 2026-10-09 22:57:36.000
2026-10-09 23:00:09.688   Installing the file.
2026-10-09 23:00:09.688   Successfully installed the file.
2026-10-09 23:00:09.688   -- File entry --
2026-10-09 23:00:09.688   Dest filename: D:\a\_temp\agym-c64-38001250527-5872-u8q4q801\client\Admin\_internal\tzdata\zoneinfo\Africa\Freetown
2026-10-09 23:00:09.688   Time stamp of our file: 2026-10-09 22:57:36.000
2026-10-09 23:00:09.688   Dest file exists.
2026-10-09 23:00:09.688   Time stamp of existing file: 2026-10-09 22:57:36.000
2026-10-09 23:00:09.688   Installing the file.
2026-10-09 23:00:09.688   Successfully installed the file.
2026-10-09 23:00:09.688   -- File entry --
2026-10-09 23:00:09.688   Dest filename: D:\a\_temp\agym-c64-38001250527-5872-u8q4q801\client\Admin\_internal\tzdata\zoneinfo\Africa\Gaborone
2026-10-09 23:00:09.688   Time stamp of our file: 2026-10-09 22:57:36.000
2026-10-09 23:00:09.688   Dest file exists.
2026-10-09 23:00:09.688   Time stamp of existing file: 2026-10-09 22:57:36.000
2026-10-09 23:00:09.688   Installing the file.
2026-10-09 23:00:09.688   Successfully installed the file.
2026-10-09 23:00:09.688   -- File entry --
2026-10-09 23:00:09.688   Dest filename: D:\a\_temp\agym-c64-38001250527-5872-u8q4q801\client\Admin\_internal\tzdata\zoneinfo\Africa\Harare
2026-10-09 23:00:09.688   Time stamp of our file: 2026-10-09 22:57:36.000
2026-10-09 23:00:09.688   Dest file exists.
2026-10-09 23:00:09.688   Time stamp of existing file: 2026-10-09 22:57:36.000
2026-10-09 23:00:09.688   Installing the file.
2026-10-09 23:00:09.688   Successfully installed the file.
2026-10-09 23:00:09.688   -- File entry --
2026-10-09 23:00:09.688   Dest filename: D:\a\_temp\agym-c64-38001250527-5872-u8q4q801\client\Admin\_internal\tzdata\zoneinfo\Africa\Johannesburg
2026-10-09 23:00:09.688   Time stamp of our file: 2026-10-09 22:57:36.000
2026-10-09 23:00:09.688   Dest file exists.
2026-10-09 23:00:09.688   Time stamp of existing file: 2026-10-09 22:57:36.000
2026-10-09 23:00:09.688   Installing the file.
2026-10-09 23:00:09.688   Successfully installed the file.
2026-10-09 23:00:09.688   -- File entry --
2026-10-09 23:00:09.688   Dest filename: D:\a\_temp\agym-c64-38001250527-5872-u8q4q801\client\Admin\_internal\tzdata\zoneinfo\Africa\Juba
2026-10-09 23:00:09.688   Time stamp of our file: 2026-10-09 22:57:36.000
2026-10-09 23:00:09.688   Dest file exists.
2026-10-09 23:00:09.688   Time stamp of existing file: 2026-10-09 22:57:36.000
2026-10-09 23:00:09.688   Installing the file.
2026-10-09 23:00:09.688   Successfully installed the file.
2026-10-09 23:00:09.688   -- File entry --
2026-10-09 23:00:09.688   Dest filename: D:\a\_temp\agym-c64-38001250527-5872-u8q4q801\client\Admin\_internal\tzdata\zoneinfo\Africa\Kampala
2026-10-09 23:00:09.688   Time stamp of our file: 2026-10-09 22:57:36.000
2026-10-09 23:00:09.688   Dest file exists.
2026-10-09 23:00:09.688   Time stamp of existing file: 2026-10-09 22:57:36.000
2026-10-09 23:00:09.688   Installing the file.
2026-10-09 23:00:09.688   Successfully installed the file.
2026-10-09 23:00:09.688   -- File entry --
2026-10-09 23:00:09.688   Dest filename: D:\a\_temp\agym-c64-38001250527-5872-u8q4q801\client\Admin\_internal\tzdata\zoneinfo\Africa\Khartoum
2026-10-09 23:00:09.688   Time stamp of our file: 2026-10-09 22:57:36.000
2026-10-09 23:00:09.688   Dest file exists.
2026-10-09 23:00:09.688   Time stamp of existing file: 2026-10-09 22:57:36.000
2026-10-09 23:00:09.688   Installing the file.
2026-10-09 23:00:09.688   Successfully installed the file.
2026-10-09 23:00:09.688   -- File entry --
2026-10-09 23:00:09.688   Dest filename: D:\a\_temp\agym-c64-38001250527-5872-u8q4q801\client\Admin\_internal\tzdata\zoneinfo\Africa\Kigali
2026-10-09 23:00:09.688   Time stamp of our file: 2026-10-09 22:57:36.000
2026-10-09 23:00:09.688   Dest file exists.
2026-10-09 23:00:09.688   Time stamp of existing file: 2026-10-09 22:57:36.000
2026-10-09 23:00:09.688   Installing the file.
2026-10-09 23:00:09.688   Successfully installed the file.
2026-10-09 23:00:09.688   -- File entry --
2026-10-09 23:00:09.688   Dest filename: D:\a\_temp\agym-c64-38001250527-5872-u8q4q801\client\Admin\_internal\tzdata\zoneinfo\Africa\Kinshasa
2026-10-09 23:00:09.688   Time stamp of our file: 2026-10-09 22:57:36.000
2026-10-09 23:00:09.688   Dest file exists.
2026-10-09 23:00:09.688   Time stamp of existing file: 2026-10-09 22:57:36.000
2026-10-09 23:00:09.688   Installing the file.
2026-10-09 23:00:09.688   Successfully installed the file.
2026-10-09 23:00:09.688   -- File entry --
2026-10-09 23:00:09.688   Dest filename: D:\a\_temp\agym-c64-38001250527-5872-u8q4q801\client\Admin\_internal\tzdata\zoneinfo\Africa\Lagos
2026-10-09 23:00:09.688   Time stamp of our file: 2026-10-09 22:57:36.000
2026-10-09 23:00:09.688   Dest file exists.
2026-10-09 23:00:09.688   Time stamp of existing file: 2026-10-09 22:57:36.000
2026-10-09 23:00:09.688   Installing the file.
2026-10-09 23:00:09.688   Successfully installed the file.
2026-10-09 23:00:09.688   -- File entry --
2026-10-09 23:00:09.688   Dest filename: D:\a\_temp\agym-c64-38001250527-5872-u8q4q801\client\Admin\_internal\tzdata\zoneinfo\Africa\Libreville
2026-10-09 23:00:09.688   Time stamp of our file: 2026-10-09 22:57:36.000
2026-10-09 23:00:09.688   Dest file exists.
2026-10-09 23:00:09.688   Time stamp of existing file: 2026-10-09 22:57:36.000
2026-10-09 23:00:09.688   Installing the file.
2026-10-09 23:00:09.688   Successfully installed the file.
2026-10-09 23:00:09.688   -- File entry --
2026-10-09 23:00:09.688   Dest filename: D:\a\_temp\agym-c64-38001250527-5872-u8q4q801\client\Admin\_internal\tzdata\zoneinfo\Africa\Lome
2026-10-09 23:00:09.688   Time stamp of our file: 2026-10-09 22:57:36.000
2026-10-09 23:00:09.688   Dest file exists.
2026-10-09 23:00:09.688   Time stamp of existing file: 2026-10-09 22:57:36.000
2026-10-09 23:00:09.688   Installing the file.
2026-10-09 23:00:09.688   Successfully installed the file.
2026-10-09 23:00:09.688   -- File entry --
2026-10-09 23:00:09.688   Dest filename: D:\a\_temp\agym-c64-38001250527-5872-u8q4q801\client\Admin\_internal\tzdata\zoneinfo\Africa\Luanda
2026-10-09 23:00:09.688   Time stamp of our file: 2026-10-09 22:57:36.000
2026-10-09 23:00:09.688   Dest file exists.
2026-10-09 23:00:09.688   Time stamp of existing file: 2026-10-09 22:57:36.000
2026-10-09 23:00:09.688   Installing the file.
2026-10-09 23:00:09.688   Successfully installed the file.
2026-10-09 23:00:09.688   -- File entry --
2026-10-09 23:00:09.688   Dest filename: D:\a\_temp\agym-c64-38001250527-5872-u8q4q801\client\Admin\_internal\tzdata\zoneinfo\Africa\Lubumbashi
2026-10-09 23:00:09.688   Time stamp of our file: 2026-10-09 22:57:36.000
2026-10-09 23:00:09.688   Dest file exists.
2026-10-09 23:00:09.688   Time stamp of existing file: 2026-10-09 22:57:36.000
2026-10-09 23:00:09.688   Installing the file.
2026-10-09 23:00:09.688   Successfully installed the file.
2026-10-09 23:00:09.688   -- File entry --
2026-10-09 23:00:09.688   Dest filename: D:\a\_temp\agym-c64-38001250527-5872-u8q4q801\client\Admin\_internal\tzdata\zoneinfo\Africa\Lusaka
2026-10-09 23:00:09.688   Time stamp of our file: 2026-10-09 22:57:36.000
2026-10-09 23:00:09.688   Dest file exists.
2026-10-09 23:00:09.688   Time stamp of existing file: 2026-10-09 22:57:36.000
2026-10-09 23:00:09.688   Installing the file.
2026-10-09 23:00:09.688   Successfully installed the file.
2026-10-09 23:00:09.688   -- File entry --
2026-10-09 23:00:09.688   Dest filename: D:\a\_temp\agym-c64-38001250527-5872-u8q4q801\client\Admin\_internal\tzdata\zoneinfo\Africa\Malabo
2026-10-09 23:00:09.688   Time stamp of our file: 2026-10-09 22:57:36.000
2026-10-09 23:00:09.688   Dest file exists.
2026-10-09 23:00:09.688   Time stamp of existing file: 2026-10-09 22:57:36.000
2026-10-09 23:00:09.688   Installing the file.
2026-10-09 23:00:09.688   Successfully installed the file.
2026-10-09 23:00:09.688   -- File entry --
2026-10-09 23:00:09.688   Dest filename: D:\a\_temp\agym-c64-38001250527-5872-u8q4q801\client\Admin\_internal\tzdata\zoneinfo\Africa\Maputo
2026-10-09 23:00:09.688   Time stamp of our file: 2026-10-09 22:57:36.000
2026-10-09 23:00:09.688   Dest file exists.
2026-10-09 23:00:09.688   Time stamp of existing file: 2026-10-09 22:57:36.000
2026-10-09 23:00:09.688   Installing the file.
2026-10-09 23:00:09.688   Successfully installed the file.
2026-10-09 23:00:09.688   -- File entry --
2026-10-09 23:00:09.688   Dest filename: D:\a\_temp\agym-c64-38001250527-5872-u8q4q801\client\Admin\_internal\tzdata\zoneinfo\Africa\Maseru
2026-10-09 23:00:09.688   Time stamp of our file: 2026-10-09 22:57:36.000
2026-10-09 23:00:09.688   Dest file exists.
2026-10-09 23:00:09.688   Time stamp of existing file: 2026-10-09 22:57:36.000
2026-10-09 23:00:09.688   Installing the file.
2026-10-09 23:00:09.688   Successfully installed the file.
2026-10-09 23:00:09.688   -- File entry --
2026-10-09 23:00:09.688   Dest filename: D:\a\_temp\agym-c64-38001250527-5872-u8q4q801\client\Admin\_internal\tzdata\zoneinfo\Africa\Mbabane
2026-10-09 23:00:09.688   Time stamp of our file: 2026-10-09 22:57:36.000
2026-10-09 23:00:09.688   Dest file exists.
2026-10-09 23:00:09.688   Time stamp of existing file: 2026-10-09 22:57:36.000
2026-10-09 23:00:09.688   Installing the file.
2026-10-09 23:00:09.688   Successfully installed the file.
2026-10-09 23:00:09.688   -- File entry --
2026-10-09 23:00:09.688   Dest filename: D:\a\_temp\agym-c64-38001250527-5872-u8q4q801\client\Admin\_internal\tzdata\zoneinfo\Africa\Mogadishu
2026-10-09 23:00:09.688   Time stamp of our file: 2026-10-09 22:57:36.000
2026-10-09 23:00:09.688   Dest file exists.
2026-10-09 23:00:09.688   Time stamp of existing file: 2026-10-09 22:57:36.000
2026-10-09 23:00:09.688   Installing the file.
2026-10-09 23:00:09.704   Successfully installed the file.
2026-10-09 23:00:09.704   -- File entry --
2026-10-09 23:00:09.704   Dest filename: D:\a\_temp\agym-c64-38001250527-5872-u8q4q801\client\Admin\_internal\tzdata\zoneinfo\Africa\Monrovia
2026-10-09 23:00:09.704   Time stamp of our file: 2026-10-09 22:57:36.000
2026-10-09 23:00:09.704   Dest file exists.
2026-10-09 23:00:09.704   Time stamp of existing file: 2026-10-09 22:57:36.000
2026-10-09 23:00:09.704   Installing the file.
2026-10-09 23:00:09.704   Successfully installed the file.
2026-10-09 23:00:09.704   -- File entry --
2026-10-09 23:00:09.704   Dest filename: D:\a\_temp\agym-c64-38001250527-5872-u8q4q801\client\Admin\_internal\tzdata\zoneinfo\Africa\Nairobi
2026-10-09 23:00:09.704   Time stamp of our file: 2026-10-09 22:57:36.000
2026-10-09 23:00:09.704   Dest file exists.
2026-10-09 23:00:09.704   Time stamp of existing file: 2026-10-09 22:57:36.000
2026-10-09 23:00:09.704   Installing the file.
2026-10-09 23:00:09.704   Successfully installed the file.
2026-10-09 23:00:09.704   -- File entry --
2026-10-09 23:00:09.704   Dest filename: D:\a\_temp\agym-c64-38001250527-5872-u8q4q801\client\Admin\_internal\tzdata\zoneinfo\Africa\Ndjamena
2026-10-09 23:00:09.704   Time stamp of our file: 2026-10-09 22:57:36.000
2026-10-09 23:00:09.704   Dest file exists.
2026-10-09 23:00:09.704   Time stamp of existing file: 2026-10-09 22:57:36.000
2026-10-09 23:00:09.704   Installing the file.
2026-10-09 23:00:09.704   Successfully installed the file.
2026-10-09 23:00:09.704   -- File entry --
2026-10-09 23:00:09.704   Dest filename: D:\a\_temp\agym-c64-38001250527-5872-u8q4q801\client\Admin\_internal\tzdata\zoneinfo\Africa\Niamey
2026-10-09 23:00:09.704   Time stamp of our file: 2026-10-09 22:57:36.000
2026-10-09 23:00:09.704   Dest file exists.
2026-10-09 23:00:09.704   Time stamp of existing file: 2026-10-09 22:57:36.000
2026-10-09 23:00:09.704   Installing the file.
2026-10-09 23:00:09.704   Successfully installed the file.
2026-10-09 23:00:09.704   -- File entry --
2026-10-09 23:00:09.704   Dest filename: D:\a\_temp\agym-c64-38001250527-5872-u8q4q801\client\Admin\_internal\tzdata\zoneinfo\Africa\Nouakchott
2026-10-09 23:00:09.704   Time stamp of our file: 2026-10-09 22:57:36.000
2026-10-09 23:00:09.704   Dest file exists.
2026-10-09 23:00:09.704   Time stamp of existing file: 2026-10-09 22:57:36.000
2026-10-09 23:00:09.704   Installing the file.
2026-10-09 23:00:09.704   Successfully installed the file.
2026-10-09 23:00:09.704   -- File entry --
2026-10-09 23:00:09.704   Dest filename: D:\a\_temp\agym-c64-38001250527-5872-u8q4q801\client\Admin\_internal\tzdata\zoneinfo\Africa\Ouagadougou
2026-10-09 23:00:09.704   Time stamp of our file: 2026-10-09 22:57:36.000
2026-10-09 23:00:09.704   Dest file exists.
2026-10-09 23:00:09.704   Time stamp of existing file: 2026-10-09 22:57:36.000
2026-10-09 23:00:09.704   Installing the file.
2026-10-09 23:00:09.704   Successfully installed the file.
2026-10-09 23:00:09.704   -- File entry --
2026-10-09 23:00:09.704   Dest filename: D:\a\_temp\agym-c64-38001250527-5872-u8q4q801\client\Admin\_internal\tzdata\zoneinfo\Africa\Porto-Novo
2026-10-09 23:00:09.704   Time stamp of our file: 2026-10-09 22:57:36.000
2026-10-09 23:00:09.704   Dest file exists.
2026-10-09 23:00:09.704   Time stamp of existing file: 2026-10-09 22:57:36.000
2026-10-09 23:00:09.704   Installing the file.
2026-10-09 23:00:09.704   Successfully installed the file.
2026-10-09 23:00:09.704   -- File entry --
2026-10-09 23:00:09.704   Dest filename: D:\a\_temp\agym-c64-38001250527-5872-u8q4q801\client\Admin\_internal\tzdata\zoneinfo\Africa\Sao_Tome
2026-10-09 23:00:09.704   Time stamp of our file: 2026-10-09 22:57:36.000
2026-10-09 23:00:09.704   Dest file exists.
2026-10-09 23:00:09.704   Time stamp of existing file: 2026-10-09 22:57:36.000
2026-10-09 23:00:09.704   Installing the file.
2026-10-09 23:00:09.704   Successfully installed the file.
2026-10-09 23:00:09.704   -- File entry --
2026-10-09 23:00:09.704   Dest filename: D:\a\_temp\agym-c64-38001250527-5872-u8q4q801\client\Admin\_internal\tzdata\zoneinfo\Africa\Timbuktu
2026-10-09 23:00:09.704   Time stamp of our file: 2026-10-09 22:57:36.000
2026-10-09 23:00:09.704   Dest file exists.
2026-10-09 23:00:09.704   Time stamp of existing file: 2026-10-09 22:57:36.000
2026-10-09 23:00:09.704   Installing the file.
2026-10-09 23:00:09.704   Successfully installed the file.
2026-10-09 23:00:09.704   -- File entry --
2026-10-09 23:00:09.704   Dest filename: D:\a\_temp\agym-c64-38001250527-5872-u8q4q801\client\Admin\_internal\tzdata\zoneinfo\Africa\Tripoli
2026-10-09 23:00:09.704   Time stamp of our file: 2026-10-09 22:57:36.000
2026-10-09 23:00:09.704   Dest file exists.
2026-10-09 23:00:09.704   Time stamp of existing file: 2026-10-09 22:57:36.000
2026-10-09 23:00:09.704   Installing the file.
2026-10-09 23:00:09.704   Successfully installed the file.
2026-10-09 23:00:09.704   -- File entry --
2026-10-09 23:00:09.704   Dest filename: D:\a\_temp\agym-c64-38001250527-5872-u8q4q801\client\Admin\_internal\tzdata\zoneinfo\Africa\Tunis
2026-10-09 23:00:09.704   Time stamp of our file: 2026-10-09 22:57:36.000
2026-10-09 23:00:09.704   Dest file exists.
2026-10-09 23:00:09.704   Time stamp of existing file: 2026-10-09 22:57:36.000
2026-10-09 23:00:09.704   Installing the file.
2026-10-09 23:00:09.704   Successfully installed the file.
2026-10-09 23:00:09.704   -- File entry --
2026-10-09 23:00:09.704   Dest filename: D:\a\_temp\agym-c64-38001250527-5872-u8q4q801\client\Admin\_internal\tzdata\zoneinfo\Africa\Windhoek
2026-10-09 23:00:09.704   Time stamp of our file: 2026-10-09 22:57:36.000
2026-10-09 23:00:09.704   Dest file exists.
2026-10-09 23:00:09.704   Time stamp of existing file: 2026-10-09 22:57:36.000
2026-10-09 23:00:09.704   Installing the file.
2026-10-09 23:00:09.704   Successfully installed the file.
2026-10-09 23:00:09.704   -- File entry --
2026-10-09 23:00:09.704   Dest filename: D:\a\_temp\agym-c64-38001250527-5872-u8q4q801\client\Admin\_internal\tzdata\zoneinfo\Africa\__init__.py
2026-10-09 23:00:09.704   Time stamp of our file: 2026-10-09 22:57:36.000
2026-10-09 23:00:09.704   Dest file exists.
2026-10-09 23:00:09.704   Time stamp of existing file: 2026-10-09 22:57:36.000
2026-10-09 23:00:09.704   Installing the file.
2026-10-09 23:00:09.704   Successfully installed the file.
2026-10-09 23:00:09.704   -- File entry --
2026-10-09 23:00:09.704   Dest filename: D:\a\_temp\agym-c64-38001250527-5872-u8q4q801\client\Admin\_internal\tzdata\zoneinfo\America\Adak
2026-10-09 23:00:09.704   Time stamp of our file: 2026-10-09 22:57:36.000
2026-10-09 23:00:09.704   Dest file exists.
2026-10-09 23:00:09.704   Time stamp of existing file: 2026-10-09 22:57:36.000
2026-10-09 23:00:09.704   Installing the file.
2026-10-09 23:00:09.704   Successfully installed the file.
2026-10-09 23:00:09.704   -- File entry --
2026-10-09 23:00:09.704   Dest filename: D:\a\_temp\agym-c64-38001250527-5872-u8q4q801\client\Admin\_internal\tzdata\zoneinfo\America\Anchorage
2026-10-09 23:00:09.704   Time stamp of our file: 2026-10-09 22:57:36.000
2026-10-09 23:00:09.704   Dest file exists.
2026-10-09 23:00:09.704   Time stamp of existing file: 2026-10-09 22:57:36.000
2026-10-09 23:00:09.704   Installing the file.
2026-10-09 23:00:09.704   Successfully installed the file.
2026-10-09 23:00:09.704   -- File entry --
2026-10-09 23:00:09.704   Dest filename: D:\a\_temp\agym-c64-38001250527-5872-u8q4q801\client\Admin\_internal\tzdata\zoneinfo\America\Anguilla
2026-10-09 23:00:09.704   Time stamp of our file: 2026-10-09 22:57:36.000
2026-10-09 23:00:09.704   Dest file exists.
2026-10-09 23:00:09.704   Time stamp of existing file: 2026-10-09 22:57:36.000
2026-10-09 23:00:09.704   Installing the file.
2026-10-09 23:00:09.704   Successfully installed the file.
2026-10-09 23:00:09.704   -- File entry --
2026-10-09 23:00:09.704   Dest filename: D:\a\_temp\agym-c64-38001250527-5872-u8q4q801\client\Admin\_internal\tzdata\zoneinfo\America\Antigua
2026-10-09 23:00:09.704   Time stamp of our file: 2026-10-09 22:57:36.000
2026-10-09 23:00:09.704   Dest file exists.
2026-10-09 23:00:09.704   Time stamp of existing file: 2026-10-09 22:57:36.000
2026-10-09 23:00:09.704   Installing the file.
2026-10-09 23:00:09.704   Successfully installed the file.
2026-10-09 23:00:09.704   -- File entry --
2026-10-09 23:00:09.704   Dest filename: D:\a\_temp\agym-c64-38001250527-5872-u8q4q801\client\Admin\_internal\tzdata\zoneinfo\America\Araguaina
2026-10-09 23:00:09.704   Time stamp of our file: 2026-10-09 22:57:36.000
2026-10-09 23:00:09.704   Dest file exists.
2026-10-09 23:00:09.704   Time stamp of existing file: 2026-10-09 22:57:36.000
2026-10-09 23:00:09.704   Installing the file.
2026-10-09 23:00:09.704   Successfully installed the file.
2026-10-09 23:00:09.704   -- File entry --
2026-10-09 23:00:09.704   Dest filename: D:\a\_temp\agym-c64-38001250527-5872-u8q4q801\client\Admin\_internal\tzdata\zoneinfo\America\Aruba
2026-10-09 23:00:09.704   Time stamp of our file: 2026-10-09 22:57:36.000
2026-10-09 23:00:09.704   Dest file exists.
2026-10-09 23:00:09.704   Time stamp of existing file: 2026-10-09 22:57:36.000
2026-10-09 23:00:09.704   Installing the file.
2026-10-09 23:00:09.704   Successfully installed the file.
2026-10-09 23:00:09.704   -- File entry --
2026-10-09 23:00:09.704   Dest filename: D:\a\_temp\agym-c64-38001250527-5872-u8q4q801\client\Admin\_internal\tzdata\zoneinfo\America\Asuncion
2026-10-09 23:00:09.704   Time stamp of our file: 2026-10-09 22:57:36.000
2026-10-09 23:00:09.704   Dest file exists.
2026-10-09 23:00:09.704   Time stamp of existing file: 2026-10-09 22:57:36.000
2026-10-09 23:00:09.704   Installing the file.
2026-10-09 23:00:09.704   Successfully installed the file.
2026-10-09 23:00:09.704   -- File entry --
2026-10-09 23:00:09.704   Dest filename: D:\a\_temp\agym-c64-38001250527-5872-u8q4q801\client\Admin\_internal\tzdata\zoneinfo\America\Atikokan
2026-10-09 23:00:09.704   Time stamp of our file: 2026-10-09 22:57:36.000
2026-10-09 23:00:09.704   Dest file exists.
2026-10-09 23:00:09.704   Time stamp of existing file: 2026-10-09 22:57:36.000
2026-10-09 23:00:09.704   Installing the file.
2026-10-09 23:00:09.704   Successfully installed the file.
2026-10-09 23:00:09.704   -- File entry --
2026-10-09 23:00:09.704   Dest filename: D:\a\_temp\agym-c64-38001250527-5872-u8q4q801\client\Admin\_internal\tzdata\zoneinfo\America\Atka
2026-10-09 23:00:09.704   Time stamp of our file: 2026-10-09 22:57:36.000
2026-10-09 23:00:09.704   Dest file exists.
2026-10-09 23:00:09.704   Time stamp of existing file: 2026-10-09 22:57:36.000
2026-10-09 23:00:09.704   Installing the file.
2026-10-09 23:00:09.704   Successfully installed the file.
2026-10-09 23:00:09.704   -- File entry --
2026-10-09 23:00:09.704   Dest filename: D:\a\_temp\agym-c64-38001250527-5872-u8q4q801\client\Admin\_internal\tzdata\zoneinfo\America\Bahia
2026-10-09 23:00:09.704   Time stamp of our file: 2026-10-09 22:57:36.000
2026-10-09 23:00:09.704   Dest file exists.
2026-10-09 23:00:09.704   Time stamp of existing file: 2026-10-09 22:57:36.000
2026-10-09 23:00:09.704   Installing the file.
2026-10-09 23:00:09.704   Successfully installed the file.
2026-10-09 23:00:09.704   -- File entry --
2026-10-09 23:00:09.704   Dest filename: D:\a\_temp\agym-c64-38001250527-5872-u8q4q801\client\Admin\_internal\tzdata\zoneinfo\America\Bahia_Banderas
2026-10-09 23:00:09.704   Time stamp of our file: 2026-10-09 22:57:36.000
2026-10-09 23:00:09.704   Dest file exists.
2026-10-09 23:00:09.704   Time stamp of existing file: 2026-10-09 22:57:36.000
2026-10-09 23:00:09.704   Installing the file.
2026-10-09 23:00:09.704   Successfully installed the file.
2026-10-09 23:00:09.704   -- File entry --
2026-10-09 23:00:09.704   Dest filename: D:\a\_temp\agym-c64-38001250527-5872-u8q4q801\client\Admin\_internal\tzdata\zoneinfo\America\Barbados
2026-10-09 23:00:09.704   Time stamp of our file: 2026-10-09 22:57:36.000
2026-10-09 23:00:09.704   Dest file exists.
2026-10-09 23:00:09.704   Time stamp of existing file: 2026-10-09 22:57:36.000
2026-10-09 23:00:09.704   Installing the file.
2026-10-09 23:00:09.704   Successfully installed the file.
2026-10-09 23:00:09.704   -- File entry --
2026-10-09 23:00:09.704   Dest filename: D:\a\_temp\agym-c64-38001250527-5872-u8q4q801\client\Admin\_internal\tzdata\zoneinfo\America\Belem
2026-10-09 23:00:09.704   Time stamp of our file: 2026-10-09 22:57:36.000
2026-10-09 23:00:09.704   Dest file exists.
2026-10-09 23:00:09.704   Time stamp of existing file: 2026-10-09 22:57:36.000
2026-10-09 23:00:09.704   Installing the file.
2026-10-09 23:00:09.704   Successfully installed the file.
2026-10-09 23:00:09.704   -- File entry --
2026-10-09 23:00:09.704   Dest filename: D:\a\_temp\agym-c64-38001250527-5872-u8q4q801\client\Admin\_internal\tzdata\zoneinfo\America\Belize
2026-10-09 23:00:09.704   Time stamp of our file: 2026-10-09 22:57:36.000
2026-10-09 23:00:09.704   Dest file exists.
2026-10-09 23:00:09.704   Time stamp of existing file: 2026-10-09 22:57:36.000
2026-10-09 23:00:09.704   Installing the file.
2026-10-09 23:00:09.704   Successfully installed the file.
2026-10-09 23:00:09.704   -- File entry --
2026-10-09 23:00:09.704   Dest filename: D:\a\_temp\agym-c64-38001250527-5872-u8q4q801\client\Admin\_internal\tzdata\zoneinfo\America\Blanc-Sablon
2026-10-09 23:00:09.704   Time stamp of our file: 2026-10-09 22:57:36.000
2026-10-09 23:00:09.704   Dest file exists.
2026-10-09 23:00:09.704   Time stamp of existing file: 2026-10-09 22:57:36.000
2026-10-09 23:00:09.704   Installing the file.
2026-10-09 23:00:09.720   Successfully installed the file.
2026-10-09 23:00:09.720   -- File entry --
2026-10-09 23:00:09.720   Dest filename: D:\a\_temp\agym-c64-38001250527-5872-u8q4q801\client\Admin\_internal\tzdata\zoneinfo\America\Boa_Vista
2026-10-09 23:00:09.720   Time stamp of our file: 2026-10-09 22:57:36.000
2026-10-09 23:00:09.720   Dest file exists.
2026-10-09 23:00:09.720   Time stamp of existing file: 2026-10-09 22:57:36.000
2026-10-09 23:00:09.720   Installing the file.
2026-10-09 23:00:09.720   Successfully installed the file.
2026-10-09 23:00:09.720   -- File entry --
2026-10-09 23:00:09.720   Dest filename: D:\a\_temp\agym-c64-38001250527-5872-u8q4q801\client\Admin\_internal\tzdata\zoneinfo\America\Bogota
2026-10-09 23:00:09.720   Time stamp of our file: 2026-10-09 22:57:36.000
2026-10-09 23:00:09.720   Dest file exists.
2026-10-09 23:00:09.720   Time stamp of existing file: 2026-10-09 22:57:36.000
2026-10-09 23:00:09.720   Installing the file.
2026-10-09 23:00:09.720   Successfully installed the file.
2026-10-09 23:00:09.720   -- File entry --
2026-10-09 23:00:09.720   Dest filename: D:\a\_temp\agym-c64-38001250527-5872-u8q4q801\client\Admin\_internal\tzdata\zoneinfo\America\Boise
2026-10-09 23:00:09.720   Time stamp of our file: 2026-10-09 22:57:36.000
2026-10-09 23:00:09.720   Dest file exists.
2026-10-09 23:00:09.720   Time stamp of existing file: 2026-10-09 22:57:36.000
2026-10-09 23:00:09.720   Installing the file.
2026-10-09 23:00:09.720   Successfully installed the file.
2026-10-09 23:00:09.720   -- File entry --
2026-10-09 23:00:09.720   Dest filename: D:\a\_temp\agym-c64-38001250527-5872-u8q4q801\client\Admin\_internal\tzdata\zoneinfo\America\Buenos_Aires
2026-10-09 23:00:09.720   Time stamp of our file: 2026-10-09 22:57:36.000
2026-10-09 23:00:09.720   Dest file exists.
2026-10-09 23:00:09.720   Time stamp of existing file: 2026-10-09 22:57:36.000
2026-10-09 23:00:09.720   Installing the file.
2026-10-09 23:00:09.720   Successfully installed the file.
2026-10-09 23:00:09.720   -- File entry --
2026-10-09 23:00:09.720   Dest filename: D:\a\_temp\agym-c64-38001250527-5872-u8q4q801\client\Admin\_internal\tzdata\zoneinfo\America\Cambridge_Bay
2026-10-09 23:00:09.720   Time stamp of our file: 2026-10-09 22:57:36.000
2026-10-09 23:00:09.720   Dest file exists.
2026-10-09 23:00:09.720   Time stamp of existing file: 2026-10-09 22:57:36.000
2026-10-09 23:00:09.720   Installing the file.
2026-10-09 23:00:09.720   Successfully installed the file.
2026-10-09 23:00:09.720   -- File entry --
2026-10-09 23:00:09.720   Dest filename: D:\a\_temp\agym-c64-38001250527-5872-u8q4q801\client\Admin\_internal\tzdata\zoneinfo\America\Campo_Grande
2026-10-09 23:00:09.720   Time stamp of our file: 2026-10-09 22:57:36.000
2026-10-09 23:00:09.720   Dest file exists.
2026-10-09 23:00:09.720   Time stamp of existing file: 2026-10-09 22:57:36.000
2026-10-09 23:00:09.720   Installing the file.
2026-10-09 23:00:09.720   Successfully installed the file.
2026-10-09 23:00:09.720   -- File entry --
2026-10-09 23:00:09.720   Dest filename: D:\a\_temp\agym-c64-38001250527-5872-u8q4q801\client\Admin\_internal\tzdata\zoneinfo\America\Cancun
2026-10-09 23:00:09.720   Time stamp of our file: 2026-10-09 22:57:36.000
2026-10-09 23:00:09.720   Dest file exists.
2026-10-09 23:00:09.720   Time stamp of existing file: 2026-10-09 22:57:36.000
2026-10-09 23:00:09.720   Installing the file.
2026-10-09 23:00:09.720   Successfully installed the file.
2026-10-09 23:00:09.720   -- File entry --
2026-10-09 23:00:09.720   Dest filename: D:\a\_temp\agym-c64-38001250527-5872-u8q4q801\client\Admin\_internal\tzdata\zoneinfo\America\Caracas
2026-10-09 23:00:09.720   Time stamp of our file: 2026-10-09 22:57:36.000
2026-10-09 23:00:09.720   Dest file exists.
2026-10-09 23:00:09.720   Time stamp of existing file: 2026-10-09 22:57:36.000
2026-10-09 23:00:09.720   Installing the file.
2026-10-09 23:00:09.720   Successfully installed the file.
2026-10-09 23:00:09.720   -- File entry --
2026-10-09 23:00:09.720   Dest filename: D:\a\_temp\agym-c64-38001250527-5872-u8q4q801\client\Admin\_internal\tzdata\zoneinfo\America\Catamarca
2026-10-09 23:00:09.720   Time stamp of our file: 2026-10-09 22:57:36.000
2026-10-09 23:00:09.720   Dest file exists.
2026-10-09 23:00:09.720   Time stamp of existing file: 2026-10-09 22:57:36.000
2026-10-09 23:00:09.720   Installing the file.
2026-10-09 23:00:09.720   Successfully installed the file.
2026-10-09 23:00:09.720   -- File entry --
2026-10-09 23:00:09.720   Dest filename: D:\a\_temp\agym-c64-38001250527-5872-u8q4q801\client\Admin\_internal\tzdata\zoneinfo\America\Cayenne
2026-10-09 23:00:09.720   Time stamp of our file: 2026-10-09 22:57:36.000
2026-10-09 23:00:09.720   Dest file exists.
2026-10-09 23:00:09.720   Time stamp of existing file: 2026-10-09 22:57:36.000
2026-10-09 23:00:09.720   Installing the file.
2026-10-09 23:00:09.720   Successfully installed the file.
2026-10-09 23:00:09.720   -- File entry --
2026-10-09 23:00:09.720   Dest filename: D:\a\_temp\agym-c64-38001250527-5872-u8q4q801\client\Admin\_internal\tzdata\zoneinfo\America\Cayman
2026-10-09 23:00:09.720   Time stamp of our file: 2026-10-09 22:57:36.000
2026-10-09 23:00:09.720   Dest file exists.
2026-10-09 23:00:09.720   Time stamp of existing file: 2026-10-09 22:57:36.000
2026-10-09 23:00:09.720   Installing the file.
2026-10-09 23:00:09.720   Successfully installed the file.
2026-10-09 23:00:09.720   -- File entry --
2026-10-09 23:00:09.720   Dest filename: D:\a\_temp\agym-c64-38001250527-5872-u8q4q801\client\Admin\_internal\tzdata\zoneinfo\America\Chicago
2026-10-09 23:00:09.720   Time stamp of our file: 2026-10-09 22:57:36.000
2026-10-09 23:00:09.720   Dest file exists.
2026-10-09 23:00:09.720   Time stamp of existing file: 2026-10-09 22:57:36.000
2026-10-09 23:00:09.720   Installing the file.
2026-10-09 23:00:09.720   Successfully installed the file.
2026-10-09 23:00:09.720   -- File entry --
2026-10-09 23:00:09.720   Dest filename: D:\a\_temp\agym-c64-38001250527-5872-u8q4q801\client\Admin\_internal\tzdata\zoneinfo\America\Chihuahua
2026-10-09 23:00:09.720   Time stamp of our file: 2026-10-09 22:57:36.000
2026-10-09 23:00:09.720   Dest file exists.
2026-10-09 23:00:09.720   Time stamp of existing file: 2026-10-09 22:57:36.000
2026-10-09 23:00:09.720   Installing the file.
2026-10-09 23:00:09.720   Successfully installed the file.
2026-10-09 23:00:09.720   -- File entry --
2026-10-09 23:00:09.720   Dest filename: D:\a\_temp\agym-c64-38001250527-5872-u8q4q801\client\Admin\_internal\tzdata\zoneinfo\America\Ciudad_Juarez
2026-10-09 23:00:09.720   Time stamp of our file: 2026-10-09 22:57:36.000
2026-10-09 23:00:09.720   Dest file exists.
2026-10-09 23:00:09.720   Time stamp of existing file: 2026-10-09 22:57:36.000
2026-10-09 23:00:09.720   Installing the file.
2026-10-09 23:00:09.720   Successfully installed the file.
2026-10-09 23:00:09.720   -- File entry --
2026-10-09 23:00:09.720   Dest filename: D:\a\_temp\agym-c64-38001250527-5872-u8q4q801\client\Admin\_internal\tzdata\zoneinfo\America\Coral_Harbour
2026-10-09 23:00:09.720   Time stamp of our file: 2026-10-09 22:57:36.000
2026-10-09 23:00:09.720   Dest file exists.
2026-10-09 23:00:09.720   Time stamp of existing file: 2026-10-09 22:57:36.000
2026-10-09 23:00:09.720   Installing the file.
2026-10-09 23:00:09.720   Successfully installed the file.
2026-10-09 23:00:09.720   -- File entry --
2026-10-09 23:00:09.720   Dest filename: D:\a\_temp\agym-c64-38001250527-5872-u8q4q801\client\Admin\_internal\tzdata\zoneinfo\America\Cordoba
2026-10-09 23:00:09.720   Time stamp of our file: 2026-10-09 22:57:36.000
2026-10-09 23:00:09.720   Dest file exists.
2026-10-09 23:00:09.720   Time stamp of existing file: 2026-10-09 22:57:36.000
2026-10-09 23:00:09.720   Installing the file.
2026-10-09 23:00:09.720   Successfully installed the file.
2026-10-09 23:00:09.720   -- File entry --
2026-10-09 23:00:09.720   Dest filename: D:\a\_temp\agym-c64-38001250527-5872-u8q4q801\client\Admin\_internal\tzdata\zoneinfo\America\Costa_Rica
2026-10-09 23:00:09.720   Time stamp of our file: 2026-10-09 22:57:36.000
2026-10-09 23:00:09.720   Dest file exists.
2026-10-09 23:00:09.720   Time stamp of existing file: 2026-10-09 22:57:36.000
2026-10-09 23:00:09.720   Installing the file.
2026-10-09 23:00:09.720   Successfully installed the file.
2026-10-09 23:00:09.720   -- File entry --
2026-10-09 23:00:09.720   Dest filename: D:\a\_temp\agym-c64-38001250527-5872-u8q4q801\client\Admin\_internal\tzdata\zoneinfo\America\Coyhaique
2026-10-09 23:00:09.720   Time stamp of our file: 2026-10-09 22:57:36.000
2026-10-09 23:00:09.720   Dest file exists.
2026-10-09 23:00:09.720   Time stamp of existing file: 2026-10-09 22:57:36.000
2026-10-09 23:00:09.720   Installing the file.
2026-10-09 23:00:09.720   Successfully installed the file.
2026-10-09 23:00:09.720   -- File entry --
2026-10-09 23:00:09.720   Dest filename: D:\a\_temp\agym-c64-38001250527-5872-u8q4q801\client\Admin\_internal\tzdata\zoneinfo\America\Creston
2026-10-09 23:00:09.720   Time stamp of our file: 2026-10-09 22:57:36.000
2026-10-09 23:00:09.720   Dest file exists.
2026-10-09 23:00:09.720   Time stamp of existing file: 2026-10-09 22:57:36.000
2026-10-09 23:00:09.720   Installing the file.
2026-10-09 23:00:09.720   Successfully installed the file.
2026-10-09 23:00:09.720   -- File entry --
2026-10-09 23:00:09.720   Dest filename: D:\a\_temp\agym-c64-38001250527-5872-u8q4q801\client\Admin\_internal\tzdata\zoneinfo\America\Cuiaba
2026-10-09 23:00:09.720   Time stamp of our file: 2026-10-09 22:57:36.000
2026-10-09 23:00:09.720   Dest file exists.
2026-10-09 23:00:09.720   Time stamp of existing file: 2026-10-09 22:57:36.000
2026-10-09 23:00:09.720   Installing the file.
2026-10-09 23:00:09.720   Successfully installed the file.
2026-10-09 23:00:09.720   -- File entry --
2026-10-09 23:00:09.720   Dest filename: D:\a\_temp\agym-c64-38001250527-5872-u8q4q801\client\Admin\_internal\tzdata\zoneinfo\America\Curacao
2026-10-09 23:00:09.720   Time stamp of our file: 2026-10-09 22:57:36.000
2026-10-09 23:00:09.720   Dest file exists.
2026-10-09 23:00:09.720   Time stamp of existing file: 2026-10-09 22:57:36.000
2026-10-09 23:00:09.720   Installing the file.
2026-10-09 23:00:09.720   Successfully installed the file.
2026-10-09 23:00:09.720   -- File entry --
2026-10-09 23:00:09.720   Dest filename: D:\a\_temp\agym-c64-38001250527-5872-u8q4q801\client\Admin\_internal\tzdata\zoneinfo\America\Danmarkshavn
2026-10-09 23:00:09.720   Time stamp of our file: 2026-10-09 22:57:36.000
2026-10-09 23:00:09.720   Dest file exists.
2026-10-09 23:00:09.720   Time stamp of existing file: 2026-10-09 22:57:36.000
2026-10-09 23:00:09.720   Installing the file.
2026-10-09 23:00:09.720   Successfully installed the file.
2026-10-09 23:00:09.720   -- File entry --
2026-10-09 23:00:09.720   Dest filename: D:\a\_temp\agym-c64-38001250527-5872-u8q4q801\client\Admin\_internal\tzdata\zoneinfo\America\Dawson
2026-10-09 23:00:09.720   Time stamp of our file: 2026-10-09 22:57:36.000
2026-10-09 23:00:09.720   Dest file exists.
2026-10-09 23:00:09.720   Time stamp of existing file: 2026-10-09 22:57:36.000
2026-10-09 23:00:09.720   Installing the file.
2026-10-09 23:00:09.720   Successfully installed the file.
2026-10-09 23:00:09.720   -- File entry --
2026-10-09 23:00:09.720   Dest filename: D:\a\_temp\agym-c64-38001250527-5872-u8q4q801\client\Admin\_internal\tzdata\zoneinfo\America\Dawson_Creek
2026-10-09 23:00:09.720   Time stamp of our file: 2026-10-09 22:57:36.000
2026-10-09 23:00:09.720   Dest file exists.
2026-10-09 23:00:09.720   Time stamp of existing file: 2026-10-09 22:57:36.000
2026-10-09 23:00:09.720   Installing the file.
2026-10-09 23:00:09.720   Successfully installed the file.
2026-10-09 23:00:09.720   -- File entry --
2026-10-09 23:00:09.720   Dest filename: D:\a\_temp\agym-c64-38001250527-5872-u8q4q801\client\Admin\_internal\tzdata\zoneinfo\America\Denver
2026-10-09 23:00:09.720   Time stamp of our file: 2026-10-09 22:57:36.000
2026-10-09 23:00:09.720   Dest file exists.
2026-10-09 23:00:09.720   Time stamp of existing file: 2026-10-09 22:57:36.000
2026-10-09 23:00:09.720   Installing the file.
2026-10-09 23:00:09.720   Successfully installed the file.
2026-10-09 23:00:09.720   -- File entry --
2026-10-09 23:00:09.720   Dest filename: D:\a\_temp\agym-c64-38001250527-5872-u8q4q801\client\Admin\_internal\tzdata\zoneinfo\America\Detroit
2026-10-09 23:00:09.720   Time stamp of our file: 2026-10-09 22:57:36.000
2026-10-09 23:00:09.720   Dest file exists.
2026-10-09 23:00:09.720   Time stamp of existing file: 2026-10-09 22:57:36.000
2026-10-09 23:00:09.720   Installing the file.
2026-10-09 23:00:09.720   Successfully installed the file.
2026-10-09 23:00:09.720   -- File entry --
2026-10-09 23:00:09.720   Dest filename: D:\a\_temp\agym-c64-38001250527-5872-u8q4q801\client\Admin\_internal\tzdata\zoneinfo\America\Dominica
2026-10-09 23:00:09.720   Time stamp of our file: 2026-10-09 22:57:36.000
2026-10-09 23:00:09.720   Dest file exists.
2026-10-09 23:00:09.720   Time stamp of existing file: 2026-10-09 22:57:36.000
2026-10-09 23:00:09.720   Installing the file.
2026-10-09 23:00:09.720   Successfully installed the file.
2026-10-09 23:00:09.720   -- File entry --
2026-10-09 23:00:09.720   Dest filename: D:\a\_temp\agym-c64-38001250527-5872-u8q4q801\client\Admin\_internal\tzdata\zoneinfo\America\Edmonton
2026-10-09 23:00:09.720   Time stamp of our file: 2026-10-09 22:57:36.000
2026-10-09 23:00:09.720   Dest file exists.
2026-10-09 23:00:09.720   Time stamp of existing file: 2026-10-09 22:57:36.000
2026-10-09 23:00:09.720   Installing the file.
2026-10-09 23:00:09.735   Successfully installed the file.
2026-10-09 23:00:09.735   -- File entry --
2026-10-09 23:00:09.735   Dest filename: D:\a\_temp\agym-c64-38001250527-5872-u8q4q801\client\Admin\_internal\tzdata\zoneinfo\America\Eirunepe
2026-10-09 23:00:09.735   Time stamp of our file: 2026-10-09 22:57:36.000
2026-10-09 23:00:09.735   Dest file exists.
2026-10-09 23:00:09.735   Time stamp of existing file: 2026-10-09 22:57:36.000
2026-10-09 23:00:09.735   Installing the file.
2026-10-09 23:00:09.735   Successfully installed the file.
2026-10-09 23:00:09.735   -- File entry --
2026-10-09 23:00:09.735   Dest filename: D:\a\_temp\agym-c64-38001250527-5872-u8q4q801\client\Admin\_internal\tzdata\zoneinfo\America\El_Salvador
2026-10-09 23:00:09.735   Time stamp of our file: 2026-10-09 22:57:36.000
2026-10-09 23:00:09.735   Dest file exists.
2026-10-09 23:00:09.735   Time stamp of existing file: 2026-10-09 22:57:36.000
2026-10-09 23:00:09.735   Installing the file.
2026-10-09 23:00:09.735   Successfully installed the file.
2026-10-09 23:00:09.735   -- File entry --
2026-10-09 23:00:09.735   Dest filename: D:\a\_temp\agym-c64-38001250527-5872-u8q4q801\client\Admin\_internal\tzdata\zoneinfo\America\Ensenada
2026-10-09 23:00:09.735   Time stamp of our file: 2026-10-09 22:57:36.000
2026-10-09 23:00:09.735   Dest file exists.
2026-10-09 23:00:09.735   Time stamp of existing file: 2026-10-09 22:57:36.000
2026-10-09 23:00:09.735   Installing the file.
2026-10-09 23:00:09.735   Successfully installed the file.
2026-10-09 23:00:09.735   -- File entry --
2026-10-09 23:00:09.735   Dest filename: D:\a\_temp\agym-c64-38001250527-5872-u8q4q801\client\Admin\_internal\tzdata\zoneinfo\America\Fortaleza
2026-10-09 23:00:09.735   Time stamp of our file: 2026-10-09 22:57:36.000
2026-10-09 23:00:09.735   Dest file exists.
2026-10-09 23:00:09.735   Time stamp of existing file: 2026-10-09 22:57:36.000
2026-10-09 23:00:09.735   Installing the file.
2026-10-09 23:00:09.735   Successfully installed the file.
2026-10-09 23:00:09.735   -- File entry --
2026-10-09 23:00:09.735   Dest filename: D:\a\_temp\agym-c64-38001250527-5872-u8q4q801\client\Admin\_internal\tzdata\zoneinfo\America\Fort_Nelson
2026-10-09 23:00:09.735   Time stamp of our file: 2026-10-09 22:57:36.000
2026-10-09 23:00:09.735   Dest file exists.
2026-10-09 23:00:09.735   Time stamp of existing file: 2026-10-09 22:57:36.000
2026-10-09 23:00:09.735   Installing the file.
2026-10-09 23:00:09.735   Successfully installed the file.
2026-10-09 23:00:09.735   -- File entry --
2026-10-09 23:00:09.735   Dest filename: D:\a\_temp\agym-c64-38001250527-5872-u8q4q801\client\Admin\_internal\tzdata\zoneinfo\America\Fort_Wayne
2026-10-09 23:00:09.735   Time stamp of our file: 2026-10-09 22:57:36.000
2026-10-09 23:00:09.735   Dest file exists.
2026-10-09 23:00:09.735   Time stamp of existing file: 2026-10-09 22:57:36.000
2026-10-09 23:00:09.735   Installing the file.
2026-10-09 23:00:09.735   Successfully installed the file.
2026-10-09 23:00:09.735   -- File entry --
2026-10-09 23:00:09.735   Dest filename: D:\a\_temp\agym-c64-38001250527-5872-u8q4q801\client\Admin\_internal\tzdata\zoneinfo\America\Glace_Bay
2026-10-09 23:00:09.735   Time stamp of our file: 2026-10-09 22:57:36.000
2026-10-09 23:00:09.735   Dest file exists.
2026-10-09 23:00:09.735   Time stamp of existing file: 2026-10-09 22:57:36.000
2026-10-09 23:00:09.735   Installing the file.
2026-10-09 23:00:09.735   Successfully installed the file.
2026-10-09 23:00:09.735   -- File entry --
2026-10-09 23:00:09.735   Dest filename: D:\a\_temp\agym-c64-38001250527-5872-u8q4q801\client\Admin\_internal\tzdata\zoneinfo\America\Godthab
2026-10-09 23:00:09.735   Time stamp of our file: 2026-10-09 22:57:36.000
2026-10-09 23:00:09.735   Dest file exists.
2026-10-09 23:00:09.735   Time stamp of existing file: 2026-10-09 22:57:36.000
2026-10-09 23:00:09.735   Installing the file.
2026-10-09 23:00:09.735   Successfully installed the file.
2026-10-09 23:00:09.735   -- File entry --
2026-10-09 23:00:09.735   Dest filename: D:\a\_temp\agym-c64-38001250527-5872-u8q4q801\client\Admin\_internal\tzdata\zoneinfo\America\Goose_Bay
2026-10-09 23:00:09.735   Time stamp of our file: 2026-10-09 22:57:36.000
2026-10-09 23:00:09.735   Dest file exists.
2026-10-09 23:00:09.735   Time stamp of existing file: 2026-10-09 22:57:36.000
2026-10-09 23:00:09.735   Installing the file.
2026-10-09 23:00:09.735   Successfully installed the file.
2026-10-09 23:00:09.735   -- File entry --
2026-10-09 23:00:09.735   Dest filename: D:\a\_temp\agym-c64-38001250527-5872-u8q4q801\client\Admin\_internal\tzdata\zoneinfo\America\Grand_Turk
2026-10-09 23:00:09.735   Time stamp of our file: 2026-10-09 22:57:36.000
2026-10-09 23:00:09.735   Dest file exists.
2026-10-09 23:00:09.735   Time stamp of existing file: 2026-10-09 22:57:36.000
2026-10-09 23:00:09.735   Installing the file.
2026-10-09 23:00:09.735   Successfully installed the file.
2026-10-09 23:00:09.735   -- File entry --
2026-10-09 23:00:09.735   Dest filename: D:\a\_temp\agym-c64-38001250527-5872-u8q4q801\client\Admin\_internal\tzdata\zoneinfo\America\Grenada
2026-10-09 23:00:09.735   Time stamp of our file: 2026-10-09 22:57:36.000
2026-10-09 23:00:09.735   Dest file exists.
2026-10-09 23:00:09.735   Time stamp of existing file: 2026-10-09 22:57:36.000
2026-10-09 23:00:09.735   Installing the file.
2026-10-09 23:00:09.735   Successfully installed the file.
2026-10-09 23:00:09.735   -- File entry --
2026-10-09 23:00:09.735   Dest filename: D:\a\_temp\agym-c64-38001250527-5872-u8q4q801\client\Admin\_internal\tzdata\zoneinfo\America\Guadeloupe
2026-10-09 23:00:09.735   Time stamp of our file: 2026-10-09 22:57:36.000
2026-10-09 23:00:09.735   Dest file exists.
2026-10-09 23:00:09.735   Time stamp of existing file: 2026-10-09 22:57:36.000
2026-10-09 23:00:09.735   Installing the file.
2026-10-09 23:00:09.735   Successfully installed the file.
2026-10-09 23:00:09.735   -- File entry --
2026-10-09 23:00:09.735   Dest filename: D:\a\_temp\agym-c64-38001250527-5872-u8q4q801\client\Admin\_internal\tzdata\zoneinfo\America\Guatemala
2026-10-09 23:00:09.735   Time stamp of our file: 2026-10-09 22:57:36.000
2026-10-09 23:00:09.735   Dest file exists.
2026-10-09 23:00:09.735   Time stamp of existing file: 2026-10-09 22:57:36.000
2026-10-09 23:00:09.735   Installing the file.
2026-10-09 23:00:09.735   Successfully installed the file.
2026-10-09 23:00:09.735   -- File entry --
2026-10-09 23:00:09.735   Dest filename: D:\a\_temp\agym-c64-38001250527-5872-u8q4q801\client\Admin\_internal\tzdata\zoneinfo\America\Guayaquil
2026-10-09 23:00:09.735   Time stamp of our file: 2026-10-09 22:57:36.000
2026-10-09 23:00:09.735   Dest file exists.
2026-10-09 23:00:09.735   Time stamp of existing file: 2026-10-09 22:57:36.000
2026-10-09 23:00:09.735   Installing the file.
2026-10-09 23:00:09.735   Successfully installed the file.
2026-10-09 23:00:09.735   -- File entry --
2026-10-09 23:00:09.735   Dest filename: D:\a\_temp\agym-c64-38001250527-5872-u8q4q801\client\Admin\_internal\tzdata\zoneinfo\America\Guyana
2026-10-09 23:00:09.735   Time stamp of our file: 2026-10-09 22:57:36.000
2026-10-09 23:00:09.735   Dest file exists.
2026-10-09 23:00:09.735   Time stamp of existing file: 2026-10-09 22:57:36.000
2026-10-09 23:00:09.735   Installing the file.
2026-10-09 23:00:09.735   Successfully installed the file.
2026-10-09 23:00:09.735   -- File entry --
2026-10-09 23:00:09.735   Dest filename: D:\a\_temp\agym-c64-38001250527-5872-u8q4q801\client\Admin\_internal\tzdata\zoneinfo\America\Halifax
2026-10-09 23:00:09.735   Time stamp of our file: 2026-10-09 22:57:36.000
2026-10-09 23:00:09.735   Dest file exists.
2026-10-09 23:00:09.735   Time stamp of existing file: 2026-10-09 22:57:36.000
2026-10-09 23:00:09.735   Installing the file.
2026-10-09 23:00:09.735   Successfully installed the file.
2026-10-09 23:00:09.735   -- File entry --
2026-10-09 23:00:09.735   Dest filename: D:\a\_temp\agym-c64-38001250527-5872-u8q4q801\client\Admin\_internal\tzdata\zoneinfo\America\Havana
2026-10-09 23:00:09.735   Time stamp of our file: 2026-10-09 22:57:36.000
2026-10-09 23:00:09.735   Dest file exists.
2026-10-09 23:00:09.735   Time stamp of existing file: 2026-10-09 22:57:36.000
2026-10-09 23:00:09.735   Installing the file.
2026-10-09 23:00:09.735   Successfully installed the file.
2026-10-09 23:00:09.735   -- File entry --
2026-10-09 23:00:09.735   Dest filename: D:\a\_temp\agym-c64-38001250527-5872-u8q4q801\client\Admin\_internal\tzdata\zoneinfo\America\Hermosillo
2026-10-09 23:00:09.735   Time stamp of our file: 2026-10-09 22:57:36.000
2026-10-09 23:00:09.735   Dest file exists.
2026-10-09 23:00:09.735   Time stamp of existing file: 2026-10-09 22:57:36.000
2026-10-09 23:00:09.735   Installing the file.
2026-10-09 23:00:09.735   Successfully installed the file.
2026-10-09 23:00:09.735   -- File entry --
2026-10-09 23:00:09.735   Dest filename: D:\a\_temp\agym-c64-38001250527-5872-u8q4q801\client\Admin\_internal\tzdata\zoneinfo\America\Indianapolis
2026-10-09 23:00:09.735   Time stamp of our file: 2026-10-09 22:57:36.000
2026-10-09 23:00:09.735   Dest file exists.
2026-10-09 23:00:09.735   Time stamp of existing file: 2026-10-09 22:57:36.000
2026-10-09 23:00:09.735   Installing the file.
2026-10-09 23:00:09.735   Successfully installed the file.
2026-10-09 23:00:09.735   -- File entry --
2026-10-09 23:00:09.735   Dest filename: D:\a\_temp\agym-c64-38001250527-5872-u8q4q801\client\Admin\_internal\tzdata\zoneinfo\America\Inuvik
2026-10-09 23:00:09.735   Time stamp of our file: 2026-10-09 22:57:36.000
2026-10-09 23:00:09.735   Dest file exists.
2026-10-09 23:00:09.735   Time stamp of existing file: 2026-10-09 22:57:36.000
2026-10-09 23:00:09.735   Installing the file.
2026-10-09 23:00:09.735   Successfully installed the file.
2026-10-09 23:00:09.735   -- File entry --
2026-10-09 23:00:09.735   Dest filename: D:\a\_temp\agym-c64-38001250527-5872-u8q4q801\client\Admin\_internal\tzdata\zoneinfo\America\Iqaluit
2026-10-09 23:00:09.735   Time stamp of our file: 2026-10-09 22:57:36.000
2026-10-09 23:00:09.735   Dest file exists.
2026-10-09 23:00:09.735   Time stamp of existing file: 2026-10-09 22:57:36.000
2026-10-09 23:00:09.735   Installing the file.
2026-10-09 23:00:09.735   Successfully installed the file.
2026-10-09 23:00:09.735   -- File entry --
2026-10-09 23:00:09.735   Dest filename: D:\a\_temp\agym-c64-38001250527-5872-u8q4q801\client\Admin\_internal\tzdata\zoneinfo\America\Jamaica
2026-10-09 23:00:09.735   Time stamp of our file: 2026-10-09 22:57:36.000
2026-10-09 23:00:09.735   Dest file exists.
2026-10-09 23:00:09.735   Time stamp of existing file: 2026-10-09 22:57:36.000
2026-10-09 23:00:09.735   Installing the file.
2026-10-09 23:00:09.735   Successfully installed the file.
2026-10-09 23:00:09.735   -- File entry --
2026-10-09 23:00:09.735   Dest filename: D:\a\_temp\agym-c64-38001250527-5872-u8q4q801\client\Admin\_internal\tzdata\zoneinfo\America\Jujuy
2026-10-09 23:00:09.735   Time stamp of our file: 2026-10-09 22:57:36.000
2026-10-09 23:00:09.735   Dest file exists.
2026-10-09 23:00:09.735   Time stamp of existing file: 2026-10-09 22:57:36.000
2026-10-09 23:00:09.735   Installing the file.
2026-10-09 23:00:09.735   Successfully installed the file.
2026-10-09 23:00:09.735   -- File entry --
2026-10-09 23:00:09.735   Dest filename: D:\a\_temp\agym-c64-38001250527-5872-u8q4q801\client\Admin\_internal\tzdata\zoneinfo\America\Juneau
2026-10-09 23:00:09.735   Time stamp of our file: 2026-10-09 22:57:36.000
2026-10-09 23:00:09.735   Dest file exists.
2026-10-09 23:00:09.735   Time stamp of existing file: 2026-10-09 22:57:36.000
2026-10-09 23:00:09.735   Installing the file.
2026-10-09 23:00:09.735   Successfully installed the file.
2026-10-09 23:00:09.735   -- File entry --
2026-10-09 23:00:09.735   Dest filename: D:\a\_temp\agym-c64-38001250527-5872-u8q4q801\client\Admin\_internal\tzdata\zoneinfo\America\Knox_IN
2026-10-09 23:00:09.735   Time stamp of our file: 2026-10-09 22:57:36.000
2026-10-09 23:00:09.735   Dest file exists.
2026-10-09 23:00:09.735   Time stamp of existing file: 2026-10-09 22:57:36.000
2026-10-09 23:00:09.735   Installing the file.
2026-10-09 23:00:09.735   Successfully installed the file.
2026-10-09 23:00:09.735   -- File entry --
2026-10-09 23:00:09.735   Dest filename: D:\a\_temp\agym-c64-38001250527-5872-u8q4q801\client\Admin\_internal\tzdata\zoneinfo\America\Kralendijk
2026-10-09 23:00:09.735   Time stamp of our file: 2026-10-09 22:57:36.000
2026-10-09 23:00:09.735   Dest file exists.
2026-10-09 23:00:09.735   Time stamp of existing file: 2026-10-09 22:57:36.000
2026-10-09 23:00:09.735   Installing the file.
2026-10-09 23:00:09.735   Successfully installed the file.
2026-10-09 23:00:09.735   -- File entry --
2026-10-09 23:00:09.735   Dest filename: D:\a\_temp\agym-c64-38001250527-5872-u8q4q801\client\Admin\_internal\tzdata\zoneinfo\America\La_Paz
2026-10-09 23:00:09.735   Time stamp of our file: 2026-10-09 22:57:36.000
2026-10-09 23:00:09.735   Dest file exists.
2026-10-09 23:00:09.735   Time stamp of existing file: 2026-10-09 22:57:36.000
2026-10-09 23:00:09.735   Installing the file.
2026-10-09 23:00:09.735   Successfully installed the file.
2026-10-09 23:00:09.735   -- File entry --
2026-10-09 23:00:09.735   Dest filename: D:\a\_temp\agym-c64-38001250527-5872-u8q4q801\client\Admin\_internal\tzdata\zoneinfo\America\Lima
2026-10-09 23:00:09.735   Time stamp of our file: 2026-10-09 22:57:36.000
2026-10-09 23:00:09.735   Dest file exists.
2026-10-09 23:00:09.735   Time stamp of existing file: 2026-10-09 22:57:36.000
2026-10-09 23:00:09.735   Installing the file.
2026-10-09 23:00:09.751   Successfully installed the file.
2026-10-09 23:00:09.751   -- File entry --
2026-10-09 23:00:09.751   Dest filename: D:\a\_temp\agym-c64-38001250527-5872-u8q4q801\client\Admin\_internal\tzdata\zoneinfo\America\Los_Angeles
2026-10-09 23:00:09.751   Time stamp of our file: 2026-10-09 22:57:36.000
2026-10-09 23:00:09.751   Dest file exists.
2026-10-09 23:00:09.751   Time stamp of existing file: 2026-10-09 22:57:36.000
2026-10-09 23:00:09.751   Installing the file.
2026-10-09 23:00:09.751   Successfully installed the file.
2026-10-09 23:00:09.751   -- File entry --
2026-10-09 23:00:09.751   Dest filename: D:\a\_temp\agym-c64-38001250527-5872-u8q4q801\client\Admin\_internal\tzdata\zoneinfo\America\Louisville
2026-10-09 23:00:09.751   Time stamp of our file: 2026-10-09 22:57:36.000
2026-10-09 23:00:09.751   Dest file exists.
2026-10-09 23:00:09.751   Time stamp of existing file: 2026-10-09 22:57:36.000
2026-10-09 23:00:09.751   Installing the file.
2026-10-09 23:00:09.751   Successfully installed the file.
2026-10-09 23:00:09.751   -- File entry --
2026-10-09 23:00:09.751   Dest filename: D:\a\_temp\agym-c64-38001250527-5872-u8q4q801\client\Admin\_internal\tzdata\zoneinfo\America\Lower_Princes
2026-10-09 23:00:09.751   Time stamp of our file: 2026-10-09 22:57:36.000
2026-10-09 23:00:09.751   Dest file exists.
2026-10-09 23:00:09.751   Time stamp of existing file: 2026-10-09 22:57:36.000
2026-10-09 23:00:09.751   Installing the file.
2026-10-09 23:00:09.751   Successfully installed the file.
2026-10-09 23:00:09.751   -- File entry --
2026-10-09 23:00:09.751   Dest filename: D:\a\_temp\agym-c64-38001250527-5872-u8q4q801\client\Admin\_internal\tzdata\zoneinfo\America\Maceio
2026-10-09 23:00:09.751   Time stamp of our file: 2026-10-09 22:57:36.000
2026-10-09 23:00:09.751   Dest file exists.
2026-10-09 23:00:09.751   Time stamp of existing file: 2026-10-09 22:57:36.000
2026-10-09 23:00:09.751   Installing the file.
2026-10-09 23:00:09.751   Successfully installed the file.
2026-10-09 23:00:09.751   -- File entry --
2026-10-09 23:00:09.751   Dest filename: D:\a\_temp\agym-c64-38001250527-5872-u8q4q801\client\Admin\_internal\tzdata\zoneinfo\America\Managua
2026-10-09 23:00:09.751   Time stamp of our file: 2026-10-09 22:57:36.000
2026-10-09 23:00:09.751   Dest file exists.
2026-10-09 23:00:09.751   Time stamp of existing file: 2026-10-09 22:57:36.000
2026-10-09 23:00:09.751   Installing the file.
2026-10-09 23:00:09.751   Successfully installed the file.
2026-10-09 23:00:09.751   -- File entry --
2026-10-09 23:00:09.751   Dest filename: D:\a\_temp\agym-c64-38001250527-5872-u8q4q801\client\Admin\_internal\tzdata\zoneinfo\America\Manaus
2026-10-09 23:00:09.751   Time stamp of our file: 2026-10-09 22:57:36.000
2026-10-09 23:00:09.751   Dest file exists.
2026-10-09 23:00:09.751   Time stamp of existing file: 2026-10-09 22:57:36.000
2026-10-09 23:00:09.751   Installing the file.
2026-10-09 23:00:09.751   Successfully installed the file.
2026-10-09 23:00:09.751   -- File entry --
2026-10-09 23:00:09.751   Dest filename: D:\a\_temp\agym-c64-38001250527-5872-u8q4q801\client\Admin\_internal\tzdata\zoneinfo\America\Marigot
2026-10-09 23:00:09.751   Time stamp of our file: 2026-10-09 22:57:36.000
2026-10-09 23:00:09.751   Dest file exists.
2026-10-09 23:00:09.751   Time stamp of existing file: 2026-10-09 22:57:36.000
2026-10-09 23:00:09.751   Installing the file.
2026-10-09 23:00:09.751   Successfully installed the file.
2026-10-09 23:00:09.751   -- File entry --
2026-10-09 23:00:09.751   Dest filename: D:\a\_temp\agym-c64-38001250527-5872-u8q4q801\client\Admin\_internal\tzdata\zoneinfo\America\Martinique
2026-10-09 23:00:09.751   Time stamp of our file: 2026-10-09 22:57:36.000
2026-10-09 23:00:09.751   Dest file exists.
2026-10-09 23:00:09.751   Time stamp of existing file: 2026-10-09 22:57:36.000
2026-10-09 23:00:09.751   Installing the file.
2026-10-09 23:00:09.751   Successfully installed the file.
2026-10-09 23:00:09.751   -- File entry --
2026-10-09 23:00:09.751   Dest filename: D:\a\_temp\agym-c64-38001250527-5872-u8q4q801\client\Admin\_internal\tzdata\zoneinfo\America\Matamoros
2026-10-09 23:00:09.751   Time stamp of our file: 2026-10-09 22:57:36.000
2026-10-09 23:00:09.751   Dest file exists.
2026-10-09 23:00:09.751   Time stamp of existing file: 2026-10-09 22:57:36.000
2026-10-09 23:00:09.751   Installing the file.
2026-10-09 23:00:09.751   Successfully installed the file.
2026-10-09 23:00:09.751   -- File entry --
2026-10-09 23:00:09.751   Dest filename: D:\a\_temp\agym-c64-38001250527-5872-u8q4q801\client\Admin\_internal\tzdata\zoneinfo\America\Mazatlan
2026-10-09 23:00:09.751   Time stamp of our file: 2026-10-09 22:57:36.000
2026-10-09 23:00:09.751   Dest file exists.
2026-10-09 23:00:09.751   Time stamp of existing file: 2026-10-09 22:57:36.000
2026-10-09 23:00:09.751   Installing the file.
2026-10-09 23:00:09.751   Successfully installed the file.
2026-10-09 23:00:09.751   -- File entry --
2026-10-09 23:00:09.751   Dest filename: D:\a\_temp\agym-c64-38001250527-5872-u8q4q801\client\Admin\_internal\tzdata\zoneinfo\America\Mendoza
2026-10-09 23:00:09.751   Time stamp of our file: 2026-10-09 22:57:36.000
2026-10-09 23:00:09.751   Dest file exists.
2026-10-09 23:00:09.751   Time stamp of existing file: 2026-10-09 22:57:36.000
2026-10-09 23:00:09.751   Installing the file.
2026-10-09 23:00:09.751   Successfully installed the file.
2026-10-09 23:00:09.751   -- File entry --
2026-10-09 23:00:09.751   Dest filename: D:\a\_temp\agym-c64-38001250527-5872-u8q4q801\client\Admin\_internal\tzdata\zoneinfo\America\Menominee
2026-10-09 23:00:09.751   Time stamp of our file: 2026-10-09 22:57:36.000
2026-10-09 23:00:09.751   Dest file exists.
2026-10-09 23:00:09.751   Time stamp of existing file: 2026-10-09 22:57:36.000
2026-10-09 23:00:09.751   Installing the file.
2026-10-09 23:00:09.751   Successfully installed the file.
2026-10-09 23:00:09.751   -- File entry --
2026-10-09 23:00:09.751   Dest filename: D:\a\_temp\agym-c64-38001250527-5872-u8q4q801\client\Admin\_internal\tzdata\zoneinfo\America\Merida
2026-10-09 23:00:09.751   Time stamp of our file: 2026-10-09 22:57:36.000
2026-10-09 23:00:09.751   Dest file exists.
2026-10-09 23:00:09.751   Time stamp of existing file: 2026-10-09 22:57:36.000
2026-10-09 23:00:09.751   Installing the file.
2026-10-09 23:00:09.751   Successfully installed the file.
2026-10-09 23:00:09.751   -- File entry --
2026-10-09 23:00:09.751   Dest filename: D:\a\_temp\agym-c64-38001250527-5872-u8q4q801\client\Admin\_internal\tzdata\zoneinfo\America\Metlakatla
2026-10-09 23:00:09.751   Time stamp of our file: 2026-10-09 22:57:36.000
2026-10-09 23:00:09.751   Dest file exists.
2026-10-09 23:00:09.751   Time stamp of existing file: 2026-10-09 22:57:36.000
2026-10-09 23:00:09.751   Installing the file.
2026-10-09 23:00:09.751   Successfully installed the file.
2026-10-09 23:00:09.751   -- File entry --
2026-10-09 23:00:09.751   Dest filename: D:\a\_temp\agym-c64-38001250527-5872-u8q4q801\client\Admin\_internal\tzdata\zoneinfo\America\Mexico_City
2026-10-09 23:00:09.751   Time stamp of our file: 2026-10-09 22:57:36.000
2026-10-09 23:00:09.751   Dest file exists.
2026-10-09 23:00:09.751   Time stamp of existing file: 2026-10-09 22:57:36.000
2026-10-09 23:00:09.751   Installing the file.
2026-10-09 23:00:09.751   Successfully installed the file.
2026-10-09 23:00:09.751   -- File entry --
2026-10-09 23:00:09.751   Dest filename: D:\a\_temp\agym-c64-38001250527-5872-u8q4q801\client\Admin\_internal\tzdata\zoneinfo\America\Miquelon
2026-10-09 23:00:09.751   Time stamp of our file: 2026-10-09 22:57:36.000
2026-10-09 23:00:09.751   Dest file exists.
2026-10-09 23:00:09.751   Time stamp of existing file: 2026-10-09 22:57:36.000
2026-10-09 23:00:09.751   Installing the file.
2026-10-09 23:00:09.751   Successfully installed the file.
2026-10-09 23:00:09.751   -- File entry --
2026-10-09 23:00:09.751   Dest filename: D:\a\_temp\agym-c64-38001250527-5872-u8q4q801\client\Admin\_internal\tzdata\zoneinfo\America\Moncton
2026-10-09 23:00:09.751   Time stamp of our file: 2026-10-09 22:57:36.000
2026-10-09 23:00:09.751   Dest file exists.
2026-10-09 23:00:09.751   Time stamp of existing file: 2026-10-09 22:57:36.000
2026-10-09 23:00:09.751   Installing the file.
2026-10-09 23:00:09.751   Successfully installed the file.
2026-10-09 23:00:09.751   -- File entry --
2026-10-09 23:00:09.751   Dest filename: D:\a\_temp\agym-c64-38001250527-5872-u8q4q801\client\Admin\_internal\tzdata\zoneinfo\America\Monterrey
2026-10-09 23:00:09.751   Time stamp of our file: 2026-10-09 22:57:36.000
2026-10-09 23:00:09.751   Dest file exists.
2026-10-09 23:00:09.751   Time stamp of existing file: 2026-10-09 22:57:36.000
2026-10-09 23:00:09.751   Installing the file.
2026-10-09 23:00:09.751   Successfully installed the file.
2026-10-09 23:00:09.751   -- File entry --
2026-10-09 23:00:09.751   Dest filename: D:\a\_temp\agym-c64-38001250527-5872-u8q4q801\client\Admin\_internal\tzdata\zoneinfo\America\Montevideo
2026-10-09 23:00:09.751   Time stamp of our file: 2026-10-09 22:57:36.000
2026-10-09 23:00:09.751   Dest file exists.
2026-10-09 23:00:09.751   Time stamp of existing file: 2026-10-09 22:57:36.000
2026-10-09 23:00:09.751   Installing the file.
2026-10-09 23:00:09.751   Successfully installed the file.
2026-10-09 23:00:09.751   -- File entry --
2026-10-09 23:00:09.751   Dest filename: D:\a\_temp\agym-c64-38001250527-5872-u8q4q801\client\Admin\_internal\tzdata\zoneinfo\America\Montreal
2026-10-09 23:00:09.751   Time stamp of our file: 2026-10-09 22:57:36.000
2026-10-09 23:00:09.751   Dest file exists.
2026-10-09 23:00:09.751   Time stamp of existing file: 2026-10-09 22:57:36.000
2026-10-09 23:00:09.751   Installing the file.
2026-10-09 23:00:09.751   Successfully installed the file.
2026-10-09 23:00:09.751   -- File entry --
2026-10-09 23:00:09.751   Dest filename: D:\a\_temp\agym-c64-38001250527-5872-u8q4q801\client\Admin\_internal\tzdata\zoneinfo\America\Montserrat
2026-10-09 23:00:09.751   Time stamp of our file: 2026-10-09 22:57:36.000
2026-10-09 23:00:09.751   Dest file exists.
2026-10-09 23:00:09.751   Time stamp of existing file: 2026-10-09 22:57:36.000
2026-10-09 23:00:09.751   Installing the file.
2026-10-09 23:00:09.751   Successfully installed the file.
2026-10-09 23:00:09.751   -- File entry --
2026-10-09 23:00:09.751   Dest filename: D:\a\_temp\agym-c64-38001250527-5872-u8q4q801\client\Admin\_internal\tzdata\zoneinfo\America\Nassau
2026-10-09 23:00:09.751   Time stamp of our file: 2026-10-09 22:57:36.000
2026-10-09 23:00:09.751   Dest file exists.
2026-10-09 23:00:09.751   Time stamp of existing file: 2026-10-09 22:57:36.000
2026-10-09 23:00:09.751   Installing the file.
2026-10-09 23:00:09.751   Successfully installed the file.
2026-10-09 23:00:09.751   -- File entry --
2026-10-09 23:00:09.751   Dest filename: D:\a\_temp\agym-c64-38001250527-5872-u8q4q801\client\Admin\_internal\tzdata\zoneinfo\America\New_York
2026-10-09 23:00:09.751   Time stamp of our file: 2026-10-09 22:57:36.000
2026-10-09 23:00:09.751   Dest file exists.
2026-10-09 23:00:09.751   Time stamp of existing file: 2026-10-09 22:57:36.000
2026-10-09 23:00:09.751   Installing the file.
2026-10-09 23:00:09.751   Successfully installed the file.
2026-10-09 23:00:09.751   -- File entry --
2026-10-09 23:00:09.751   Dest filename: D:\a\_temp\agym-c64-38001250527-5872-u8q4q801\client\Admin\_internal\tzdata\zoneinfo\America\Nipigon
2026-10-09 23:00:09.751   Time stamp of our file: 2026-10-09 22:57:36.000
2026-10-09 23:00:09.751   Dest file exists.
2026-10-09 23:00:09.751   Time stamp of existing file: 2026-10-09 22:57:36.000
2026-10-09 23:00:09.751   Installing the file.
2026-10-09 23:00:09.751   Successfully installed the file.
2026-10-09 23:00:09.751   -- File entry --
2026-10-09 23:00:09.751   Dest filename: D:\a\_temp\agym-c64-38001250527-5872-u8q4q801\client\Admin\_internal\tzdata\zoneinfo\America\Nome
2026-10-09 23:00:09.751   Time stamp of our file: 2026-10-09 22:57:36.000
2026-10-09 23:00:09.751   Dest file exists.
2026-10-09 23:00:09.751   Time stamp of existing file: 2026-10-09 22:57:36.000
2026-10-09 23:00:09.751   Installing the file.
2026-10-09 23:00:09.751   Successfully installed the file.
2026-10-09 23:00:09.751   -- File entry --
2026-10-09 23:00:09.751   Dest filename: D:\a\_temp\agym-c64-38001250527-5872-u8q4q801\client\Admin\_internal\tzdata\zoneinfo\America\Noronha
2026-10-09 23:00:09.751   Time stamp of our file: 2026-10-09 22:57:36.000
2026-10-09 23:00:09.751   Dest file exists.
2026-10-09 23:00:09.751   Time stamp of existing file: 2026-10-09 22:57:36.000
2026-10-09 23:00:09.751   Installing the file.
2026-10-09 23:00:09.751   Successfully installed the file.
2026-10-09 23:00:09.751   -- File entry --
2026-10-09 23:00:09.751   Dest filename: D:\a\_temp\agym-c64-38001250527-5872-u8q4q801\client\Admin\_internal\tzdata\zoneinfo\America\Nuuk
2026-10-09 23:00:09.751   Time stamp of our file: 2026-10-09 22:57:36.000
2026-10-09 23:00:09.751   Dest file exists.
2026-10-09 23:00:09.751   Time stamp of existing file: 2026-10-09 22:57:36.000
2026-10-09 23:00:09.751   Installing the file.
2026-10-09 23:00:09.751   Successfully installed the file.
2026-10-09 23:00:09.751   -- File entry --
2026-10-09 23:00:09.751   Dest filename: D:\a\_temp\agym-c64-38001250527-5872-u8q4q801\client\Admin\_internal\tzdata\zoneinfo\America\Ojinaga
2026-10-09 23:00:09.751   Time stamp of our file: 2026-10-09 22:57:36.000
2026-10-09 23:00:09.751   Dest file exists.
2026-10-09 23:00:09.751   Time stamp of existing file: 2026-10-09 22:57:36.000
2026-10-09 23:00:09.751   Installing the file.
2026-10-09 23:00:09.767   Successfully installed the file.
2026-10-09 23:00:09.767   -- File entry --
2026-10-09 23:00:09.767   Dest filename: D:\a\_temp\agym-c64-38001250527-5872-u8q4q801\client\Admin\_internal\tzdata\zoneinfo\America\Panama
2026-10-09 23:00:09.767   Time stamp of our file: 2026-10-09 22:57:36.000
2026-10-09 23:00:09.767   Dest file exists.
2026-10-09 23:00:09.767   Time stamp of existing file: 2026-10-09 22:57:36.000
2026-10-09 23:00:09.767   Installing the file.
2026-10-09 23:00:09.767   Successfully installed the file.
2026-10-09 23:00:09.767   -- File entry --
2026-10-09 23:00:09.767   Dest filename: D:\a\_temp\agym-c64-38001250527-5872-u8q4q801\client\Admin\_internal\tzdata\zoneinfo\America\Pangnirtung
2026-10-09 23:00:09.767   Time stamp of our file: 2026-10-09 22:57:36.000
2026-10-09 23:00:09.767   Dest file exists.
2026-10-09 23:00:09.767   Time stamp of existing file: 2026-10-09 22:57:36.000
2026-10-09 23:00:09.767   Installing the file.
2026-10-09 23:00:09.767   Successfully installed the file.
2026-10-09 23:00:09.767   -- File entry --
2026-10-09 23:00:09.767   Dest filename: D:\a\_temp\agym-c64-38001250527-5872-u8q4q801\client\Admin\_internal\tzdata\zoneinfo\America\Paramaribo
2026-10-09 23:00:09.767   Time stamp of our file: 2026-10-09 22:57:36.000
2026-10-09 23:00:09.767   Dest file exists.
2026-10-09 23:00:09.767   Time stamp of existing file: 2026-10-09 22:57:36.000
2026-10-09 23:00:09.767   Installing the file.
2026-10-09 23:00:09.767   Successfully installed the file.
2026-10-09 23:00:09.767   -- File entry --
2026-10-09 23:00:09.767   Dest filename: D:\a\_temp\agym-c64-38001250527-5872-u8q4q801\client\Admin\_internal\tzdata\zoneinfo\America\Phoenix
2026-10-09 23:00:09.767   Time stamp of our file: 2026-10-09 22:57:36.000
2026-10-09 23:00:09.767   Dest file exists.
2026-10-09 23:00:09.767   Time stamp of existing file: 2026-10-09 22:57:36.000
2026-10-09 23:00:09.767   Installing the file.
2026-10-09 23:00:09.767   Successfully installed the file.
2026-10-09 23:00:09.767   -- File entry --
2026-10-09 23:00:09.767   Dest filename: D:\a\_temp\agym-c64-38001250527-5872-u8q4q801\client\Admin\_internal\tzdata\zoneinfo\America\Port-au-Prince
2026-10-09 23:00:09.767   Time stamp of our file: 2026-10-09 22:57:36.000
2026-10-09 23:00:09.767   Dest file exists.
2026-10-09 23:00:09.767   Time stamp of existing file: 2026-10-09 22:57:36.000
2026-10-09 23:00:09.767   Installing the file.
2026-10-09 23:00:09.767   Successfully installed the file.
2026-10-09 23:00:09.767   -- File entry --
2026-10-09 23:00:09.767   Dest filename: D:\a\_temp\agym-c64-38001250527-5872-u8q4q801\client\Admin\_internal\tzdata\zoneinfo\America\Porto_Acre
2026-10-09 23:00:09.767   Time stamp of our file: 2026-10-09 22:57:36.000
2026-10-09 23:00:09.767   Dest file exists.
2026-10-09 23:00:09.767   Time stamp of existing file: 2026-10-09 22:57:36.000
2026-10-09 23:00:09.767   Installing the file.
2026-10-09 23:00:09.767   Successfully installed the file.
2026-10-09 23:00:09.767   -- File entry --
2026-10-09 23:00:09.767   Dest filename: D:\a\_temp\agym-c64-38001250527-5872-u8q4q801\client\Admin\_internal\tzdata\zoneinfo\America\Porto_Velho
2026-10-09 23:00:09.767   Time stamp of our file: 2026-10-09 22:57:36.000
2026-10-09 23:00:09.767   Dest file exists.
2026-10-09 23:00:09.767   Time stamp of existing file: 2026-10-09 22:57:36.000
2026-10-09 23:00:09.767   Installing the file.
2026-10-09 23:00:09.767   Successfully installed the file.
2026-10-09 23:00:09.767   -- File entry --
2026-10-09 23:00:09.767   Dest filename: D:\a\_temp\agym-c64-38001250527-5872-u8q4q801\client\Admin\_internal\tzdata\zoneinfo\America\Port_of_Spain
2026-10-09 23:00:09.767   Time stamp of our file: 2026-10-09 22:57:36.000
2026-10-09 23:00:09.767   Dest file exists.
2026-10-09 23:00:09.767   Time stamp of existing file: 2026-10-09 22:57:36.000
2026-10-09 23:00:09.767   Installing the file.
2026-10-09 23:00:09.767   Successfully installed the file.
2026-10-09 23:00:09.767   -- File entry --
2026-10-09 23:00:09.767   Dest filename: D:\a\_temp\agym-c64-38001250527-5872-u8q4q801\client\Admin\_internal\tzdata\zoneinfo\America\Puerto_Rico
2026-10-09 23:00:09.767   Time stamp of our file: 2026-10-09 22:57:36.000
2026-10-09 23:00:09.767   Dest file exists.
2026-10-09 23:00:09.767   Time stamp of existing file: 2026-10-09 22:57:36.000
2026-10-09 23:00:09.767   Installing the file.
2026-10-09 23:00:09.767   Successfully installed the file.
2026-10-09 23:00:09.767   -- File entry --
2026-10-09 23:00:09.767   Dest filename: D:\a\_temp\agym-c64-38001250527-5872-u8q4q801\client\Admin\_internal\tzdata\zoneinfo\America\Punta_Arenas
2026-10-09 23:00:09.767   Time stamp of our file: 2026-10-09 22:57:36.000
2026-10-09 23:00:09.767   Dest file exists.
2026-10-09 23:00:09.767   Time stamp of existing file: 2026-10-09 22:57:36.000
2026-10-09 23:00:09.767   Installing the file.
2026-10-09 23:00:09.767   Successfully installed the file.
2026-10-09 23:00:09.767   -- File entry --
2026-10-09 23:00:09.767   Dest filename: D:\a\_temp\agym-c64-38001250527-5872-u8q4q801\client\Admin\_internal\tzdata\zoneinfo\America\Rainy_River
2026-10-09 23:00:09.767   Time stamp of our file: 2026-10-09 22:57:36.000
2026-10-09 23:00:09.767   Dest file exists.
2026-10-09 23:00:09.767   Time stamp of existing file: 2026-10-09 22:57:36.000
2026-10-09 23:00:09.767   Installing the file.
2026-10-09 23:00:09.767   Successfully installed the file.
2026-10-09 23:00:09.767   -- File entry --
2026-10-09 23:00:09.767   Dest filename: D:\a\_temp\agym-c64-38001250527-5872-u8q4q801\client\Admin\_internal\tzdata\zoneinfo\America\Rankin_Inlet
2026-10-09 23:00:09.767   Time stamp of our file: 2026-10-09 22:57:36.000
2026-10-09 23:00:09.767   Dest file exists.
2026-10-09 23:00:09.767   Time stamp of existing file: 2026-10-09 22:57:36.000
2026-10-09 23:00:09.767   Installing the file.
2026-10-09 23:00:09.767   Successfully installed the file.
2026-10-09 23:00:09.767   -- File entry --
2026-10-09 23:00:09.767   Dest filename: D:\a\_temp\agym-c64-38001250527-5872-u8q4q801\client\Admin\_internal\tzdata\zoneinfo\America\Recife
2026-10-09 23:00:09.767   Time stamp of our file: 2026-10-09 22:57:36.000
2026-10-09 23:00:09.767   Dest file exists.
2026-10-09 23:00:09.767   Time stamp of existing file: 2026-10-09 22:57:36.000
2026-10-09 23:00:09.767   Installing the file.
2026-10-09 23:00:09.767   Successfully installed the file.
2026-10-09 23:00:09.767   -- File entry --
2026-10-09 23:00:09.767   Dest filename: D:\a\_temp\agym-c64-38001250527-5872-u8q4q801\client\Admin\_internal\tzdata\zoneinfo\America\Regina
2026-10-09 23:00:09.767   Time stamp of our file: 2026-10-09 22:57:36.000
2026-10-09 23:00:09.767   Dest file exists.
2026-10-09 23:00:09.767   Time stamp of existing file: 2026-10-09 22:57:36.000
2026-10-09 23:00:09.767   Installing the file.
2026-10-09 23:00:09.767   Successfully installed the file.
2026-10-09 23:00:09.767   -- File entry --
2026-10-09 23:00:09.767   Dest filename: D:\a\_temp\agym-c64-38001250527-5872-u8q4q801\client\Admin\_internal\tzdata\zoneinfo\America\Resolute
2026-10-09 23:00:09.767   Time stamp of our file: 2026-10-09 22:57:36.000
2026-10-09 23:00:09.767   Dest file exists.
2026-10-09 23:00:09.767   Time stamp of existing file: 2026-10-09 22:57:36.000
2026-10-09 23:00:09.767   Installing the file.
2026-10-09 23:00:09.767   Successfully installed the file.
2026-10-09 23:00:09.767   -- File entry --
2026-10-09 23:00:09.767   Dest filename: D:\a\_temp\agym-c64-38001250527-5872-u8q4q801\client\Admin\_internal\tzdata\zoneinfo\America\Rio_Branco
2026-10-09 23:00:09.767   Time stamp of our file: 2026-10-09 22:57:36.000
2026-10-09 23:00:09.767   Dest file exists.
2026-10-09 23:00:09.767   Time stamp of existing file: 2026-10-09 22:57:36.000
2026-10-09 23:00:09.767   Installing the file.
2026-10-09 23:00:09.767   Successfully installed the file.
2026-10-09 23:00:09.767   -- File entry --
2026-10-09 23:00:09.767   Dest filename: D:\a\_temp\agym-c64-38001250527-5872-u8q4q801\client\Admin\_internal\tzdata\zoneinfo\America\Rosario
2026-10-09 23:00:09.767   Time stamp of our file: 2026-10-09 22:57:36.000
2026-10-09 23:00:09.767   Dest file exists.
2026-10-09 23:00:09.767   Time stamp of existing file: 2026-10-09 22:57:36.000
2026-10-09 23:00:09.767   Installing the file.
2026-10-09 23:00:09.767   Successfully installed the file.
2026-10-09 23:00:09.767   -- File entry --
2026-10-09 23:00:09.767   Dest filename: D:\a\_temp\agym-c64-38001250527-5872-u8q4q801\client\Admin\_internal\tzdata\zoneinfo\America\Santarem
2026-10-09 23:00:09.767   Time stamp of our file: 2026-10-09 22:57:36.000
2026-10-09 23:00:09.767   Dest file exists.
2026-10-09 23:00:09.767   Time stamp of existing file: 2026-10-09 22:57:36.000
2026-10-09 23:00:09.767   Installing the file.
2026-10-09 23:00:09.767   Successfully installed the file.
2026-10-09 23:00:09.767   -- File entry --
2026-10-09 23:00:09.767   Dest filename: D:\a\_temp\agym-c64-38001250527-5872-u8q4q801\client\Admin\_internal\tzdata\zoneinfo\America\Santa_Isabel
2026-10-09 23:00:09.767   Time stamp of our file: 2026-10-09 22:57:36.000
2026-10-09 23:00:09.767   Dest file exists.
2026-10-09 23:00:09.767   Time stamp of existing file: 2026-10-09 22:57:36.000
2026-10-09 23:00:09.767   Installing the file.
2026-10-09 23:00:09.767   Successfully installed the file.
2026-10-09 23:00:09.767   -- File entry --
2026-10-09 23:00:09.767   Dest filename: D:\a\_temp\agym-c64-38001250527-5872-u8q4q801\client\Admin\_internal\tzdata\zoneinfo\America\Santiago
2026-10-09 23:00:09.767   Time stamp of our file: 2026-10-09 22:57:36.000
2026-10-09 23:00:09.767   Dest file exists.
2026-10-09 23:00:09.767   Time stamp of existing file: 2026-10-09 22:57:36.000
2026-10-09 23:00:09.767   Installing the file.
2026-10-09 23:00:09.767   Successfully installed the file.
2026-10-09 23:00:09.767   -- File entry --
2026-10-09 23:00:09.767   Dest filename: D:\a\_temp\agym-c64-38001250527-5872-u8q4q801\client\Admin\_internal\tzdata\zoneinfo\America\Santo_Domingo
2026-10-09 23:00:09.767   Time stamp of our file: 2026-10-09 22:57:36.000
2026-10-09 23:00:09.767   Dest file exists.
2026-10-09 23:00:09.767   Time stamp of existing file: 2026-10-09 22:57:36.000
2026-10-09 23:00:09.767   Installing the file.
2026-10-09 23:00:09.767   Successfully installed the file.
2026-10-09 23:00:09.767   -- File entry --
2026-10-09 23:00:09.767   Dest filename: D:\a\_temp\agym-c64-38001250527-5872-u8q4q801\client\Admin\_internal\tzdata\zoneinfo\America\Sao_Paulo
2026-10-09 23:00:09.767   Time stamp of our file: 2026-10-09 22:57:36.000
2026-10-09 23:00:09.767   Dest file exists.
2026-10-09 23:00:09.767   Time stamp of existing file: 2026-10-09 22:57:36.000
2026-10-09 23:00:09.767   Installing the file.
2026-10-09 23:00:09.767   Successfully installed the file.
2026-10-09 23:00:09.767   -- File entry --
2026-10-09 23:00:09.767   Dest filename: D:\a\_temp\agym-c64-38001250527-5872-u8q4q801\client\Admin\_internal\tzdata\zoneinfo\America\Scoresbysund
2026-10-09 23:00:09.767   Time stamp of our file: 2026-10-09 22:57:36.000
2026-10-09 23:00:09.767   Dest file exists.
2026-10-09 23:00:09.767   Time stamp of existing file: 2026-10-09 22:57:36.000
2026-10-09 23:00:09.767   Installing the file.
2026-10-09 23:00:09.767   Successfully installed the file.
2026-10-09 23:00:09.767   -- File entry --
2026-10-09 23:00:09.767   Dest filename: D:\a\_temp\agym-c64-38001250527-5872-u8q4q801\client\Admin\_internal\tzdata\zoneinfo\America\Shiprock
2026-10-09 23:00:09.767   Time stamp of our file: 2026-10-09 22:57:36.000
2026-10-09 23:00:09.767   Dest file exists.
2026-10-09 23:00:09.767   Time stamp of existing file: 2026-10-09 22:57:36.000
2026-10-09 23:00:09.767   Installing the file.
2026-10-09 23:00:09.780   Successfully installed the file.
2026-10-09 23:00:09.780   -- File entry --
2026-10-09 23:00:09.780   Dest filename: D:\a\_temp\agym-c64-38001250527-5872-u8q4q801\client\Admin\_internal\tzdata\zoneinfo\America\Sitka
2026-10-09 23:00:09.780   Time stamp of our file: 2026-10-09 22:57:36.000
2026-10-09 23:00:09.780   Dest file exists.
2026-10-09 23:00:09.780   Time stamp of existing file: 2026-10-09 22:57:36.000
2026-10-09 23:00:09.780   Installing the file.
2026-10-09 23:00:09.780   Successfully installed the file.
2026-10-09 23:00:09.780   -- File entry --
2026-10-09 23:00:09.780   Dest filename: D:\a\_temp\agym-c64-38001250527-5872-u8q4q801\client\Admin\_internal\tzdata\zoneinfo\America\St_Barthelemy
2026-10-09 23:00:09.780   Time stamp of our file: 2026-10-09 22:57:36.000
2026-10-09 23:00:09.780   Dest file exists.
2026-10-09 23:00:09.780   Time stamp of existing file: 2026-10-09 22:57:36.000
2026-10-09 23:00:09.780   Installing the file.
2026-10-09 23:00:09.780   Successfully installed the file.
2026-10-09 23:00:09.780   -- File entry --
2026-10-09 23:00:09.780   Dest filename: D:\a\_temp\agym-c64-38001250527-5872-u8q4q801\client\Admin\_internal\tzdata\zoneinfo\America\St_Johns
2026-10-09 23:00:09.780   Time stamp of our file: 2026-10-09 22:57:36.000
2026-10-09 23:00:09.780   Dest file exists.
2026-10-09 23:00:09.780   Time stamp of existing file: 2026-10-09 22:57:36.000
2026-10-09 23:00:09.780   Installing the file.
2026-10-09 23:00:09.780   Successfully installed the file.
2026-10-09 23:00:09.780   -- File entry --
2026-10-09 23:00:09.780   Dest filename: D:\a\_temp\agym-c64-38001250527-5872-u8q4q801\client\Admin\_internal\tzdata\zoneinfo\America\St_Kitts
2026-10-09 23:00:09.780   Time stamp of our file: 2026-10-09 22:57:36.000
2026-10-09 23:00:09.780   Dest file exists.
2026-10-09 23:00:09.780   Time stamp of existing file: 2026-10-09 22:57:36.000
2026-10-09 23:00:09.780   Installing the file.
2026-10-09 23:00:09.780   Successfully installed the file.
2026-10-09 23:00:09.780   -- File entry --
2026-10-09 23:00:09.780   Dest filename: D:\a\_temp\agym-c64-38001250527-5872-u8q4q801\client\Admin\_internal\tzdata\zoneinfo\America\St_Lucia
2026-10-09 23:00:09.780   Time stamp of our file: 2026-10-09 22:57:36.000
2026-10-09 23:00:09.780   Dest file exists.
2026-10-09 23:00:09.783   Time stamp of existing file: 2026-10-09 22:57:36.000
2026-10-09 23:00:09.783   Installing the file.
2026-10-09 23:00:09.783   Successfully installed the file.
2026-10-09 23:00:09.783   -- File entry --
2026-10-09 23:00:09.783   Dest filename: D:\a\_temp\agym-c64-38001250527-5872-u8q4q801\client\Admin\_internal\tzdata\zoneinfo\America\St_Thomas
2026-10-09 23:00:09.783   Time stamp of our file: 2026-10-09 22:57:36.000
2026-10-09 23:00:09.783   Dest file exists.
2026-10-09 23:00:09.783   Time stamp of existing file: 2026-10-09 22:57:36.000
2026-10-09 23:00:09.783   Installing the file.
2026-10-09 23:00:09.783   Successfully installed the file.
2026-10-09 23:00:09.783   -- File entry --
2026-10-09 23:00:09.783   Dest filename: D:\a\_temp\agym-c64-38001250527-5872-u8q4q801\client\Admin\_internal\tzdata\zoneinfo\America\St_Vincent
2026-10-09 23:00:09.783   Time stamp of our file: 2026-10-09 22:57:36.000
2026-10-09 23:00:09.783   Dest file exists.
2026-10-09 23:00:09.783   Time stamp of existing file: 2026-10-09 22:57:36.000
2026-10-09 23:00:09.783   Installing the file.
2026-10-09 23:00:09.783   Successfully installed the file.
2026-10-09 23:00:09.783   -- File entry --
2026-10-09 23:00:09.783   Dest filename: D:\a\_temp\agym-c64-38001250527-5872-u8q4q801\client\Admin\_internal\tzdata\zoneinfo\America\Swift_Current
2026-10-09 23:00:09.783   Time stamp of our file: 2026-10-09 22:57:36.000
2026-10-09 23:00:09.783   Dest file exists.
2026-10-09 23:00:09.783   Time stamp of existing file: 2026-10-09 22:57:36.000
2026-10-09 23:00:09.783   Installing the file.
2026-10-09 23:00:09.783   Successfully installed the file.
2026-10-09 23:00:09.783   -- File entry --
2026-10-09 23:00:09.783   Dest filename: D:\a\_temp\agym-c64-38001250527-5872-u8q4q801\client\Admin\_internal\tzdata\zoneinfo\America\Tegucigalpa
2026-10-09 23:00:09.783   Time stamp of our file: 2026-10-09 22:57:36.000
2026-10-09 23:00:09.783   Dest file exists.
2026-10-09 23:00:09.783   Time stamp of existing file: 2026-10-09 22:57:36.000
2026-10-09 23:00:09.783   Installing the file.
2026-10-09 23:00:09.783   Successfully installed the file.
2026-10-09 23:00:09.783   -- File entry --
2026-10-09 23:00:09.783   Dest filename: D:\a\_temp\agym-c64-38001250527-5872-u8q4q801\client\Admin\_internal\tzdata\zoneinfo\America\Thule
2026-10-09 23:00:09.783   Time stamp of our file: 2026-10-09 22:57:36.000
2026-10-09 23:00:09.783   Dest file exists.
2026-10-09 23:00:09.783   Time stamp of existing file: 2026-10-09 22:57:36.000
2026-10-09 23:00:09.783   Installing the file.
2026-10-09 23:00:09.783   Successfully installed the file.
2026-10-09 23:00:09.783   -- File entry --
2026-10-09 23:00:09.783   Dest filename: D:\a\_temp\agym-c64-38001250527-5872-u8q4q801\client\Admin\_internal\tzdata\zoneinfo\America\Thunder_Bay
2026-10-09 23:00:09.783   Time stamp of our file: 2026-10-09 22:57:36.000
2026-10-09 23:00:09.783   Dest file exists.
2026-10-09 23:00:09.783   Time stamp of existing file: 2026-10-09 22:57:36.000
2026-10-09 23:00:09.783   Installing the file.
2026-10-09 23:00:09.783   Successfully installed the file.
2026-10-09 23:00:09.783   -- File entry --
2026-10-09 23:00:09.783   Dest filename: D:\a\_temp\agym-c64-38001250527-5872-u8q4q801\client\Admin\_internal\tzdata\zoneinfo\America\Tijuana
2026-10-09 23:00:09.783   Time stamp of our file: 2026-10-09 22:57:36.000
2026-10-09 23:00:09.783   Dest file exists.
2026-10-09 23:00:09.783   Time stamp of existing file: 2026-10-09 22:57:36.000
2026-10-09 23:00:09.783   Installing the file.
2026-10-09 23:00:09.783   Successfully installed the file.
2026-10-09 23:00:09.783   -- File entry --
2026-10-09 23:00:09.783   Dest filename: D:\a\_temp\agym-c64-38001250527-5872-u8q4q801\client\Admin\_internal\tzdata\zoneinfo\America\Toronto
2026-10-09 23:00:09.783   Time stamp of our file: 2026-10-09 22:57:36.000
2026-10-09 23:00:09.783   Dest file exists.
2026-10-09 23:00:09.783   Time stamp of existing file: 2026-10-09 22:57:36.000
2026-10-09 23:00:09.783   Installing the file.
2026-10-09 23:00:09.783   Successfully installed the file.
2026-10-09 23:00:09.783   -- File entry --
2026-10-09 23:00:09.783   Dest filename: D:\a\_temp\agym-c64-38001250527-5872-u8q4q801\client\Admin\_internal\tzdata\zoneinfo\America\Tortola
2026-10-09 23:00:09.783   Time stamp of our file: 2026-10-09 22:57:36.000
2026-10-09 23:00:09.783   Dest file exists.
2026-10-09 23:00:09.783   Time stamp of existing file: 2026-10-09 22:57:36.000
2026-10-09 23:00:09.783   Installing the file.
2026-10-09 23:00:09.783   Successfully installed the file.
2026-10-09 23:00:09.783   -- File entry --
2026-10-09 23:00:09.783   Dest filename: D:\a\_temp\agym-c64-38001250527-5872-u8q4q801\client\Admin\_internal\tzdata\zoneinfo\America\Vancouver
2026-10-09 23:00:09.783   Time stamp of our file: 2026-10-09 22:57:36.000
2026-10-09 23:00:09.783   Dest file exists.
2026-10-09 23:00:09.783   Time stamp of existing file: 2026-10-09 22:57:36.000
2026-10-09 23:00:09.783   Installing the file.
2026-10-09 23:00:09.783   Successfully installed the file.
2026-10-09 23:00:09.783   -- File entry --
2026-10-09 23:00:09.783   Dest filename: D:\a\_temp\agym-c64-38001250527-5872-u8q4q801\client\Admin\_internal\tzdata\zoneinfo\America\Virgin
2026-10-09 23:00:09.783   Time stamp of our file: 2026-10-09 22:57:36.000
2026-10-09 23:00:09.783   Dest file exists.
2026-10-09 23:00:09.783   Time stamp of existing file: 2026-10-09 22:57:36.000
2026-10-09 23:00:09.783   Installing the file.
2026-10-09 23:00:09.783   Successfully installed the file.
2026-10-09 23:00:09.783   -- File entry --
2026-10-09 23:00:09.783   Dest filename: D:\a\_temp\agym-c64-38001250527-5872-u8q4q801\client\Admin\_internal\tzdata\zoneinfo\America\Whitehorse
2026-10-09 23:00:09.783   Time stamp of our file: 2026-10-09 22:57:36.000
2026-10-09 23:00:09.783   Dest file exists.
2026-10-09 23:00:09.783   Time stamp of existing file: 2026-10-09 22:57:36.000
2026-10-09 23:00:09.783   Installing the file.
2026-10-09 23:00:09.783   Successfully installed the file.
2026-10-09 23:00:09.783   -- File entry --
2026-10-09 23:00:09.783   Dest filename: D:\a\_temp\agym-c64-38001250527-5872-u8q4q801\client\Admin\_internal\tzdata\zoneinfo\America\Winnipeg
2026-10-09 23:00:09.783   Time stamp of our file: 2026-10-09 22:57:36.000
2026-10-09 23:00:09.783   Dest file exists.
2026-10-09 23:00:09.783   Time stamp of existing file: 2026-10-09 22:57:36.000
2026-10-09 23:00:09.783   Installing the file.
2026-10-09 23:00:09.783   Successfully installed the file.
2026-10-09 23:00:09.783   -- File entry --
2026-10-09 23:00:09.783   Dest filename: D:\a\_temp\agym-c64-38001250527-5872-u8q4q801\client\Admin\_internal\tzdata\zoneinfo\America\Yakutat
2026-10-09 23:00:09.783   Time stamp of our file: 2026-10-09 22:57:36.000
2026-10-09 23:00:09.783   Dest file exists.
2026-10-09 23:00:09.783   Time stamp of existing file: 2026-10-09 22:57:36.000
2026-10-09 23:00:09.783   Installing the file.
2026-10-09 23:00:09.783   Successfully installed the file.
2026-10-09 23:00:09.783   -- File entry --
2026-10-09 23:00:09.783   Dest filename: D:\a\_temp\agym-c64-38001250527-5872-u8q4q801\client\Admin\_internal\tzdata\zoneinfo\America\Yellowknife
2026-10-09 23:00:09.783   Time stamp of our file: 2026-10-09 22:57:36.000
2026-10-09 23:00:09.783   Dest file exists.
2026-10-09 23:00:09.783   Time stamp of existing file: 2026-10-09 22:57:36.000
2026-10-09 23:00:09.783   Installing the file.
2026-10-09 23:00:09.783   Successfully installed the file.
2026-10-09 23:00:09.783   -- File entry --
2026-10-09 23:00:09.783   Dest filename: D:\a\_temp\agym-c64-38001250527-5872-u8q4q801\client\Admin\_internal\tzdata\zoneinfo\America\__init__.py
2026-10-09 23:00:09.783   Time stamp of our file: 2026-10-09 22:57:36.000
2026-10-09 23:00:09.783   Dest file exists.
2026-10-09 23:00:09.783   Time stamp of existing file: 2026-10-09 22:57:36.000
2026-10-09 23:00:09.783   Installing the file.
2026-10-09 23:00:09.783   Successfully installed the file.
2026-10-09 23:00:09.783   -- File entry --
2026-10-09 23:00:09.783   Dest filename: D:\a\_temp\agym-c64-38001250527-5872-u8q4q801\client\Admin\_internal\tzdata\zoneinfo\America\Argentina\Buenos_Aires
2026-10-09 23:00:09.783   Time stamp of our file: 2026-10-09 22:57:36.000
2026-10-09 23:00:09.783   Dest file exists.
2026-10-09 23:00:09.783   Time stamp of existing file: 2026-10-09 22:57:36.000
2026-10-09 23:00:09.783   Installing the file.
2026-10-09 23:00:09.783   Successfully installed the file.
2026-10-09 23:00:09.783   -- File entry --
2026-10-09 23:00:09.783   Dest filename: D:\a\_temp\agym-c64-38001250527-5872-u8q4q801\client\Admin\_internal\tzdata\zoneinfo\America\Argentina\Catamarca
2026-10-09 23:00:09.783   Time stamp of our file: 2026-10-09 22:57:36.000
2026-10-09 23:00:09.783   Dest file exists.
2026-10-09 23:00:09.783   Time stamp of existing file: 2026-10-09 22:57:36.000
2026-10-09 23:00:09.783   Installing the file.
2026-10-09 23:00:09.783   Successfully installed the file.
2026-10-09 23:00:09.783   -- File entry --
2026-10-09 23:00:09.783   Dest filename: D:\a\_temp\agym-c64-38001250527-5872-u8q4q801\client\Admin\_internal\tzdata\zoneinfo\America\Argentina\ComodRivadavia
2026-10-09 23:00:09.783   Time stamp of our file: 2026-10-09 22:57:36.000
2026-10-09 23:00:09.783   Dest file exists.
2026-10-09 23:00:09.783   Time stamp of existing file: 2026-10-09 22:57:36.000
2026-10-09 23:00:09.783   Installing the file.
2026-10-09 23:00:09.783   Successfully installed the file.
2026-10-09 23:00:09.783   -- File entry --
2026-10-09 23:00:09.783   Dest filename: D:\a\_temp\agym-c64-38001250527-5872-u8q4q801\client\Admin\_internal\tzdata\zoneinfo\America\Argentina\Cordoba
2026-10-09 23:00:09.783   Time stamp of our file: 2026-10-09 22:57:36.000
2026-10-09 23:00:09.783   Dest file exists.
2026-10-09 23:00:09.783   Time stamp of existing file: 2026-10-09 22:57:36.000
2026-10-09 23:00:09.783   Installing the file.
2026-10-09 23:00:09.783   Successfully installed the file.
2026-10-09 23:00:09.783   -- File entry --
2026-10-09 23:00:09.783   Dest filename: D:\a\_temp\agym-c64-38001250527-5872-u8q4q801\client\Admin\_internal\tzdata\zoneinfo\America\Argentina\Jujuy
2026-10-09 23:00:09.783   Time stamp of our file: 2026-10-09 22:57:36.000
2026-10-09 23:00:09.783   Dest file exists.
2026-10-09 23:00:09.783   Time stamp of existing file: 2026-10-09 22:57:36.000
2026-10-09 23:00:09.783   Installing the file.
2026-10-09 23:00:09.783   Successfully installed the file.
2026-10-09 23:00:09.783   -- File entry --
2026-10-09 23:00:09.783   Dest filename: D:\a\_temp\agym-c64-38001250527-5872-u8q4q801\client\Admin\_internal\tzdata\zoneinfo\America\Argentina\La_Rioja
2026-10-09 23:00:09.783   Time stamp of our file: 2026-10-09 22:57:36.000
2026-10-09 23:00:09.783   Dest file exists.
2026-10-09 23:00:09.783   Time stamp of existing file: 2026-10-09 22:57:36.000
2026-10-09 23:00:09.783   Installing the file.
2026-10-09 23:00:09.783   Successfully installed the file.
2026-10-09 23:00:09.783   -- File entry --
2026-10-09 23:00:09.783   Dest filename: D:\a\_temp\agym-c64-38001250527-5872-u8q4q801\client\Admin\_internal\tzdata\zoneinfo\America\Argentina\Mendoza
2026-10-09 23:00:09.783   Time stamp of our file: 2026-10-09 22:57:36.000
2026-10-09 23:00:09.783   Dest file exists.
2026-10-09 23:00:09.783   Time stamp of existing file: 2026-10-09 22:57:36.000
2026-10-09 23:00:09.783   Installing the file.
2026-10-09 23:00:09.783   Successfully installed the file.
2026-10-09 23:00:09.783   -- File entry --
2026-10-09 23:00:09.783   Dest filename: D:\a\_temp\agym-c64-38001250527-5872-u8q4q801\client\Admin\_internal\tzdata\zoneinfo\America\Argentina\Rio_Gallegos
2026-10-09 23:00:09.783   Time stamp of our file: 2026-10-09 22:57:36.000
2026-10-09 23:00:09.783   Dest file exists.
2026-10-09 23:00:09.783   Time stamp of existing file: 2026-10-09 22:57:36.000
2026-10-09 23:00:09.783   Installing the file.
2026-10-09 23:00:09.783   Successfully installed the file.
2026-10-09 23:00:09.783   -- File entry --
2026-10-09 23:00:09.783   Dest filename: D:\a\_temp\agym-c64-38001250527-5872-u8q4q801\client\Admin\_internal\tzdata\zoneinfo\America\Argentina\Salta
2026-10-09 23:00:09.783   Time stamp of our file: 2026-10-09 22:57:36.000
2026-10-09 23:00:09.783   Dest file exists.
2026-10-09 23:00:09.783   Time stamp of existing file: 2026-10-09 22:57:36.000
2026-10-09 23:00:09.783   Installing the file.
2026-10-09 23:00:09.783   Successfully installed the file.
2026-10-09 23:00:09.783   -- File entry --
2026-10-09 23:00:09.783   Dest filename: D:\a\_temp\agym-c64-38001250527-5872-u8q4q801\client\Admin\_internal\tzdata\zoneinfo\America\Argentina\San_Juan
2026-10-09 23:00:09.783   Time stamp of our file: 2026-10-09 22:57:36.000
2026-10-09 23:00:09.783   Dest file exists.
2026-10-09 23:00:09.783   Time stamp of existing file: 2026-10-09 22:57:36.000
2026-10-09 23:00:09.783   Installing the file.
2026-10-09 23:00:09.783   Successfully installed the file.
2026-10-09 23:00:09.783   -- File entry --
2026-10-09 23:00:09.783   Dest filename: D:\a\_temp\agym-c64-38001250527-5872-u8q4q801\client\Admin\_internal\tzdata\zoneinfo\America\Argentina\San_Luis
2026-10-09 23:00:09.783   Time stamp of our file: 2026-10-09 22:57:36.000
2026-10-09 23:00:09.783   Dest file exists.
2026-10-09 23:00:09.783   Time stamp of existing file: 2026-10-09 22:57:36.000
2026-10-09 23:00:09.783   Installing the file.
2026-10-09 23:00:09.783   Successfully installed the file.
2026-10-09 23:00:09.783   -- File entry --
2026-10-09 23:00:09.783   Dest filename: D:\a\_temp\agym-c64-38001250527-5872-u8q4q801\client\Admin\_internal\tzdata\zoneinfo\America\Argentina\Tucuman
2026-10-09 23:00:09.783   Time stamp of our file: 2026-10-09 22:57:36.000
2026-10-09 23:00:09.783   Dest file exists.
2026-10-09 23:00:09.783   Time stamp of existing file: 2026-10-09 22:57:36.000
2026-10-09 23:00:09.783   Installing the file.
2026-10-09 23:00:09.783   Successfully installed the file.
2026-10-09 23:00:09.783   -- File entry --
2026-10-09 23:00:09.783   Dest filename: D:\a\_temp\agym-c64-38001250527-5872-u8q4q801\client\Admin\_internal\tzdata\zoneinfo\America\Argentina\Ushuaia
2026-10-09 23:00:09.783   Time stamp of our file: 2026-10-09 22:57:36.000
2026-10-09 23:00:09.783   Dest file exists.
2026-10-09 23:00:09.783   Time stamp of existing file: 2026-10-09 22:57:36.000
2026-10-09 23:00:09.783   Installing the file.
2026-10-09 23:00:09.799   Successfully installed the file.
2026-10-09 23:00:09.799   -- File entry --
2026-10-09 23:00:09.799   Dest filename: D:\a\_temp\agym-c64-38001250527-5872-u8q4q801\client\Admin\_internal\tzdata\zoneinfo\America\Argentina\__init__.py
2026-10-09 23:00:09.799   Time stamp of our file: 2026-10-09 22:57:36.000
2026-10-09 23:00:09.799   Dest file exists.
2026-10-09 23:00:09.799   Time stamp of existing file: 2026-10-09 22:57:36.000
2026-10-09 23:00:09.799   Installing the file.
2026-10-09 23:00:09.799   Successfully installed the file.
2026-10-09 23:00:09.799   -- File entry --
2026-10-09 23:00:09.799   Dest filename: D:\a\_temp\agym-c64-38001250527-5872-u8q4q801\client\Admin\_internal\tzdata\zoneinfo\America\Indiana\Indianapolis
2026-10-09 23:00:09.799   Time stamp of our file: 2026-10-09 22:57:36.000
2026-10-09 23:00:09.799   Dest file exists.
2026-10-09 23:00:09.799   Time stamp of existing file: 2026-10-09 22:57:36.000
2026-10-09 23:00:09.799   Installing the file.
2026-10-09 23:00:09.799   Successfully installed the file.
2026-10-09 23:00:09.799   -- File entry --
2026-10-09 23:00:09.799   Dest filename: D:\a\_temp\agym-c64-38001250527-5872-u8q4q801\client\Admin\_internal\tzdata\zoneinfo\America\Indiana\Knox
2026-10-09 23:00:09.799   Time stamp of our file: 2026-10-09 22:57:36.000
2026-10-09 23:00:09.799   Dest file exists.
2026-10-09 23:00:09.799   Time stamp of existing file: 2026-10-09 22:57:36.000
2026-10-09 23:00:09.799   Installing the file.
2026-10-09 23:00:09.799   Successfully installed the file.
2026-10-09 23:00:09.799   -- File entry --
2026-10-09 23:00:09.799   Dest filename: D:\a\_temp\agym-c64-38001250527-5872-u8q4q801\client\Admin\_internal\tzdata\zoneinfo\America\Indiana\Marengo
2026-10-09 23:00:09.799   Time stamp of our file: 2026-10-09 22:57:36.000
2026-10-09 23:00:09.799   Dest file exists.
2026-10-09 23:00:09.799   Time stamp of existing file: 2026-10-09 22:57:36.000
2026-10-09 23:00:09.799   Installing the file.
2026-10-09 23:00:09.799   Successfully installed the file.
2026-10-09 23:00:09.799   -- File entry --
2026-10-09 23:00:09.799   Dest filename: D:\a\_temp\agym-c64-38001250527-5872-u8q4q801\client\Admin\_internal\tzdata\zoneinfo\America\Indiana\Petersburg
2026-10-09 23:00:09.799   Time stamp of our file: 2026-10-09 22:57:36.000
2026-10-09 23:00:09.799   Dest file exists.
2026-10-09 23:00:09.799   Time stamp of existing file: 2026-10-09 22:57:36.000
2026-10-09 23:00:09.799   Installing the file.
2026-10-09 23:00:09.799   Successfully installed the file.
2026-10-09 23:00:09.799   -- File entry --
2026-10-09 23:00:09.799   Dest filename: D:\a\_temp\agym-c64-38001250527-5872-u8q4q801\client\Admin\_internal\tzdata\zoneinfo\America\Indiana\Tell_City
2026-10-09 23:00:09.799   Time stamp of our file: 2026-10-09 22:57:36.000
2026-10-09 23:00:09.799   Dest file exists.
2026-10-09 23:00:09.799   Time stamp of existing file: 2026-10-09 22:57:36.000
2026-10-09 23:00:09.799   Installing the file.
2026-10-09 23:00:09.799   Successfully installed the file.
2026-10-09 23:00:09.799   -- File entry --
2026-10-09 23:00:09.799   Dest filename: D:\a\_temp\agym-c64-38001250527-5872-u8q4q801\client\Admin\_internal\tzdata\zoneinfo\America\Indiana\Vevay
2026-10-09 23:00:09.799   Time stamp of our file: 2026-10-09 22:57:36.000
2026-10-09 23:00:09.799   Dest file exists.
2026-10-09 23:00:09.799   Time stamp of existing file: 2026-10-09 22:57:36.000
2026-10-09 23:00:09.799   Installing the file.
2026-10-09 23:00:09.799   Successfully installed the file.
2026-10-09 23:00:09.799   -- File entry --
2026-10-09 23:00:09.799   Dest filename: D:\a\_temp\agym-c64-38001250527-5872-u8q4q801\client\Admin\_internal\tzdata\zoneinfo\America\Indiana\Vincennes
2026-10-09 23:00:09.799   Time stamp of our file: 2026-10-09 22:57:36.000
2026-10-09 23:00:09.799   Dest file exists.
2026-10-09 23:00:09.799   Time stamp of existing file: 2026-10-09 22:57:36.000
2026-10-09 23:00:09.799   Installing the file.
2026-10-09 23:00:09.799   Successfully installed the file.
2026-10-09 23:00:09.799   -- File entry --
2026-10-09 23:00:09.799   Dest filename: D:\a\_temp\agym-c64-38001250527-5872-u8q4q801\client\Admin\_internal\tzdata\zoneinfo\America\Indiana\Winamac
2026-10-09 23:00:09.799   Time stamp of our file: 2026-10-09 22:57:36.000
2026-10-09 23:00:09.799   Dest file exists.
2026-10-09 23:00:09.799   Time stamp of existing file: 2026-10-09 22:57:36.000
2026-10-09 23:00:09.799   Installing the file.
2026-10-09 23:00:09.799   Successfully installed the file.
2026-10-09 23:00:09.799   -- File entry --
2026-10-09 23:00:09.799   Dest filename: D:\a\_temp\agym-c64-38001250527-5872-u8q4q801\client\Admin\_internal\tzdata\zoneinfo\America\Indiana\__init__.py
2026-10-09 23:00:09.799   Time stamp of our file: 2026-10-09 22:57:36.000
2026-10-09 23:00:09.799   Dest file exists.
2026-10-09 23:00:09.799   Time stamp of existing file: 2026-10-09 22:57:36.000
2026-10-09 23:00:09.799   Installing the file.
2026-10-09 23:00:09.799   Successfully installed the file.
2026-10-09 23:00:09.799   -- File entry --
2026-10-09 23:00:09.799   Dest filename: D:\a\_temp\agym-c64-38001250527-5872-u8q4q801\client\Admin\_internal\tzdata\zoneinfo\America\Kentucky\Louisville
2026-10-09 23:00:09.799   Time stamp of our file: 2026-10-09 22:57:36.000
2026-10-09 23:00:09.799   Dest file exists.
2026-10-09 23:00:09.799   Time stamp of existing file: 2026-10-09 22:57:36.000
2026-10-09 23:00:09.799   Installing the file.
2026-10-09 23:00:09.799   Successfully installed the file.
2026-10-09 23:00:09.799   -- File entry --
2026-10-09 23:00:09.799   Dest filename: D:\a\_temp\agym-c64-38001250527-5872-u8q4q801\client\Admin\_internal\tzdata\zoneinfo\America\Kentucky\Monticello
2026-10-09 23:00:09.799   Time stamp of our file: 2026-10-09 22:57:36.000
2026-10-09 23:00:09.799   Dest file exists.
2026-10-09 23:00:09.799   Time stamp of existing file: 2026-10-09 22:57:36.000
2026-10-09 23:00:09.799   Installing the file.
2026-10-09 23:00:09.799   Successfully installed the file.
2026-10-09 23:00:09.799   -- File entry --
2026-10-09 23:00:09.799   Dest filename: D:\a\_temp\agym-c64-38001250527-5872-u8q4q801\client\Admin\_internal\tzdata\zoneinfo\America\Kentucky\__init__.py
2026-10-09 23:00:09.799   Time stamp of our file: 2026-10-09 22:57:36.000
2026-10-09 23:00:09.799   Dest file exists.
2026-10-09 23:00:09.799   Time stamp of existing file: 2026-10-09 22:57:36.000
2026-10-09 23:00:09.799   Installing the file.
2026-10-09 23:00:09.799   Successfully installed the file.
2026-10-09 23:00:09.799   -- File entry --
2026-10-09 23:00:09.799   Dest filename: D:\a\_temp\agym-c64-38001250527-5872-u8q4q801\client\Admin\_internal\tzdata\zoneinfo\America\North_Dakota\Beulah
2026-10-09 23:00:09.799   Time stamp of our file: 2026-10-09 22:57:36.000
2026-10-09 23:00:09.799   Dest file exists.
2026-10-09 23:00:09.799   Time stamp of existing file: 2026-10-09 22:57:36.000
2026-10-09 23:00:09.799   Installing the file.
2026-10-09 23:00:09.799   Successfully installed the file.
2026-10-09 23:00:09.799   -- File entry --
2026-10-09 23:00:09.799   Dest filename: D:\a\_temp\agym-c64-38001250527-5872-u8q4q801\client\Admin\_internal\tzdata\zoneinfo\America\North_Dakota\Center
2026-10-09 23:00:09.799   Time stamp of our file: 2026-10-09 22:57:36.000
2026-10-09 23:00:09.799   Dest file exists.
2026-10-09 23:00:09.799   Time stamp of existing file: 2026-10-09 22:57:36.000
2026-10-09 23:00:09.799   Installing the file.
2026-10-09 23:00:09.799   Successfully installed the file.
2026-10-09 23:00:09.799   -- File entry --
2026-10-09 23:00:09.799   Dest filename: D:\a\_temp\agym-c64-38001250527-5872-u8q4q801\client\Admin\_internal\tzdata\zoneinfo\America\North_Dakota\New_Salem
2026-10-09 23:00:09.799   Time stamp of our file: 2026-10-09 22:57:36.000
2026-10-09 23:00:09.799   Dest file exists.
2026-10-09 23:00:09.799   Time stamp of existing file: 2026-10-09 22:57:36.000
2026-10-09 23:00:09.799   Installing the file.
2026-10-09 23:00:09.799   Successfully installed the file.
2026-10-09 23:00:09.799   -- File entry --
2026-10-09 23:00:09.799   Dest filename: D:\a\_temp\agym-c64-38001250527-5872-u8q4q801\client\Admin\_internal\tzdata\zoneinfo\America\North_Dakota\__init__.py
2026-10-09 23:00:09.799   Time stamp of our file: 2026-10-09 22:57:36.000
2026-10-09 23:00:09.799   Dest file exists.
2026-10-09 23:00:09.799   Time stamp of existing file: 2026-10-09 22:57:36.000
2026-10-09 23:00:09.799   Installing the file.
2026-10-09 23:00:09.799   Successfully installed the file.
2026-10-09 23:00:09.799   -- File entry --
2026-10-09 23:00:09.799   Dest filename: D:\a\_temp\agym-c64-38001250527-5872-u8q4q801\client\Admin\_internal\tzdata\zoneinfo\Antarctica\Casey
2026-10-09 23:00:09.799   Time stamp of our file: 2026-10-09 22:57:36.000
2026-10-09 23:00:09.799   Dest file exists.
2026-10-09 23:00:09.799   Time stamp of existing file: 2026-10-09 22:57:36.000
2026-10-09 23:00:09.799   Installing the file.
2026-10-09 23:00:09.799   Successfully installed the file.
2026-10-09 23:00:09.799   -- File entry --
2026-10-09 23:00:09.799   Dest filename: D:\a\_temp\agym-c64-38001250527-5872-u8q4q801\client\Admin\_internal\tzdata\zoneinfo\Antarctica\Davis
2026-10-09 23:00:09.799   Time stamp of our file: 2026-10-09 22:57:36.000
2026-10-09 23:00:09.799   Dest file exists.
2026-10-09 23:00:09.799   Time stamp of existing file: 2026-10-09 22:57:36.000
2026-10-09 23:00:09.799   Installing the file.
2026-10-09 23:00:09.799   Successfully installed the file.
2026-10-09 23:00:09.799   -- File entry --
2026-10-09 23:00:09.799   Dest filename: D:\a\_temp\agym-c64-38001250527-5872-u8q4q801\client\Admin\_internal\tzdata\zoneinfo\Antarctica\DumontDUrville
2026-10-09 23:00:09.799   Time stamp of our file: 2026-10-09 22:57:36.000
2026-10-09 23:00:09.799   Dest file exists.
2026-10-09 23:00:09.799   Time stamp of existing file: 2026-10-09 22:57:36.000
2026-10-09 23:00:09.799   Installing the file.
2026-10-09 23:00:09.799   Successfully installed the file.
2026-10-09 23:00:09.799   -- File entry --
2026-10-09 23:00:09.799   Dest filename: D:\a\_temp\agym-c64-38001250527-5872-u8q4q801\client\Admin\_internal\tzdata\zoneinfo\Antarctica\Macquarie
2026-10-09 23:00:09.799   Time stamp of our file: 2026-10-09 22:57:36.000
2026-10-09 23:00:09.799   Dest file exists.
2026-10-09 23:00:09.799   Time stamp of existing file: 2026-10-09 22:57:36.000
2026-10-09 23:00:09.799   Installing the file.
2026-10-09 23:00:09.799   Successfully installed the file.
2026-10-09 23:00:09.799   -- File entry --
2026-10-09 23:00:09.799   Dest filename: D:\a\_temp\agym-c64-38001250527-5872-u8q4q801\client\Admin\_internal\tzdata\zoneinfo\Antarctica\Mawson
2026-10-09 23:00:09.799   Time stamp of our file: 2026-10-09 22:57:36.000
2026-10-09 23:00:09.799   Dest file exists.
2026-10-09 23:00:09.799   Time stamp of existing file: 2026-10-09 22:57:36.000
2026-10-09 23:00:09.799   Installing the file.
2026-10-09 23:00:09.799   Successfully installed the file.
2026-10-09 23:00:09.799   -- File entry --
2026-10-09 23:00:09.799   Dest filename: D:\a\_temp\agym-c64-38001250527-5872-u8q4q801\client\Admin\_internal\tzdata\zoneinfo\Antarctica\McMurdo
2026-10-09 23:00:09.799   Time stamp of our file: 2026-10-09 22:57:36.000
2026-10-09 23:00:09.799   Dest file exists.
2026-10-09 23:00:09.799   Time stamp of existing file: 2026-10-09 22:57:36.000
2026-10-09 23:00:09.799   Installing the file.
2026-10-09 23:00:09.799   Successfully installed the file.
2026-10-09 23:00:09.799   -- File entry --
2026-10-09 23:00:09.799   Dest filename: D:\a\_temp\agym-c64-38001250527-5872-u8q4q801\client\Admin\_internal\tzdata\zoneinfo\Antarctica\Palmer
2026-10-09 23:00:09.799   Time stamp of our file: 2026-10-09 22:57:36.000
2026-10-09 23:00:09.799   Dest file exists.
2026-10-09 23:00:09.799   Time stamp of existing file: 2026-10-09 22:57:36.000
2026-10-09 23:00:09.799   Installing the file.
2026-10-09 23:00:09.799   Successfully installed the file.
2026-10-09 23:00:09.799   -- File entry --
2026-10-09 23:00:09.799   Dest filename: D:\a\_temp\agym-c64-38001250527-5872-u8q4q801\client\Admin\_internal\tzdata\zoneinfo\Antarctica\Rothera
2026-10-09 23:00:09.799   Time stamp of our file: 2026-10-09 22:57:36.000
2026-10-09 23:00:09.799   Dest file exists.
2026-10-09 23:00:09.799   Time stamp of existing file: 2026-10-09 22:57:36.000
2026-10-09 23:00:09.799   Installing the file.
2026-10-09 23:00:09.799   Successfully installed the file.
2026-10-09 23:00:09.799   -- File entry --
2026-10-09 23:00:09.799   Dest filename: D:\a\_temp\agym-c64-38001250527-5872-u8q4q801\client\Admin\_internal\tzdata\zoneinfo\Antarctica\South_Pole
2026-10-09 23:00:09.799   Time stamp of our file: 2026-10-09 22:57:36.000
2026-10-09 23:00:09.799   Dest file exists.
2026-10-09 23:00:09.799   Time stamp of existing file: 2026-10-09 22:57:36.000
2026-10-09 23:00:09.799   Installing the file.
2026-10-09 23:00:09.799   Successfully installed the file.
2026-10-09 23:00:09.799   -- File entry --
2026-10-09 23:00:09.799   Dest filename: D:\a\_temp\agym-c64-38001250527-5872-u8q4q801\client\Admin\_internal\tzdata\zoneinfo\Antarctica\Syowa
2026-10-09 23:00:09.799   Time stamp of our file: 2026-10-09 22:57:36.000
2026-10-09 23:00:09.799   Dest file exists.
2026-10-09 23:00:09.799   Time stamp of existing file: 2026-10-09 22:57:36.000
2026-10-09 23:00:09.799   Installing the file.
2026-10-09 23:00:09.799   Successfully installed the file.
2026-10-09 23:00:09.799   -- File entry --
2026-10-09 23:00:09.799   Dest filename: D:\a\_temp\agym-c64-38001250527-5872-u8q4q801\client\Admin\_internal\tzdata\zoneinfo\Antarctica\Troll
2026-10-09 23:00:09.799   Time stamp of our file: 2026-10-09 22:57:36.000
2026-10-09 23:00:09.799   Dest file exists.
2026-10-09 23:00:09.799   Time stamp of existing file: 2026-10-09 22:57:36.000
2026-10-09 23:00:09.799   Installing the file.
2026-10-09 23:00:09.799   Successfully installed the file.
2026-10-09 23:00:09.799   -- File entry --
2026-10-09 23:00:09.799   Dest filename: D:\a\_temp\agym-c64-38001250527-5872-u8q4q801\client\Admin\_internal\tzdata\zoneinfo\Antarctica\Vostok
2026-10-09 23:00:09.799   Time stamp of our file: 2026-10-09 22:57:36.000
2026-10-09 23:00:09.799   Dest file exists.
2026-10-09 23:00:09.799   Time stamp of existing file: 2026-10-09 22:57:36.000
2026-10-09 23:00:09.799   Installing the file.
2026-10-09 23:00:09.799   Successfully installed the file.
2026-10-09 23:00:09.799   -- File entry --
2026-10-09 23:00:09.799   Dest filename: D:\a\_temp\agym-c64-38001250527-5872-u8q4q801\client\Admin\_internal\tzdata\zoneinfo\Antarctica\__init__.py
2026-10-09 23:00:09.799   Time stamp of our file: 2026-10-09 22:57:36.000
2026-10-09 23:00:09.799   Dest file exists.
2026-10-09 23:00:09.799   Time stamp of existing file: 2026-10-09 22:57:36.000
2026-10-09 23:00:09.814   Installing the file.
2026-10-09 23:00:09.814   Successfully installed the file.
2026-10-09 23:00:09.814   -- File entry --
2026-10-09 23:00:09.814   Dest filename: D:\a\_temp\agym-c64-38001250527-5872-u8q4q801\client\Admin\_internal\tzdata\zoneinfo\Arctic\Longyearbyen
2026-10-09 23:00:09.814   Time stamp of our file: 2026-10-09 22:57:36.000
2026-10-09 23:00:09.814   Dest file exists.
2026-10-09 23:00:09.814   Time stamp of existing file: 2026-10-09 22:57:36.000
2026-10-09 23:00:09.814   Installing the file.
2026-10-09 23:00:09.814   Successfully installed the file.
2026-10-09 23:00:09.814   -- File entry --
2026-10-09 23:00:09.814   Dest filename: D:\a\_temp\agym-c64-38001250527-5872-u8q4q801\client\Admin\_internal\tzdata\zoneinfo\Arctic\__init__.py
2026-10-09 23:00:09.814   Time stamp of our file: 2026-10-09 22:57:36.000
2026-10-09 23:00:09.814   Dest file exists.
2026-10-09 23:00:09.814   Time stamp of existing file: 2026-10-09 22:57:36.000
2026-10-09 23:00:09.814   Installing the file.
2026-10-09 23:00:09.814   Successfully installed the file.
2026-10-09 23:00:09.814   -- File entry --
2026-10-09 23:00:09.814   Dest filename: D:\a\_temp\agym-c64-38001250527-5872-u8q4q801\client\Admin\_internal\tzdata\zoneinfo\Asia\Aden
2026-10-09 23:00:09.814   Time stamp of our file: 2026-10-09 22:57:36.000
2026-10-09 23:00:09.814   Dest file exists.
2026-10-09 23:00:09.814   Time stamp of existing file: 2026-10-09 22:57:36.000
2026-10-09 23:00:09.814   Installing the file.
2026-10-09 23:00:09.814   Successfully installed the file.
2026-10-09 23:00:09.814   -- File entry --
2026-10-09 23:00:09.814   Dest filename: D:\a\_temp\agym-c64-38001250527-5872-u8q4q801\client\Admin\_internal\tzdata\zoneinfo\Asia\Almaty
2026-10-09 23:00:09.814   Time stamp of our file: 2026-10-09 22:57:36.000
2026-10-09 23:00:09.814   Dest file exists.
2026-10-09 23:00:09.814   Time stamp of existing file: 2026-10-09 22:57:36.000
2026-10-09 23:00:09.814   Installing the file.
2026-10-09 23:00:09.814   Successfully installed the file.
2026-10-09 23:00:09.814   -- File entry --
2026-10-09 23:00:09.814   Dest filename: D:\a\_temp\agym-c64-38001250527-5872-u8q4q801\client\Admin\_internal\tzdata\zoneinfo\Asia\Amman
2026-10-09 23:00:09.814   Time stamp of our file: 2026-10-09 22:57:36.000
2026-10-09 23:00:09.814   Dest file exists.
2026-10-09 23:00:09.814   Time stamp of existing file: 2026-10-09 22:57:36.000
2026-10-09 23:00:09.814   Installing the file.
2026-10-09 23:00:09.814   Successfully installed the file.
2026-10-09 23:00:09.814   -- File entry --
2026-10-09 23:00:09.814   Dest filename: D:\a\_temp\agym-c64-38001250527-5872-u8q4q801\client\Admin\_internal\tzdata\zoneinfo\Asia\Anadyr
2026-10-09 23:00:09.814   Time stamp of our file: 2026-10-09 22:57:36.000
2026-10-09 23:00:09.814   Dest file exists.
2026-10-09 23:00:09.814   Time stamp of existing file: 2026-10-09 22:57:36.000
2026-10-09 23:00:09.814   Installing the file.
2026-10-09 23:00:09.814   Successfully installed the file.
2026-10-09 23:00:09.814   -- File entry --
2026-10-09 23:00:09.814   Dest filename: D:\a\_temp\agym-c64-38001250527-5872-u8q4q801\client\Admin\_internal\tzdata\zoneinfo\Asia\Aqtau
2026-10-09 23:00:09.814   Time stamp of our file: 2026-10-09 22:57:36.000
2026-10-09 23:00:09.814   Dest file exists.
2026-10-09 23:00:09.814   Time stamp of existing file: 2026-10-09 22:57:36.000
2026-10-09 23:00:09.814   Installing the file.
2026-10-09 23:00:09.814   Successfully installed the file.
2026-10-09 23:00:09.814   -- File entry --
2026-10-09 23:00:09.814   Dest filename: D:\a\_temp\agym-c64-38001250527-5872-u8q4q801\client\Admin\_internal\tzdata\zoneinfo\Asia\Aqtobe
2026-10-09 23:00:09.814   Time stamp of our file: 2026-10-09 22:57:36.000
2026-10-09 23:00:09.814   Dest file exists.
2026-10-09 23:00:09.814   Time stamp of existing file: 2026-10-09 22:57:36.000
2026-10-09 23:00:09.814   Installing the file.
2026-10-09 23:00:09.814   Successfully installed the file.
2026-10-09 23:00:09.814   -- File entry --
2026-10-09 23:00:09.814   Dest filename: D:\a\_temp\agym-c64-38001250527-5872-u8q4q801\client\Admin\_internal\tzdata\zoneinfo\Asia\Ashgabat
2026-10-09 23:00:09.814   Time stamp of our file: 2026-10-09 22:57:36.000
2026-10-09 23:00:09.814   Dest file exists.
2026-10-09 23:00:09.814   Time stamp of existing file: 2026-10-09 22:57:36.000
2026-10-09 23:00:09.814   Installing the file.
2026-10-09 23:00:09.814   Successfully installed the file.
2026-10-09 23:00:09.814   -- File entry --
2026-10-09 23:00:09.814   Dest filename: D:\a\_temp\agym-c64-38001250527-5872-u8q4q801\client\Admin\_internal\tzdata\zoneinfo\Asia\Ashkhabad
2026-10-09 23:00:09.814   Time stamp of our file: 2026-10-09 22:57:36.000
2026-10-09 23:00:09.814   Dest file exists.
2026-10-09 23:00:09.814   Time stamp of existing file: 2026-10-09 22:57:36.000
2026-10-09 23:00:09.814   Installing the file.
2026-10-09 23:00:09.814   Successfully installed the file.
2026-10-09 23:00:09.814   -- File entry --
2026-10-09 23:00:09.814   Dest filename: D:\a\_temp\agym-c64-38001250527-5872-u8q4q801\client\Admin\_internal\tzdata\zoneinfo\Asia\Atyrau
2026-10-09 23:00:09.814   Time stamp of our file: 2026-10-09 22:57:36.000
2026-10-09 23:00:09.814   Dest file exists.
2026-10-09 23:00:09.814   Time stamp of existing file: 2026-10-09 22:57:36.000
2026-10-09 23:00:09.814   Installing the file.
2026-10-09 23:00:09.814   Successfully installed the file.
2026-10-09 23:00:09.814   -- File entry --
2026-10-09 23:00:09.814   Dest filename: D:\a\_temp\agym-c64-38001250527-5872-u8q4q801\client\Admin\_internal\tzdata\zoneinfo\Asia\Baghdad
2026-10-09 23:00:09.814   Time stamp of our file: 2026-10-09 22:57:36.000
2026-10-09 23:00:09.814   Dest file exists.
2026-10-09 23:00:09.814   Time stamp of existing file: 2026-10-09 22:57:36.000
2026-10-09 23:00:09.814   Installing the file.
2026-10-09 23:00:09.814   Successfully installed the file.
2026-10-09 23:00:09.814   -- File entry --
2026-10-09 23:00:09.814   Dest filename: D:\a\_temp\agym-c64-38001250527-5872-u8q4q801\client\Admin\_internal\tzdata\zoneinfo\Asia\Bahrain
2026-10-09 23:00:09.814   Time stamp of our file: 2026-10-09 22:57:36.000
2026-10-09 23:00:09.814   Dest file exists.
2026-10-09 23:00:09.814   Time stamp of existing file: 2026-10-09 22:57:36.000
2026-10-09 23:00:09.814   Installing the file.
2026-10-09 23:00:09.814   Successfully installed the file.
2026-10-09 23:00:09.814   -- File entry --
2026-10-09 23:00:09.814   Dest filename: D:\a\_temp\agym-c64-38001250527-5872-u8q4q801\client\Admin\_internal\tzdata\zoneinfo\Asia\Baku
2026-10-09 23:00:09.814   Time stamp of our file: 2026-10-09 22:57:36.000
2026-10-09 23:00:09.814   Dest file exists.
2026-10-09 23:00:09.814   Time stamp of existing file: 2026-10-09 22:57:36.000
2026-10-09 23:00:09.814   Installing the file.
2026-10-09 23:00:09.814   Successfully installed the file.
2026-10-09 23:00:09.814   -- File entry --
2026-10-09 23:00:09.814   Dest filename: D:\a\_temp\agym-c64-38001250527-5872-u8q4q801\client\Admin\_internal\tzdata\zoneinfo\Asia\Bangkok
2026-10-09 23:00:09.814   Time stamp of our file: 2026-10-09 22:57:36.000
2026-10-09 23:00:09.814   Dest file exists.
2026-10-09 23:00:09.814   Time stamp of existing file: 2026-10-09 22:57:36.000
2026-10-09 23:00:09.814   Installing the file.
2026-10-09 23:00:09.814   Successfully installed the file.
2026-10-09 23:00:09.814   -- File entry --
2026-10-09 23:00:09.814   Dest filename: D:\a\_temp\agym-c64-38001250527-5872-u8q4q801\client\Admin\_internal\tzdata\zoneinfo\Asia\Barnaul
2026-10-09 23:00:09.814   Time stamp of our file: 2026-10-09 22:57:36.000
2026-10-09 23:00:09.814   Dest file exists.
2026-10-09 23:00:09.814   Time stamp of existing file: 2026-10-09 22:57:36.000
2026-10-09 23:00:09.814   Installing the file.
2026-10-09 23:00:09.814   Successfully installed the file.
2026-10-09 23:00:09.814   -- File entry --
2026-10-09 23:00:09.814   Dest filename: D:\a\_temp\agym-c64-38001250527-5872-u8q4q801\client\Admin\_internal\tzdata\zoneinfo\Asia\Beirut
2026-10-09 23:00:09.814   Time stamp of our file: 2026-10-09 22:57:36.000
2026-10-09 23:00:09.814   Dest file exists.
2026-10-09 23:00:09.814   Time stamp of existing file: 2026-10-09 22:57:36.000
2026-10-09 23:00:09.814   Installing the file.
2026-10-09 23:00:09.814   Successfully installed the file.
2026-10-09 23:00:09.814   -- File entry --
2026-10-09 23:00:09.814   Dest filename: D:\a\_temp\agym-c64-38001250527-5872-u8q4q801\client\Admin\_internal\tzdata\zoneinfo\Asia\Bishkek
2026-10-09 23:00:09.814   Time stamp of our file: 2026-10-09 22:57:36.000
2026-10-09 23:00:09.814   Dest file exists.
2026-10-09 23:00:09.814   Time stamp of existing file: 2026-10-09 22:57:36.000
2026-10-09 23:00:09.814   Installing the file.
2026-10-09 23:00:09.814   Successfully installed the file.
2026-10-09 23:00:09.814   -- File entry --
2026-10-09 23:00:09.814   Dest filename: D:\a\_temp\agym-c64-38001250527-5872-u8q4q801\client\Admin\_internal\tzdata\zoneinfo\Asia\Brunei
2026-10-09 23:00:09.814   Time stamp of our file: 2026-10-09 22:57:36.000
2026-10-09 23:00:09.814   Dest file exists.
2026-10-09 23:00:09.814   Time stamp of existing file: 2026-10-09 22:57:36.000
2026-10-09 23:00:09.814   Installing the file.
2026-10-09 23:00:09.814   Successfully installed the file.
2026-10-09 23:00:09.814   -- File entry --
2026-10-09 23:00:09.814   Dest filename: D:\a\_temp\agym-c64-38001250527-5872-u8q4q801\client\Admin\_internal\tzdata\zoneinfo\Asia\Calcutta
2026-10-09 23:00:09.814   Time stamp of our file: 2026-10-09 22:57:36.000
2026-10-09 23:00:09.814   Dest file exists.
2026-10-09 23:00:09.814   Time stamp of existing file: 2026-10-09 22:57:36.000
2026-10-09 23:00:09.814   Installing the file.
2026-10-09 23:00:09.814   Successfully installed the file.
2026-10-09 23:00:09.814   -- File entry --
2026-10-09 23:00:09.814   Dest filename: D:\a\_temp\agym-c64-38001250527-5872-u8q4q801\client\Admin\_internal\tzdata\zoneinfo\Asia\Chita
2026-10-09 23:00:09.814   Time stamp of our file: 2026-10-09 22:57:36.000
2026-10-09 23:00:09.814   Dest file exists.
2026-10-09 23:00:09.814   Time stamp of existing file: 2026-10-09 22:57:36.000
2026-10-09 23:00:09.814   Installing the file.
2026-10-09 23:00:09.814   Successfully installed the file.
2026-10-09 23:00:09.814   -- File entry --
2026-10-09 23:00:09.814   Dest filename: D:\a\_temp\agym-c64-38001250527-5872-u8q4q801\client\Admin\_internal\tzdata\zoneinfo\Asia\Choibalsan
2026-10-09 23:00:09.814   Time stamp of our file: 2026-10-09 22:57:36.000
2026-10-09 23:00:09.814   Dest file exists.
2026-10-09 23:00:09.814   Time stamp of existing file: 2026-10-09 22:57:36.000
2026-10-09 23:00:09.814   Installing the file.
2026-10-09 23:00:09.814   Successfully installed the file.
2026-10-09 23:00:09.814   -- File entry --
2026-10-09 23:00:09.814   Dest filename: D:\a\_temp\agym-c64-38001250527-5872-u8q4q801\client\Admin\_internal\tzdata\zoneinfo\Asia\Chongqing
2026-10-09 23:00:09.814   Time stamp of our file: 2026-10-09 22:57:36.000
2026-10-09 23:00:09.814   Dest file exists.
2026-10-09 23:00:09.814   Time stamp of existing file: 2026-10-09 22:57:36.000
2026-10-09 23:00:09.814   Installing the file.
2026-10-09 23:00:09.814   Successfully installed the file.
2026-10-09 23:00:09.814   -- File entry --
2026-10-09 23:00:09.814   Dest filename: D:\a\_temp\agym-c64-38001250527-5872-u8q4q801\client\Admin\_internal\tzdata\zoneinfo\Asia\Chungking
2026-10-09 23:00:09.814   Time stamp of our file: 2026-10-09 22:57:36.000
2026-10-09 23:00:09.814   Dest file exists.
2026-10-09 23:00:09.814   Time stamp of existing file: 2026-10-09 22:57:36.000
2026-10-09 23:00:09.814   Installing the file.
2026-10-09 23:00:09.814   Successfully installed the file.
2026-10-09 23:00:09.814   -- File entry --
2026-10-09 23:00:09.814   Dest filename: D:\a\_temp\agym-c64-38001250527-5872-u8q4q801\client\Admin\_internal\tzdata\zoneinfo\Asia\Colombo
2026-10-09 23:00:09.814   Time stamp of our file: 2026-10-09 22:57:36.000
2026-10-09 23:00:09.814   Dest file exists.
2026-10-09 23:00:09.814   Time stamp of existing file: 2026-10-09 22:57:36.000
2026-10-09 23:00:09.814   Installing the file.
2026-10-09 23:00:09.814   Successfully installed the file.
2026-10-09 23:00:09.814   -- File entry --
2026-10-09 23:00:09.814   Dest filename: D:\a\_temp\agym-c64-38001250527-5872-u8q4q801\client\Admin\_internal\tzdata\zoneinfo\Asia\Dacca
2026-10-09 23:00:09.814   Time stamp of our file: 2026-10-09 22:57:36.000
2026-10-09 23:00:09.814   Dest file exists.
2026-10-09 23:00:09.814   Time stamp of existing file: 2026-10-09 22:57:36.000
2026-10-09 23:00:09.814   Installing the file.
2026-10-09 23:00:09.814   Successfully installed the file.
2026-10-09 23:00:09.814   -- File entry --
2026-10-09 23:00:09.814   Dest filename: D:\a\_temp\agym-c64-38001250527-5872-u8q4q801\client\Admin\_internal\tzdata\zoneinfo\Asia\Damascus
2026-10-09 23:00:09.814   Time stamp of our file: 2026-10-09 22:57:36.000
2026-10-09 23:00:09.814   Dest file exists.
2026-10-09 23:00:09.814   Time stamp of existing file: 2026-10-09 22:57:36.000
2026-10-09 23:00:09.814   Installing the file.
2026-10-09 23:00:09.814   Successfully installed the file.
2026-10-09 23:00:09.814   -- File entry --
2026-10-09 23:00:09.814   Dest filename: D:\a\_temp\agym-c64-38001250527-5872-u8q4q801\client\Admin\_internal\tzdata\zoneinfo\Asia\Dhaka
2026-10-09 23:00:09.814   Time stamp of our file: 2026-10-09 22:57:36.000
2026-10-09 23:00:09.814   Dest file exists.
2026-10-09 23:00:09.814   Time stamp of existing file: 2026-10-09 22:57:36.000
2026-10-09 23:00:09.814   Installing the file.
2026-10-09 23:00:09.814   Successfully installed the file.
2026-10-09 23:00:09.814   -- File entry --
2026-10-09 23:00:09.814   Dest filename: D:\a\_temp\agym-c64-38001250527-5872-u8q4q801\client\Admin\_internal\tzdata\zoneinfo\Asia\Dili
2026-10-09 23:00:09.814   Time stamp of our file: 2026-10-09 22:57:36.000
2026-10-09 23:00:09.814   Dest file exists.
2026-10-09 23:00:09.814   Time stamp of existing file: 2026-10-09 22:57:36.000
2026-10-09 23:00:09.814   Installing the file.
2026-10-09 23:00:09.830   Successfully installed the file.
2026-10-09 23:00:09.830   -- File entry --
2026-10-09 23:00:09.830   Dest filename: D:\a\_temp\agym-c64-38001250527-5872-u8q4q801\client\Admin\_internal\tzdata\zoneinfo\Asia\Dubai
2026-10-09 23:00:09.830   Time stamp of our file: 2026-10-09 22:57:36.000
2026-10-09 23:00:09.830   Dest file exists.
2026-10-09 23:00:09.830   Time stamp of existing file: 2026-10-09 22:57:36.000
2026-10-09 23:00:09.830   Installing the file.
2026-10-09 23:00:09.830   Successfully installed the file.
2026-10-09 23:00:09.830   -- File entry --
2026-10-09 23:00:09.830   Dest filename: D:\a\_temp\agym-c64-38001250527-5872-u8q4q801\client\Admin\_internal\tzdata\zoneinfo\Asia\Dushanbe
2026-10-09 23:00:09.830   Time stamp of our file: 2026-10-09 22:57:36.000
2026-10-09 23:00:09.830   Dest file exists.
2026-10-09 23:00:09.830   Time stamp of existing file: 2026-10-09 22:57:36.000
2026-10-09 23:00:09.830   Installing the file.
2026-10-09 23:00:09.830   Successfully installed the file.
2026-10-09 23:00:09.830   -- File entry --
2026-10-09 23:00:09.830   Dest filename: D:\a\_temp\agym-c64-38001250527-5872-u8q4q801\client\Admin\_internal\tzdata\zoneinfo\Asia\Famagusta
2026-10-09 23:00:09.830   Time stamp of our file: 2026-10-09 22:57:36.000
2026-10-09 23:00:09.830   Dest file exists.
2026-10-09 23:00:09.830   Time stamp of existing file: 2026-10-09 22:57:36.000
2026-10-09 23:00:09.830   Installing the file.
2026-10-09 23:00:09.830   Successfully installed the file.
2026-10-09 23:00:09.830   -- File entry --
2026-10-09 23:00:09.830   Dest filename: D:\a\_temp\agym-c64-38001250527-5872-u8q4q801\client\Admin\_internal\tzdata\zoneinfo\Asia\Gaza
2026-10-09 23:00:09.830   Time stamp of our file: 2026-10-09 22:57:36.000
2026-10-09 23:00:09.830   Dest file exists.
2026-10-09 23:00:09.830   Time stamp of existing file: 2026-10-09 22:57:36.000
2026-10-09 23:00:09.830   Installing the file.
2026-10-09 23:00:09.830   Successfully installed the file.
2026-10-09 23:00:09.830   -- File entry --
2026-10-09 23:00:09.830   Dest filename: D:\a\_temp\agym-c64-38001250527-5872-u8q4q801\client\Admin\_internal\tzdata\zoneinfo\Asia\Harbin
2026-10-09 23:00:09.830   Time stamp of our file: 2026-10-09 22:57:36.000
2026-10-09 23:00:09.830   Dest file exists.
2026-10-09 23:00:09.830   Time stamp of existing file: 2026-10-09 22:57:36.000
2026-10-09 23:00:09.830   Installing the file.
2026-10-09 23:00:09.830   Successfully installed the file.
2026-10-09 23:00:09.830   -- File entry --
2026-10-09 23:00:09.830   Dest filename: D:\a\_temp\agym-c64-38001250527-5872-u8q4q801\client\Admin\_internal\tzdata\zoneinfo\Asia\Hebron
2026-10-09 23:00:09.830   Time stamp of our file: 2026-10-09 22:57:36.000
2026-10-09 23:00:09.830   Dest file exists.
2026-10-09 23:00:09.830   Time stamp of existing file: 2026-10-09 22:57:36.000
2026-10-09 23:00:09.830   Installing the file.
2026-10-09 23:00:09.830   Successfully installed the file.
2026-10-09 23:00:09.830   -- File entry --
2026-10-09 23:00:09.830   Dest filename: D:\a\_temp\agym-c64-38001250527-5872-u8q4q801\client\Admin\_internal\tzdata\zoneinfo\Asia\Hong_Kong
2026-10-09 23:00:09.830   Time stamp of our file: 2026-10-09 22:57:36.000
2026-10-09 23:00:09.830   Dest file exists.
2026-10-09 23:00:09.830   Time stamp of existing file: 2026-10-09 22:57:36.000
2026-10-09 23:00:09.830   Installing the file.
2026-10-09 23:00:09.830   Successfully installed the file.
2026-10-09 23:00:09.830   -- File entry --
2026-10-09 23:00:09.830   Dest filename: D:\a\_temp\agym-c64-38001250527-5872-u8q4q801\client\Admin\_internal\tzdata\zoneinfo\Asia\Hovd
2026-10-09 23:00:09.830   Time stamp of our file: 2026-10-09 22:57:36.000
2026-10-09 23:00:09.830   Dest file exists.
2026-10-09 23:00:09.830   Time stamp of existing file: 2026-10-09 22:57:36.000
2026-10-09 23:00:09.830   Installing the file.
2026-10-09 23:00:09.830   Successfully installed the file.
2026-10-09 23:00:09.830   -- File entry --
2026-10-09 23:00:09.830   Dest filename: D:\a\_temp\agym-c64-38001250527-5872-u8q4q801\client\Admin\_internal\tzdata\zoneinfo\Asia\Ho_Chi_Minh
2026-10-09 23:00:09.830   Time stamp of our file: 2026-10-09 22:57:36.000
2026-10-09 23:00:09.830   Dest file exists.
2026-10-09 23:00:09.830   Time stamp of existing file: 2026-10-09 22:57:36.000
2026-10-09 23:00:09.830   Installing the file.
2026-10-09 23:00:09.830   Successfully installed the file.
2026-10-09 23:00:09.830   -- File entry --
2026-10-09 23:00:09.830   Dest filename: D:\a\_temp\agym-c64-38001250527-5872-u8q4q801\client\Admin\_internal\tzdata\zoneinfo\Asia\Irkutsk
2026-10-09 23:00:09.830   Time stamp of our file: 2026-10-09 22:57:36.000
2026-10-09 23:00:09.830   Dest file exists.
2026-10-09 23:00:09.830   Time stamp of existing file: 2026-10-09 22:57:36.000
2026-10-09 23:00:09.830   Installing the file.
2026-10-09 23:00:09.830   Successfully installed the file.
2026-10-09 23:00:09.830   -- File entry --
2026-10-09 23:00:09.830   Dest filename: D:\a\_temp\agym-c64-38001250527-5872-u8q4q801\client\Admin\_internal\tzdata\zoneinfo\Asia\Istanbul
2026-10-09 23:00:09.830   Time stamp of our file: 2026-10-09 22:57:36.000
2026-10-09 23:00:09.830   Dest file exists.
2026-10-09 23:00:09.830   Time stamp of existing file: 2026-10-09 22:57:36.000
2026-10-09 23:00:09.830   Installing the file.
2026-10-09 23:00:09.830   Successfully installed the file.
2026-10-09 23:00:09.830   -- File entry --
2026-10-09 23:00:09.830   Dest filename: D:\a\_temp\agym-c64-38001250527-5872-u8q4q801\client\Admin\_internal\tzdata\zoneinfo\Asia\Jakarta
2026-10-09 23:00:09.830   Time stamp of our file: 2026-10-09 22:57:36.000
2026-10-09 23:00:09.830   Dest file exists.
2026-10-09 23:00:09.830   Time stamp of existing file: 2026-10-09 22:57:36.000
2026-10-09 23:00:09.830   Installing the file.
2026-10-09 23:00:09.830   Successfully installed the file.
2026-10-09 23:00:09.830   -- File entry --
2026-10-09 23:00:09.830   Dest filename: D:\a\_temp\agym-c64-38001250527-5872-u8q4q801\client\Admin\_internal\tzdata\zoneinfo\Asia\Jayapura
2026-10-09 23:00:09.830   Time stamp of our file: 2026-10-09 22:57:36.000
2026-10-09 23:00:09.830   Dest file exists.
2026-10-09 23:00:09.830   Time stamp of existing file: 2026-10-09 22:57:36.000
2026-10-09 23:00:09.830   Installing the file.
2026-10-09 23:00:09.830   Successfully installed the file.
2026-10-09 23:00:09.830   -- File entry --
2026-10-09 23:00:09.830   Dest filename: D:\a\_temp\agym-c64-38001250527-5872-u8q4q801\client\Admin\_internal\tzdata\zoneinfo\Asia\Jerusalem
2026-10-09 23:00:09.830   Time stamp of our file: 2026-10-09 22:57:36.000
2026-10-09 23:00:09.830   Dest file exists.
2026-10-09 23:00:09.830   Time stamp of existing file: 2026-10-09 22:57:36.000
2026-10-09 23:00:09.830   Installing the file.
2026-10-09 23:00:09.830   Successfully installed the file.
2026-10-09 23:00:09.830   -- File entry --
2026-10-09 23:00:09.830   Dest filename: D:\a\_temp\agym-c64-38001250527-5872-u8q4q801\client\Admin\_internal\tzdata\zoneinfo\Asia\Kabul
2026-10-09 23:00:09.830   Time stamp of our file: 2026-10-09 22:57:36.000
2026-10-09 23:00:09.830   Dest file exists.
2026-10-09 23:00:09.830   Time stamp of existing file: 2026-10-09 22:57:36.000
2026-10-09 23:00:09.830   Installing the file.
2026-10-09 23:00:09.830   Successfully installed the file.
2026-10-09 23:00:09.830   -- File entry --
2026-10-09 23:00:09.830   Dest filename: D:\a\_temp\agym-c64-38001250527-5872-u8q4q801\client\Admin\_internal\tzdata\zoneinfo\Asia\Kamchatka
2026-10-09 23:00:09.830   Time stamp of our file: 2026-10-09 22:57:36.000
2026-10-09 23:00:09.830   Dest file exists.
2026-10-09 23:00:09.830   Time stamp of existing file: 2026-10-09 22:57:36.000
2026-10-09 23:00:09.830   Installing the file.
2026-10-09 23:00:09.830   Successfully installed the file.
2026-10-09 23:00:09.830   -- File entry --
2026-10-09 23:00:09.830   Dest filename: D:\a\_temp\agym-c64-38001250527-5872-u8q4q801\client\Admin\_internal\tzdata\zoneinfo\Asia\Karachi
2026-10-09 23:00:09.830   Time stamp of our file: 2026-10-09 22:57:36.000
2026-10-09 23:00:09.830   Dest file exists.
2026-10-09 23:00:09.830   Time stamp of existing file: 2026-10-09 22:57:36.000
2026-10-09 23:00:09.830   Installing the file.
2026-10-09 23:00:09.830   Successfully installed the file.
2026-10-09 23:00:09.830   -- File entry --
2026-10-09 23:00:09.830   Dest filename: D:\a\_temp\agym-c64-38001250527-5872-u8q4q801\client\Admin\_internal\tzdata\zoneinfo\Asia\Kashgar
2026-10-09 23:00:09.830   Time stamp of our file: 2026-10-09 22:57:36.000
2026-10-09 23:00:09.830   Dest file exists.
2026-10-09 23:00:09.830   Time stamp of existing file: 2026-10-09 22:57:36.000
2026-10-09 23:00:09.830   Installing the file.
2026-10-09 23:00:09.830   Successfully installed the file.
2026-10-09 23:00:09.830   -- File entry --
2026-10-09 23:00:09.830   Dest filename: D:\a\_temp\agym-c64-38001250527-5872-u8q4q801\client\Admin\_internal\tzdata\zoneinfo\Asia\Kathmandu
2026-10-09 23:00:09.830   Time stamp of our file: 2026-10-09 22:57:36.000
2026-10-09 23:00:09.830   Dest file exists.
2026-10-09 23:00:09.830   Time stamp of existing file: 2026-10-09 22:57:36.000
2026-10-09 23:00:09.830   Installing the file.
2026-10-09 23:00:09.830   Successfully installed the file.
2026-10-09 23:00:09.830   -- File entry --
2026-10-09 23:00:09.830   Dest filename: D:\a\_temp\agym-c64-38001250527-5872-u8q4q801\client\Admin\_internal\tzdata\zoneinfo\Asia\Katmandu
2026-10-09 23:00:09.830   Time stamp of our file: 2026-10-09 22:57:36.000
2026-10-09 23:00:09.830   Dest file exists.
2026-10-09 23:00:09.830   Time stamp of existing file: 2026-10-09 22:57:36.000
2026-10-09 23:00:09.830   Installing the file.
2026-10-09 23:00:09.830   Successfully installed the file.
2026-10-09 23:00:09.830   -- File entry --
2026-10-09 23:00:09.830   Dest filename: D:\a\_temp\agym-c64-38001250527-5872-u8q4q801\client\Admin\_internal\tzdata\zoneinfo\Asia\Khandyga
2026-10-09 23:00:09.830   Time stamp of our file: 2026-10-09 22:57:36.000
2026-10-09 23:00:09.830   Dest file exists.
2026-10-09 23:00:09.830   Time stamp of existing file: 2026-10-09 22:57:36.000
2026-10-09 23:00:09.830   Installing the file.
2026-10-09 23:00:09.830   Successfully installed the file.
2026-10-09 23:00:09.830   -- File entry --
2026-10-09 23:00:09.830   Dest filename: D:\a\_temp\agym-c64-38001250527-5872-u8q4q801\client\Admin\_internal\tzdata\zoneinfo\Asia\Kolkata
2026-10-09 23:00:09.830   Time stamp of our file: 2026-10-09 22:57:36.000
2026-10-09 23:00:09.830   Dest file exists.
2026-10-09 23:00:09.830   Time stamp of existing file: 2026-10-09 22:57:36.000
2026-10-09 23:00:09.830   Installing the file.
2026-10-09 23:00:09.830   Successfully installed the file.
2026-10-09 23:00:09.830   -- File entry --
2026-10-09 23:00:09.830   Dest filename: D:\a\_temp\agym-c64-38001250527-5872-u8q4q801\client\Admin\_internal\tzdata\zoneinfo\Asia\Krasnoyarsk
2026-10-09 23:00:09.830   Time stamp of our file: 2026-10-09 22:57:36.000
2026-10-09 23:00:09.830   Dest file exists.
2026-10-09 23:00:09.830   Time stamp of existing file: 2026-10-09 22:57:36.000
2026-10-09 23:00:09.830   Installing the file.
2026-10-09 23:00:09.830   Successfully installed the file.
2026-10-09 23:00:09.830   -- File entry --
2026-10-09 23:00:09.830   Dest filename: D:\a\_temp\agym-c64-38001250527-5872-u8q4q801\client\Admin\_internal\tzdata\zoneinfo\Asia\Kuala_Lumpur
2026-10-09 23:00:09.830   Time stamp of our file: 2026-10-09 22:57:36.000
2026-10-09 23:00:09.830   Dest file exists.
2026-10-09 23:00:09.830   Time stamp of existing file: 2026-10-09 22:57:36.000
2026-10-09 23:00:09.830   Installing the file.
2026-10-09 23:00:09.830   Successfully installed the file.
2026-10-09 23:00:09.830   -- File entry --
2026-10-09 23:00:09.830   Dest filename: D:\a\_temp\agym-c64-38001250527-5872-u8q4q801\client\Admin\_internal\tzdata\zoneinfo\Asia\Kuching
2026-10-09 23:00:09.830   Time stamp of our file: 2026-10-09 22:57:36.000
2026-10-09 23:00:09.830   Dest file exists.
2026-10-09 23:00:09.830   Time stamp of existing file: 2026-10-09 22:57:36.000
2026-10-09 23:00:09.830   Installing the file.
2026-10-09 23:00:09.830   Successfully installed the file.
2026-10-09 23:00:09.830   -- File entry --
2026-10-09 23:00:09.830   Dest filename: D:\a\_temp\agym-c64-38001250527-5872-u8q4q801\client\Admin\_internal\tzdata\zoneinfo\Asia\Kuwait
2026-10-09 23:00:09.830   Time stamp of our file: 2026-10-09 22:57:36.000
2026-10-09 23:00:09.830   Dest file exists.
2026-10-09 23:00:09.830   Time stamp of existing file: 2026-10-09 22:57:36.000
2026-10-09 23:00:09.830   Installing the file.
2026-10-09 23:00:09.830   Successfully installed the file.
2026-10-09 23:00:09.830   -- File entry --
2026-10-09 23:00:09.830   Dest filename: D:\a\_temp\agym-c64-38001250527-5872-u8q4q801\client\Admin\_internal\tzdata\zoneinfo\Asia\Macao
2026-10-09 23:00:09.830   Time stamp of our file: 2026-10-09 22:57:36.000
2026-10-09 23:00:09.830   Dest file exists.
2026-10-09 23:00:09.830   Time stamp of existing file: 2026-10-09 22:57:36.000
2026-10-09 23:00:09.830   Installing the file.
2026-10-09 23:00:09.830   Successfully installed the file.
2026-10-09 23:00:09.830   -- File entry --
2026-10-09 23:00:09.830   Dest filename: D:\a\_temp\agym-c64-38001250527-5872-u8q4q801\client\Admin\_internal\tzdata\zoneinfo\Asia\Macau
2026-10-09 23:00:09.830   Time stamp of our file: 2026-10-09 22:57:36.000
2026-10-09 23:00:09.830   Dest file exists.
2026-10-09 23:00:09.830   Time stamp of existing file: 2026-10-09 22:57:36.000
2026-10-09 23:00:09.830   Installing the file.
2026-10-09 23:00:09.830   Successfully installed the file.
2026-10-09 23:00:09.830   -- File entry --
2026-10-09 23:00:09.830   Dest filename: D:\a\_temp\agym-c64-38001250527-5872-u8q4q801\client\Admin\_internal\tzdata\zoneinfo\Asia\Magadan
2026-10-09 23:00:09.830   Time stamp of our file: 2026-10-09 22:57:36.000
2026-10-09 23:00:09.830   Dest file exists.
2026-10-09 23:00:09.830   Time stamp of existing file: 2026-10-09 22:57:36.000
2026-10-09 23:00:09.846   Installing the file.
2026-10-09 23:00:09.846   Successfully installed the file.
2026-10-09 23:00:09.846   -- File entry --
2026-10-09 23:00:09.846   Dest filename: D:\a\_temp\agym-c64-38001250527-5872-u8q4q801\client\Admin\_internal\tzdata\zoneinfo\Asia\Makassar
2026-10-09 23:00:09.846   Time stamp of our file: 2026-10-09 22:57:36.000
2026-10-09 23:00:09.846   Dest file exists.
2026-10-09 23:00:09.846   Time stamp of existing file: 2026-10-09 22:57:36.000
2026-10-09 23:00:09.846   Installing the file.
2026-10-09 23:00:09.846   Successfully installed the file.
2026-10-09 23:00:09.846   -- File entry --
2026-10-09 23:00:09.846   Dest filename: D:\a\_temp\agym-c64-38001250527-5872-u8q4q801\client\Admin\_internal\tzdata\zoneinfo\Asia\Manila
2026-10-09 23:00:09.846   Time stamp of our file: 2026-10-09 22:57:36.000
2026-10-09 23:00:09.846   Dest file exists.
2026-10-09 23:00:09.846   Time stamp of existing file: 2026-10-09 22:57:36.000
2026-10-09 23:00:09.846   Installing the file.
2026-10-09 23:00:09.846   Successfully installed the file.
2026-10-09 23:00:09.846   -- File entry --
2026-10-09 23:00:09.846   Dest filename: D:\a\_temp\agym-c64-38001250527-5872-u8q4q801\client\Admin\_internal\tzdata\zoneinfo\Asia\Muscat
2026-10-09 23:00:09.846   Time stamp of our file: 2026-10-09 22:57:36.000
2026-10-09 23:00:09.846   Dest file exists.
2026-10-09 23:00:09.846   Time stamp of existing file: 2026-10-09 22:57:36.000
2026-10-09 23:00:09.846   Installing the file.
2026-10-09 23:00:09.846   Successfully installed the file.
2026-10-09 23:00:09.846   -- File entry --
2026-10-09 23:00:09.846   Dest filename: D:\a\_temp\agym-c64-38001250527-5872-u8q4q801\client\Admin\_internal\tzdata\zoneinfo\Asia\Nicosia
2026-10-09 23:00:09.846   Time stamp of our file: 2026-10-09 22:57:36.000
2026-10-09 23:00:09.846   Dest file exists.
2026-10-09 23:00:09.846   Time stamp of existing file: 2026-10-09 22:57:36.000
2026-10-09 23:00:09.846   Installing the file.
2026-10-09 23:00:09.846   Successfully installed the file.
2026-10-09 23:00:09.846   -- File entry --
2026-10-09 23:00:09.846   Dest filename: D:\a\_temp\agym-c64-38001250527-5872-u8q4q801\client\Admin\_internal\tzdata\zoneinfo\Asia\Novokuznetsk
2026-10-09 23:00:09.846   Time stamp of our file: 2026-10-09 22:57:36.000
2026-10-09 23:00:09.846   Dest file exists.
2026-10-09 23:00:09.846   Time stamp of existing file: 2026-10-09 22:57:36.000
2026-10-09 23:00:09.846   Installing the file.
2026-10-09 23:00:09.846   Successfully installed the file.
2026-10-09 23:00:09.846   -- File entry --
2026-10-09 23:00:09.846   Dest filename: D:\a\_temp\agym-c64-38001250527-5872-u8q4q801\client\Admin\_internal\tzdata\zoneinfo\Asia\Novosibirsk
2026-10-09 23:00:09.846   Time stamp of our file: 2026-10-09 22:57:36.000
2026-10-09 23:00:09.846   Dest file exists.
2026-10-09 23:00:09.846   Time stamp of existing file: 2026-10-09 22:57:36.000
2026-10-09 23:00:09.846   Installing the file.
2026-10-09 23:00:09.846   Successfully installed the file.
2026-10-09 23:00:09.846   -- File entry --
2026-10-09 23:00:09.846   Dest filename: D:\a\_temp\agym-c64-38001250527-5872-u8q4q801\client\Admin\_internal\tzdata\zoneinfo\Asia\Omsk
2026-10-09 23:00:09.846   Time stamp of our file: 2026-10-09 22:57:36.000
2026-10-09 23:00:09.846   Dest file exists.
2026-10-09 23:00:09.846   Time stamp of existing file: 2026-10-09 22:57:36.000
2026-10-09 23:00:09.846   Installing the file.
2026-10-09 23:00:09.846   Successfully installed the file.
2026-10-09 23:00:09.846   -- File entry --
2026-10-09 23:00:09.846   Dest filename: D:\a\_temp\agym-c64-38001250527-5872-u8q4q801\client\Admin\_internal\tzdata\zoneinfo\Asia\Oral
2026-10-09 23:00:09.846   Time stamp of our file: 2026-10-09 22:57:36.000
2026-10-09 23:00:09.846   Dest file exists.
2026-10-09 23:00:09.846   Time stamp of existing file: 2026-10-09 22:57:36.000
2026-10-09 23:00:09.846   Installing the file.
2026-10-09 23:00:09.846   Successfully installed the file.
2026-10-09 23:00:09.846   -- File entry --
2026-10-09 23:00:09.846   Dest filename: D:\a\_temp\agym-c64-38001250527-5872-u8q4q801\client\Admin\_internal\tzdata\zoneinfo\Asia\Phnom_Penh
2026-10-09 23:00:09.846   Time stamp of our file: 2026-10-09 22:57:36.000
2026-10-09 23:00:09.846   Dest file exists.
2026-10-09 23:00:09.846   Time stamp of existing file: 2026-10-09 22:57:36.000
2026-10-09 23:00:09.846   Installing the file.
2026-10-09 23:00:09.846   Successfully installed the file.
2026-10-09 23:00:09.846   -- File entry --
2026-10-09 23:00:09.846   Dest filename: D:\a\_temp\agym-c64-38001250527-5872-u8q4q801\client\Admin\_internal\tzdata\zoneinfo\Asia\Pontianak
2026-10-09 23:00:09.846   Time stamp of our file: 2026-10-09 22:57:36.000
2026-10-09 23:00:09.846   Dest file exists.
2026-10-09 23:00:09.846   Time stamp of existing file: 2026-10-09 22:57:36.000
2026-10-09 23:00:09.846   Installing the file.
2026-10-09 23:00:09.846   Successfully installed the file.
2026-10-09 23:00:09.846   -- File entry --
2026-10-09 23:00:09.846   Dest filename: D:\a\_temp\agym-c64-38001250527-5872-u8q4q801\client\Admin\_internal\tzdata\zoneinfo\Asia\Pyongyang
2026-10-09 23:00:09.846   Time stamp of our file: 2026-10-09 22:57:36.000
2026-10-09 23:00:09.846   Dest file exists.
2026-10-09 23:00:09.846   Time stamp of existing file: 2026-10-09 22:57:36.000
2026-10-09 23:00:09.846   Installing the file.
2026-10-09 23:00:09.846   Successfully installed the file.
2026-10-09 23:00:09.846   -- File entry --
2026-10-09 23:00:09.846   Dest filename: D:\a\_temp\agym-c64-38001250527-5872-u8q4q801\client\Admin\_internal\tzdata\zoneinfo\Asia\Qatar
2026-10-09 23:00:09.846   Time stamp of our file: 2026-10-09 22:57:36.000
2026-10-09 23:00:09.846   Dest file exists.
2026-10-09 23:00:09.846   Time stamp of existing file: 2026-10-09 22:57:36.000
2026-10-09 23:00:09.846   Installing the file.
2026-10-09 23:00:09.846   Successfully installed the file.
2026-10-09 23:00:09.846   -- File entry --
2026-10-09 23:00:09.846   Dest filename: D:\a\_temp\agym-c64-38001250527-5872-u8q4q801\client\Admin\_internal\tzdata\zoneinfo\Asia\Qostanay
2026-10-09 23:00:09.846   Time stamp of our file: 2026-10-09 22:57:36.000
2026-10-09 23:00:09.846   Dest file exists.
2026-10-09 23:00:09.846   Time stamp of existing file: 2026-10-09 22:57:36.000
2026-10-09 23:00:09.846   Installing the file.
2026-10-09 23:00:09.846   Successfully installed the file.
2026-10-09 23:00:09.846   -- File entry --
2026-10-09 23:00:09.846   Dest filename: D:\a\_temp\agym-c64-38001250527-5872-u8q4q801\client\Admin\_internal\tzdata\zoneinfo\Asia\Qyzylorda
2026-10-09 23:00:09.846   Time stamp of our file: 2026-10-09 22:57:36.000
2026-10-09 23:00:09.846   Dest file exists.
2026-10-09 23:00:09.846   Time stamp of existing file: 2026-10-09 22:57:36.000
2026-10-09 23:00:09.846   Installing the file.
2026-10-09 23:00:09.846   Successfully installed the file.
2026-10-09 23:00:09.846   -- File entry --
2026-10-09 23:00:09.846   Dest filename: D:\a\_temp\agym-c64-38001250527-5872-u8q4q801\client\Admin\_internal\tzdata\zoneinfo\Asia\Rangoon
2026-10-09 23:00:09.846   Time stamp of our file: 2026-10-09 22:57:36.000
2026-10-09 23:00:09.846   Dest file exists.
2026-10-09 23:00:09.846   Time stamp of existing file: 2026-10-09 22:57:36.000
2026-10-09 23:00:09.846   Installing the file.
2026-10-09 23:00:09.846   Successfully installed the file.
2026-10-09 23:00:09.846   -- File entry --
2026-10-09 23:00:09.846   Dest filename: D:\a\_temp\agym-c64-38001250527-5872-u8q4q801\client\Admin\_internal\tzdata\zoneinfo\Asia\Riyadh
2026-10-09 23:00:09.846   Time stamp of our file: 2026-10-09 22:57:36.000
2026-10-09 23:00:09.846   Dest file exists.
2026-10-09 23:00:09.846   Time stamp of existing file: 2026-10-09 22:57:36.000
2026-10-09 23:00:09.846   Installing the file.
2026-10-09 23:00:09.846   Successfully installed the file.
2026-10-09 23:00:09.846   -- File entry --
2026-10-09 23:00:09.846   Dest filename: D:\a\_temp\agym-c64-38001250527-5872-u8q4q801\client\Admin\_internal\tzdata\zoneinfo\Asia\Saigon
2026-10-09 23:00:09.846   Time stamp of our file: 2026-10-09 22:57:36.000
2026-10-09 23:00:09.846   Dest file exists.
2026-10-09 23:00:09.846   Time stamp of existing file: 2026-10-09 22:57:36.000
2026-10-09 23:00:09.846   Installing the file.
2026-10-09 23:00:09.846   Successfully installed the file.
2026-10-09 23:00:09.846   -- File entry --
2026-10-09 23:00:09.846   Dest filename: D:\a\_temp\agym-c64-38001250527-5872-u8q4q801\client\Admin\_internal\tzdata\zoneinfo\Asia\Sakhalin
2026-10-09 23:00:09.846   Time stamp of our file: 2026-10-09 22:57:36.000
2026-10-09 23:00:09.846   Dest file exists.
2026-10-09 23:00:09.846   Time stamp of existing file: 2026-10-09 22:57:36.000
2026-10-09 23:00:09.846   Installing the file.
2026-10-09 23:00:09.846   Successfully installed the file.
2026-10-09 23:00:09.846   -- File entry --
2026-10-09 23:00:09.846   Dest filename: D:\a\_temp\agym-c64-38001250527-5872-u8q4q801\client\Admin\_internal\tzdata\zoneinfo\Asia\Samarkand
2026-10-09 23:00:09.846   Time stamp of our file: 2026-10-09 22:57:36.000
2026-10-09 23:00:09.846   Dest file exists.
2026-10-09 23:00:09.846   Time stamp of existing file: 2026-10-09 22:57:36.000
2026-10-09 23:00:09.846   Installing the file.
2026-10-09 23:00:09.846   Successfully installed the file.
2026-10-09 23:00:09.846   -- File entry --
2026-10-09 23:00:09.846   Dest filename: D:\a\_temp\agym-c64-38001250527-5872-u8q4q801\client\Admin\_internal\tzdata\zoneinfo\Asia\Seoul
2026-10-09 23:00:09.846   Time stamp of our file: 2026-10-09 22:57:36.000
2026-10-09 23:00:09.846   Dest file exists.
2026-10-09 23:00:09.846   Time stamp of existing file: 2026-10-09 22:57:36.000
2026-10-09 23:00:09.846   Installing the file.
2026-10-09 23:00:09.846   Successfully installed the file.
2026-10-09 23:00:09.846   -- File entry --
2026-10-09 23:00:09.846   Dest filename: D:\a\_temp\agym-c64-38001250527-5872-u8q4q801\client\Admin\_internal\tzdata\zoneinfo\Asia\Shanghai
2026-10-09 23:00:09.846   Time stamp of our file: 2026-10-09 22:57:36.000
2026-10-09 23:00:09.846   Dest file exists.
2026-10-09 23:00:09.846   Time stamp of existing file: 2026-10-09 22:57:36.000
2026-10-09 23:00:09.846   Installing the file.
2026-10-09 23:00:09.846   Successfully installed the file.
2026-10-09 23:00:09.846   -- File entry --
2026-10-09 23:00:09.846   Dest filename: D:\a\_temp\agym-c64-38001250527-5872-u8q4q801\client\Admin\_internal\tzdata\zoneinfo\Asia\Singapore
2026-10-09 23:00:09.846   Time stamp of our file: 2026-10-09 22:57:36.000
2026-10-09 23:00:09.846   Dest file exists.
2026-10-09 23:00:09.846   Time stamp of existing file: 2026-10-09 22:57:36.000
2026-10-09 23:00:09.846   Installing the file.
2026-10-09 23:00:09.846   Successfully installed the file.
2026-10-09 23:00:09.846   -- File entry --
2026-10-09 23:00:09.846   Dest filename: D:\a\_temp\agym-c64-38001250527-5872-u8q4q801\client\Admin\_internal\tzdata\zoneinfo\Asia\Srednekolymsk
2026-10-09 23:00:09.846   Time stamp of our file: 2026-10-09 22:57:36.000
2026-10-09 23:00:09.846   Dest file exists.
2026-10-09 23:00:09.846   Time stamp of existing file: 2026-10-09 22:57:36.000
2026-10-09 23:00:09.846   Installing the file.
2026-10-09 23:00:09.846   Successfully installed the file.
2026-10-09 23:00:09.846   -- File entry --
2026-10-09 23:00:09.846   Dest filename: D:\a\_temp\agym-c64-38001250527-5872-u8q4q801\client\Admin\_internal\tzdata\zoneinfo\Asia\Taipei
2026-10-09 23:00:09.846   Time stamp of our file: 2026-10-09 22:57:36.000
2026-10-09 23:00:09.846   Dest file exists.
2026-10-09 23:00:09.846   Time stamp of existing file: 2026-10-09 22:57:36.000
2026-10-09 23:00:09.846   Installing the file.
2026-10-09 23:00:09.846   Successfully installed the file.
2026-10-09 23:00:09.846   -- File entry --
2026-10-09 23:00:09.846   Dest filename: D:\a\_temp\agym-c64-38001250527-5872-u8q4q801\client\Admin\_internal\tzdata\zoneinfo\Asia\Tashkent
2026-10-09 23:00:09.846   Time stamp of our file: 2026-10-09 22:57:36.000
2026-10-09 23:00:09.846   Dest file exists.
2026-10-09 23:00:09.846   Time stamp of existing file: 2026-10-09 22:57:36.000
2026-10-09 23:00:09.846   Installing the file.
2026-10-09 23:00:09.846   Successfully installed the file.
2026-10-09 23:00:09.846   -- File entry --
2026-10-09 23:00:09.846   Dest filename: D:\a\_temp\agym-c64-38001250527-5872-u8q4q801\client\Admin\_internal\tzdata\zoneinfo\Asia\Tbilisi
2026-10-09 23:00:09.846   Time stamp of our file: 2026-10-09 22:57:36.000
2026-10-09 23:00:09.846   Dest file exists.
2026-10-09 23:00:09.846   Time stamp of existing file: 2026-10-09 22:57:36.000
2026-10-09 23:00:09.846   Installing the file.
2026-10-09 23:00:09.846   Successfully installed the file.
2026-10-09 23:00:09.846   -- File entry --
2026-10-09 23:00:09.846   Dest filename: D:\a\_temp\agym-c64-38001250527-5872-u8q4q801\client\Admin\_internal\tzdata\zoneinfo\Asia\Tehran
2026-10-09 23:00:09.846   Time stamp of our file: 2026-10-09 22:57:36.000
2026-10-09 23:00:09.846   Dest file exists.
2026-10-09 23:00:09.846   Time stamp of existing file: 2026-10-09 22:57:36.000
2026-10-09 23:00:09.846   Installing the file.
2026-10-09 23:00:09.846   Successfully installed the file.
2026-10-09 23:00:09.846   -- File entry --
2026-10-09 23:00:09.846   Dest filename: D:\a\_temp\agym-c64-38001250527-5872-u8q4q801\client\Admin\_internal\tzdata\zoneinfo\Asia\Tel_Aviv
2026-10-09 23:00:09.846   Time stamp of our file: 2026-10-09 22:57:36.000
2026-10-09 23:00:09.846   Dest file exists.
2026-10-09 23:00:09.846   Time stamp of existing file: 2026-10-09 22:57:36.000
2026-10-09 23:00:09.846   Installing the file.
2026-10-09 23:00:09.846   Successfully installed the file.
2026-10-09 23:00:09.846   -- File entry --
2026-10-09 23:00:09.846   Dest filename: D:\a\_temp\agym-c64-38001250527-5872-u8q4q801\client\Admin\_internal\tzdata\zoneinfo\Asia\Thimbu
2026-10-09 23:00:09.846   Time stamp of our file: 2026-10-09 22:57:36.000
2026-10-09 23:00:09.846   Dest file exists.
2026-10-09 23:00:09.846   Time stamp of existing file: 2026-10-09 22:57:36.000
2026-10-09 23:00:09.846   Installing the file.
2026-10-09 23:00:09.861   Successfully installed the file.
2026-10-09 23:00:09.861   -- File entry --
2026-10-09 23:00:09.861   Dest filename: D:\a\_temp\agym-c64-38001250527-5872-u8q4q801\client\Admin\_internal\tzdata\zoneinfo\Asia\Thimphu
2026-10-09 23:00:09.861   Time stamp of our file: 2026-10-09 22:57:36.000
2026-10-09 23:00:09.861   Dest file exists.
2026-10-09 23:00:09.861   Time stamp of existing file: 2026-10-09 22:57:36.000
2026-10-09 23:00:09.861   Installing the file.
2026-10-09 23:00:09.861   Successfully installed the file.
2026-10-09 23:00:09.861   -- File entry --
2026-10-09 23:00:09.861   Dest filename: D:\a\_temp\agym-c64-38001250527-5872-u8q4q801\client\Admin\_internal\tzdata\zoneinfo\Asia\Tokyo
2026-10-09 23:00:09.861   Time stamp of our file: 2026-10-09 22:57:36.000
2026-10-09 23:00:09.861   Dest file exists.
2026-10-09 23:00:09.861   Time stamp of existing file: 2026-10-09 22:57:36.000
2026-10-09 23:00:09.861   Installing the file.
2026-10-09 23:00:09.861   Successfully installed the file.
2026-10-09 23:00:09.861   -- File entry --
2026-10-09 23:00:09.861   Dest filename: D:\a\_temp\agym-c64-38001250527-5872-u8q4q801\client\Admin\_internal\tzdata\zoneinfo\Asia\Tomsk
2026-10-09 23:00:09.861   Time stamp of our file: 2026-10-09 22:57:36.000
2026-10-09 23:00:09.861   Dest file exists.
2026-10-09 23:00:09.861   Time stamp of existing file: 2026-10-09 22:57:36.000
2026-10-09 23:00:09.861   Installing the file.
2026-10-09 23:00:09.861   Successfully installed the file.
2026-10-09 23:00:09.861   -- File entry --
2026-10-09 23:00:09.861   Dest filename: D:\a\_temp\agym-c64-38001250527-5872-u8q4q801\client\Admin\_internal\tzdata\zoneinfo\Asia\Ujung_Pandang
2026-10-09 23:00:09.861   Time stamp of our file: 2026-10-09 22:57:36.000
2026-10-09 23:00:09.861   Dest file exists.
2026-10-09 23:00:09.861   Time stamp of existing file: 2026-10-09 22:57:36.000
2026-10-09 23:00:09.861   Installing the file.
2026-10-09 23:00:09.861   Successfully installed the file.
2026-10-09 23:00:09.861   -- File entry --
2026-10-09 23:00:09.861   Dest filename: D:\a\_temp\agym-c64-38001250527-5872-u8q4q801\client\Admin\_internal\tzdata\zoneinfo\Asia\Ulaanbaatar
2026-10-09 23:00:09.861   Time stamp of our file: 2026-10-09 22:57:36.000
2026-10-09 23:00:09.861   Dest file exists.
2026-10-09 23:00:09.861   Time stamp of existing file: 2026-10-09 22:57:36.000
2026-10-09 23:00:09.861   Installing the file.
2026-10-09 23:00:09.861   Successfully installed the file.
2026-10-09 23:00:09.861   -- File entry --
2026-10-09 23:00:09.861   Dest filename: D:\a\_temp\agym-c64-38001250527-5872-u8q4q801\client\Admin\_internal\tzdata\zoneinfo\Asia\Ulan_Bator
2026-10-09 23:00:09.861   Time stamp of our file: 2026-10-09 22:57:36.000
2026-10-09 23:00:09.861   Dest file exists.
2026-10-09 23:00:09.861   Time stamp of existing file: 2026-10-09 22:57:36.000
2026-10-09 23:00:09.861   Installing the file.
2026-10-09 23:00:09.861   Successfully installed the file.
2026-10-09 23:00:09.861   -- File entry --
2026-10-09 23:00:09.861   Dest filename: D:\a\_temp\agym-c64-38001250527-5872-u8q4q801\client\Admin\_internal\tzdata\zoneinfo\Asia\Urumqi
2026-10-09 23:00:09.861   Time stamp of our file: 2026-10-09 22:57:36.000
2026-10-09 23:00:09.861   Dest file exists.
2026-10-09 23:00:09.861   Time stamp of existing file: 2026-10-09 22:57:36.000
2026-10-09 23:00:09.861   Installing the file.
2026-10-09 23:00:09.861   Successfully installed the file.
2026-10-09 23:00:09.861   -- File entry --
2026-10-09 23:00:09.861   Dest filename: D:\a\_temp\agym-c64-38001250527-5872-u8q4q801\client\Admin\_internal\tzdata\zoneinfo\Asia\Ust-Nera
2026-10-09 23:00:09.861   Time stamp of our file: 2026-10-09 22:57:36.000
2026-10-09 23:00:09.861   Dest file exists.
2026-10-09 23:00:09.861   Time stamp of existing file: 2026-10-09 22:57:36.000
2026-10-09 23:00:09.861   Installing the file.
2026-10-09 23:00:09.861   Successfully installed the file.
2026-10-09 23:00:09.861   -- File entry --
2026-10-09 23:00:09.861   Dest filename: D:\a\_temp\agym-c64-38001250527-5872-u8q4q801\client\Admin\_internal\tzdata\zoneinfo\Asia\Vientiane
2026-10-09 23:00:09.861   Time stamp of our file: 2026-10-09 22:57:36.000
2026-10-09 23:00:09.861   Dest file exists.
2026-10-09 23:00:09.861   Time stamp of existing file: 2026-10-09 22:57:36.000
2026-10-09 23:00:09.861   Installing the file.
2026-10-09 23:00:09.861   Successfully installed the file.
2026-10-09 23:00:09.861   -- File entry --
2026-10-09 23:00:09.861   Dest filename: D:\a\_temp\agym-c64-38001250527-5872-u8q4q801\client\Admin\_internal\tzdata\zoneinfo\Asia\Vladivostok
2026-10-09 23:00:09.861   Time stamp of our file: 2026-10-09 22:57:36.000
2026-10-09 23:00:09.861   Dest file exists.
2026-10-09 23:00:09.861   Time stamp of existing file: 2026-10-09 22:57:36.000
2026-10-09 23:00:09.861   Installing the file.
2026-10-09 23:00:09.861   Successfully installed the file.
2026-10-09 23:00:09.861   -- File entry --
2026-10-09 23:00:09.861   Dest filename: D:\a\_temp\agym-c64-38001250527-5872-u8q4q801\client\Admin\_internal\tzdata\zoneinfo\Asia\Yakutsk
2026-10-09 23:00:09.861   Time stamp of our file: 2026-10-09 22:57:36.000
2026-10-09 23:00:09.861   Dest file exists.
2026-10-09 23:00:09.861   Time stamp of existing file: 2026-10-09 22:57:36.000
2026-10-09 23:00:09.861   Installing the file.
2026-10-09 23:00:09.861   Successfully installed the file.
2026-10-09 23:00:09.861   -- File entry --
2026-10-09 23:00:09.861   Dest filename: D:\a\_temp\agym-c64-38001250527-5872-u8q4q801\client\Admin\_internal\tzdata\zoneinfo\Asia\Yangon
2026-10-09 23:00:09.861   Time stamp of our file: 2026-10-09 22:57:36.000
2026-10-09 23:00:09.861   Dest file exists.
2026-10-09 23:00:09.861   Time stamp of existing file: 2026-10-09 22:57:36.000
2026-10-09 23:00:09.861   Installing the file.
2026-10-09 23:00:09.861   Successfully installed the file.
2026-10-09 23:00:09.861   -- File entry --
2026-10-09 23:00:09.861   Dest filename: D:\a\_temp\agym-c64-38001250527-5872-u8q4q801\client\Admin\_internal\tzdata\zoneinfo\Asia\Yekaterinburg
2026-10-09 23:00:09.861   Time stamp of our file: 2026-10-09 22:57:36.000
2026-10-09 23:00:09.861   Dest file exists.
2026-10-09 23:00:09.861   Time stamp of existing file: 2026-10-09 22:57:36.000
2026-10-09 23:00:09.861   Installing the file.
2026-10-09 23:00:09.861   Successfully installed the file.
2026-10-09 23:00:09.861   -- File entry --
2026-10-09 23:00:09.861   Dest filename: D:\a\_temp\agym-c64-38001250527-5872-u8q4q801\client\Admin\_internal\tzdata\zoneinfo\Asia\Yerevan
2026-10-09 23:00:09.861   Time stamp of our file: 2026-10-09 22:57:36.000
2026-10-09 23:00:09.861   Dest file exists.
2026-10-09 23:00:09.861   Time stamp of existing file: 2026-10-09 22:57:36.000
2026-10-09 23:00:09.861   Installing the file.
2026-10-09 23:00:09.861   Successfully installed the file.
2026-10-09 23:00:09.861   -- File entry --
2026-10-09 23:00:09.861   Dest filename: D:\a\_temp\agym-c64-38001250527-5872-u8q4q801\client\Admin\_internal\tzdata\zoneinfo\Asia\__init__.py
2026-10-09 23:00:09.861   Time stamp of our file: 2026-10-09 22:57:36.000
2026-10-09 23:00:09.861   Dest file exists.
2026-10-09 23:00:09.861   Time stamp of existing file: 2026-10-09 22:57:36.000
2026-10-09 23:00:09.861   Installing the file.
2026-10-09 23:00:09.861   Successfully installed the file.
2026-10-09 23:00:09.861   -- File entry --
2026-10-09 23:00:09.861   Dest filename: D:\a\_temp\agym-c64-38001250527-5872-u8q4q801\client\Admin\_internal\tzdata\zoneinfo\Atlantic\Azores
2026-10-09 23:00:09.861   Time stamp of our file: 2026-10-09 22:57:36.000
2026-10-09 23:00:09.861   Dest file exists.
2026-10-09 23:00:09.861   Time stamp of existing file: 2026-10-09 22:57:36.000
2026-10-09 23:00:09.861   Installing the file.
2026-10-09 23:00:09.861   Successfully installed the file.
2026-10-09 23:00:09.861   -- File entry --
2026-10-09 23:00:09.861   Dest filename: D:\a\_temp\agym-c64-38001250527-5872-u8q4q801\client\Admin\_internal\tzdata\zoneinfo\Atlantic\Bermuda
2026-10-09 23:00:09.861   Time stamp of our file: 2026-10-09 22:57:36.000
2026-10-09 23:00:09.861   Dest file exists.
2026-10-09 23:00:09.861   Time stamp of existing file: 2026-10-09 22:57:36.000
2026-10-09 23:00:09.861   Installing the file.
2026-10-09 23:00:09.861   Successfully installed the file.
2026-10-09 23:00:09.861   -- File entry --
2026-10-09 23:00:09.861   Dest filename: D:\a\_temp\agym-c64-38001250527-5872-u8q4q801\client\Admin\_internal\tzdata\zoneinfo\Atlantic\Canary
2026-10-09 23:00:09.861   Time stamp of our file: 2026-10-09 22:57:36.000
2026-10-09 23:00:09.861   Dest file exists.
2026-10-09 23:00:09.861   Time stamp of existing file: 2026-10-09 22:57:36.000
2026-10-09 23:00:09.861   Installing the file.
2026-10-09 23:00:09.861   Successfully installed the file.
2026-10-09 23:00:09.861   -- File entry --
2026-10-09 23:00:09.861   Dest filename: D:\a\_temp\agym-c64-38001250527-5872-u8q4q801\client\Admin\_internal\tzdata\zoneinfo\Atlantic\Cape_Verde
2026-10-09 23:00:09.861   Time stamp of our file: 2026-10-09 22:57:36.000
2026-10-09 23:00:09.861   Dest file exists.
2026-10-09 23:00:09.861   Time stamp of existing file: 2026-10-09 22:57:36.000
2026-10-09 23:00:09.861   Installing the file.
2026-10-09 23:00:09.861   Successfully installed the file.
2026-10-09 23:00:09.861   -- File entry --
2026-10-09 23:00:09.861   Dest filename: D:\a\_temp\agym-c64-38001250527-5872-u8q4q801\client\Admin\_internal\tzdata\zoneinfo\Atlantic\Faeroe
2026-10-09 23:00:09.861   Time stamp of our file: 2026-10-09 22:57:36.000
2026-10-09 23:00:09.861   Dest file exists.
2026-10-09 23:00:09.861   Time stamp of existing file: 2026-10-09 22:57:36.000
2026-10-09 23:00:09.861   Installing the file.
2026-10-09 23:00:09.861   Successfully installed the file.
2026-10-09 23:00:09.861   -- File entry --
2026-10-09 23:00:09.861   Dest filename: D:\a\_temp\agym-c64-38001250527-5872-u8q4q801\client\Admin\_internal\tzdata\zoneinfo\Atlantic\Faroe
2026-10-09 23:00:09.861   Time stamp of our file: 2026-10-09 22:57:36.000
2026-10-09 23:00:09.861   Dest file exists.
2026-10-09 23:00:09.861   Time stamp of existing file: 2026-10-09 22:57:36.000
2026-10-09 23:00:09.861   Installing the file.
2026-10-09 23:00:09.861   Successfully installed the file.
2026-10-09 23:00:09.861   -- File entry --
2026-10-09 23:00:09.861   Dest filename: D:\a\_temp\agym-c64-38001250527-5872-u8q4q801\client\Admin\_internal\tzdata\zoneinfo\Atlantic\Jan_Mayen
2026-10-09 23:00:09.861   Time stamp of our file: 2026-10-09 22:57:36.000
2026-10-09 23:00:09.861   Dest file exists.
2026-10-09 23:00:09.861   Time stamp of existing file: 2026-10-09 22:57:36.000
2026-10-09 23:00:09.861   Installing the file.
2026-10-09 23:00:09.861   Successfully installed the file.
2026-10-09 23:00:09.861   -- File entry --
2026-10-09 23:00:09.861   Dest filename: D:\a\_temp\agym-c64-38001250527-5872-u8q4q801\client\Admin\_internal\tzdata\zoneinfo\Atlantic\Madeira
2026-10-09 23:00:09.861   Time stamp of our file: 2026-10-09 22:57:36.000
2026-10-09 23:00:09.861   Dest file exists.
2026-10-09 23:00:09.861   Time stamp of existing file: 2026-10-09 22:57:36.000
2026-10-09 23:00:09.861   Installing the file.
2026-10-09 23:00:09.861   Successfully installed the file.
2026-10-09 23:00:09.861   -- File entry --
2026-10-09 23:00:09.861   Dest filename: D:\a\_temp\agym-c64-38001250527-5872-u8q4q801\client\Admin\_internal\tzdata\zoneinfo\Atlantic\Reykjavik
2026-10-09 23:00:09.861   Time stamp of our file: 2026-10-09 22:57:36.000
2026-10-09 23:00:09.861   Dest file exists.
2026-10-09 23:00:09.861   Time stamp of existing file: 2026-10-09 22:57:36.000
2026-10-09 23:00:09.861   Installing the file.
2026-10-09 23:00:09.861   Successfully installed the file.
2026-10-09 23:00:09.861   -- File entry --
2026-10-09 23:00:09.861   Dest filename: D:\a\_temp\agym-c64-38001250527-5872-u8q4q801\client\Admin\_internal\tzdata\zoneinfo\Atlantic\South_Georgia
2026-10-09 23:00:09.861   Time stamp of our file: 2026-10-09 22:57:36.000
2026-10-09 23:00:09.861   Dest file exists.
2026-10-09 23:00:09.861   Time stamp of existing file: 2026-10-09 22:57:36.000
2026-10-09 23:00:09.861   Installing the file.
2026-10-09 23:00:09.861   Successfully installed the file.
2026-10-09 23:00:09.861   -- File entry --
2026-10-09 23:00:09.861   Dest filename: D:\a\_temp\agym-c64-38001250527-5872-u8q4q801\client\Admin\_internal\tzdata\zoneinfo\Atlantic\Stanley
2026-10-09 23:00:09.861   Time stamp of our file: 2026-10-09 22:57:36.000
2026-10-09 23:00:09.861   Dest file exists.
2026-10-09 23:00:09.861   Time stamp of existing file: 2026-10-09 22:57:36.000
2026-10-09 23:00:09.861   Installing the file.
2026-10-09 23:00:09.861   Successfully installed the file.
2026-10-09 23:00:09.861   -- File entry --
2026-10-09 23:00:09.861   Dest filename: D:\a\_temp\agym-c64-38001250527-5872-u8q4q801\client\Admin\_internal\tzdata\zoneinfo\Atlantic\St_Helena
2026-10-09 23:00:09.861   Time stamp of our file: 2026-10-09 22:57:36.000
2026-10-09 23:00:09.861   Dest file exists.
2026-10-09 23:00:09.861   Time stamp of existing file: 2026-10-09 22:57:36.000
2026-10-09 23:00:09.861   Installing the file.
2026-10-09 23:00:09.861   Successfully installed the file.
2026-10-09 23:00:09.861   -- File entry --
2026-10-09 23:00:09.861   Dest filename: D:\a\_temp\agym-c64-38001250527-5872-u8q4q801\client\Admin\_internal\tzdata\zoneinfo\Atlantic\__init__.py
2026-10-09 23:00:09.861   Time stamp of our file: 2026-10-09 22:57:36.000
2026-10-09 23:00:09.861   Dest file exists.
2026-10-09 23:00:09.861   Time stamp of existing file: 2026-10-09 22:57:36.000
2026-10-09 23:00:09.861   Installing the file.
2026-10-09 23:00:09.861   Successfully installed the file.
2026-10-09 23:00:09.861   -- File entry --
2026-10-09 23:00:09.861   Dest filename: D:\a\_temp\agym-c64-38001250527-5872-u8q4q801\client\Admin\_internal\tzdata\zoneinfo\Australia\ACT
2026-10-09 23:00:09.861   Time stamp of our file: 2026-10-09 22:57:36.000
2026-10-09 23:00:09.861   Dest file exists.
2026-10-09 23:00:09.861   Time stamp of existing file: 2026-10-09 22:57:36.000
2026-10-09 23:00:09.861   Installing the file.
2026-10-09 23:00:09.861   Successfully installed the file.
2026-10-09 23:00:09.861   -- File entry --
2026-10-09 23:00:09.861   Dest filename: D:\a\_temp\agym-c64-38001250527-5872-u8q4q801\client\Admin\_internal\tzdata\zoneinfo\Australia\Adelaide
2026-10-09 23:00:09.877   Time stamp of our file: 2026-10-09 22:57:36.000
2026-10-09 23:00:09.877   Dest file exists.
2026-10-09 23:00:09.877   Time stamp of existing file: 2026-10-09 22:57:36.000
2026-10-09 23:00:09.877   Installing the file.
2026-10-09 23:00:09.877   Successfully installed the file.
2026-10-09 23:00:09.877   -- File entry --
2026-10-09 23:00:09.877   Dest filename: D:\a\_temp\agym-c64-38001250527-5872-u8q4q801\client\Admin\_internal\tzdata\zoneinfo\Australia\Brisbane
2026-10-09 23:00:09.877   Time stamp of our file: 2026-10-09 22:57:36.000
2026-10-09 23:00:09.877   Dest file exists.
2026-10-09 23:00:09.877   Time stamp of existing file: 2026-10-09 22:57:36.000
2026-10-09 23:00:09.877   Installing the file.
2026-10-09 23:00:09.877   Successfully installed the file.
2026-10-09 23:00:09.877   -- File entry --
2026-10-09 23:00:09.877   Dest filename: D:\a\_temp\agym-c64-38001250527-5872-u8q4q801\client\Admin\_internal\tzdata\zoneinfo\Australia\Broken_Hill
2026-10-09 23:00:09.877   Time stamp of our file: 2026-10-09 22:57:36.000
2026-10-09 23:00:09.877   Dest file exists.
2026-10-09 23:00:09.877   Time stamp of existing file: 2026-10-09 22:57:36.000
2026-10-09 23:00:09.877   Installing the file.
2026-10-09 23:00:09.877   Successfully installed the file.
2026-10-09 23:00:09.877   -- File entry --
2026-10-09 23:00:09.877   Dest filename: D:\a\_temp\agym-c64-38001250527-5872-u8q4q801\client\Admin\_internal\tzdata\zoneinfo\Australia\Canberra
2026-10-09 23:00:09.877   Time stamp of our file: 2026-10-09 22:57:36.000
2026-10-09 23:00:09.877   Dest file exists.
2026-10-09 23:00:09.877   Time stamp of existing file: 2026-10-09 22:57:36.000
2026-10-09 23:00:09.877   Installing the file.
2026-10-09 23:00:09.877   Successfully installed the file.
2026-10-09 23:00:09.877   -- File entry --
2026-10-09 23:00:09.877   Dest filename: D:\a\_temp\agym-c64-38001250527-5872-u8q4q801\client\Admin\_internal\tzdata\zoneinfo\Australia\Currie
2026-10-09 23:00:09.877   Time stamp of our file: 2026-10-09 22:57:36.000
2026-10-09 23:00:09.877   Dest file exists.
2026-10-09 23:00:09.877   Time stamp of existing file: 2026-10-09 22:57:36.000
2026-10-09 23:00:09.877   Installing the file.
2026-10-09 23:00:09.877   Successfully installed the file.
2026-10-09 23:00:09.877   -- File entry --
2026-10-09 23:00:09.877   Dest filename: D:\a\_temp\agym-c64-38001250527-5872-u8q4q801\client\Admin\_internal\tzdata\zoneinfo\Australia\Darwin
2026-10-09 23:00:09.877   Time stamp of our file: 2026-10-09 22:57:36.000
2026-10-09 23:00:09.877   Dest file exists.
2026-10-09 23:00:09.877   Time stamp of existing file: 2026-10-09 22:57:36.000
2026-10-09 23:00:09.877   Installing the file.
2026-10-09 23:00:09.877   Successfully installed the file.
2026-10-09 23:00:09.877   -- File entry --
2026-10-09 23:00:09.877   Dest filename: D:\a\_temp\agym-c64-38001250527-5872-u8q4q801\client\Admin\_internal\tzdata\zoneinfo\Australia\Eucla
2026-10-09 23:00:09.877   Time stamp of our file: 2026-10-09 22:57:36.000
2026-10-09 23:00:09.877   Dest file exists.
2026-10-09 23:00:09.877   Time stamp of existing file: 2026-10-09 22:57:36.000
2026-10-09 23:00:09.877   Installing the file.
2026-10-09 23:00:09.877   Successfully installed the file.
2026-10-09 23:00:09.877   -- File entry --
2026-10-09 23:00:09.877   Dest filename: D:\a\_temp\agym-c64-38001250527-5872-u8q4q801\client\Admin\_internal\tzdata\zoneinfo\Australia\Hobart
2026-10-09 23:00:09.877   Time stamp of our file: 2026-10-09 22:57:36.000
2026-10-09 23:00:09.877   Dest file exists.
2026-10-09 23:00:09.877   Time stamp of existing file: 2026-10-09 22:57:36.000
2026-10-09 23:00:09.877   Installing the file.
2026-10-09 23:00:09.877   Successfully installed the file.
2026-10-09 23:00:09.877   -- File entry --
2026-10-09 23:00:09.877   Dest filename: D:\a\_temp\agym-c64-38001250527-5872-u8q4q801\client\Admin\_internal\tzdata\zoneinfo\Australia\LHI
2026-10-09 23:00:09.877   Time stamp of our file: 2026-10-09 22:57:36.000
2026-10-09 23:00:09.877   Dest file exists.
2026-10-09 23:00:09.877   Time stamp of existing file: 2026-10-09 22:57:36.000
2026-10-09 23:00:09.877   Installing the file.
2026-10-09 23:00:09.877   Successfully installed the file.
2026-10-09 23:00:09.877   -- File entry --
2026-10-09 23:00:09.877   Dest filename: D:\a\_temp\agym-c64-38001250527-5872-u8q4q801\client\Admin\_internal\tzdata\zoneinfo\Australia\Lindeman
2026-10-09 23:00:09.877   Time stamp of our file: 2026-10-09 22:57:36.000
2026-10-09 23:00:09.877   Dest file exists.
2026-10-09 23:00:09.877   Time stamp of existing file: 2026-10-09 22:57:36.000
2026-10-09 23:00:09.877   Installing the file.
2026-10-09 23:00:09.877   Successfully installed the file.
2026-10-09 23:00:09.877   -- File entry --
2026-10-09 23:00:09.877   Dest filename: D:\a\_temp\agym-c64-38001250527-5872-u8q4q801\client\Admin\_internal\tzdata\zoneinfo\Australia\Lord_Howe
2026-10-09 23:00:09.877   Time stamp of our file: 2026-10-09 22:57:36.000
2026-10-09 23:00:09.877   Dest file exists.
2026-10-09 23:00:09.877   Time stamp of existing file: 2026-10-09 22:57:36.000
2026-10-09 23:00:09.877   Installing the file.
2026-10-09 23:00:09.877   Successfully installed the file.
2026-10-09 23:00:09.877   -- File entry --
2026-10-09 23:00:09.877   Dest filename: D:\a\_temp\agym-c64-38001250527-5872-u8q4q801\client\Admin\_internal\tzdata\zoneinfo\Australia\Melbourne
2026-10-09 23:00:09.877   Time stamp of our file: 2026-10-09 22:57:36.000
2026-10-09 23:00:09.877   Dest file exists.
2026-10-09 23:00:09.877   Time stamp of existing file: 2026-10-09 22:57:36.000
2026-10-09 23:00:09.877   Installing the file.
2026-10-09 23:00:09.877   Successfully installed the file.
2026-10-09 23:00:09.877   -- File entry --
2026-10-09 23:00:09.877   Dest filename: D:\a\_temp\agym-c64-38001250527-5872-u8q4q801\client\Admin\_internal\tzdata\zoneinfo\Australia\North
2026-10-09 23:00:09.877   Time stamp of our file: 2026-10-09 22:57:36.000
2026-10-09 23:00:09.877   Dest file exists.
2026-10-09 23:00:09.877   Time stamp of existing file: 2026-10-09 22:57:36.000
2026-10-09 23:00:09.877   Installing the file.
2026-10-09 23:00:09.877   Successfully installed the file.
2026-10-09 23:00:09.877   -- File entry --
2026-10-09 23:00:09.877   Dest filename: D:\a\_temp\agym-c64-38001250527-5872-u8q4q801\client\Admin\_internal\tzdata\zoneinfo\Australia\NSW
2026-10-09 23:00:09.877   Time stamp of our file: 2026-10-09 22:57:36.000
2026-10-09 23:00:09.877   Dest file exists.
2026-10-09 23:00:09.877   Time stamp of existing file: 2026-10-09 22:57:36.000
2026-10-09 23:00:09.877   Installing the file.
2026-10-09 23:00:09.877   Successfully installed the file.
2026-10-09 23:00:09.877   -- File entry --
2026-10-09 23:00:09.877   Dest filename: D:\a\_temp\agym-c64-38001250527-5872-u8q4q801\client\Admin\_internal\tzdata\zoneinfo\Australia\Perth
2026-10-09 23:00:09.877   Time stamp of our file: 2026-10-09 22:57:36.000
2026-10-09 23:00:09.877   Dest file exists.
2026-10-09 23:00:09.877   Time stamp of existing file: 2026-10-09 22:57:36.000
2026-10-09 23:00:09.877   Installing the file.
2026-10-09 23:00:09.877   Successfully installed the file.
2026-10-09 23:00:09.877   -- File entry --
2026-10-09 23:00:09.877   Dest filename: D:\a\_temp\agym-c64-38001250527-5872-u8q4q801\client\Admin\_internal\tzdata\zoneinfo\Australia\Queensland
2026-10-09 23:00:09.877   Time stamp of our file: 2026-10-09 22:57:36.000
2026-10-09 23:00:09.877   Dest file exists.
2026-10-09 23:00:09.877   Time stamp of existing file: 2026-10-09 22:57:36.000
2026-10-09 23:00:09.877   Installing the file.
2026-10-09 23:00:09.877   Successfully installed the file.
2026-10-09 23:00:09.877   -- File entry --
2026-10-09 23:00:09.877   Dest filename: D:\a\_temp\agym-c64-38001250527-5872-u8q4q801\client\Admin\_internal\tzdata\zoneinfo\Australia\South
2026-10-09 23:00:09.877   Time stamp of our file: 2026-10-09 22:57:36.000
2026-10-09 23:00:09.877   Dest file exists.
2026-10-09 23:00:09.877   Time stamp of existing file: 2026-10-09 22:57:36.000
2026-10-09 23:00:09.877   Installing the file.
2026-10-09 23:00:09.877   Successfully installed the file.
2026-10-09 23:00:09.877   -- File entry --
2026-10-09 23:00:09.877   Dest filename: D:\a\_temp\agym-c64-38001250527-5872-u8q4q801\client\Admin\_internal\tzdata\zoneinfo\Australia\Sydney
2026-10-09 23:00:09.877   Time stamp of our file: 2026-10-09 22:57:36.000
2026-10-09 23:00:09.877   Dest file exists.
2026-10-09 23:00:09.877   Time stamp of existing file: 2026-10-09 22:57:36.000
2026-10-09 23:00:09.877   Installing the file.
2026-10-09 23:00:09.877   Successfully installed the file.
2026-10-09 23:00:09.877   -- File entry --
2026-10-09 23:00:09.877   Dest filename: D:\a\_temp\agym-c64-38001250527-5872-u8q4q801\client\Admin\_internal\tzdata\zoneinfo\Australia\Tasmania
2026-10-09 23:00:09.877   Time stamp of our file: 2026-10-09 22:57:36.000
2026-10-09 23:00:09.877   Dest file exists.
2026-10-09 23:00:09.877   Time stamp of existing file: 2026-10-09 22:57:36.000
2026-10-09 23:00:09.877   Installing the file.
2026-10-09 23:00:09.877   Successfully installed the file.
2026-10-09 23:00:09.877   -- File entry --
2026-10-09 23:00:09.877   Dest filename: D:\a\_temp\agym-c64-38001250527-5872-u8q4q801\client\Admin\_internal\tzdata\zoneinfo\Australia\Victoria
2026-10-09 23:00:09.877   Time stamp of our file: 2026-10-09 22:57:36.000
2026-10-09 23:00:09.877   Dest file exists.
2026-10-09 23:00:09.877   Time stamp of existing file: 2026-10-09 22:57:36.000
2026-10-09 23:00:09.877   Installing the file.
2026-10-09 23:00:09.877   Successfully installed the file.
2026-10-09 23:00:09.877   -- File entry --
2026-10-09 23:00:09.877   Dest filename: D:\a\_temp\agym-c64-38001250527-5872-u8q4q801\client\Admin\_internal\tzdata\zoneinfo\Australia\West
2026-10-09 23:00:09.877   Time stamp of our file: 2026-10-09 22:57:36.000
2026-10-09 23:00:09.877   Dest file exists.
2026-10-09 23:00:09.877   Time stamp of existing file: 2026-10-09 22:57:36.000
2026-10-09 23:00:09.877   Installing the file.
2026-10-09 23:00:09.877   Successfully installed the file.
2026-10-09 23:00:09.877   -- File entry --
2026-10-09 23:00:09.877   Dest filename: D:\a\_temp\agym-c64-38001250527-5872-u8q4q801\client\Admin\_internal\tzdata\zoneinfo\Australia\Yancowinna
2026-10-09 23:00:09.877   Time stamp of our file: 2026-10-09 22:57:36.000
2026-10-09 23:00:09.877   Dest file exists.
2026-10-09 23:00:09.877   Time stamp of existing file: 2026-10-09 22:57:36.000
2026-10-09 23:00:09.877   Installing the file.
2026-10-09 23:00:09.877   Successfully installed the file.
2026-10-09 23:00:09.877   -- File entry --
2026-10-09 23:00:09.877   Dest filename: D:\a\_temp\agym-c64-38001250527-5872-u8q4q801\client\Admin\_internal\tzdata\zoneinfo\Australia\__init__.py
2026-10-09 23:00:09.877   Time stamp of our file: 2026-10-09 22:57:36.000
2026-10-09 23:00:09.877   Dest file exists.
2026-10-09 23:00:09.877   Time stamp of existing file: 2026-10-09 22:57:36.000
2026-10-09 23:00:09.877   Installing the file.
2026-10-09 23:00:09.877   Successfully installed the file.
2026-10-09 23:00:09.877   -- File entry --
2026-10-09 23:00:09.877   Dest filename: D:\a\_temp\agym-c64-38001250527-5872-u8q4q801\client\Admin\_internal\tzdata\zoneinfo\Brazil\Acre
2026-10-09 23:00:09.877   Time stamp of our file: 2026-10-09 22:57:36.000
2026-10-09 23:00:09.877   Dest file exists.
2026-10-09 23:00:09.877   Time stamp of existing file: 2026-10-09 22:57:36.000
2026-10-09 23:00:09.877   Installing the file.
2026-10-09 23:00:09.877   Successfully installed the file.
2026-10-09 23:00:09.877   -- File entry --
2026-10-09 23:00:09.877   Dest filename: D:\a\_temp\agym-c64-38001250527-5872-u8q4q801\client\Admin\_internal\tzdata\zoneinfo\Brazil\DeNoronha
2026-10-09 23:00:09.877   Time stamp of our file: 2026-10-09 22:57:36.000
2026-10-09 23:00:09.877   Dest file exists.
2026-10-09 23:00:09.877   Time stamp of existing file: 2026-10-09 22:57:36.000
2026-10-09 23:00:09.877   Installing the file.
2026-10-09 23:00:09.877   Successfully installed the file.
2026-10-09 23:00:09.877   -- File entry --
2026-10-09 23:00:09.877   Dest filename: D:\a\_temp\agym-c64-38001250527-5872-u8q4q801\client\Admin\_internal\tzdata\zoneinfo\Brazil\East
2026-10-09 23:00:09.877   Time stamp of our file: 2026-10-09 22:57:36.000
2026-10-09 23:00:09.877   Dest file exists.
2026-10-09 23:00:09.877   Time stamp of existing file: 2026-10-09 22:57:36.000
2026-10-09 23:00:09.877   Installing the file.
2026-10-09 23:00:09.877   Successfully installed the file.
2026-10-09 23:00:09.877   -- File entry --
2026-10-09 23:00:09.877   Dest filename: D:\a\_temp\agym-c64-38001250527-5872-u8q4q801\client\Admin\_internal\tzdata\zoneinfo\Brazil\West
2026-10-09 23:00:09.877   Time stamp of our file: 2026-10-09 22:57:36.000
2026-10-09 23:00:09.877   Dest file exists.
2026-10-09 23:00:09.877   Time stamp of existing file: 2026-10-09 22:57:36.000
2026-10-09 23:00:09.877   Installing the file.
2026-10-09 23:00:09.877   Successfully installed the file.
2026-10-09 23:00:09.877   -- File entry --
2026-10-09 23:00:09.877   Dest filename: D:\a\_temp\agym-c64-38001250527-5872-u8q4q801\client\Admin\_internal\tzdata\zoneinfo\Brazil\__init__.py
2026-10-09 23:00:09.877   Time stamp of our file: 2026-10-09 22:57:36.000
2026-10-09 23:00:09.877   Dest file exists.
2026-10-09 23:00:09.877   Time stamp of existing file: 2026-10-09 22:57:36.000
2026-10-09 23:00:09.877   Installing the file.
2026-10-09 23:00:09.877   Successfully installed the file.
2026-10-09 23:00:09.877   -- File entry --
2026-10-09 23:00:09.877   Dest filename: D:\a\_temp\agym-c64-38001250527-5872-u8q4q801\client\Admin\_internal\tzdata\zoneinfo\Canada\Atlantic
2026-10-09 23:00:09.877   Time stamp of our file: 2026-10-09 22:57:36.000
2026-10-09 23:00:09.877   Dest file exists.
2026-10-09 23:00:09.877   Time stamp of existing file: 2026-10-09 22:57:36.000
2026-10-09 23:00:09.877   Installing the file.
2026-10-09 23:00:09.877   Successfully installed the file.
2026-10-09 23:00:09.877   -- File entry --
2026-10-09 23:00:09.877   Dest filename: D:\a\_temp\agym-c64-38001250527-5872-u8q4q801\client\Admin\_internal\tzdata\zoneinfo\Canada\Central
2026-10-09 23:00:09.877   Time stamp of our file: 2026-10-09 22:57:36.000
2026-10-09 23:00:09.877   Dest file exists.
2026-10-09 23:00:09.877   Time stamp of existing file: 2026-10-09 22:57:36.000
2026-10-09 23:00:09.877   Installing the file.
2026-10-09 23:00:09.893   Successfully installed the file.
2026-10-09 23:00:09.893   -- File entry --
2026-10-09 23:00:09.893   Dest filename: D:\a\_temp\agym-c64-38001250527-5872-u8q4q801\client\Admin\_internal\tzdata\zoneinfo\Canada\Eastern
2026-10-09 23:00:09.893   Time stamp of our file: 2026-10-09 22:57:36.000
2026-10-09 23:00:09.893   Dest file exists.
2026-10-09 23:00:09.893   Time stamp of existing file: 2026-10-09 22:57:36.000
2026-10-09 23:00:09.893   Installing the file.
2026-10-09 23:00:09.893   Successfully installed the file.
2026-10-09 23:00:09.893   -- File entry --
2026-10-09 23:00:09.893   Dest filename: D:\a\_temp\agym-c64-38001250527-5872-u8q4q801\client\Admin\_internal\tzdata\zoneinfo\Canada\Mountain
2026-10-09 23:00:09.893   Time stamp of our file: 2026-10-09 22:57:36.000
2026-10-09 23:00:09.893   Dest file exists.
2026-10-09 23:00:09.893   Time stamp of existing file: 2026-10-09 22:57:36.000
2026-10-09 23:00:09.893   Installing the file.
2026-10-09 23:00:09.893   Successfully installed the file.
2026-10-09 23:00:09.893   -- File entry --
2026-10-09 23:00:09.893   Dest filename: D:\a\_temp\agym-c64-38001250527-5872-u8q4q801\client\Admin\_internal\tzdata\zoneinfo\Canada\Newfoundland
2026-10-09 23:00:09.893   Time stamp of our file: 2026-10-09 22:57:36.000
2026-10-09 23:00:09.893   Dest file exists.
2026-10-09 23:00:09.893   Time stamp of existing file: 2026-10-09 22:57:36.000
2026-10-09 23:00:09.893   Installing the file.
2026-10-09 23:00:09.893   Successfully installed the file.
2026-10-09 23:00:09.893   -- File entry --
2026-10-09 23:00:09.893   Dest filename: D:\a\_temp\agym-c64-38001250527-5872-u8q4q801\client\Admin\_internal\tzdata\zoneinfo\Canada\Pacific
2026-10-09 23:00:09.893   Time stamp of our file: 2026-10-09 22:57:36.000
2026-10-09 23:00:09.893   Dest file exists.
2026-10-09 23:00:09.893   Time stamp of existing file: 2026-10-09 22:57:36.000
2026-10-09 23:00:09.893   Installing the file.
2026-10-09 23:00:09.893   Successfully installed the file.
2026-10-09 23:00:09.893   -- File entry --
2026-10-09 23:00:09.893   Dest filename: D:\a\_temp\agym-c64-38001250527-5872-u8q4q801\client\Admin\_internal\tzdata\zoneinfo\Canada\Saskatchewan
2026-10-09 23:00:09.893   Time stamp of our file: 2026-10-09 22:57:36.000
2026-10-09 23:00:09.893   Dest file exists.
2026-10-09 23:00:09.893   Time stamp of existing file: 2026-10-09 22:57:36.000
2026-10-09 23:00:09.893   Installing the file.
2026-10-09 23:00:09.893   Successfully installed the file.
2026-10-09 23:00:09.893   -- File entry --
2026-10-09 23:00:09.893   Dest filename: D:\a\_temp\agym-c64-38001250527-5872-u8q4q801\client\Admin\_internal\tzdata\zoneinfo\Canada\Yukon
2026-10-09 23:00:09.893   Time stamp of our file: 2026-10-09 22:57:36.000
2026-10-09 23:00:09.893   Dest file exists.
2026-10-09 23:00:09.893   Time stamp of existing file: 2026-10-09 22:57:36.000
2026-10-09 23:00:09.893   Installing the file.
2026-10-09 23:00:09.893   Successfully installed the file.
2026-10-09 23:00:09.893   -- File entry --
2026-10-09 23:00:09.893   Dest filename: D:\a\_temp\agym-c64-38001250527-5872-u8q4q801\client\Admin\_internal\tzdata\zoneinfo\Canada\__init__.py
2026-10-09 23:00:09.893   Time stamp of our file: 2026-10-09 22:57:36.000
2026-10-09 23:00:09.893   Dest file exists.
2026-10-09 23:00:09.893   Time stamp of existing file: 2026-10-09 22:57:36.000
2026-10-09 23:00:09.893   Installing the file.
2026-10-09 23:00:09.893   Successfully installed the file.
2026-10-09 23:00:09.893   -- File entry --
2026-10-09 23:00:09.893   Dest filename: D:\a\_temp\agym-c64-38001250527-5872-u8q4q801\client\Admin\_internal\tzdata\zoneinfo\Chile\Continental
2026-10-09 23:00:09.893   Time stamp of our file: 2026-10-09 22:57:36.000
2026-10-09 23:00:09.893   Dest file exists.
2026-10-09 23:00:09.893   Time stamp of existing file: 2026-10-09 22:57:36.000
2026-10-09 23:00:09.893   Installing the file.
2026-10-09 23:00:09.893   Successfully installed the file.
2026-10-09 23:00:09.893   -- File entry --
2026-10-09 23:00:09.893   Dest filename: D:\a\_temp\agym-c64-38001250527-5872-u8q4q801\client\Admin\_internal\tzdata\zoneinfo\Chile\EasterIsland
2026-10-09 23:00:09.893   Time stamp of our file: 2026-10-09 22:57:36.000
2026-10-09 23:00:09.893   Dest file exists.
2026-10-09 23:00:09.893   Time stamp of existing file: 2026-10-09 22:57:36.000
2026-10-09 23:00:09.893   Installing the file.
2026-10-09 23:00:09.893   Successfully installed the file.
2026-10-09 23:00:09.893   -- File entry --
2026-10-09 23:00:09.893   Dest filename: D:\a\_temp\agym-c64-38001250527-5872-u8q4q801\client\Admin\_internal\tzdata\zoneinfo\Chile\__init__.py
2026-10-09 23:00:09.893   Time stamp of our file: 2026-10-09 22:57:36.000
2026-10-09 23:00:09.893   Dest file exists.
2026-10-09 23:00:09.893   Time stamp of existing file: 2026-10-09 22:57:36.000
2026-10-09 23:00:09.893   Installing the file.
2026-10-09 23:00:09.893   Successfully installed the file.
2026-10-09 23:00:09.893   -- File entry --
2026-10-09 23:00:09.893   Dest filename: D:\a\_temp\agym-c64-38001250527-5872-u8q4q801\client\Admin\_internal\tzdata\zoneinfo\Etc\GMT
2026-10-09 23:00:09.893   Time stamp of our file: 2026-10-09 22:57:36.000
2026-10-09 23:00:09.893   Dest file exists.
2026-10-09 23:00:09.893   Time stamp of existing file: 2026-10-09 22:57:36.000
2026-10-09 23:00:09.893   Installing the file.
2026-10-09 23:00:09.893   Successfully installed the file.
2026-10-09 23:00:09.893   -- File entry --
2026-10-09 23:00:09.893   Dest filename: D:\a\_temp\agym-c64-38001250527-5872-u8q4q801\client\Admin\_internal\tzdata\zoneinfo\Etc\GMT+0
2026-10-09 23:00:09.893   Time stamp of our file: 2026-10-09 22:57:36.000
2026-10-09 23:00:09.893   Dest file exists.
2026-10-09 23:00:09.893   Time stamp of existing file: 2026-10-09 22:57:36.000
2026-10-09 23:00:09.893   Installing the file.
2026-10-09 23:00:09.893   Successfully installed the file.
2026-10-09 23:00:09.893   -- File entry --
2026-10-09 23:00:09.893   Dest filename: D:\a\_temp\agym-c64-38001250527-5872-u8q4q801\client\Admin\_internal\tzdata\zoneinfo\Etc\GMT+1
2026-10-09 23:00:09.893   Time stamp of our file: 2026-10-09 22:57:36.000
2026-10-09 23:00:09.893   Dest file exists.
2026-10-09 23:00:09.893   Time stamp of existing file: 2026-10-09 22:57:36.000
2026-10-09 23:00:09.893   Installing the file.
2026-10-09 23:00:09.893   Successfully installed the file.
2026-10-09 23:00:09.893   -- File entry --
2026-10-09 23:00:09.893   Dest filename: D:\a\_temp\agym-c64-38001250527-5872-u8q4q801\client\Admin\_internal\tzdata\zoneinfo\Etc\GMT+10
2026-10-09 23:00:09.893   Time stamp of our file: 2026-10-09 22:57:36.000
2026-10-09 23:00:09.893   Dest file exists.
2026-10-09 23:00:09.893   Time stamp of existing file: 2026-10-09 22:57:36.000
2026-10-09 23:00:09.893   Installing the file.
2026-10-09 23:00:09.893   Successfully installed the file.
2026-10-09 23:00:09.893   -- File entry --
2026-10-09 23:00:09.893   Dest filename: D:\a\_temp\agym-c64-38001250527-5872-u8q4q801\client\Admin\_internal\tzdata\zoneinfo\Etc\GMT+11
2026-10-09 23:00:09.893   Time stamp of our file: 2026-10-09 22:57:36.000
2026-10-09 23:00:09.893   Dest file exists.
2026-10-09 23:00:09.893   Time stamp of existing file: 2026-10-09 22:57:36.000
2026-10-09 23:00:09.893   Installing the file.
2026-10-09 23:00:09.893   Successfully installed the file.
2026-10-09 23:00:09.893   -- File entry --
2026-10-09 23:00:09.893   Dest filename: D:\a\_temp\agym-c64-38001250527-5872-u8q4q801\client\Admin\_internal\tzdata\zoneinfo\Etc\GMT+12
2026-10-09 23:00:09.893   Time stamp of our file: 2026-10-09 22:57:36.000
2026-10-09 23:00:09.893   Dest file exists.
2026-10-09 23:00:09.893   Time stamp of existing file: 2026-10-09 22:57:36.000
2026-10-09 23:00:09.893   Installing the file.
2026-10-09 23:00:09.893   Successfully installed the file.
2026-10-09 23:00:09.893   -- File entry --
2026-10-09 23:00:09.893   Dest filename: D:\a\_temp\agym-c64-38001250527-5872-u8q4q801\client\Admin\_internal\tzdata\zoneinfo\Etc\GMT+2
2026-10-09 23:00:09.893   Time stamp of our file: 2026-10-09 22:57:36.000
2026-10-09 23:00:09.893   Dest file exists.
2026-10-09 23:00:09.893   Time stamp of existing file: 2026-10-09 22:57:36.000
2026-10-09 23:00:09.893   Installing the file.
2026-10-09 23:00:09.893   Successfully installed the file.
2026-10-09 23:00:09.893   -- File entry --
2026-10-09 23:00:09.893   Dest filename: D:\a\_temp\agym-c64-38001250527-5872-u8q4q801\client\Admin\_internal\tzdata\zoneinfo\Etc\GMT+3
2026-10-09 23:00:09.893   Time stamp of our file: 2026-10-09 22:57:36.000
2026-10-09 23:00:09.893   Dest file exists.
2026-10-09 23:00:09.893   Time stamp of existing file: 2026-10-09 22:57:36.000
2026-10-09 23:00:09.893   Installing the file.
2026-10-09 23:00:09.893   Successfully installed the file.
2026-10-09 23:00:09.893   -- File entry --
2026-10-09 23:00:09.893   Dest filename: D:\a\_temp\agym-c64-38001250527-5872-u8q4q801\client\Admin\_internal\tzdata\zoneinfo\Etc\GMT+4
2026-10-09 23:00:09.893   Time stamp of our file: 2026-10-09 22:57:36.000
2026-10-09 23:00:09.893   Dest file exists.
2026-10-09 23:00:09.893   Time stamp of existing file: 2026-10-09 22:57:36.000
2026-10-09 23:00:09.893   Installing the file.
2026-10-09 23:00:09.893   Successfully installed the file.
2026-10-09 23:00:09.893   -- File entry --
2026-10-09 23:00:09.893   Dest filename: D:\a\_temp\agym-c64-38001250527-5872-u8q4q801\client\Admin\_internal\tzdata\zoneinfo\Etc\GMT+5
2026-10-09 23:00:09.893   Time stamp of our file: 2026-10-09 22:57:36.000
2026-10-09 23:00:09.893   Dest file exists.
2026-10-09 23:00:09.893   Time stamp of existing file: 2026-10-09 22:57:36.000
2026-10-09 23:00:09.893   Installing the file.
2026-10-09 23:00:09.893   Successfully installed the file.
2026-10-09 23:00:09.893   -- File entry --
2026-10-09 23:00:09.893   Dest filename: D:\a\_temp\agym-c64-38001250527-5872-u8q4q801\client\Admin\_internal\tzdata\zoneinfo\Etc\GMT+6
2026-10-09 23:00:09.893   Time stamp of our file: 2026-10-09 22:57:36.000
2026-10-09 23:00:09.893   Dest file exists.
2026-10-09 23:00:09.893   Time stamp of existing file: 2026-10-09 22:57:36.000
2026-10-09 23:00:09.893   Installing the file.
2026-10-09 23:00:09.893   Successfully installed the file.
2026-10-09 23:00:09.893   -- File entry --
2026-10-09 23:00:09.893   Dest filename: D:\a\_temp\agym-c64-38001250527-5872-u8q4q801\client\Admin\_internal\tzdata\zoneinfo\Etc\GMT+7
2026-10-09 23:00:09.893   Time stamp of our file: 2026-10-09 22:57:36.000
2026-10-09 23:00:09.893   Dest file exists.
2026-10-09 23:00:09.893   Time stamp of existing file: 2026-10-09 22:57:36.000
2026-10-09 23:00:09.893   Installing the file.
2026-10-09 23:00:09.893   Successfully installed the file.
2026-10-09 23:00:09.893   -- File entry --
2026-10-09 23:00:09.893   Dest filename: D:\a\_temp\agym-c64-38001250527-5872-u8q4q801\client\Admin\_internal\tzdata\zoneinfo\Etc\GMT+8
2026-10-09 23:00:09.893   Time stamp of our file: 2026-10-09 22:57:36.000
2026-10-09 23:00:09.893   Dest file exists.
2026-10-09 23:00:09.893   Time stamp of existing file: 2026-10-09 22:57:36.000
2026-10-09 23:00:09.893   Installing the file.
2026-10-09 23:00:09.893   Successfully installed the file.
2026-10-09 23:00:09.893   -- File entry --
2026-10-09 23:00:09.893   Dest filename: D:\a\_temp\agym-c64-38001250527-5872-u8q4q801\client\Admin\_internal\tzdata\zoneinfo\Etc\GMT+9
2026-10-09 23:00:09.893   Time stamp of our file: 2026-10-09 22:57:36.000
2026-10-09 23:00:09.893   Dest file exists.
2026-10-09 23:00:09.893   Time stamp of existing file: 2026-10-09 22:57:36.000
2026-10-09 23:00:09.893   Installing the file.
2026-10-09 23:00:09.893   Successfully installed the file.
2026-10-09 23:00:09.893   -- File entry --
2026-10-09 23:00:09.893   Dest filename: D:\a\_temp\agym-c64-38001250527-5872-u8q4q801\client\Admin\_internal\tzdata\zoneinfo\Etc\GMT-0
2026-10-09 23:00:09.893   Time stamp of our file: 2026-10-09 22:57:36.000
2026-10-09 23:00:09.893   Dest file exists.
2026-10-09 23:00:09.893   Time stamp of existing file: 2026-10-09 22:57:36.000
2026-10-09 23:00:09.893   Installing the file.
2026-10-09 23:00:09.893   Successfully installed the file.
2026-10-09 23:00:09.893   -- File entry --
2026-10-09 23:00:09.893   Dest filename: D:\a\_temp\agym-c64-38001250527-5872-u8q4q801\client\Admin\_internal\tzdata\zoneinfo\Etc\GMT-1
2026-10-09 23:00:09.893   Time stamp of our file: 2026-10-09 22:57:36.000
2026-10-09 23:00:09.893   Dest file exists.
2026-10-09 23:00:09.893   Time stamp of existing file: 2026-10-09 22:57:36.000
2026-10-09 23:00:09.893   Installing the file.
2026-10-09 23:00:09.893   Successfully installed the file.
2026-10-09 23:00:09.893   -- File entry --
2026-10-09 23:00:09.893   Dest filename: D:\a\_temp\agym-c64-38001250527-5872-u8q4q801\client\Admin\_internal\tzdata\zoneinfo\Etc\GMT-10
2026-10-09 23:00:09.893   Time stamp of our file: 2026-10-09 22:57:36.000
2026-10-09 23:00:09.893   Dest file exists.
2026-10-09 23:00:09.893   Time stamp of existing file: 2026-10-09 22:57:36.000
2026-10-09 23:00:09.893   Installing the file.
2026-10-09 23:00:09.893   Successfully installed the file.
2026-10-09 23:00:09.893   -- File entry --
2026-10-09 23:00:09.893   Dest filename: D:\a\_temp\agym-c64-38001250527-5872-u8q4q801\client\Admin\_internal\tzdata\zoneinfo\Etc\GMT-11
2026-10-09 23:00:09.893   Time stamp of our file: 2026-10-09 22:57:36.000
2026-10-09 23:00:09.893   Dest file exists.
2026-10-09 23:00:09.893   Time stamp of existing file: 2026-10-09 22:57:36.000
2026-10-09 23:00:09.893   Installing the file.
2026-10-09 23:00:09.893   Successfully installed the file.
2026-10-09 23:00:09.893   -- File entry --
2026-10-09 23:00:09.893   Dest filename: D:\a\_temp\agym-c64-38001250527-5872-u8q4q801\client\Admin\_internal\tzdata\zoneinfo\Etc\GMT-12
2026-10-09 23:00:09.893   Time stamp of our file: 2026-10-09 22:57:36.000
2026-10-09 23:00:09.893   Dest file exists.
2026-10-09 23:00:09.893   Time stamp of existing file: 2026-10-09 22:57:36.000
2026-10-09 23:00:09.893   Installing the file.
2026-10-09 23:00:09.893   Successfully installed the file.
2026-10-09 23:00:09.893   -- File entry --
2026-10-09 23:00:09.893   Dest filename: D:\a\_temp\agym-c64-38001250527-5872-u8q4q801\client\Admin\_internal\tzdata\zoneinfo\Etc\GMT-13
2026-10-09 23:00:09.893   Time stamp of our file: 2026-10-09 22:57:36.000
2026-10-09 23:00:09.893   Dest file exists.
2026-10-09 23:00:09.893   Time stamp of existing file: 2026-10-09 22:57:36.000
2026-10-09 23:00:09.893   Installing the file.
2026-10-09 23:00:09.893   Successfully installed the file.
2026-10-09 23:00:09.893   -- File entry --
2026-10-09 23:00:09.908   Dest filename: D:\a\_temp\agym-c64-38001250527-5872-u8q4q801\client\Admin\_internal\tzdata\zoneinfo\Etc\GMT-14
2026-10-09 23:00:09.908   Time stamp of our file: 2026-10-09 22:57:36.000
2026-10-09 23:00:09.908   Dest file exists.
2026-10-09 23:00:09.908   Time stamp of existing file: 2026-10-09 22:57:36.000
2026-10-09 23:00:09.908   Installing the file.
2026-10-09 23:00:09.908   Successfully installed the file.
2026-10-09 23:00:09.908   -- File entry --
2026-10-09 23:00:09.908   Dest filename: D:\a\_temp\agym-c64-38001250527-5872-u8q4q801\client\Admin\_internal\tzdata\zoneinfo\Etc\GMT-2
2026-10-09 23:00:09.908   Time stamp of our file: 2026-10-09 22:57:36.000
2026-10-09 23:00:09.908   Dest file exists.
2026-10-09 23:00:09.908   Time stamp of existing file: 2026-10-09 22:57:36.000
2026-10-09 23:00:09.908   Installing the file.
2026-10-09 23:00:09.908   Successfully installed the file.
2026-10-09 23:00:09.908   -- File entry --
2026-10-09 23:00:09.908   Dest filename: D:\a\_temp\agym-c64-38001250527-5872-u8q4q801\client\Admin\_internal\tzdata\zoneinfo\Etc\GMT-3
2026-10-09 23:00:09.908   Time stamp of our file: 2026-10-09 22:57:36.000
2026-10-09 23:00:09.908   Dest file exists.
2026-10-09 23:00:09.908   Time stamp of existing file: 2026-10-09 22:57:36.000
2026-10-09 23:00:09.908   Installing the file.
2026-10-09 23:00:09.908   Successfully installed the file.
2026-10-09 23:00:09.908   -- File entry --
2026-10-09 23:00:09.908   Dest filename: D:\a\_temp\agym-c64-38001250527-5872-u8q4q801\client\Admin\_internal\tzdata\zoneinfo\Etc\GMT-4
2026-10-09 23:00:09.908   Time stamp of our file: 2026-10-09 22:57:36.000
2026-10-09 23:00:09.908   Dest file exists.
2026-10-09 23:00:09.908   Time stamp of existing file: 2026-10-09 22:57:36.000
2026-10-09 23:00:09.908   Installing the file.
2026-10-09 23:00:09.908   Successfully installed the file.
2026-10-09 23:00:09.908   -- File entry --
2026-10-09 23:00:09.908   Dest filename: D:\a\_temp\agym-c64-38001250527-5872-u8q4q801\client\Admin\_internal\tzdata\zoneinfo\Etc\GMT-5
2026-10-09 23:00:09.908   Time stamp of our file: 2026-10-09 22:57:36.000
2026-10-09 23:00:09.908   Dest file exists.
2026-10-09 23:00:09.908   Time stamp of existing file: 2026-10-09 22:57:36.000
2026-10-09 23:00:09.908   Installing the file.
2026-10-09 23:00:09.908   Successfully installed the file.
2026-10-09 23:00:09.908   -- File entry --
2026-10-09 23:00:09.908   Dest filename: D:\a\_temp\agym-c64-38001250527-5872-u8q4q801\client\Admin\_internal\tzdata\zoneinfo\Etc\GMT-6
2026-10-09 23:00:09.908   Time stamp of our file: 2026-10-09 22:57:36.000
2026-10-09 23:00:09.908   Dest file exists.
2026-10-09 23:00:09.908   Time stamp of existing file: 2026-10-09 22:57:36.000
2026-10-09 23:00:09.908   Installing the file.
2026-10-09 23:00:09.908   Successfully installed the file.
2026-10-09 23:00:09.908   -- File entry --
2026-10-09 23:00:09.908   Dest filename: D:\a\_temp\agym-c64-38001250527-5872-u8q4q801\client\Admin\_internal\tzdata\zoneinfo\Etc\GMT-7
2026-10-09 23:00:09.908   Time stamp of our file: 2026-10-09 22:57:36.000
2026-10-09 23:00:09.908   Dest file exists.
2026-10-09 23:00:09.908   Time stamp of existing file: 2026-10-09 22:57:36.000
2026-10-09 23:00:09.908   Installing the file.
2026-10-09 23:00:09.908   Successfully installed the file.
2026-10-09 23:00:09.908   -- File entry --
2026-10-09 23:00:09.908   Dest filename: D:\a\_temp\agym-c64-38001250527-5872-u8q4q801\client\Admin\_internal\tzdata\zoneinfo\Etc\GMT-8
2026-10-09 23:00:09.908   Time stamp of our file: 2026-10-09 22:57:36.000
2026-10-09 23:00:09.908   Dest file exists.
2026-10-09 23:00:09.908   Time stamp of existing file: 2026-10-09 22:57:36.000
2026-10-09 23:00:09.908   Installing the file.
2026-10-09 23:00:09.908   Successfully installed the file.
2026-10-09 23:00:09.908   -- File entry --
2026-10-09 23:00:09.908   Dest filename: D:\a\_temp\agym-c64-38001250527-5872-u8q4q801\client\Admin\_internal\tzdata\zoneinfo\Etc\GMT-9
2026-10-09 23:00:09.908   Time stamp of our file: 2026-10-09 22:57:36.000
2026-10-09 23:00:09.908   Dest file exists.
2026-10-09 23:00:09.908   Time stamp of existing file: 2026-10-09 22:57:36.000
2026-10-09 23:00:09.908   Installing the file.
2026-10-09 23:00:09.908   Successfully installed the file.
2026-10-09 23:00:09.908   -- File entry --
2026-10-09 23:00:09.908   Dest filename: D:\a\_temp\agym-c64-38001250527-5872-u8q4q801\client\Admin\_internal\tzdata\zoneinfo\Etc\GMT0
2026-10-09 23:00:09.908   Time stamp of our file: 2026-10-09 22:57:36.000
2026-10-09 23:00:09.908   Dest file exists.
2026-10-09 23:00:09.908   Time stamp of existing file: 2026-10-09 22:57:36.000
2026-10-09 23:00:09.908   Installing the file.
2026-10-09 23:00:09.908   Successfully installed the file.
2026-10-09 23:00:09.908   -- File entry --
2026-10-09 23:00:09.908   Dest filename: D:\a\_temp\agym-c64-38001250527-5872-u8q4q801\client\Admin\_internal\tzdata\zoneinfo\Etc\Greenwich
2026-10-09 23:00:09.908   Time stamp of our file: 2026-10-09 22:57:36.000
2026-10-09 23:00:09.908   Dest file exists.
2026-10-09 23:00:09.908   Time stamp of existing file: 2026-10-09 22:57:36.000
2026-10-09 23:00:09.908   Installing the file.
2026-10-09 23:00:09.908   Successfully installed the file.
2026-10-09 23:00:09.908   -- File entry --
2026-10-09 23:00:09.908   Dest filename: D:\a\_temp\agym-c64-38001250527-5872-u8q4q801\client\Admin\_internal\tzdata\zoneinfo\Etc\UCT
2026-10-09 23:00:09.908   Time stamp of our file: 2026-10-09 22:57:36.000
2026-10-09 23:00:09.908   Dest file exists.
2026-10-09 23:00:09.908   Time stamp of existing file: 2026-10-09 22:57:36.000
2026-10-09 23:00:09.908   Installing the file.
2026-10-09 23:00:09.908   Successfully installed the file.
2026-10-09 23:00:09.908   -- File entry --
2026-10-09 23:00:09.908   Dest filename: D:\a\_temp\agym-c64-38001250527-5872-u8q4q801\client\Admin\_internal\tzdata\zoneinfo\Etc\Universal
2026-10-09 23:00:09.908   Time stamp of our file: 2026-10-09 22:57:36.000
2026-10-09 23:00:09.908   Dest file exists.
2026-10-09 23:00:09.908   Time stamp of existing file: 2026-10-09 22:57:36.000
2026-10-09 23:00:09.908   Installing the file.
2026-10-09 23:00:09.908   Successfully installed the file.
2026-10-09 23:00:09.908   -- File entry --
2026-10-09 23:00:09.908   Dest filename: D:\a\_temp\agym-c64-38001250527-5872-u8q4q801\client\Admin\_internal\tzdata\zoneinfo\Etc\UTC
2026-10-09 23:00:09.908   Time stamp of our file: 2026-10-09 22:57:36.000
2026-10-09 23:00:09.908   Dest file exists.
2026-10-09 23:00:09.908   Time stamp of existing file: 2026-10-09 22:57:36.000
2026-10-09 23:00:09.908   Installing the file.
2026-10-09 23:00:09.908   Successfully installed the file.
2026-10-09 23:00:09.908   -- File entry --
2026-10-09 23:00:09.908   Dest filename: D:\a\_temp\agym-c64-38001250527-5872-u8q4q801\client\Admin\_internal\tzdata\zoneinfo\Etc\Zulu
2026-10-09 23:00:09.908   Time stamp of our file: 2026-10-09 22:57:36.000
2026-10-09 23:00:09.908   Dest file exists.
2026-10-09 23:00:09.908   Time stamp of existing file: 2026-10-09 22:57:36.000
2026-10-09 23:00:09.908   Installing the file.
2026-10-09 23:00:09.908   Successfully installed the file.
2026-10-09 23:00:09.908   -- File entry --
2026-10-09 23:00:09.908   Dest filename: D:\a\_temp\agym-c64-38001250527-5872-u8q4q801\client\Admin\_internal\tzdata\zoneinfo\Etc\__init__.py
2026-10-09 23:00:09.908   Time stamp of our file: 2026-10-09 22:57:36.000
2026-10-09 23:00:09.908   Dest file exists.
2026-10-09 23:00:09.908   Time stamp of existing file: 2026-10-09 22:57:36.000
2026-10-09 23:00:09.908   Installing the file.
2026-10-09 23:00:09.908   Successfully installed the file.
2026-10-09 23:00:09.908   -- File entry --
2026-10-09 23:00:09.908   Dest filename: D:\a\_temp\agym-c64-38001250527-5872-u8q4q801\client\Admin\_internal\tzdata\zoneinfo\Europe\Amsterdam
2026-10-09 23:00:09.908   Time stamp of our file: 2026-10-09 22:57:36.000
2026-10-09 23:00:09.908   Dest file exists.
2026-10-09 23:00:09.908   Time stamp of existing file: 2026-10-09 22:57:36.000
2026-10-09 23:00:09.908   Installing the file.
2026-10-09 23:00:09.908   Successfully installed the file.
2026-10-09 23:00:09.908   -- File entry --
2026-10-09 23:00:09.908   Dest filename: D:\a\_temp\agym-c64-38001250527-5872-u8q4q801\client\Admin\_internal\tzdata\zoneinfo\Europe\Andorra
2026-10-09 23:00:09.908   Time stamp of our file: 2026-10-09 22:57:36.000
2026-10-09 23:00:09.908   Dest file exists.
2026-10-09 23:00:09.908   Time stamp of existing file: 2026-10-09 22:57:36.000
2026-10-09 23:00:09.908   Installing the file.
2026-10-09 23:00:09.908   Successfully installed the file.
2026-10-09 23:00:09.908   -- File entry --
2026-10-09 23:00:09.908   Dest filename: D:\a\_temp\agym-c64-38001250527-5872-u8q4q801\client\Admin\_internal\tzdata\zoneinfo\Europe\Astrakhan
2026-10-09 23:00:09.908   Time stamp of our file: 2026-10-09 22:57:36.000
2026-10-09 23:00:09.908   Dest file exists.
2026-10-09 23:00:09.908   Time stamp of existing file: 2026-10-09 22:57:36.000
2026-10-09 23:00:09.908   Installing the file.
2026-10-09 23:00:09.908   Successfully installed the file.
2026-10-09 23:00:09.908   -- File entry --
2026-10-09 23:00:09.908   Dest filename: D:\a\_temp\agym-c64-38001250527-5872-u8q4q801\client\Admin\_internal\tzdata\zoneinfo\Europe\Athens
2026-10-09 23:00:09.908   Time stamp of our file: 2026-10-09 22:57:36.000
2026-10-09 23:00:09.908   Dest file exists.
2026-10-09 23:00:09.908   Time stamp of existing file: 2026-10-09 22:57:36.000
2026-10-09 23:00:09.908   Installing the file.
2026-10-09 23:00:09.908   Successfully installed the file.
2026-10-09 23:00:09.908   -- File entry --
2026-10-09 23:00:09.908   Dest filename: D:\a\_temp\agym-c64-38001250527-5872-u8q4q801\client\Admin\_internal\tzdata\zoneinfo\Europe\Belfast
2026-10-09 23:00:09.908   Time stamp of our file: 2026-10-09 22:57:36.000
2026-10-09 23:00:09.908   Dest file exists.
2026-10-09 23:00:09.908   Time stamp of existing file: 2026-10-09 22:57:36.000
2026-10-09 23:00:09.908   Installing the file.
2026-10-09 23:00:09.908   Successfully installed the file.
2026-10-09 23:00:09.908   -- File entry --
2026-10-09 23:00:09.908   Dest filename: D:\a\_temp\agym-c64-38001250527-5872-u8q4q801\client\Admin\_internal\tzdata\zoneinfo\Europe\Belgrade
2026-10-09 23:00:09.908   Time stamp of our file: 2026-10-09 22:57:36.000
2026-10-09 23:00:09.908   Dest file exists.
2026-10-09 23:00:09.908   Time stamp of existing file: 2026-10-09 22:57:36.000
2026-10-09 23:00:09.908   Installing the file.
2026-10-09 23:00:09.908   Successfully installed the file.
2026-10-09 23:00:09.908   -- File entry --
2026-10-09 23:00:09.908   Dest filename: D:\a\_temp\agym-c64-38001250527-5872-u8q4q801\client\Admin\_internal\tzdata\zoneinfo\Europe\Berlin
2026-10-09 23:00:09.908   Time stamp of our file: 2026-10-09 22:57:36.000
2026-10-09 23:00:09.908   Dest file exists.
2026-10-09 23:00:09.908   Time stamp of existing file: 2026-10-09 22:57:36.000
2026-10-09 23:00:09.908   Installing the file.
2026-10-09 23:00:09.908   Successfully installed the file.
2026-10-09 23:00:09.908   -- File entry --
2026-10-09 23:00:09.908   Dest filename: D:\a\_temp\agym-c64-38001250527-5872-u8q4q801\client\Admin\_internal\tzdata\zoneinfo\Europe\Bratislava
2026-10-09 23:00:09.908   Time stamp of our file: 2026-10-09 22:57:36.000
2026-10-09 23:00:09.908   Dest file exists.
2026-10-09 23:00:09.908   Time stamp of existing file: 2026-10-09 22:57:36.000
2026-10-09 23:00:09.908   Installing the file.
2026-10-09 23:00:09.908   Successfully installed the file.
2026-10-09 23:00:09.908   -- File entry --
2026-10-09 23:00:09.908   Dest filename: D:\a\_temp\agym-c64-38001250527-5872-u8q4q801\client\Admin\_internal\tzdata\zoneinfo\Europe\Brussels
2026-10-09 23:00:09.908   Time stamp of our file: 2026-10-09 22:57:36.000
2026-10-09 23:00:09.908   Dest file exists.
2026-10-09 23:00:09.908   Time stamp of existing file: 2026-10-09 22:57:36.000
2026-10-09 23:00:09.908   Installing the file.
2026-10-09 23:00:09.908   Successfully installed the file.
2026-10-09 23:00:09.908   -- File entry --
2026-10-09 23:00:09.908   Dest filename: D:\a\_temp\agym-c64-38001250527-5872-u8q4q801\client\Admin\_internal\tzdata\zoneinfo\Europe\Bucharest
2026-10-09 23:00:09.908   Time stamp of our file: 2026-10-09 22:57:36.000
2026-10-09 23:00:09.908   Dest file exists.
2026-10-09 23:00:09.908   Time stamp of existing file: 2026-10-09 22:57:36.000
2026-10-09 23:00:09.908   Installing the file.
2026-10-09 23:00:09.908   Successfully installed the file.
2026-10-09 23:00:09.908   -- File entry --
2026-10-09 23:00:09.908   Dest filename: D:\a\_temp\agym-c64-38001250527-5872-u8q4q801\client\Admin\_internal\tzdata\zoneinfo\Europe\Budapest
2026-10-09 23:00:09.908   Time stamp of our file: 2026-10-09 22:57:36.000
2026-10-09 23:00:09.908   Dest file exists.
2026-10-09 23:00:09.908   Time stamp of existing file: 2026-10-09 22:57:36.000
2026-10-09 23:00:09.908   Installing the file.
2026-10-09 23:00:09.908   Successfully installed the file.
2026-10-09 23:00:09.908   -- File entry --
2026-10-09 23:00:09.908   Dest filename: D:\a\_temp\agym-c64-38001250527-5872-u8q4q801\client\Admin\_internal\tzdata\zoneinfo\Europe\Busingen
2026-10-09 23:00:09.908   Time stamp of our file: 2026-10-09 22:57:36.000
2026-10-09 23:00:09.908   Dest file exists.
2026-10-09 23:00:09.908   Time stamp of existing file: 2026-10-09 22:57:36.000
2026-10-09 23:00:09.908   Installing the file.
2026-10-09 23:00:09.908   Successfully installed the file.
2026-10-09 23:00:09.908   -- File entry --
2026-10-09 23:00:09.908   Dest filename: D:\a\_temp\agym-c64-38001250527-5872-u8q4q801\client\Admin\_internal\tzdata\zoneinfo\Europe\Chisinau
2026-10-09 23:00:09.908   Time stamp of our file: 2026-10-09 22:57:36.000
2026-10-09 23:00:09.908   Dest file exists.
2026-10-09 23:00:09.908   Time stamp of existing file: 2026-10-09 22:57:36.000
2026-10-09 23:00:09.908   Installing the file.
2026-10-09 23:00:09.908   Successfully installed the file.
2026-10-09 23:00:09.908   -- File entry --
2026-10-09 23:00:09.908   Dest filename: D:\a\_temp\agym-c64-38001250527-5872-u8q4q801\client\Admin\_internal\tzdata\zoneinfo\Europe\Copenhagen
2026-10-09 23:00:09.908   Time stamp of our file: 2026-10-09 22:57:36.000
2026-10-09 23:00:09.908   Dest file exists.
2026-10-09 23:00:09.908   Time stamp of existing file: 2026-10-09 22:57:36.000
2026-10-09 23:00:09.908   Installing the file.
2026-10-09 23:00:09.924   Successfully installed the file.
2026-10-09 23:00:09.924   -- File entry --
2026-10-09 23:00:09.924   Dest filename: D:\a\_temp\agym-c64-38001250527-5872-u8q4q801\client\Admin\_internal\tzdata\zoneinfo\Europe\Dublin
2026-10-09 23:00:09.924   Time stamp of our file: 2026-10-09 22:57:36.000
2026-10-09 23:00:09.924   Dest file exists.
2026-10-09 23:00:09.924   Time stamp of existing file: 2026-10-09 22:57:36.000
2026-10-09 23:00:09.924   Installing the file.
2026-10-09 23:00:09.924   Successfully installed the file.
2026-10-09 23:00:09.924   -- File entry --
2026-10-09 23:00:09.924   Dest filename: D:\a\_temp\agym-c64-38001250527-5872-u8q4q801\client\Admin\_internal\tzdata\zoneinfo\Europe\Gibraltar
2026-10-09 23:00:09.924   Time stamp of our file: 2026-10-09 22:57:36.000
2026-10-09 23:00:09.924   Dest file exists.
2026-10-09 23:00:09.924   Time stamp of existing file: 2026-10-09 22:57:36.000
2026-10-09 23:00:09.924   Installing the file.
2026-10-09 23:00:09.924   Successfully installed the file.
2026-10-09 23:00:09.924   -- File entry --
2026-10-09 23:00:09.924   Dest filename: D:\a\_temp\agym-c64-38001250527-5872-u8q4q801\client\Admin\_internal\tzdata\zoneinfo\Europe\Guernsey
2026-10-09 23:00:09.924   Time stamp of our file: 2026-10-09 22:57:36.000
2026-10-09 23:00:09.924   Dest file exists.
2026-10-09 23:00:09.924   Time stamp of existing file: 2026-10-09 22:57:36.000
2026-10-09 23:00:09.924   Installing the file.
2026-10-09 23:00:09.924   Successfully installed the file.
2026-10-09 23:00:09.924   -- File entry --
2026-10-09 23:00:09.924   Dest filename: D:\a\_temp\agym-c64-38001250527-5872-u8q4q801\client\Admin\_internal\tzdata\zoneinfo\Europe\Helsinki
2026-10-09 23:00:09.924   Time stamp of our file: 2026-10-09 22:57:36.000
2026-10-09 23:00:09.924   Dest file exists.
2026-10-09 23:00:09.924   Time stamp of existing file: 2026-10-09 22:57:36.000
2026-10-09 23:00:09.924   Installing the file.
2026-10-09 23:00:09.924   Successfully installed the file.
2026-10-09 23:00:09.924   -- File entry --
2026-10-09 23:00:09.924   Dest filename: D:\a\_temp\agym-c64-38001250527-5872-u8q4q801\client\Admin\_internal\tzdata\zoneinfo\Europe\Isle_of_Man
2026-10-09 23:00:09.924   Time stamp of our file: 2026-10-09 22:57:36.000
2026-10-09 23:00:09.924   Dest file exists.
2026-10-09 23:00:09.924   Time stamp of existing file: 2026-10-09 22:57:36.000
2026-10-09 23:00:09.924   Installing the file.
2026-10-09 23:00:09.924   Successfully installed the file.
2026-10-09 23:00:09.924   -- File entry --
2026-10-09 23:00:09.924   Dest filename: D:\a\_temp\agym-c64-38001250527-5872-u8q4q801\client\Admin\_internal\tzdata\zoneinfo\Europe\Istanbul
2026-10-09 23:00:09.924   Time stamp of our file: 2026-10-09 22:57:36.000
2026-10-09 23:00:09.924   Dest file exists.
2026-10-09 23:00:09.924   Time stamp of existing file: 2026-10-09 22:57:36.000
2026-10-09 23:00:09.924   Installing the file.
2026-10-09 23:00:09.924   Successfully installed the file.
2026-10-09 23:00:09.924   -- File entry --
2026-10-09 23:00:09.924   Dest filename: D:\a\_temp\agym-c64-38001250527-5872-u8q4q801\client\Admin\_internal\tzdata\zoneinfo\Europe\Jersey
2026-10-09 23:00:09.924   Time stamp of our file: 2026-10-09 22:57:36.000
2026-10-09 23:00:09.924   Dest file exists.
2026-10-09 23:00:09.924   Time stamp of existing file: 2026-10-09 22:57:36.000
2026-10-09 23:00:09.924   Installing the file.
2026-10-09 23:00:09.924   Successfully installed the file.
2026-10-09 23:00:09.924   -- File entry --
2026-10-09 23:00:09.924   Dest filename: D:\a\_temp\agym-c64-38001250527-5872-u8q4q801\client\Admin\_internal\tzdata\zoneinfo\Europe\Kaliningrad
2026-10-09 23:00:09.924   Time stamp of our file: 2026-10-09 22:57:36.000
2026-10-09 23:00:09.924   Dest file exists.
2026-10-09 23:00:09.924   Time stamp of existing file: 2026-10-09 22:57:36.000
2026-10-09 23:00:09.924   Installing the file.
2026-10-09 23:00:09.924   Successfully installed the file.
2026-10-09 23:00:09.924   -- File entry --
2026-10-09 23:00:09.924   Dest filename: D:\a\_temp\agym-c64-38001250527-5872-u8q4q801\client\Admin\_internal\tzdata\zoneinfo\Europe\Kiev
2026-10-09 23:00:09.924   Time stamp of our file: 2026-10-09 22:57:36.000
2026-10-09 23:00:09.924   Dest file exists.
2026-10-09 23:00:09.924   Time stamp of existing file: 2026-10-09 22:57:36.000
2026-10-09 23:00:09.924   Installing the file.
2026-10-09 23:00:09.924   Successfully installed the file.
2026-10-09 23:00:09.924   -- File entry --
2026-10-09 23:00:09.924   Dest filename: D:\a\_temp\agym-c64-38001250527-5872-u8q4q801\client\Admin\_internal\tzdata\zoneinfo\Europe\Kirov
2026-10-09 23:00:09.924   Time stamp of our file: 2026-10-09 22:57:36.000
2026-10-09 23:00:09.924   Dest file exists.
2026-10-09 23:00:09.924   Time stamp of existing file: 2026-10-09 22:57:36.000
2026-10-09 23:00:09.924   Installing the file.
2026-10-09 23:00:09.924   Successfully installed the file.
2026-10-09 23:00:09.924   -- File entry --
2026-10-09 23:00:09.924   Dest filename: D:\a\_temp\agym-c64-38001250527-5872-u8q4q801\client\Admin\_internal\tzdata\zoneinfo\Europe\Kyiv
2026-10-09 23:00:09.924   Time stamp of our file: 2026-10-09 22:57:36.000
2026-10-09 23:00:09.924   Dest file exists.
2026-10-09 23:00:09.924   Time stamp of existing file: 2026-10-09 22:57:36.000
2026-10-09 23:00:09.924   Installing the file.
2026-10-09 23:00:09.924   Successfully installed the file.
2026-10-09 23:00:09.924   -- File entry --
2026-10-09 23:00:09.924   Dest filename: D:\a\_temp\agym-c64-38001250527-5872-u8q4q801\client\Admin\_internal\tzdata\zoneinfo\Europe\Lisbon
2026-10-09 23:00:09.924   Time stamp of our file: 2026-10-09 22:57:36.000
2026-10-09 23:00:09.924   Dest file exists.
2026-10-09 23:00:09.924   Time stamp of existing file: 2026-10-09 22:57:36.000
2026-10-09 23:00:09.924   Installing the file.
2026-10-09 23:00:09.924   Successfully installed the file.
2026-10-09 23:00:09.924   -- File entry --
2026-10-09 23:00:09.924   Dest filename: D:\a\_temp\agym-c64-38001250527-5872-u8q4q801\client\Admin\_internal\tzdata\zoneinfo\Europe\Ljubljana
2026-10-09 23:00:09.924   Time stamp of our file: 2026-10-09 22:57:36.000
2026-10-09 23:00:09.924   Dest file exists.
2026-10-09 23:00:09.924   Time stamp of existing file: 2026-10-09 22:57:36.000
2026-10-09 23:00:09.924   Installing the file.
2026-10-09 23:00:09.924   Successfully installed the file.
2026-10-09 23:00:09.924   -- File entry --
2026-10-09 23:00:09.924   Dest filename: D:\a\_temp\agym-c64-38001250527-5872-u8q4q801\client\Admin\_internal\tzdata\zoneinfo\Europe\London
2026-10-09 23:00:09.924   Time stamp of our file: 2026-10-09 22:57:36.000
2026-10-09 23:00:09.924   Dest file exists.
2026-10-09 23:00:09.924   Time stamp of existing file: 2026-10-09 22:57:36.000
2026-10-09 23:00:09.924   Installing the file.
2026-10-09 23:00:09.924   Successfully installed the file.
2026-10-09 23:00:09.924   -- File entry --
2026-10-09 23:00:09.924   Dest filename: D:\a\_temp\agym-c64-38001250527-5872-u8q4q801\client\Admin\_internal\tzdata\zoneinfo\Europe\Luxembourg
2026-10-09 23:00:09.924   Time stamp of our file: 2026-10-09 22:57:36.000
2026-10-09 23:00:09.924   Dest file exists.
2026-10-09 23:00:09.924   Time stamp of existing file: 2026-10-09 22:57:36.000
2026-10-09 23:00:09.924   Installing the file.
2026-10-09 23:00:09.924   Successfully installed the file.
2026-10-09 23:00:09.924   -- File entry --
2026-10-09 23:00:09.924   Dest filename: D:\a\_temp\agym-c64-38001250527-5872-u8q4q801\client\Admin\_internal\tzdata\zoneinfo\Europe\Madrid
2026-10-09 23:00:09.924   Time stamp of our file: 2026-10-09 22:57:36.000
2026-10-09 23:00:09.924   Dest file exists.
2026-10-09 23:00:09.924   Time stamp of existing file: 2026-10-09 22:57:36.000
2026-10-09 23:00:09.924   Installing the file.
2026-10-09 23:00:09.924   Successfully installed the file.
2026-10-09 23:00:09.924   -- File entry --
2026-10-09 23:00:09.924   Dest filename: D:\a\_temp\agym-c64-38001250527-5872-u8q4q801\client\Admin\_internal\tzdata\zoneinfo\Europe\Malta
2026-10-09 23:00:09.924   Time stamp of our file: 2026-10-09 22:57:36.000
2026-10-09 23:00:09.924   Dest file exists.
2026-10-09 23:00:09.924   Time stamp of existing file: 2026-10-09 22:57:36.000
2026-10-09 23:00:09.924   Installing the file.
2026-10-09 23:00:09.924   Successfully installed the file.
2026-10-09 23:00:09.924   -- File entry --
2026-10-09 23:00:09.924   Dest filename: D:\a\_temp\agym-c64-38001250527-5872-u8q4q801\client\Admin\_internal\tzdata\zoneinfo\Europe\Mariehamn
2026-10-09 23:00:09.924   Time stamp of our file: 2026-10-09 22:57:36.000
2026-10-09 23:00:09.924   Dest file exists.
2026-10-09 23:00:09.924   Time stamp of existing file: 2026-10-09 22:57:36.000
2026-10-09 23:00:09.924   Installing the file.
2026-10-09 23:00:09.924   Successfully installed the file.
2026-10-09 23:00:09.924   -- File entry --
2026-10-09 23:00:09.924   Dest filename: D:\a\_temp\agym-c64-38001250527-5872-u8q4q801\client\Admin\_internal\tzdata\zoneinfo\Europe\Minsk
2026-10-09 23:00:09.924   Time stamp of our file: 2026-10-09 22:57:36.000
2026-10-09 23:00:09.924   Dest file exists.
2026-10-09 23:00:09.924   Time stamp of existing file: 2026-10-09 22:57:36.000
2026-10-09 23:00:09.924   Installing the file.
2026-10-09 23:00:09.924   Successfully installed the file.
2026-10-09 23:00:09.924   -- File entry --
2026-10-09 23:00:09.924   Dest filename: D:\a\_temp\agym-c64-38001250527-5872-u8q4q801\client\Admin\_internal\tzdata\zoneinfo\Europe\Monaco
2026-10-09 23:00:09.924   Time stamp of our file: 2026-10-09 22:57:36.000
2026-10-09 23:00:09.924   Dest file exists.
2026-10-09 23:00:09.924   Time stamp of existing file: 2026-10-09 22:57:36.000
2026-10-09 23:00:09.924   Installing the file.
2026-10-09 23:00:09.924   Successfully installed the file.
2026-10-09 23:00:09.924   -- File entry --
2026-10-09 23:00:09.924   Dest filename: D:\a\_temp\agym-c64-38001250527-5872-u8q4q801\client\Admin\_internal\tzdata\zoneinfo\Europe\Moscow
2026-10-09 23:00:09.924   Time stamp of our file: 2026-10-09 22:57:36.000
2026-10-09 23:00:09.924   Dest file exists.
2026-10-09 23:00:09.924   Time stamp of existing file: 2026-10-09 22:57:36.000
2026-10-09 23:00:09.924   Installing the file.
2026-10-09 23:00:09.924   Successfully installed the file.
2026-10-09 23:00:09.924   -- File entry --
2026-10-09 23:00:09.924   Dest filename: D:\a\_temp\agym-c64-38001250527-5872-u8q4q801\client\Admin\_internal\tzdata\zoneinfo\Europe\Nicosia
2026-10-09 23:00:09.924   Time stamp of our file: 2026-10-09 22:57:36.000
2026-10-09 23:00:09.924   Dest file exists.
2026-10-09 23:00:09.924   Time stamp of existing file: 2026-10-09 22:57:36.000
2026-10-09 23:00:09.924   Installing the file.
2026-10-09 23:00:09.924   Successfully installed the file.
2026-10-09 23:00:09.924   -- File entry --
2026-10-09 23:00:09.924   Dest filename: D:\a\_temp\agym-c64-38001250527-5872-u8q4q801\client\Admin\_internal\tzdata\zoneinfo\Europe\Oslo
2026-10-09 23:00:09.924   Time stamp of our file: 2026-10-09 22:57:36.000
2026-10-09 23:00:09.924   Dest file exists.
2026-10-09 23:00:09.924   Time stamp of existing file: 2026-10-09 22:57:36.000
2026-10-09 23:00:09.924   Installing the file.
2026-10-09 23:00:09.924   Successfully installed the file.
2026-10-09 23:00:09.924   -- File entry --
2026-10-09 23:00:09.924   Dest filename: D:\a\_temp\agym-c64-38001250527-5872-u8q4q801\client\Admin\_internal\tzdata\zoneinfo\Europe\Paris
2026-10-09 23:00:09.924   Time stamp of our file: 2026-10-09 22:57:36.000
2026-10-09 23:00:09.924   Dest file exists.
2026-10-09 23:00:09.924   Time stamp of existing file: 2026-10-09 22:57:36.000
2026-10-09 23:00:09.924   Installing the file.
2026-10-09 23:00:09.924   Successfully installed the file.
2026-10-09 23:00:09.924   -- File entry --
2026-10-09 23:00:09.924   Dest filename: D:\a\_temp\agym-c64-38001250527-5872-u8q4q801\client\Admin\_internal\tzdata\zoneinfo\Europe\Podgorica
2026-10-09 23:00:09.924   Time stamp of our file: 2026-10-09 22:57:36.000
2026-10-09 23:00:09.924   Dest file exists.
2026-10-09 23:00:09.924   Time stamp of existing file: 2026-10-09 22:57:36.000
2026-10-09 23:00:09.924   Installing the file.
2026-10-09 23:00:09.924   Successfully installed the file.
2026-10-09 23:00:09.924   -- File entry --
2026-10-09 23:00:09.924   Dest filename: D:\a\_temp\agym-c64-38001250527-5872-u8q4q801\client\Admin\_internal\tzdata\zoneinfo\Europe\Prague
2026-10-09 23:00:09.924   Time stamp of our file: 2026-10-09 22:57:36.000
2026-10-09 23:00:09.924   Dest file exists.
2026-10-09 23:00:09.924   Time stamp of existing file: 2026-10-09 22:57:36.000
2026-10-09 23:00:09.924   Installing the file.
2026-10-09 23:00:09.924   Successfully installed the file.
2026-10-09 23:00:09.924   -- File entry --
2026-10-09 23:00:09.924   Dest filename: D:\a\_temp\agym-c64-38001250527-5872-u8q4q801\client\Admin\_internal\tzdata\zoneinfo\Europe\Riga
2026-10-09 23:00:09.924   Time stamp of our file: 2026-10-09 22:57:36.000
2026-10-09 23:00:09.924   Dest file exists.
2026-10-09 23:00:09.924   Time stamp of existing file: 2026-10-09 22:57:36.000
2026-10-09 23:00:09.924   Installing the file.
2026-10-09 23:00:09.924   Successfully installed the file.
2026-10-09 23:00:09.924   -- File entry --
2026-10-09 23:00:09.924   Dest filename: D:\a\_temp\agym-c64-38001250527-5872-u8q4q801\client\Admin\_internal\tzdata\zoneinfo\Europe\Rome
2026-10-09 23:00:09.924   Time stamp of our file: 2026-10-09 22:57:36.000
2026-10-09 23:00:09.924   Dest file exists.
2026-10-09 23:00:09.924   Time stamp of existing file: 2026-10-09 22:57:36.000
2026-10-09 23:00:09.924   Installing the file.
2026-10-09 23:00:09.924   Successfully installed the file.
2026-10-09 23:00:09.924   -- File entry --
2026-10-09 23:00:09.924   Dest filename: D:\a\_temp\agym-c64-38001250527-5872-u8q4q801\client\Admin\_internal\tzdata\zoneinfo\Europe\Samara
2026-10-09 23:00:09.924   Time stamp of our file: 2026-10-09 22:57:36.000
2026-10-09 23:00:09.924   Dest file exists.
2026-10-09 23:00:09.939   Time stamp of existing file: 2026-10-09 22:57:36.000
2026-10-09 23:00:09.939   Installing the file.
2026-10-09 23:00:09.939   Successfully installed the file.
2026-10-09 23:00:09.939   -- File entry --
2026-10-09 23:00:09.939   Dest filename: D:\a\_temp\agym-c64-38001250527-5872-u8q4q801\client\Admin\_internal\tzdata\zoneinfo\Europe\San_Marino
2026-10-09 23:00:09.939   Time stamp of our file: 2026-10-09 22:57:36.000
2026-10-09 23:00:09.939   Dest file exists.
2026-10-09 23:00:09.939   Time stamp of existing file: 2026-10-09 22:57:36.000
2026-10-09 23:00:09.939   Installing the file.
2026-10-09 23:00:09.939   Successfully installed the file.
2026-10-09 23:00:09.939   -- File entry --
2026-10-09 23:00:09.939   Dest filename: D:\a\_temp\agym-c64-38001250527-5872-u8q4q801\client\Admin\_internal\tzdata\zoneinfo\Europe\Sarajevo
2026-10-09 23:00:09.939   Time stamp of our file: 2026-10-09 22:57:36.000
2026-10-09 23:00:09.939   Dest file exists.
2026-10-09 23:00:09.939   Time stamp of existing file: 2026-10-09 22:57:36.000
2026-10-09 23:00:09.939   Installing the file.
2026-10-09 23:00:09.939   Successfully installed the file.
2026-10-09 23:00:09.939   -- File entry --
2026-10-09 23:00:09.939   Dest filename: D:\a\_temp\agym-c64-38001250527-5872-u8q4q801\client\Admin\_internal\tzdata\zoneinfo\Europe\Saratov
2026-10-09 23:00:09.939   Time stamp of our file: 2026-10-09 22:57:36.000
2026-10-09 23:00:09.939   Dest file exists.
2026-10-09 23:00:09.939   Time stamp of existing file: 2026-10-09 22:57:36.000
2026-10-09 23:00:09.939   Installing the file.
2026-10-09 23:00:09.939   Successfully installed the file.
2026-10-09 23:00:09.939   -- File entry --
2026-10-09 23:00:09.939   Dest filename: D:\a\_temp\agym-c64-38001250527-5872-u8q4q801\client\Admin\_internal\tzdata\zoneinfo\Europe\Simferopol
2026-10-09 23:00:09.939   Time stamp of our file: 2026-10-09 22:57:36.000
2026-10-09 23:00:09.939   Dest file exists.
2026-10-09 23:00:09.939   Time stamp of existing file: 2026-10-09 22:57:36.000
2026-10-09 23:00:09.939   Installing the file.
2026-10-09 23:00:09.939   Successfully installed the file.
2026-10-09 23:00:09.939   -- File entry --
2026-10-09 23:00:09.939   Dest filename: D:\a\_temp\agym-c64-38001250527-5872-u8q4q801\client\Admin\_internal\tzdata\zoneinfo\Europe\Skopje
2026-10-09 23:00:09.939   Time stamp of our file: 2026-10-09 22:57:36.000
2026-10-09 23:00:09.939   Dest file exists.
2026-10-09 23:00:09.939   Time stamp of existing file: 2026-10-09 22:57:36.000
2026-10-09 23:00:09.939   Installing the file.
2026-10-09 23:00:09.939   Successfully installed the file.
2026-10-09 23:00:09.939   -- File entry --
2026-10-09 23:00:09.939   Dest filename: D:\a\_temp\agym-c64-38001250527-5872-u8q4q801\client\Admin\_internal\tzdata\zoneinfo\Europe\Sofia
2026-10-09 23:00:09.939   Time stamp of our file: 2026-10-09 22:57:36.000
2026-10-09 23:00:09.939   Dest file exists.
2026-10-09 23:00:09.939   Time stamp of existing file: 2026-10-09 22:57:36.000
2026-10-09 23:00:09.939   Installing the file.
2026-10-09 23:00:09.939   Successfully installed the file.
2026-10-09 23:00:09.939   -- File entry --
2026-10-09 23:00:09.939   Dest filename: D:\a\_temp\agym-c64-38001250527-5872-u8q4q801\client\Admin\_internal\tzdata\zoneinfo\Europe\Stockholm
2026-10-09 23:00:09.939   Time stamp of our file: 2026-10-09 22:57:36.000
2026-10-09 23:00:09.939   Dest file exists.
2026-10-09 23:00:09.939   Time stamp of existing file: 2026-10-09 22:57:36.000
2026-10-09 23:00:09.939   Installing the file.
2026-10-09 23:00:09.939   Successfully installed the file.
2026-10-09 23:00:09.939   -- File entry --
2026-10-09 23:00:09.939   Dest filename: D:\a\_temp\agym-c64-38001250527-5872-u8q4q801\client\Admin\_internal\tzdata\zoneinfo\Europe\Tallinn
2026-10-09 23:00:09.939   Time stamp of our file: 2026-10-09 22:57:36.000
2026-10-09 23:00:09.939   Dest file exists.
2026-10-09 23:00:09.939   Time stamp of existing file: 2026-10-09 22:57:36.000
2026-10-09 23:00:09.939   Installing the file.
2026-10-09 23:00:09.939   Successfully installed the file.
2026-10-09 23:00:09.939   -- File entry --
2026-10-09 23:00:09.939   Dest filename: D:\a\_temp\agym-c64-38001250527-5872-u8q4q801\client\Admin\_internal\tzdata\zoneinfo\Europe\Tirane
2026-10-09 23:00:09.939   Time stamp of our file: 2026-10-09 22:57:36.000
2026-10-09 23:00:09.939   Dest file exists.
2026-10-09 23:00:09.939   Time stamp of existing file: 2026-10-09 22:57:36.000
2026-10-09 23:00:09.939   Installing the file.
2026-10-09 23:00:09.939   Successfully installed the file.
2026-10-09 23:00:09.939   -- File entry --
2026-10-09 23:00:09.939   Dest filename: D:\a\_temp\agym-c64-38001250527-5872-u8q4q801\client\Admin\_internal\tzdata\zoneinfo\Europe\Tiraspol
2026-10-09 23:00:09.939   Time stamp of our file: 2026-10-09 22:57:36.000
2026-10-09 23:00:09.939   Dest file exists.
2026-10-09 23:00:09.939   Time stamp of existing file: 2026-10-09 22:57:36.000
2026-10-09 23:00:09.939   Installing the file.
2026-10-09 23:00:09.939   Successfully installed the file.
2026-10-09 23:00:09.939   -- File entry --
2026-10-09 23:00:09.939   Dest filename: D:\a\_temp\agym-c64-38001250527-5872-u8q4q801\client\Admin\_internal\tzdata\zoneinfo\Europe\Ulyanovsk
2026-10-09 23:00:09.939   Time stamp of our file: 2026-10-09 22:57:36.000
2026-10-09 23:00:09.939   Dest file exists.
2026-10-09 23:00:09.939   Time stamp of existing file: 2026-10-09 22:57:36.000
2026-10-09 23:00:09.939   Installing the file.
2026-10-09 23:00:09.939   Successfully installed the file.
2026-10-09 23:00:09.939   -- File entry --
2026-10-09 23:00:09.939   Dest filename: D:\a\_temp\agym-c64-38001250527-5872-u8q4q801\client\Admin\_internal\tzdata\zoneinfo\Europe\Uzhgorod
2026-10-09 23:00:09.939   Time stamp of our file: 2026-10-09 22:57:36.000
2026-10-09 23:00:09.939   Dest file exists.
2026-10-09 23:00:09.939   Time stamp of existing file: 2026-10-09 22:57:36.000
2026-10-09 23:00:09.939   Installing the file.
2026-10-09 23:00:09.939   Successfully installed the file.
2026-10-09 23:00:09.939   -- File entry --
2026-10-09 23:00:09.939   Dest filename: D:\a\_temp\agym-c64-38001250527-5872-u8q4q801\client\Admin\_internal\tzdata\zoneinfo\Europe\Vaduz
2026-10-09 23:00:09.939   Time stamp of our file: 2026-10-09 22:57:36.000
2026-10-09 23:00:09.939   Dest file exists.
2026-10-09 23:00:09.939   Time stamp of existing file: 2026-10-09 22:57:36.000
2026-10-09 23:00:09.939   Installing the file.
2026-10-09 23:00:09.939   Successfully installed the file.
2026-10-09 23:00:09.939   -- File entry --
2026-10-09 23:00:09.939   Dest filename: D:\a\_temp\agym-c64-38001250527-5872-u8q4q801\client\Admin\_internal\tzdata\zoneinfo\Europe\Vatican
2026-10-09 23:00:09.939   Time stamp of our file: 2026-10-09 22:57:36.000
2026-10-09 23:00:09.939   Dest file exists.
2026-10-09 23:00:09.939   Time stamp of existing file: 2026-10-09 22:57:36.000
2026-10-09 23:00:09.939   Installing the file.
2026-10-09 23:00:09.939   Successfully installed the file.
2026-10-09 23:00:09.939   -- File entry --
2026-10-09 23:00:09.939   Dest filename: D:\a\_temp\agym-c64-38001250527-5872-u8q4q801\client\Admin\_internal\tzdata\zoneinfo\Europe\Vienna
2026-10-09 23:00:09.939   Time stamp of our file: 2026-10-09 22:57:36.000
2026-10-09 23:00:09.939   Dest file exists.
2026-10-09 23:00:09.939   Time stamp of existing file: 2026-10-09 22:57:36.000
2026-10-09 23:00:09.939   Installing the file.
2026-10-09 23:00:09.939   Successfully installed the file.
2026-10-09 23:00:09.939   -- File entry --
2026-10-09 23:00:09.939   Dest filename: D:\a\_temp\agym-c64-38001250527-5872-u8q4q801\client\Admin\_internal\tzdata\zoneinfo\Europe\Vilnius
2026-10-09 23:00:09.939   Time stamp of our file: 2026-10-09 22:57:36.000
2026-10-09 23:00:09.939   Dest file exists.
2026-10-09 23:00:09.939   Time stamp of existing file: 2026-10-09 22:57:36.000
2026-10-09 23:00:09.939   Installing the file.
2026-10-09 23:00:09.939   Successfully installed the file.
2026-10-09 23:00:09.939   -- File entry --
2026-10-09 23:00:09.939   Dest filename: D:\a\_temp\agym-c64-38001250527-5872-u8q4q801\client\Admin\_internal\tzdata\zoneinfo\Europe\Volgograd
2026-10-09 23:00:09.939   Time stamp of our file: 2026-10-09 22:57:36.000
2026-10-09 23:00:09.939   Dest file exists.
2026-10-09 23:00:09.939   Time stamp of existing file: 2026-10-09 22:57:36.000
2026-10-09 23:00:09.939   Installing the file.
2026-10-09 23:00:09.939   Successfully installed the file.
2026-10-09 23:00:09.939   -- File entry --
2026-10-09 23:00:09.939   Dest filename: D:\a\_temp\agym-c64-38001250527-5872-u8q4q801\client\Admin\_internal\tzdata\zoneinfo\Europe\Warsaw
2026-10-09 23:00:09.939   Time stamp of our file: 2026-10-09 22:57:36.000
2026-10-09 23:00:09.939   Dest file exists.
2026-10-09 23:00:09.939   Time stamp of existing file: 2026-10-09 22:57:36.000
2026-10-09 23:00:09.939   Installing the file.
2026-10-09 23:00:09.939   Successfully installed the file.
2026-10-09 23:00:09.939   -- File entry --
2026-10-09 23:00:09.939   Dest filename: D:\a\_temp\agym-c64-38001250527-5872-u8q4q801\client\Admin\_internal\tzdata\zoneinfo\Europe\Zagreb
2026-10-09 23:00:09.939   Time stamp of our file: 2026-10-09 22:57:36.000
2026-10-09 23:00:09.939   Dest file exists.
2026-10-09 23:00:09.939   Time stamp of existing file: 2026-10-09 22:57:36.000
2026-10-09 23:00:09.939   Installing the file.
2026-10-09 23:00:09.939   Successfully installed the file.
2026-10-09 23:00:09.939   -- File entry --
2026-10-09 23:00:09.939   Dest filename: D:\a\_temp\agym-c64-38001250527-5872-u8q4q801\client\Admin\_internal\tzdata\zoneinfo\Europe\Zaporozhye
2026-10-09 23:00:09.939   Time stamp of our file: 2026-10-09 22:57:36.000
2026-10-09 23:00:09.939   Dest file exists.
2026-10-09 23:00:09.939   Time stamp of existing file: 2026-10-09 22:57:36.000
2026-10-09 23:00:09.939   Installing the file.
2026-10-09 23:00:09.939   Successfully installed the file.
2026-10-09 23:00:09.939   -- File entry --
2026-10-09 23:00:09.939   Dest filename: D:\a\_temp\agym-c64-38001250527-5872-u8q4q801\client\Admin\_internal\tzdata\zoneinfo\Europe\Zurich
2026-10-09 23:00:09.939   Time stamp of our file: 2026-10-09 22:57:36.000
2026-10-09 23:00:09.939   Dest file exists.
2026-10-09 23:00:09.939   Time stamp of existing file: 2026-10-09 22:57:36.000
2026-10-09 23:00:09.939   Installing the file.
2026-10-09 23:00:09.939   Successfully installed the file.
2026-10-09 23:00:09.939   -- File entry --
2026-10-09 23:00:09.939   Dest filename: D:\a\_temp\agym-c64-38001250527-5872-u8q4q801\client\Admin\_internal\tzdata\zoneinfo\Europe\__init__.py
2026-10-09 23:00:09.939   Time stamp of our file: 2026-10-09 22:57:36.000
2026-10-09 23:00:09.939   Dest file exists.
2026-10-09 23:00:09.939   Time stamp of existing file: 2026-10-09 22:57:36.000
2026-10-09 23:00:09.939   Installing the file.
2026-10-09 23:00:09.939   Successfully installed the file.
2026-10-09 23:00:09.939   -- File entry --
2026-10-09 23:00:09.939   Dest filename: D:\a\_temp\agym-c64-38001250527-5872-u8q4q801\client\Admin\_internal\tzdata\zoneinfo\Indian\Antananarivo
2026-10-09 23:00:09.939   Time stamp of our file: 2026-10-09 22:57:36.000
2026-10-09 23:00:09.939   Dest file exists.
2026-10-09 23:00:09.939   Time stamp of existing file: 2026-10-09 22:57:36.000
2026-10-09 23:00:09.939   Installing the file.
2026-10-09 23:00:09.939   Successfully installed the file.
2026-10-09 23:00:09.939   -- File entry --
2026-10-09 23:00:09.939   Dest filename: D:\a\_temp\agym-c64-38001250527-5872-u8q4q801\client\Admin\_internal\tzdata\zoneinfo\Indian\Chagos
2026-10-09 23:00:09.939   Time stamp of our file: 2026-10-09 22:57:36.000
2026-10-09 23:00:09.939   Dest file exists.
2026-10-09 23:00:09.939   Time stamp of existing file: 2026-10-09 22:57:36.000
2026-10-09 23:00:09.939   Installing the file.
2026-10-09 23:00:09.939   Successfully installed the file.
2026-10-09 23:00:09.939   -- File entry --
2026-10-09 23:00:09.939   Dest filename: D:\a\_temp\agym-c64-38001250527-5872-u8q4q801\client\Admin\_internal\tzdata\zoneinfo\Indian\Christmas
2026-10-09 23:00:09.939   Time stamp of our file: 2026-10-09 22:57:36.000
2026-10-09 23:00:09.939   Dest file exists.
2026-10-09 23:00:09.939   Time stamp of existing file: 2026-10-09 22:57:36.000
2026-10-09 23:00:09.939   Installing the file.
2026-10-09 23:00:09.939   Successfully installed the file.
2026-10-09 23:00:09.939   -- File entry --
2026-10-09 23:00:09.939   Dest filename: D:\a\_temp\agym-c64-38001250527-5872-u8q4q801\client\Admin\_internal\tzdata\zoneinfo\Indian\Cocos
2026-10-09 23:00:09.939   Time stamp of our file: 2026-10-09 22:57:36.000
2026-10-09 23:00:09.939   Dest file exists.
2026-10-09 23:00:09.939   Time stamp of existing file: 2026-10-09 22:57:36.000
2026-10-09 23:00:09.939   Installing the file.
2026-10-09 23:00:09.939   Successfully installed the file.
2026-10-09 23:00:09.939   -- File entry --
2026-10-09 23:00:09.939   Dest filename: D:\a\_temp\agym-c64-38001250527-5872-u8q4q801\client\Admin\_internal\tzdata\zoneinfo\Indian\Comoro
2026-10-09 23:00:09.939   Time stamp of our file: 2026-10-09 22:57:36.000
2026-10-09 23:00:09.939   Dest file exists.
2026-10-09 23:00:09.939   Time stamp of existing file: 2026-10-09 22:57:36.000
2026-10-09 23:00:09.939   Installing the file.
2026-10-09 23:00:09.939   Successfully installed the file.
2026-10-09 23:00:09.939   -- File entry --
2026-10-09 23:00:09.939   Dest filename: D:\a\_temp\agym-c64-38001250527-5872-u8q4q801\client\Admin\_internal\tzdata\zoneinfo\Indian\Kerguelen
2026-10-09 23:00:09.939   Time stamp of our file: 2026-10-09 22:57:36.000
2026-10-09 23:00:09.939   Dest file exists.
2026-10-09 23:00:09.939   Time stamp of existing file: 2026-10-09 22:57:36.000
2026-10-09 23:00:09.939   Installing the file.
2026-10-09 23:00:09.939   Successfully installed the file.
2026-10-09 23:00:09.939   -- File entry --
2026-10-09 23:00:09.939   Dest filename: D:\a\_temp\agym-c64-38001250527-5872-u8q4q801\client\Admin\_internal\tzdata\zoneinfo\Indian\Mahe
2026-10-09 23:00:09.939   Time stamp of our file: 2026-10-09 22:57:36.000
2026-10-09 23:00:09.939   Dest file exists.
2026-10-09 23:00:09.939   Time stamp of existing file: 2026-10-09 22:57:36.000
2026-10-09 23:00:09.939   Installing the file.
2026-10-09 23:00:09.939   Successfully installed the file.
2026-10-09 23:00:09.939   -- File entry --
2026-10-09 23:00:09.939   Dest filename: D:\a\_temp\agym-c64-38001250527-5872-u8q4q801\client\Admin\_internal\tzdata\zoneinfo\Indian\Maldives
2026-10-09 23:00:09.955   Time stamp of our file: 2026-10-09 22:57:36.000
2026-10-09 23:00:09.955   Dest file exists.
2026-10-09 23:00:09.955   Time stamp of existing file: 2026-10-09 22:57:36.000
2026-10-09 23:00:09.955   Installing the file.
2026-10-09 23:00:09.955   Successfully installed the file.
2026-10-09 23:00:09.955   -- File entry --
2026-10-09 23:00:09.955   Dest filename: D:\a\_temp\agym-c64-38001250527-5872-u8q4q801\client\Admin\_internal\tzdata\zoneinfo\Indian\Mauritius
2026-10-09 23:00:09.955   Time stamp of our file: 2026-10-09 22:57:36.000
2026-10-09 23:00:09.955   Dest file exists.
2026-10-09 23:00:09.955   Time stamp of existing file: 2026-10-09 22:57:36.000
2026-10-09 23:00:09.955   Installing the file.
2026-10-09 23:00:09.955   Successfully installed the file.
2026-10-09 23:00:09.955   -- File entry --
2026-10-09 23:00:09.955   Dest filename: D:\a\_temp\agym-c64-38001250527-5872-u8q4q801\client\Admin\_internal\tzdata\zoneinfo\Indian\Mayotte
2026-10-09 23:00:09.955   Time stamp of our file: 2026-10-09 22:57:36.000
2026-10-09 23:00:09.955   Dest file exists.
2026-10-09 23:00:09.955   Time stamp of existing file: 2026-10-09 22:57:36.000
2026-10-09 23:00:09.955   Installing the file.
2026-10-09 23:00:09.955   Successfully installed the file.
2026-10-09 23:00:09.955   -- File entry --
2026-10-09 23:00:09.955   Dest filename: D:\a\_temp\agym-c64-38001250527-5872-u8q4q801\client\Admin\_internal\tzdata\zoneinfo\Indian\Reunion
2026-10-09 23:00:09.955   Time stamp of our file: 2026-10-09 22:57:36.000
2026-10-09 23:00:09.955   Dest file exists.
2026-10-09 23:00:09.955   Time stamp of existing file: 2026-10-09 22:57:36.000
2026-10-09 23:00:09.955   Installing the file.
2026-10-09 23:00:09.955   Successfully installed the file.
2026-10-09 23:00:09.955   -- File entry --
2026-10-09 23:00:09.955   Dest filename: D:\a\_temp\agym-c64-38001250527-5872-u8q4q801\client\Admin\_internal\tzdata\zoneinfo\Indian\__init__.py
2026-10-09 23:00:09.955   Time stamp of our file: 2026-10-09 22:57:36.000
2026-10-09 23:00:09.955   Dest file exists.
2026-10-09 23:00:09.955   Time stamp of existing file: 2026-10-09 22:57:36.000
2026-10-09 23:00:09.955   Installing the file.
2026-10-09 23:00:09.955   Successfully installed the file.
2026-10-09 23:00:09.955   -- File entry --
2026-10-09 23:00:09.955   Dest filename: D:\a\_temp\agym-c64-38001250527-5872-u8q4q801\client\Admin\_internal\tzdata\zoneinfo\Mexico\BajaNorte
2026-10-09 23:00:09.955   Time stamp of our file: 2026-10-09 22:57:36.000
2026-10-09 23:00:09.955   Dest file exists.
2026-10-09 23:00:09.955   Time stamp of existing file: 2026-10-09 22:57:36.000
2026-10-09 23:00:09.955   Installing the file.
2026-10-09 23:00:09.955   Successfully installed the file.
2026-10-09 23:00:09.955   -- File entry --
2026-10-09 23:00:09.955   Dest filename: D:\a\_temp\agym-c64-38001250527-5872-u8q4q801\client\Admin\_internal\tzdata\zoneinfo\Mexico\BajaSur
2026-10-09 23:00:09.955   Time stamp of our file: 2026-10-09 22:57:36.000
2026-10-09 23:00:09.955   Dest file exists.
2026-10-09 23:00:09.955   Time stamp of existing file: 2026-10-09 22:57:36.000
2026-10-09 23:00:09.955   Installing the file.
2026-10-09 23:00:09.955   Successfully installed the file.
2026-10-09 23:00:09.955   -- File entry --
2026-10-09 23:00:09.955   Dest filename: D:\a\_temp\agym-c64-38001250527-5872-u8q4q801\client\Admin\_internal\tzdata\zoneinfo\Mexico\General
2026-10-09 23:00:09.955   Time stamp of our file: 2026-10-09 22:57:36.000
2026-10-09 23:00:09.955   Dest file exists.
2026-10-09 23:00:09.955   Time stamp of existing file: 2026-10-09 22:57:36.000
2026-10-09 23:00:09.955   Installing the file.
2026-10-09 23:00:09.955   Successfully installed the file.
2026-10-09 23:00:09.955   -- File entry --
2026-10-09 23:00:09.955   Dest filename: D:\a\_temp\agym-c64-38001250527-5872-u8q4q801\client\Admin\_internal\tzdata\zoneinfo\Mexico\__init__.py
2026-10-09 23:00:09.955   Time stamp of our file: 2026-10-09 22:57:36.000
2026-10-09 23:00:09.955   Dest file exists.
2026-10-09 23:00:09.955   Time stamp of existing file: 2026-10-09 22:57:36.000
2026-10-09 23:00:09.955   Installing the file.
2026-10-09 23:00:09.955   Successfully installed the file.
2026-10-09 23:00:09.955   -- File entry --
2026-10-09 23:00:09.955   Dest filename: D:\a\_temp\agym-c64-38001250527-5872-u8q4q801\client\Admin\_internal\tzdata\zoneinfo\Pacific\Apia
2026-10-09 23:00:09.955   Time stamp of our file: 2026-10-09 22:57:36.000
2026-10-09 23:00:09.955   Dest file exists.
2026-10-09 23:00:09.955   Time stamp of existing file: 2026-10-09 22:57:36.000
2026-10-09 23:00:09.955   Installing the file.
2026-10-09 23:00:09.955   Successfully installed the file.
2026-10-09 23:00:09.955   -- File entry --
2026-10-09 23:00:09.955   Dest filename: D:\a\_temp\agym-c64-38001250527-5872-u8q4q801\client\Admin\_internal\tzdata\zoneinfo\Pacific\Auckland
2026-10-09 23:00:09.955   Time stamp of our file: 2026-10-09 22:57:36.000
2026-10-09 23:00:09.955   Dest file exists.
2026-10-09 23:00:09.955   Time stamp of existing file: 2026-10-09 22:57:36.000
2026-10-09 23:00:09.955   Installing the file.
2026-10-09 23:00:09.955   Successfully installed the file.
2026-10-09 23:00:09.955   -- File entry --
2026-10-09 23:00:09.955   Dest filename: D:\a\_temp\agym-c64-38001250527-5872-u8q4q801\client\Admin\_internal\tzdata\zoneinfo\Pacific\Bougainville
2026-10-09 23:00:09.955   Time stamp of our file: 2026-10-09 22:57:36.000
2026-10-09 23:00:09.955   Dest file exists.
2026-10-09 23:00:09.955   Time stamp of existing file: 2026-10-09 22:57:36.000
2026-10-09 23:00:09.955   Installing the file.
2026-10-09 23:00:09.955   Successfully installed the file.
2026-10-09 23:00:09.955   -- File entry --
2026-10-09 23:00:09.955   Dest filename: D:\a\_temp\agym-c64-38001250527-5872-u8q4q801\client\Admin\_internal\tzdata\zoneinfo\Pacific\Chatham
2026-10-09 23:00:09.955   Time stamp of our file: 2026-10-09 22:57:36.000
2026-10-09 23:00:09.955   Dest file exists.
2026-10-09 23:00:09.955   Time stamp of existing file: 2026-10-09 22:57:36.000
2026-10-09 23:00:09.955   Installing the file.
2026-10-09 23:00:09.955   Successfully installed the file.
2026-10-09 23:00:09.955   -- File entry --
2026-10-09 23:00:09.955   Dest filename: D:\a\_temp\agym-c64-38001250527-5872-u8q4q801\client\Admin\_internal\tzdata\zoneinfo\Pacific\Chuuk
2026-10-09 23:00:09.955   Time stamp of our file: 2026-10-09 22:57:36.000
2026-10-09 23:00:09.955   Dest file exists.
2026-10-09 23:00:09.955   Time stamp of existing file: 2026-10-09 22:57:36.000
2026-10-09 23:00:09.955   Installing the file.
2026-10-09 23:00:09.955   Successfully installed the file.
2026-10-09 23:00:09.955   -- File entry --
2026-10-09 23:00:09.955   Dest filename: D:\a\_temp\agym-c64-38001250527-5872-u8q4q801\client\Admin\_internal\tzdata\zoneinfo\Pacific\Easter
2026-10-09 23:00:09.955   Time stamp of our file: 2026-10-09 22:57:36.000
2026-10-09 23:00:09.955   Dest file exists.
2026-10-09 23:00:09.955   Time stamp of existing file: 2026-10-09 22:57:36.000
2026-10-09 23:00:09.955   Installing the file.
2026-10-09 23:00:09.955   Successfully installed the file.
2026-10-09 23:00:09.955   -- File entry --
2026-10-09 23:00:09.955   Dest filename: D:\a\_temp\agym-c64-38001250527-5872-u8q4q801\client\Admin\_internal\tzdata\zoneinfo\Pacific\Efate
2026-10-09 23:00:09.955   Time stamp of our file: 2026-10-09 22:57:36.000
2026-10-09 23:00:09.955   Dest file exists.
2026-10-09 23:00:09.955   Time stamp of existing file: 2026-10-09 22:57:36.000
2026-10-09 23:00:09.955   Installing the file.
2026-10-09 23:00:09.955   Successfully installed the file.
2026-10-09 23:00:09.955   -- File entry --
2026-10-09 23:00:09.955   Dest filename: D:\a\_temp\agym-c64-38001250527-5872-u8q4q801\client\Admin\_internal\tzdata\zoneinfo\Pacific\Enderbury
2026-10-09 23:00:09.955   Time stamp of our file: 2026-10-09 22:57:36.000
2026-10-09 23:00:09.955   Dest file exists.
2026-10-09 23:00:09.955   Time stamp of existing file: 2026-10-09 22:57:36.000
2026-10-09 23:00:09.955   Installing the file.
2026-10-09 23:00:09.955   Successfully installed the file.
2026-10-09 23:00:09.955   -- File entry --
2026-10-09 23:00:09.955   Dest filename: D:\a\_temp\agym-c64-38001250527-5872-u8q4q801\client\Admin\_internal\tzdata\zoneinfo\Pacific\Fakaofo
2026-10-09 23:00:09.955   Time stamp of our file: 2026-10-09 22:57:36.000
2026-10-09 23:00:09.955   Dest file exists.
2026-10-09 23:00:09.955   Time stamp of existing file: 2026-10-09 22:57:36.000
2026-10-09 23:00:09.955   Installing the file.
2026-10-09 23:00:09.955   Successfully installed the file.
2026-10-09 23:00:09.955   -- File entry --
2026-10-09 23:00:09.955   Dest filename: D:\a\_temp\agym-c64-38001250527-5872-u8q4q801\client\Admin\_internal\tzdata\zoneinfo\Pacific\Fiji
2026-10-09 23:00:09.955   Time stamp of our file: 2026-10-09 22:57:36.000
2026-10-09 23:00:09.955   Dest file exists.
2026-10-09 23:00:09.955   Time stamp of existing file: 2026-10-09 22:57:36.000
2026-10-09 23:00:09.955   Installing the file.
2026-10-09 23:00:09.955   Successfully installed the file.
2026-10-09 23:00:09.955   -- File entry --
2026-10-09 23:00:09.955   Dest filename: D:\a\_temp\agym-c64-38001250527-5872-u8q4q801\client\Admin\_internal\tzdata\zoneinfo\Pacific\Funafuti
2026-10-09 23:00:09.955   Time stamp of our file: 2026-10-09 22:57:36.000
2026-10-09 23:00:09.955   Dest file exists.
2026-10-09 23:00:09.955   Time stamp of existing file: 2026-10-09 22:57:36.000
2026-10-09 23:00:09.955   Installing the file.
2026-10-09 23:00:09.955   Successfully installed the file.
2026-10-09 23:00:09.955   -- File entry --
2026-10-09 23:00:09.955   Dest filename: D:\a\_temp\agym-c64-38001250527-5872-u8q4q801\client\Admin\_internal\tzdata\zoneinfo\Pacific\Galapagos
2026-10-09 23:00:09.955   Time stamp of our file: 2026-10-09 22:57:36.000
2026-10-09 23:00:09.955   Dest file exists.
2026-10-09 23:00:09.955   Time stamp of existing file: 2026-10-09 22:57:36.000
2026-10-09 23:00:09.955   Installing the file.
2026-10-09 23:00:09.955   Successfully installed the file.
2026-10-09 23:00:09.955   -- File entry --
2026-10-09 23:00:09.955   Dest filename: D:\a\_temp\agym-c64-38001250527-5872-u8q4q801\client\Admin\_internal\tzdata\zoneinfo\Pacific\Gambier
2026-10-09 23:00:09.955   Time stamp of our file: 2026-10-09 22:57:36.000
2026-10-09 23:00:09.955   Dest file exists.
2026-10-09 23:00:09.955   Time stamp of existing file: 2026-10-09 22:57:36.000
2026-10-09 23:00:09.955   Installing the file.
2026-10-09 23:00:09.955   Successfully installed the file.
2026-10-09 23:00:09.955   -- File entry --
2026-10-09 23:00:09.955   Dest filename: D:\a\_temp\agym-c64-38001250527-5872-u8q4q801\client\Admin\_internal\tzdata\zoneinfo\Pacific\Guadalcanal
2026-10-09 23:00:09.955   Time stamp of our file: 2026-10-09 22:57:36.000
2026-10-09 23:00:09.955   Dest file exists.
2026-10-09 23:00:09.955   Time stamp of existing file: 2026-10-09 22:57:36.000
2026-10-09 23:00:09.955   Installing the file.
2026-10-09 23:00:09.955   Successfully installed the file.
2026-10-09 23:00:09.955   -- File entry --
2026-10-09 23:00:09.955   Dest filename: D:\a\_temp\agym-c64-38001250527-5872-u8q4q801\client\Admin\_internal\tzdata\zoneinfo\Pacific\Guam
2026-10-09 23:00:09.955   Time stamp of our file: 2026-10-09 22:57:36.000
2026-10-09 23:00:09.955   Dest file exists.
2026-10-09 23:00:09.955   Time stamp of existing file: 2026-10-09 22:57:36.000
2026-10-09 23:00:09.955   Installing the file.
2026-10-09 23:00:09.955   Successfully installed the file.
2026-10-09 23:00:09.955   -- File entry --
2026-10-09 23:00:09.955   Dest filename: D:\a\_temp\agym-c64-38001250527-5872-u8q4q801\client\Admin\_internal\tzdata\zoneinfo\Pacific\Honolulu
2026-10-09 23:00:09.955   Time stamp of our file: 2026-10-09 22:57:36.000
2026-10-09 23:00:09.955   Dest file exists.
2026-10-09 23:00:09.955   Time stamp of existing file: 2026-10-09 22:57:36.000
2026-10-09 23:00:09.955   Installing the file.
2026-10-09 23:00:09.955   Successfully installed the file.
2026-10-09 23:00:09.955   -- File entry --
2026-10-09 23:00:09.955   Dest filename: D:\a\_temp\agym-c64-38001250527-5872-u8q4q801\client\Admin\_internal\tzdata\zoneinfo\Pacific\Johnston
2026-10-09 23:00:09.955   Time stamp of our file: 2026-10-09 22:57:36.000
2026-10-09 23:00:09.955   Dest file exists.
2026-10-09 23:00:09.955   Time stamp of existing file: 2026-10-09 22:57:36.000
2026-10-09 23:00:09.955   Installing the file.
2026-10-09 23:00:09.955   Successfully installed the file.
2026-10-09 23:00:09.955   -- File entry --
2026-10-09 23:00:09.955   Dest filename: D:\a\_temp\agym-c64-38001250527-5872-u8q4q801\client\Admin\_internal\tzdata\zoneinfo\Pacific\Kanton
2026-10-09 23:00:09.955   Time stamp of our file: 2026-10-09 22:57:36.000
2026-10-09 23:00:09.955   Dest file exists.
2026-10-09 23:00:09.955   Time stamp of existing file: 2026-10-09 22:57:36.000
2026-10-09 23:00:09.955   Installing the file.
2026-10-09 23:00:09.955   Successfully installed the file.
2026-10-09 23:00:09.955   -- File entry --
2026-10-09 23:00:09.955   Dest filename: D:\a\_temp\agym-c64-38001250527-5872-u8q4q801\client\Admin\_internal\tzdata\zoneinfo\Pacific\Kiritimati
2026-10-09 23:00:09.955   Time stamp of our file: 2026-10-09 22:57:36.000
2026-10-09 23:00:09.955   Dest file exists.
2026-10-09 23:00:09.955   Time stamp of existing file: 2026-10-09 22:57:36.000
2026-10-09 23:00:09.955   Installing the file.
2026-10-09 23:00:09.955   Successfully installed the file.
2026-10-09 23:00:09.955   -- File entry --
2026-10-09 23:00:09.955   Dest filename: D:\a\_temp\agym-c64-38001250527-5872-u8q4q801\client\Admin\_internal\tzdata\zoneinfo\Pacific\Kosrae
2026-10-09 23:00:09.955   Time stamp of our file: 2026-10-09 22:57:36.000
2026-10-09 23:00:09.955   Dest file exists.
2026-10-09 23:00:09.955   Time stamp of existing file: 2026-10-09 22:57:36.000
2026-10-09 23:00:09.955   Installing the file.
2026-10-09 23:00:09.955   Successfully installed the file.
2026-10-09 23:00:09.955   -- File entry --
2026-10-09 23:00:09.955   Dest filename: D:\a\_temp\agym-c64-38001250527-5872-u8q4q801\client\Admin\_internal\tzdata\zoneinfo\Pacific\Kwajalein
2026-10-09 23:00:09.955   Time stamp of our file: 2026-10-09 22:57:36.000
2026-10-09 23:00:09.955   Dest file exists.
2026-10-09 23:00:09.955   Time stamp of existing file: 2026-10-09 22:57:36.000
2026-10-09 23:00:09.955   Installing the file.
2026-10-09 23:00:09.955   Successfully installed the file.
2026-10-09 23:00:09.955   -- File entry --
2026-10-09 23:00:09.955   Dest filename: D:\a\_temp\agym-c64-38001250527-5872-u8q4q801\client\Admin\_internal\tzdata\zoneinfo\Pacific\Majuro
2026-10-09 23:00:09.955   Time stamp of our file: 2026-10-09 22:57:36.000
2026-10-09 23:00:09.955   Dest file exists.
2026-10-09 23:00:09.955   Time stamp of existing file: 2026-10-09 22:57:36.000
2026-10-09 23:00:09.955   Installing the file.
2026-10-09 23:00:09.971   Successfully installed the file.
2026-10-09 23:00:09.971   -- File entry --
2026-10-09 23:00:09.971   Dest filename: D:\a\_temp\agym-c64-38001250527-5872-u8q4q801\client\Admin\_internal\tzdata\zoneinfo\Pacific\Marquesas
2026-10-09 23:00:09.971   Time stamp of our file: 2026-10-09 22:57:36.000
2026-10-09 23:00:09.971   Dest file exists.
2026-10-09 23:00:09.971   Time stamp of existing file: 2026-10-09 22:57:36.000
2026-10-09 23:00:09.971   Installing the file.
2026-10-09 23:00:09.971   Successfully installed the file.
2026-10-09 23:00:09.971   -- File entry --
2026-10-09 23:00:09.971   Dest filename: D:\a\_temp\agym-c64-38001250527-5872-u8q4q801\client\Admin\_internal\tzdata\zoneinfo\Pacific\Midway
2026-10-09 23:00:09.971   Time stamp of our file: 2026-10-09 22:57:36.000
2026-10-09 23:00:09.971   Dest file exists.
2026-10-09 23:00:09.971   Time stamp of existing file: 2026-10-09 22:57:36.000
2026-10-09 23:00:09.971   Installing the file.
2026-10-09 23:00:09.971   Successfully installed the file.
2026-10-09 23:00:09.971   -- File entry --
2026-10-09 23:00:09.971   Dest filename: D:\a\_temp\agym-c64-38001250527-5872-u8q4q801\client\Admin\_internal\tzdata\zoneinfo\Pacific\Nauru
2026-10-09 23:00:09.971   Time stamp of our file: 2026-10-09 22:57:36.000
2026-10-09 23:00:09.971   Dest file exists.
2026-10-09 23:00:09.971   Time stamp of existing file: 2026-10-09 22:57:36.000
2026-10-09 23:00:09.971   Installing the file.
2026-10-09 23:00:09.971   Successfully installed the file.
2026-10-09 23:00:09.971   -- File entry --
2026-10-09 23:00:09.971   Dest filename: D:\a\_temp\agym-c64-38001250527-5872-u8q4q801\client\Admin\_internal\tzdata\zoneinfo\Pacific\Niue
2026-10-09 23:00:09.971   Time stamp of our file: 2026-10-09 22:57:36.000
2026-10-09 23:00:09.971   Dest file exists.
2026-10-09 23:00:09.971   Time stamp of existing file: 2026-10-09 22:57:36.000
2026-10-09 23:00:09.971   Installing the file.
2026-10-09 23:00:09.971   Successfully installed the file.
2026-10-09 23:00:09.971   -- File entry --
2026-10-09 23:00:09.971   Dest filename: D:\a\_temp\agym-c64-38001250527-5872-u8q4q801\client\Admin\_internal\tzdata\zoneinfo\Pacific\Norfolk
2026-10-09 23:00:09.971   Time stamp of our file: 2026-10-09 22:57:36.000
2026-10-09 23:00:09.971   Dest file exists.
2026-10-09 23:00:09.971   Time stamp of existing file: 2026-10-09 22:57:36.000
2026-10-09 23:00:09.971   Installing the file.
2026-10-09 23:00:09.971   Successfully installed the file.
2026-10-09 23:00:09.971   -- File entry --
2026-10-09 23:00:09.971   Dest filename: D:\a\_temp\agym-c64-38001250527-5872-u8q4q801\client\Admin\_internal\tzdata\zoneinfo\Pacific\Noumea
2026-10-09 23:00:09.971   Time stamp of our file: 2026-10-09 22:57:36.000
2026-10-09 23:00:09.971   Dest file exists.
2026-10-09 23:00:09.971   Time stamp of existing file: 2026-10-09 22:57:36.000
2026-10-09 23:00:09.971   Installing the file.
2026-10-09 23:00:09.971   Successfully installed the file.
2026-10-09 23:00:09.971   -- File entry --
2026-10-09 23:00:09.971   Dest filename: D:\a\_temp\agym-c64-38001250527-5872-u8q4q801\client\Admin\_internal\tzdata\zoneinfo\Pacific\Pago_Pago
2026-10-09 23:00:09.971   Time stamp of our file: 2026-10-09 22:57:36.000
2026-10-09 23:00:09.971   Dest file exists.
2026-10-09 23:00:09.971   Time stamp of existing file: 2026-10-09 22:57:36.000
2026-10-09 23:00:09.971   Installing the file.
2026-10-09 23:00:09.971   Successfully installed the file.
2026-10-09 23:00:09.971   -- File entry --
2026-10-09 23:00:09.971   Dest filename: D:\a\_temp\agym-c64-38001250527-5872-u8q4q801\client\Admin\_internal\tzdata\zoneinfo\Pacific\Palau
2026-10-09 23:00:09.971   Time stamp of our file: 2026-10-09 22:57:36.000
2026-10-09 23:00:09.971   Dest file exists.
2026-10-09 23:00:09.971   Time stamp of existing file: 2026-10-09 22:57:36.000
2026-10-09 23:00:09.971   Installing the file.
2026-10-09 23:00:09.971   Successfully installed the file.
2026-10-09 23:00:09.971   -- File entry --
2026-10-09 23:00:09.971   Dest filename: D:\a\_temp\agym-c64-38001250527-5872-u8q4q801\client\Admin\_internal\tzdata\zoneinfo\Pacific\Pitcairn
2026-10-09 23:00:09.971   Time stamp of our file: 2026-10-09 22:57:36.000
2026-10-09 23:00:09.971   Dest file exists.
2026-10-09 23:00:09.971   Time stamp of existing file: 2026-10-09 22:57:36.000
2026-10-09 23:00:09.971   Installing the file.
2026-10-09 23:00:09.971   Successfully installed the file.
2026-10-09 23:00:09.971   -- File entry --
2026-10-09 23:00:09.971   Dest filename: D:\a\_temp\agym-c64-38001250527-5872-u8q4q801\client\Admin\_internal\tzdata\zoneinfo\Pacific\Pohnpei
2026-10-09 23:00:09.971   Time stamp of our file: 2026-10-09 22:57:36.000
2026-10-09 23:00:09.971   Dest file exists.
2026-10-09 23:00:09.971   Time stamp of existing file: 2026-10-09 22:57:36.000
2026-10-09 23:00:09.971   Installing the file.
2026-10-09 23:00:09.971   Successfully installed the file.
2026-10-09 23:00:09.971   -- File entry --
2026-10-09 23:00:09.971   Dest filename: D:\a\_temp\agym-c64-38001250527-5872-u8q4q801\client\Admin\_internal\tzdata\zoneinfo\Pacific\Ponape
2026-10-09 23:00:09.971   Time stamp of our file: 2026-10-09 22:57:36.000
2026-10-09 23:00:09.971   Dest file exists.
2026-10-09 23:00:09.971   Time stamp of existing file: 2026-10-09 22:57:36.000
2026-10-09 23:00:09.971   Installing the file.
2026-10-09 23:00:09.971   Successfully installed the file.
2026-10-09 23:00:09.971   -- File entry --
2026-10-09 23:00:09.971   Dest filename: D:\a\_temp\agym-c64-38001250527-5872-u8q4q801\client\Admin\_internal\tzdata\zoneinfo\Pacific\Port_Moresby
2026-10-09 23:00:09.971   Time stamp of our file: 2026-10-09 22:57:36.000
2026-10-09 23:00:09.971   Dest file exists.
2026-10-09 23:00:09.971   Time stamp of existing file: 2026-10-09 22:57:36.000
2026-10-09 23:00:09.971   Installing the file.
2026-10-09 23:00:09.971   Successfully installed the file.
2026-10-09 23:00:09.971   -- File entry --
2026-10-09 23:00:09.971   Dest filename: D:\a\_temp\agym-c64-38001250527-5872-u8q4q801\client\Admin\_internal\tzdata\zoneinfo\Pacific\Rarotonga
2026-10-09 23:00:09.971   Time stamp of our file: 2026-10-09 22:57:36.000
2026-10-09 23:00:09.971   Dest file exists.
2026-10-09 23:00:09.971   Time stamp of existing file: 2026-10-09 22:57:36.000
2026-10-09 23:00:09.971   Installing the file.
2026-10-09 23:00:09.971   Successfully installed the file.
2026-10-09 23:00:09.971   -- File entry --
2026-10-09 23:00:09.971   Dest filename: D:\a\_temp\agym-c64-38001250527-5872-u8q4q801\client\Admin\_internal\tzdata\zoneinfo\Pacific\Saipan
2026-10-09 23:00:09.971   Time stamp of our file: 2026-10-09 22:57:36.000
2026-10-09 23:00:09.971   Dest file exists.
2026-10-09 23:00:09.971   Time stamp of existing file: 2026-10-09 22:57:36.000
2026-10-09 23:00:09.971   Installing the file.
2026-10-09 23:00:09.971   Successfully installed the file.
2026-10-09 23:00:09.971   -- File entry --
2026-10-09 23:00:09.971   Dest filename: D:\a\_temp\agym-c64-38001250527-5872-u8q4q801\client\Admin\_internal\tzdata\zoneinfo\Pacific\Samoa
2026-10-09 23:00:09.971   Time stamp of our file: 2026-10-09 22:57:36.000
2026-10-09 23:00:09.971   Dest file exists.
2026-10-09 23:00:09.971   Time stamp of existing file: 2026-10-09 22:57:36.000
2026-10-09 23:00:09.971   Installing the file.
2026-10-09 23:00:09.971   Successfully installed the file.
2026-10-09 23:00:09.971   -- File entry --
2026-10-09 23:00:09.971   Dest filename: D:\a\_temp\agym-c64-38001250527-5872-u8q4q801\client\Admin\_internal\tzdata\zoneinfo\Pacific\Tahiti
2026-10-09 23:00:09.971   Time stamp of our file: 2026-10-09 22:57:36.000
2026-10-09 23:00:09.971   Dest file exists.
2026-10-09 23:00:09.971   Time stamp of existing file: 2026-10-09 22:57:36.000
2026-10-09 23:00:09.971   Installing the file.
2026-10-09 23:00:09.971   Successfully installed the file.
2026-10-09 23:00:09.971   -- File entry --
2026-10-09 23:00:09.971   Dest filename: D:\a\_temp\agym-c64-38001250527-5872-u8q4q801\client\Admin\_internal\tzdata\zoneinfo\Pacific\Tarawa
2026-10-09 23:00:09.971   Time stamp of our file: 2026-10-09 22:57:36.000
2026-10-09 23:00:09.971   Dest file exists.
2026-10-09 23:00:09.971   Time stamp of existing file: 2026-10-09 22:57:36.000
2026-10-09 23:00:09.971   Installing the file.
2026-10-09 23:00:09.971   Successfully installed the file.
2026-10-09 23:00:09.971   -- File entry --
2026-10-09 23:00:09.971   Dest filename: D:\a\_temp\agym-c64-38001250527-5872-u8q4q801\client\Admin\_internal\tzdata\zoneinfo\Pacific\Tongatapu
2026-10-09 23:00:09.971   Time stamp of our file: 2026-10-09 22:57:36.000
2026-10-09 23:00:09.971   Dest file exists.
2026-10-09 23:00:09.971   Time stamp of existing file: 2026-10-09 22:57:36.000
2026-10-09 23:00:09.971   Installing the file.
2026-10-09 23:00:09.971   Successfully installed the file.
2026-10-09 23:00:09.971   -- File entry --
2026-10-09 23:00:09.971   Dest filename: D:\a\_temp\agym-c64-38001250527-5872-u8q4q801\client\Admin\_internal\tzdata\zoneinfo\Pacific\Truk
2026-10-09 23:00:09.971   Time stamp of our file: 2026-10-09 22:57:36.000
2026-10-09 23:00:09.971   Dest file exists.
2026-10-09 23:00:09.971   Time stamp of existing file: 2026-10-09 22:57:36.000
2026-10-09 23:00:09.971   Installing the file.
2026-10-09 23:00:09.971   Successfully installed the file.
2026-10-09 23:00:09.971   -- File entry --
2026-10-09 23:00:09.971   Dest filename: D:\a\_temp\agym-c64-38001250527-5872-u8q4q801\client\Admin\_internal\tzdata\zoneinfo\Pacific\Wake
2026-10-09 23:00:09.971   Time stamp of our file: 2026-10-09 22:57:36.000
2026-10-09 23:00:09.971   Dest file exists.
2026-10-09 23:00:09.971   Time stamp of existing file: 2026-10-09 22:57:36.000
2026-10-09 23:00:09.971   Installing the file.
2026-10-09 23:00:09.971   Successfully installed the file.
2026-10-09 23:00:09.971   -- File entry --
2026-10-09 23:00:09.971   Dest filename: D:\a\_temp\agym-c64-38001250527-5872-u8q4q801\client\Admin\_internal\tzdata\zoneinfo\Pacific\Wallis
2026-10-09 23:00:09.971   Time stamp of our file: 2026-10-09 22:57:36.000
2026-10-09 23:00:09.971   Dest file exists.
2026-10-09 23:00:09.971   Time stamp of existing file: 2026-10-09 22:57:36.000
2026-10-09 23:00:09.971   Installing the file.
2026-10-09 23:00:09.971   Successfully installed the file.
2026-10-09 23:00:09.971   -- File entry --
2026-10-09 23:00:09.971   Dest filename: D:\a\_temp\agym-c64-38001250527-5872-u8q4q801\client\Admin\_internal\tzdata\zoneinfo\Pacific\Yap
2026-10-09 23:00:09.971   Time stamp of our file: 2026-10-09 22:57:36.000
2026-10-09 23:00:09.971   Dest file exists.
2026-10-09 23:00:09.971   Time stamp of existing file: 2026-10-09 22:57:36.000
2026-10-09 23:00:09.971   Installing the file.
2026-10-09 23:00:09.971   Successfully installed the file.
2026-10-09 23:00:09.971   -- File entry --
2026-10-09 23:00:09.971   Dest filename: D:\a\_temp\agym-c64-38001250527-5872-u8q4q801\client\Admin\_internal\tzdata\zoneinfo\Pacific\__init__.py
2026-10-09 23:00:09.971   Time stamp of our file: 2026-10-09 22:57:36.000
2026-10-09 23:00:09.971   Dest file exists.
2026-10-09 23:00:09.971   Time stamp of existing file: 2026-10-09 22:57:36.000
2026-10-09 23:00:09.971   Installing the file.
2026-10-09 23:00:09.971   Successfully installed the file.
2026-10-09 23:00:09.971   -- File entry --
2026-10-09 23:00:09.971   Dest filename: D:\a\_temp\agym-c64-38001250527-5872-u8q4q801\client\Admin\_internal\tzdata\zoneinfo\US\Alaska
2026-10-09 23:00:09.971   Time stamp of our file: 2026-10-09 22:57:36.000
2026-10-09 23:00:09.971   Dest file exists.
2026-10-09 23:00:09.971   Time stamp of existing file: 2026-10-09 22:57:36.000
2026-10-09 23:00:09.971   Installing the file.
2026-10-09 23:00:09.971   Successfully installed the file.
2026-10-09 23:00:09.971   -- File entry --
2026-10-09 23:00:09.971   Dest filename: D:\a\_temp\agym-c64-38001250527-5872-u8q4q801\client\Admin\_internal\tzdata\zoneinfo\US\Aleutian
2026-10-09 23:00:09.971   Time stamp of our file: 2026-10-09 22:57:36.000
2026-10-09 23:00:09.971   Dest file exists.
2026-10-09 23:00:09.971   Time stamp of existing file: 2026-10-09 22:57:36.000
2026-10-09 23:00:09.971   Installing the file.
2026-10-09 23:00:09.971   Successfully installed the file.
2026-10-09 23:00:09.971   -- File entry --
2026-10-09 23:00:09.971   Dest filename: D:\a\_temp\agym-c64-38001250527-5872-u8q4q801\client\Admin\_internal\tzdata\zoneinfo\US\Arizona
2026-10-09 23:00:09.971   Time stamp of our file: 2026-10-09 22:57:36.000
2026-10-09 23:00:09.971   Dest file exists.
2026-10-09 23:00:09.971   Time stamp of existing file: 2026-10-09 22:57:36.000
2026-10-09 23:00:09.971   Installing the file.
2026-10-09 23:00:09.971   Successfully installed the file.
2026-10-09 23:00:09.971   -- File entry --
2026-10-09 23:00:09.971   Dest filename: D:\a\_temp\agym-c64-38001250527-5872-u8q4q801\client\Admin\_internal\tzdata\zoneinfo\US\Central
2026-10-09 23:00:09.971   Time stamp of our file: 2026-10-09 22:57:36.000
2026-10-09 23:00:09.971   Dest file exists.
2026-10-09 23:00:09.971   Time stamp of existing file: 2026-10-09 22:57:36.000
2026-10-09 23:00:09.971   Installing the file.
2026-10-09 23:00:09.971   Successfully installed the file.
2026-10-09 23:00:09.971   -- File entry --
2026-10-09 23:00:09.971   Dest filename: D:\a\_temp\agym-c64-38001250527-5872-u8q4q801\client\Admin\_internal\tzdata\zoneinfo\US\East-Indiana
2026-10-09 23:00:09.971   Time stamp of our file: 2026-10-09 22:57:36.000
2026-10-09 23:00:09.971   Dest file exists.
2026-10-09 23:00:09.971   Time stamp of existing file: 2026-10-09 22:57:36.000
2026-10-09 23:00:09.971   Installing the file.
2026-10-09 23:00:09.971   Successfully installed the file.
2026-10-09 23:00:09.971   -- File entry --
2026-10-09 23:00:09.971   Dest filename: D:\a\_temp\agym-c64-38001250527-5872-u8q4q801\client\Admin\_internal\tzdata\zoneinfo\US\Eastern
2026-10-09 23:00:09.971   Time stamp of our file: 2026-10-09 22:57:36.000
2026-10-09 23:00:09.971   Dest file exists.
2026-10-09 23:00:09.971   Time stamp of existing file: 2026-10-09 22:57:36.000
2026-10-09 23:00:09.971   Installing the file.
2026-10-09 23:00:09.971   Successfully installed the file.
2026-10-09 23:00:09.971   -- File entry --
2026-10-09 23:00:09.971   Dest filename: D:\a\_temp\agym-c64-38001250527-5872-u8q4q801\client\Admin\_internal\tzdata\zoneinfo\US\Hawaii
2026-10-09 23:00:09.971   Time stamp of our file: 2026-10-09 22:57:36.000
2026-10-09 23:00:09.971   Dest file exists.
2026-10-09 23:00:09.971   Time stamp of existing file: 2026-10-09 22:57:36.000
2026-10-09 23:00:09.971   Installing the file.
2026-10-09 23:00:09.986   Successfully installed the file.
2026-10-09 23:00:09.986   -- File entry --
2026-10-09 23:00:09.986   Dest filename: D:\a\_temp\agym-c64-38001250527-5872-u8q4q801\client\Admin\_internal\tzdata\zoneinfo\US\Indiana-Starke
2026-10-09 23:00:09.986   Time stamp of our file: 2026-10-09 22:57:36.000
2026-10-09 23:00:09.986   Dest file exists.
2026-10-09 23:00:09.986   Time stamp of existing file: 2026-10-09 22:57:36.000
2026-10-09 23:00:09.986   Installing the file.
2026-10-09 23:00:09.986   Successfully installed the file.
2026-10-09 23:00:09.986   -- File entry --
2026-10-09 23:00:09.986   Dest filename: D:\a\_temp\agym-c64-38001250527-5872-u8q4q801\client\Admin\_internal\tzdata\zoneinfo\US\Michigan
2026-10-09 23:00:09.986   Time stamp of our file: 2026-10-09 22:57:36.000
2026-10-09 23:00:09.986   Dest file exists.
2026-10-09 23:00:09.986   Time stamp of existing file: 2026-10-09 22:57:36.000
2026-10-09 23:00:09.986   Installing the file.
2026-10-09 23:00:09.986   Successfully installed the file.
2026-10-09 23:00:09.986   -- File entry --
2026-10-09 23:00:09.986   Dest filename: D:\a\_temp\agym-c64-38001250527-5872-u8q4q801\client\Admin\_internal\tzdata\zoneinfo\US\Mountain
2026-10-09 23:00:09.986   Time stamp of our file: 2026-10-09 22:57:36.000
2026-10-09 23:00:09.986   Dest file exists.
2026-10-09 23:00:09.986   Time stamp of existing file: 2026-10-09 22:57:36.000
2026-10-09 23:00:09.986   Installing the file.
2026-10-09 23:00:09.986   Successfully installed the file.
2026-10-09 23:00:09.986   -- File entry --
2026-10-09 23:00:09.986   Dest filename: D:\a\_temp\agym-c64-38001250527-5872-u8q4q801\client\Admin\_internal\tzdata\zoneinfo\US\Pacific
2026-10-09 23:00:09.986   Time stamp of our file: 2026-10-09 22:57:36.000
2026-10-09 23:00:09.986   Dest file exists.
2026-10-09 23:00:09.986   Time stamp of existing file: 2026-10-09 22:57:36.000
2026-10-09 23:00:09.986   Installing the file.
2026-10-09 23:00:09.986   Successfully installed the file.
2026-10-09 23:00:09.986   -- File entry --
2026-10-09 23:00:09.986   Dest filename: D:\a\_temp\agym-c64-38001250527-5872-u8q4q801\client\Admin\_internal\tzdata\zoneinfo\US\Samoa
2026-10-09 23:00:09.986   Time stamp of our file: 2026-10-09 22:57:36.000
2026-10-09 23:00:09.986   Dest file exists.
2026-10-09 23:00:09.986   Time stamp of existing file: 2026-10-09 22:57:36.000
2026-10-09 23:00:09.986   Installing the file.
2026-10-09 23:00:09.986   Successfully installed the file.
2026-10-09 23:00:09.986   -- File entry --
2026-10-09 23:00:09.986   Dest filename: D:\a\_temp\agym-c64-38001250527-5872-u8q4q801\client\Admin\_internal\tzdata\zoneinfo\US\__init__.py
2026-10-09 23:00:09.986   Time stamp of our file: 2026-10-09 22:57:36.000
2026-10-09 23:00:09.986   Dest file exists.
2026-10-09 23:00:09.986   Time stamp of existing file: 2026-10-09 22:57:36.000
2026-10-09 23:00:09.986   Installing the file.
2026-10-09 23:00:09.986   Successfully installed the file.
2026-10-09 23:00:09.986   -- File entry --
2026-10-09 23:00:09.986   Dest filename: D:\a\_temp\agym-c64-38001250527-5872-u8q4q801\client\Admin\_internal\tzdata-2026.3.dist-info\INSTALLER
2026-10-09 23:00:09.986   Time stamp of our file: 2026-10-09 22:57:36.000
2026-10-09 23:00:09.986   Dest file exists.
2026-10-09 23:00:09.986   Time stamp of existing file: 2026-10-09 22:57:36.000
2026-10-09 23:00:09.986   Installing the file.
2026-10-09 23:00:09.986   Successfully installed the file.
2026-10-09 23:00:09.986   -- File entry --
2026-10-09 23:00:09.986   Dest filename: D:\a\_temp\agym-c64-38001250527-5872-u8q4q801\client\Admin\_internal\tzdata-2026.3.dist-info\METADATA
2026-10-09 23:00:09.986   Time stamp of our file: 2026-10-09 22:57:36.000
2026-10-09 23:00:09.986   Dest file exists.
2026-10-09 23:00:09.986   Time stamp of existing file: 2026-10-09 22:57:36.000
2026-10-09 23:00:09.986   Installing the file.
2026-10-09 23:00:09.986   Successfully installed the file.
2026-10-09 23:00:09.986   -- File entry --
2026-10-09 23:00:09.986   Dest filename: D:\a\_temp\agym-c64-38001250527-5872-u8q4q801\client\Admin\_internal\tzdata-2026.3.dist-info\RECORD
2026-10-09 23:00:09.986   Time stamp of our file: 2026-10-09 22:57:36.000
2026-10-09 23:00:09.986   Dest file exists.
2026-10-09 23:00:09.986   Time stamp of existing file: 2026-10-09 22:57:36.000
2026-10-09 23:00:09.986   Installing the file.
2026-10-09 23:00:09.986   Successfully installed the file.
2026-10-09 23:00:09.986   -- File entry --
2026-10-09 23:00:09.986   Dest filename: D:\a\_temp\agym-c64-38001250527-5872-u8q4q801\client\Admin\_internal\tzdata-2026.3.dist-info\REQUESTED
2026-10-09 23:00:09.986   Time stamp of our file: 2026-10-09 22:57:36.000
2026-10-09 23:00:09.986   Dest file exists.
2026-10-09 23:00:09.986   Time stamp of existing file: 2026-10-09 22:57:36.000
2026-10-09 23:00:09.986   Installing the file.
2026-10-09 23:00:09.986   Successfully installed the file.
2026-10-09 23:00:09.986   -- File entry --
2026-10-09 23:00:09.986   Dest filename: D:\a\_temp\agym-c64-38001250527-5872-u8q4q801\client\Admin\_internal\tzdata-2026.3.dist-info\top_level.txt
2026-10-09 23:00:09.986   Time stamp of our file: 2026-10-09 22:57:36.000
2026-10-09 23:00:09.986   Dest file exists.
2026-10-09 23:00:09.986   Time stamp of existing file: 2026-10-09 22:57:36.000
2026-10-09 23:00:09.986   Installing the file.
2026-10-09 23:00:09.986   Successfully installed the file.
2026-10-09 23:00:09.986   -- File entry --
2026-10-09 23:00:09.986   Dest filename: D:\a\_temp\agym-c64-38001250527-5872-u8q4q801\client\Admin\_internal\tzdata-2026.3.dist-info\WHEEL
2026-10-09 23:00:09.986   Time stamp of our file: 2026-10-09 22:57:36.000
2026-10-09 23:00:09.986   Dest file exists.
2026-10-09 23:00:09.986   Time stamp of existing file: 2026-10-09 22:57:36.000
2026-10-09 23:00:09.986   Installing the file.
2026-10-09 23:00:09.986   Successfully installed the file.
2026-10-09 23:00:09.986   -- File entry --
2026-10-09 23:00:09.986   Dest filename: D:\a\_temp\agym-c64-38001250527-5872-u8q4q801\client\Admin\_internal\tzdata-2026.3.dist-info\licenses\LICENSE
2026-10-09 23:00:09.986   Time stamp of our file: 2026-10-09 22:57:36.000
2026-10-09 23:00:09.986   Dest file exists.
2026-10-09 23:00:09.986   Time stamp of existing file: 2026-10-09 22:57:36.000
2026-10-09 23:00:09.986   Installing the file.
2026-10-09 23:00:09.986   Successfully installed the file.
2026-10-09 23:00:09.986   -- File entry --
2026-10-09 23:00:09.986   Dest filename: D:\a\_temp\agym-c64-38001250527-5872-u8q4q801\client\Admin\_internal\tzdata-2026.3.dist-info\licenses\licenses\LICENSE_APACHE
2026-10-09 23:00:09.986   Time stamp of our file: 2026-10-09 22:57:36.000
2026-10-09 23:00:09.986   Dest file exists.
2026-10-09 23:00:09.986   Time stamp of existing file: 2026-10-09 22:57:36.000
2026-10-09 23:00:09.986   Installing the file.
2026-10-09 23:00:09.986   Successfully installed the file.
2026-10-09 23:00:09.986   -- File entry --
2026-10-09 23:00:09.986   Dest filename: D:\a\_temp\agym-c64-38001250527-5872-u8q4q801\client\Admin\_internal\websockets-15.0.1.dist-info\entry_points.txt
2026-10-09 23:00:09.986   Time stamp of our file: 2026-10-09 22:57:36.000
2026-10-09 23:00:09.986   Dest file exists.
2026-10-09 23:00:09.986   Time stamp of existing file: 2026-10-09 22:57:36.000
2026-10-09 23:00:09.986   Installing the file.
2026-10-09 23:00:09.986   Successfully installed the file.
2026-10-09 23:00:09.986   -- File entry --
2026-10-09 23:00:09.986   Dest filename: D:\a\_temp\agym-c64-38001250527-5872-u8q4q801\client\Admin\_internal\websockets-15.0.1.dist-info\INSTALLER
2026-10-09 23:00:09.986   Time stamp of our file: 2026-10-09 22:57:36.000
2026-10-09 23:00:09.986   Dest file exists.
2026-10-09 23:00:09.986   Time stamp of existing file: 2026-10-09 22:57:36.000
2026-10-09 23:00:09.986   Installing the file.
2026-10-09 23:00:09.986   Successfully installed the file.
2026-10-09 23:00:09.986   -- File entry --
2026-10-09 23:00:09.986   Dest filename: D:\a\_temp\agym-c64-38001250527-5872-u8q4q801\client\Admin\_internal\websockets-15.0.1.dist-info\LICENSE
2026-10-09 23:00:09.986   Time stamp of our file: 2026-10-09 22:57:36.000
2026-10-09 23:00:09.986   Dest file exists.
2026-10-09 23:00:09.986   Time stamp of existing file: 2026-10-09 22:57:36.000
2026-10-09 23:00:09.986   Installing the file.
2026-10-09 23:00:09.986   Successfully installed the file.
2026-10-09 23:00:09.986   -- File entry --
2026-10-09 23:00:09.986   Dest filename: D:\a\_temp\agym-c64-38001250527-5872-u8q4q801\client\Admin\_internal\websockets-15.0.1.dist-info\METADATA
2026-10-09 23:00:09.986   Time stamp of our file: 2026-10-09 22:57:36.000
2026-10-09 23:00:09.986   Dest file exists.
2026-10-09 23:00:09.986   Time stamp of existing file: 2026-10-09 22:57:36.000
2026-10-09 23:00:09.986   Installing the file.
2026-10-09 23:00:09.986   Successfully installed the file.
2026-10-09 23:00:09.986   -- File entry --
2026-10-09 23:00:09.986   Dest filename: D:\a\_temp\agym-c64-38001250527-5872-u8q4q801\client\Admin\_internal\websockets-15.0.1.dist-info\RECORD
2026-10-09 23:00:09.986   Time stamp of our file: 2026-10-09 22:57:36.000
2026-10-09 23:00:09.986   Dest file exists.
2026-10-09 23:00:09.986   Time stamp of existing file: 2026-10-09 22:57:36.000
2026-10-09 23:00:09.986   Installing the file.
2026-10-09 23:00:09.986   Successfully installed the file.
2026-10-09 23:00:09.986   -- File entry --
2026-10-09 23:00:09.986   Dest filename: D:\a\_temp\agym-c64-38001250527-5872-u8q4q801\client\Admin\_internal\websockets-15.0.1.dist-info\top_level.txt
2026-10-09 23:00:09.986   Time stamp of our file: 2026-10-09 22:57:36.000
2026-10-09 23:00:09.986   Dest file exists.
2026-10-09 23:00:09.986   Time stamp of existing file: 2026-10-09 22:57:36.000
2026-10-09 23:00:09.986   Installing the file.
2026-10-09 23:00:09.986   Successfully installed the file.
2026-10-09 23:00:09.986   -- File entry --
2026-10-09 23:00:09.986   Dest filename: D:\a\_temp\agym-c64-38001250527-5872-u8q4q801\client\Admin\_internal\websockets-15.0.1.dist-info\WHEEL
2026-10-09 23:00:09.986   Time stamp of our file: 2026-10-09 22:57:36.000
2026-10-09 23:00:09.986   Dest file exists.
2026-10-09 23:00:09.986   Time stamp of existing file: 2026-10-09 22:57:36.000
2026-10-09 23:00:09.986   Installing the file.
2026-10-09 23:00:09.986   Successfully installed the file.
2026-10-09 23:00:09.986   -- File entry --
2026-10-09 23:00:09.986   Dest filename: D:\a\_temp\agym-c64-38001250527-5872-u8q4q801\client\Admin\_internal\yarl\_quoting_c.cp314-win_amd64.pyd
2026-10-09 23:00:09.986   Time stamp of our file: 2026-10-09 22:57:36.000
2026-10-09 23:00:09.986   Dest file exists.
2026-10-09 23:00:09.986   Time stamp of existing file: 2026-10-09 22:57:36.000
2026-10-09 23:00:09.986   Installing the file.
2026-10-09 23:00:10.002   Successfully installed the file.
2026-10-09 23:00:10.002   -- File entry --
2026-10-09 23:00:10.002   Dest filename: D:\a\_temp\agym-c64-38001250527-5872-u8q4q801\client\Recepcion\GymSoftRecepcion.exe
2026-10-09 23:00:10.002   Time stamp of our file: 2026-10-09 22:58:06.000
2026-10-09 23:00:10.002   Dest file exists.
2026-10-09 23:00:10.002   Time stamp of existing file: 2026-10-09 22:58:06.000
2026-10-09 23:00:10.002   Installing the file.
2026-10-09 23:00:10.143   Successfully installed the file.
2026-10-09 23:00:10.143   -- File entry --
2026-10-09 23:00:10.143   Dest filename: D:\a\_temp\agym-c64-38001250527-5872-u8q4q801\client\Recepcion\_internal\api-ms-win-core-console-l1-1-0.dll
2026-10-09 23:00:10.143   Time stamp of our file: 2026-10-09 22:58:06.000
2026-10-09 23:00:10.143   Dest file exists.
2026-10-09 23:00:10.143   Time stamp of existing file: 2026-10-09 22:58:06.000
2026-10-09 23:00:10.143   Installing the file.
2026-10-09 23:00:10.143   Successfully installed the file.
2026-10-09 23:00:10.143   -- File entry --
2026-10-09 23:00:10.143   Dest filename: D:\a\_temp\agym-c64-38001250527-5872-u8q4q801\client\Recepcion\_internal\api-ms-win-core-datetime-l1-1-0.dll
2026-10-09 23:00:10.143   Time stamp of our file: 2026-10-09 22:58:06.000
2026-10-09 23:00:10.143   Dest file exists.
2026-10-09 23:00:10.143   Time stamp of existing file: 2026-10-09 22:58:06.000
2026-10-09 23:00:10.143   Installing the file.
2026-10-09 23:00:10.143   Successfully installed the file.
2026-10-09 23:00:10.143   -- File entry --
2026-10-09 23:00:10.143   Dest filename: D:\a\_temp\agym-c64-38001250527-5872-u8q4q801\client\Recepcion\_internal\api-ms-win-core-debug-l1-1-0.dll
2026-10-09 23:00:10.143   Time stamp of our file: 2026-10-09 22:58:06.000
2026-10-09 23:00:10.143   Dest file exists.
2026-10-09 23:00:10.143   Time stamp of existing file: 2026-10-09 22:58:06.000
2026-10-09 23:00:10.143   Installing the file.
2026-10-09 23:00:10.143   Successfully installed the file.
2026-10-09 23:00:10.143   -- File entry --
2026-10-09 23:00:10.143   Dest filename: D:\a\_temp\agym-c64-38001250527-5872-u8q4q801\client\Recepcion\_internal\api-ms-win-core-errorhandling-l1-1-0.dll
2026-10-09 23:00:10.143   Time stamp of our file: 2026-10-09 22:58:06.000
2026-10-09 23:00:10.143   Dest file exists.
2026-10-09 23:00:10.143   Time stamp of existing file: 2026-10-09 22:58:06.000
2026-10-09 23:00:10.143   Installing the file.
2026-10-09 23:00:10.143   Successfully installed the file.
2026-10-09 23:00:10.143   -- File entry --
2026-10-09 23:00:10.143   Dest filename: D:\a\_temp\agym-c64-38001250527-5872-u8q4q801\client\Recepcion\_internal\api-ms-win-core-fibers-l1-1-0.dll
2026-10-09 23:00:10.143   Time stamp of our file: 2026-10-09 22:58:06.000
2026-10-09 23:00:10.143   Dest file exists.
2026-10-09 23:00:10.158   Time stamp of existing file: 2026-10-09 22:58:06.000
2026-10-09 23:00:10.158   Installing the file.
2026-10-09 23:00:10.158   Successfully installed the file.
2026-10-09 23:00:10.158   -- File entry --
2026-10-09 23:00:10.158   Dest filename: D:\a\_temp\agym-c64-38001250527-5872-u8q4q801\client\Recepcion\_internal\api-ms-win-core-fibers-l1-1-1.dll
2026-10-09 23:00:10.158   Time stamp of our file: 2026-10-09 22:58:06.000
2026-10-09 23:00:10.158   Dest file exists.
2026-10-09 23:00:10.158   Time stamp of existing file: 2026-10-09 22:58:06.000
2026-10-09 23:00:10.158   Installing the file.
2026-10-09 23:00:10.158   Successfully installed the file.
2026-10-09 23:00:10.158   -- File entry --
2026-10-09 23:00:10.158   Dest filename: D:\a\_temp\agym-c64-38001250527-5872-u8q4q801\client\Recepcion\_internal\api-ms-win-core-file-l1-1-0.dll
2026-10-09 23:00:10.158   Time stamp of our file: 2026-10-09 22:58:06.000
2026-10-09 23:00:10.158   Dest file exists.
2026-10-09 23:00:10.158   Time stamp of existing file: 2026-10-09 22:58:06.000
2026-10-09 23:00:10.158   Installing the file.
2026-10-09 23:00:10.158   Successfully installed the file.
2026-10-09 23:00:10.158   -- File entry --
2026-10-09 23:00:10.158   Dest filename: D:\a\_temp\agym-c64-38001250527-5872-u8q4q801\client\Recepcion\_internal\api-ms-win-core-file-l1-2-0.dll
2026-10-09 23:00:10.158   Time stamp of our file: 2026-10-09 22:58:06.000
2026-10-09 23:00:10.158   Dest file exists.
2026-10-09 23:00:10.158   Time stamp of existing file: 2026-10-09 22:58:06.000
2026-10-09 23:00:10.158   Installing the file.
2026-10-09 23:00:10.158   Successfully installed the file.
2026-10-09 23:00:10.158   -- File entry --
2026-10-09 23:00:10.158   Dest filename: D:\a\_temp\agym-c64-38001250527-5872-u8q4q801\client\Recepcion\_internal\api-ms-win-core-file-l2-1-0.dll
2026-10-09 23:00:10.158   Time stamp of our file: 2026-10-09 22:58:06.000
2026-10-09 23:00:10.158   Dest file exists.
2026-10-09 23:00:10.158   Time stamp of existing file: 2026-10-09 22:58:06.000
2026-10-09 23:00:10.158   Installing the file.
2026-10-09 23:00:10.158   Successfully installed the file.
2026-10-09 23:00:10.158   -- File entry --
2026-10-09 23:00:10.158   Dest filename: D:\a\_temp\agym-c64-38001250527-5872-u8q4q801\client\Recepcion\_internal\api-ms-win-core-handle-l1-1-0.dll
2026-10-09 23:00:10.158   Time stamp of our file: 2026-10-09 22:58:06.000
2026-10-09 23:00:10.158   Dest file exists.
2026-10-09 23:00:10.158   Time stamp of existing file: 2026-10-09 22:58:06.000
2026-10-09 23:00:10.158   Installing the file.
2026-10-09 23:00:10.158   Successfully installed the file.
2026-10-09 23:00:10.158   -- File entry --
2026-10-09 23:00:10.158   Dest filename: D:\a\_temp\agym-c64-38001250527-5872-u8q4q801\client\Recepcion\_internal\api-ms-win-core-heap-l1-1-0.dll
2026-10-09 23:00:10.158   Time stamp of our file: 2026-10-09 22:58:06.000
2026-10-09 23:00:10.158   Dest file exists.
2026-10-09 23:00:10.158   Time stamp of existing file: 2026-10-09 22:58:06.000
2026-10-09 23:00:10.158   Installing the file.
2026-10-09 23:00:10.158   Successfully installed the file.
2026-10-09 23:00:10.158   -- File entry --
2026-10-09 23:00:10.158   Dest filename: D:\a\_temp\agym-c64-38001250527-5872-u8q4q801\client\Recepcion\_internal\api-ms-win-core-interlocked-l1-1-0.dll
2026-10-09 23:00:10.158   Time stamp of our file: 2026-10-09 22:58:06.000
2026-10-09 23:00:10.158   Dest file exists.
2026-10-09 23:00:10.158   Time stamp of existing file: 2026-10-09 22:58:06.000
2026-10-09 23:00:10.158   Installing the file.
2026-10-09 23:00:10.158   Successfully installed the file.
2026-10-09 23:00:10.158   -- File entry --
2026-10-09 23:00:10.158   Dest filename: D:\a\_temp\agym-c64-38001250527-5872-u8q4q801\client\Recepcion\_internal\api-ms-win-core-kernel32-legacy-l1-1-1.dll
2026-10-09 23:00:10.158   Time stamp of our file: 2026-10-09 22:58:06.000
2026-10-09 23:00:10.158   Dest file exists.
2026-10-09 23:00:10.158   Time stamp of existing file: 2026-10-09 22:58:06.000
2026-10-09 23:00:10.158   Installing the file.
2026-10-09 23:00:10.158   Successfully installed the file.
2026-10-09 23:00:10.158   -- File entry --
2026-10-09 23:00:10.158   Dest filename: D:\a\_temp\agym-c64-38001250527-5872-u8q4q801\client\Recepcion\_internal\api-ms-win-core-libraryloader-l1-1-0.dll
2026-10-09 23:00:10.158   Time stamp of our file: 2026-10-09 22:58:06.000
2026-10-09 23:00:10.158   Dest file exists.
2026-10-09 23:00:10.158   Time stamp of existing file: 2026-10-09 22:58:06.000
2026-10-09 23:00:10.158   Installing the file.
2026-10-09 23:00:10.158   Successfully installed the file.
2026-10-09 23:00:10.158   -- File entry --
2026-10-09 23:00:10.158   Dest filename: D:\a\_temp\agym-c64-38001250527-5872-u8q4q801\client\Recepcion\_internal\api-ms-win-core-localization-l1-2-0.dll
2026-10-09 23:00:10.158   Time stamp of our file: 2026-10-09 22:58:06.000
2026-10-09 23:00:10.158   Dest file exists.
2026-10-09 23:00:10.158   Time stamp of existing file: 2026-10-09 22:58:06.000
2026-10-09 23:00:10.158   Installing the file.
2026-10-09 23:00:10.158   Successfully installed the file.
2026-10-09 23:00:10.158   -- File entry --
2026-10-09 23:00:10.158   Dest filename: D:\a\_temp\agym-c64-38001250527-5872-u8q4q801\client\Recepcion\_internal\api-ms-win-core-memory-l1-1-0.dll
2026-10-09 23:00:10.158   Time stamp of our file: 2026-10-09 22:58:06.000
2026-10-09 23:00:10.158   Dest file exists.
2026-10-09 23:00:10.158   Time stamp of existing file: 2026-10-09 22:58:06.000
2026-10-09 23:00:10.158   Installing the file.
2026-10-09 23:00:10.158   Successfully installed the file.
2026-10-09 23:00:10.158   -- File entry --
2026-10-09 23:00:10.158   Dest filename: D:\a\_temp\agym-c64-38001250527-5872-u8q4q801\client\Recepcion\_internal\api-ms-win-core-namedpipe-l1-1-0.dll
2026-10-09 23:00:10.158   Time stamp of our file: 2026-10-09 22:58:06.000
2026-10-09 23:00:10.158   Dest file exists.
2026-10-09 23:00:10.158   Time stamp of existing file: 2026-10-09 22:58:06.000
2026-10-09 23:00:10.158   Installing the file.
2026-10-09 23:00:10.158   Successfully installed the file.
2026-10-09 23:00:10.158   -- File entry --
2026-10-09 23:00:10.158   Dest filename: D:\a\_temp\agym-c64-38001250527-5872-u8q4q801\client\Recepcion\_internal\api-ms-win-core-processenvironment-l1-1-0.dll
2026-10-09 23:00:10.158   Time stamp of our file: 2026-10-09 22:58:06.000
2026-10-09 23:00:10.158   Dest file exists.
2026-10-09 23:00:10.158   Time stamp of existing file: 2026-10-09 22:58:06.000
2026-10-09 23:00:10.158   Installing the file.
2026-10-09 23:00:10.158   Successfully installed the file.
2026-10-09 23:00:10.158   -- File entry --
2026-10-09 23:00:10.158   Dest filename: D:\a\_temp\agym-c64-38001250527-5872-u8q4q801\client\Recepcion\_internal\api-ms-win-core-processthreads-l1-1-0.dll
2026-10-09 23:00:10.158   Time stamp of our file: 2026-10-09 22:58:06.000
2026-10-09 23:00:10.158   Dest file exists.
2026-10-09 23:00:10.158   Time stamp of existing file: 2026-10-09 22:58:06.000
2026-10-09 23:00:10.158   Installing the file.
2026-10-09 23:00:10.158   Successfully installed the file.
2026-10-09 23:00:10.158   -- File entry --
2026-10-09 23:00:10.158   Dest filename: D:\a\_temp\agym-c64-38001250527-5872-u8q4q801\client\Recepcion\_internal\api-ms-win-core-processthreads-l1-1-1.dll
2026-10-09 23:00:10.158   Time stamp of our file: 2026-10-09 22:58:06.000
2026-10-09 23:00:10.158   Dest file exists.
2026-10-09 23:00:10.158   Time stamp of existing file: 2026-10-09 22:58:06.000
2026-10-09 23:00:10.158   Installing the file.
2026-10-09 23:00:10.158   Successfully installed the file.
2026-10-09 23:00:10.158   -- File entry --
2026-10-09 23:00:10.158   Dest filename: D:\a\_temp\agym-c64-38001250527-5872-u8q4q801\client\Recepcion\_internal\api-ms-win-core-profile-l1-1-0.dll
2026-10-09 23:00:10.158   Time stamp of our file: 2026-10-09 22:58:06.000
2026-10-09 23:00:10.158   Dest file exists.
2026-10-09 23:00:10.158   Time stamp of existing file: 2026-10-09 22:58:06.000
2026-10-09 23:00:10.158   Installing the file.
2026-10-09 23:00:10.174   Successfully installed the file.
2026-10-09 23:00:10.174   -- File entry --
2026-10-09 23:00:10.174   Dest filename: D:\a\_temp\agym-c64-38001250527-5872-u8q4q801\client\Recepcion\_internal\api-ms-win-core-rtlsupport-l1-1-0.dll
2026-10-09 23:00:10.174   Time stamp of our file: 2026-10-09 22:58:06.000
2026-10-09 23:00:10.174   Dest file exists.
2026-10-09 23:00:10.174   Time stamp of existing file: 2026-10-09 22:58:06.000
2026-10-09 23:00:10.174   Installing the file.
2026-10-09 23:00:10.174   Successfully installed the file.
2026-10-09 23:00:10.174   -- File entry --
2026-10-09 23:00:10.174   Dest filename: D:\a\_temp\agym-c64-38001250527-5872-u8q4q801\client\Recepcion\_internal\api-ms-win-core-string-l1-1-0.dll
2026-10-09 23:00:10.174   Time stamp of our file: 2026-10-09 22:58:06.000
2026-10-09 23:00:10.174   Dest file exists.
2026-10-09 23:00:10.174   Time stamp of existing file: 2026-10-09 22:58:06.000
2026-10-09 23:00:10.174   Installing the file.
2026-10-09 23:00:10.174   Successfully installed the file.
2026-10-09 23:00:10.174   -- File entry --
2026-10-09 23:00:10.174   Dest filename: D:\a\_temp\agym-c64-38001250527-5872-u8q4q801\client\Recepcion\_internal\api-ms-win-core-synch-l1-1-0.dll
2026-10-09 23:00:10.174   Time stamp of our file: 2026-10-09 22:58:06.000
2026-10-09 23:00:10.174   Dest file exists.
2026-10-09 23:00:10.174   Time stamp of existing file: 2026-10-09 22:58:06.000
2026-10-09 23:00:10.174   Installing the file.
2026-10-09 23:00:10.174   Successfully installed the file.
2026-10-09 23:00:10.174   -- File entry --
2026-10-09 23:00:10.174   Dest filename: D:\a\_temp\agym-c64-38001250527-5872-u8q4q801\client\Recepcion\_internal\api-ms-win-core-synch-l1-2-0.dll
2026-10-09 23:00:10.174   Time stamp of our file: 2026-10-09 22:58:06.000
2026-10-09 23:00:10.174   Dest file exists.
2026-10-09 23:00:10.174   Time stamp of existing file: 2026-10-09 22:58:06.000
2026-10-09 23:00:10.174   Installing the file.
2026-10-09 23:00:10.174   Successfully installed the file.
2026-10-09 23:00:10.174   -- File entry --
2026-10-09 23:00:10.174   Dest filename: D:\a\_temp\agym-c64-38001250527-5872-u8q4q801\client\Recepcion\_internal\api-ms-win-core-sysinfo-l1-1-0.dll
2026-10-09 23:00:10.174   Time stamp of our file: 2026-10-09 22:58:06.000
2026-10-09 23:00:10.174   Dest file exists.
2026-10-09 23:00:10.174   Time stamp of existing file: 2026-10-09 22:58:06.000
2026-10-09 23:00:10.174   Installing the file.
2026-10-09 23:00:10.174   Successfully installed the file.
2026-10-09 23:00:10.174   -- File entry --
2026-10-09 23:00:10.174   Dest filename: D:\a\_temp\agym-c64-38001250527-5872-u8q4q801\client\Recepcion\_internal\api-ms-win-core-sysinfo-l1-2-0.dll
2026-10-09 23:00:10.174   Time stamp of our file: 2026-10-09 22:58:06.000
2026-10-09 23:00:10.174   Dest file exists.
2026-10-09 23:00:10.174   Time stamp of existing file: 2026-10-09 22:58:06.000
2026-10-09 23:00:10.174   Installing the file.
2026-10-09 23:00:10.174   Successfully installed the file.
2026-10-09 23:00:10.174   -- File entry --
2026-10-09 23:00:10.174   Dest filename: D:\a\_temp\agym-c64-38001250527-5872-u8q4q801\client\Recepcion\_internal\api-ms-win-core-timezone-l1-1-0.dll
2026-10-09 23:00:10.174   Time stamp of our file: 2026-10-09 22:58:06.000
2026-10-09 23:00:10.174   Dest file exists.
2026-10-09 23:00:10.174   Time stamp of existing file: 2026-10-09 22:58:06.000
2026-10-09 23:00:10.174   Installing the file.
2026-10-09 23:00:10.174   Successfully installed the file.
2026-10-09 23:00:10.174   -- File entry --
2026-10-09 23:00:10.174   Dest filename: D:\a\_temp\agym-c64-38001250527-5872-u8q4q801\client\Recepcion\_internal\api-ms-win-core-util-l1-1-0.dll
2026-10-09 23:00:10.174   Time stamp of our file: 2026-10-09 22:58:06.000
2026-10-09 23:00:10.174   Dest file exists.
2026-10-09 23:00:10.174   Time stamp of existing file: 2026-10-09 22:58:06.000
2026-10-09 23:00:10.174   Installing the file.
2026-10-09 23:00:10.174   Successfully installed the file.
2026-10-09 23:00:10.174   -- File entry --
2026-10-09 23:00:10.174   Dest filename: D:\a\_temp\agym-c64-38001250527-5872-u8q4q801\client\Recepcion\_internal\api-ms-win-crt-conio-l1-1-0.dll
2026-10-09 23:00:10.174   Time stamp of our file: 2026-10-09 22:58:06.000
2026-10-09 23:00:10.174   Dest file exists.
2026-10-09 23:00:10.174   Time stamp of existing file: 2026-10-09 22:58:06.000
2026-10-09 23:00:10.174   Installing the file.
2026-10-09 23:00:10.174   Successfully installed the file.
2026-10-09 23:00:10.174   -- File entry --
2026-10-09 23:00:10.174   Dest filename: D:\a\_temp\agym-c64-38001250527-5872-u8q4q801\client\Recepcion\_internal\api-ms-win-crt-convert-l1-1-0.dll
2026-10-09 23:00:10.174   Time stamp of our file: 2026-10-09 22:58:06.000
2026-10-09 23:00:10.174   Dest file exists.
2026-10-09 23:00:10.174   Time stamp of existing file: 2026-10-09 22:58:06.000
2026-10-09 23:00:10.174   Installing the file.
2026-10-09 23:00:10.174   Successfully installed the file.
2026-10-09 23:00:10.174   -- File entry --
2026-10-09 23:00:10.174   Dest filename: D:\a\_temp\agym-c64-38001250527-5872-u8q4q801\client\Recepcion\_internal\api-ms-win-crt-environment-l1-1-0.dll
2026-10-09 23:00:10.174   Time stamp of our file: 2026-10-09 22:58:06.000
2026-10-09 23:00:10.174   Dest file exists.
2026-10-09 23:00:10.174   Time stamp of existing file: 2026-10-09 22:58:06.000
2026-10-09 23:00:10.174   Installing the file.
2026-10-09 23:00:10.174   Successfully installed the file.
2026-10-09 23:00:10.174   -- File entry --
2026-10-09 23:00:10.174   Dest filename: D:\a\_temp\agym-c64-38001250527-5872-u8q4q801\client\Recepcion\_internal\api-ms-win-crt-filesystem-l1-1-0.dll
2026-10-09 23:00:10.174   Time stamp of our file: 2026-10-09 22:58:06.000
2026-10-09 23:00:10.174   Dest file exists.
2026-10-09 23:00:10.174   Time stamp of existing file: 2026-10-09 22:58:06.000
2026-10-09 23:00:10.174   Installing the file.
2026-10-09 23:00:10.174   Successfully installed the file.
2026-10-09 23:00:10.174   -- File entry --
2026-10-09 23:00:10.174   Dest filename: D:\a\_temp\agym-c64-38001250527-5872-u8q4q801\client\Recepcion\_internal\api-ms-win-crt-heap-l1-1-0.dll
2026-10-09 23:00:10.174   Time stamp of our file: 2026-10-09 22:58:06.000
2026-10-09 23:00:10.174   Dest file exists.
2026-10-09 23:00:10.174   Time stamp of existing file: 2026-10-09 22:58:06.000
2026-10-09 23:00:10.174   Installing the file.
2026-10-09 23:00:10.174   Successfully installed the file.
2026-10-09 23:00:10.174   -- File entry --
2026-10-09 23:00:10.174   Dest filename: D:\a\_temp\agym-c64-38001250527-5872-u8q4q801\client\Recepcion\_internal\api-ms-win-crt-locale-l1-1-0.dll
2026-10-09 23:00:10.174   Time stamp of our file: 2026-10-09 22:58:06.000
2026-10-09 23:00:10.174   Dest file exists.
2026-10-09 23:00:10.174   Time stamp of existing file: 2026-10-09 22:58:06.000
2026-10-09 23:00:10.174   Installing the file.
2026-10-09 23:00:10.174   Successfully installed the file.
2026-10-09 23:00:10.174   -- File entry --
2026-10-09 23:00:10.174   Dest filename: D:\a\_temp\agym-c64-38001250527-5872-u8q4q801\client\Recepcion\_internal\api-ms-win-crt-math-l1-1-0.dll
2026-10-09 23:00:10.174   Time stamp of our file: 2026-10-09 22:58:06.000
2026-10-09 23:00:10.174   Dest file exists.
2026-10-09 23:00:10.174   Time stamp of existing file: 2026-10-09 22:58:06.000
2026-10-09 23:00:10.174   Installing the file.
2026-10-09 23:00:10.174   Successfully installed the file.
2026-10-09 23:00:10.174   -- File entry --
2026-10-09 23:00:10.174   Dest filename: D:\a\_temp\agym-c64-38001250527-5872-u8q4q801\client\Recepcion\_internal\api-ms-win-crt-private-l1-1-0.dll
2026-10-09 23:00:10.174   Time stamp of our file: 2026-10-09 22:58:06.000
2026-10-09 23:00:10.174   Dest file exists.
2026-10-09 23:00:10.174   Time stamp of existing file: 2026-10-09 22:58:06.000
2026-10-09 23:00:10.174   Installing the file.
2026-10-09 23:00:10.189   Successfully installed the file.
2026-10-09 23:00:10.189   -- File entry --
2026-10-09 23:00:10.189   Dest filename: D:\a\_temp\agym-c64-38001250527-5872-u8q4q801\client\Recepcion\_internal\api-ms-win-crt-process-l1-1-0.dll
2026-10-09 23:00:10.189   Time stamp of our file: 2026-10-09 22:58:06.000
2026-10-09 23:00:10.189   Dest file exists.
2026-10-09 23:00:10.189   Time stamp of existing file: 2026-10-09 22:58:06.000
2026-10-09 23:00:10.189   Installing the file.
2026-10-09 23:00:10.189   Successfully installed the file.
2026-10-09 23:00:10.189   -- File entry --
2026-10-09 23:00:10.189   Dest filename: D:\a\_temp\agym-c64-38001250527-5872-u8q4q801\client\Recepcion\_internal\api-ms-win-crt-runtime-l1-1-0.dll
2026-10-09 23:00:10.189   Time stamp of our file: 2026-10-09 22:58:06.000
2026-10-09 23:00:10.189   Dest file exists.
2026-10-09 23:00:10.189   Time stamp of existing file: 2026-10-09 22:58:06.000
2026-10-09 23:00:10.189   Installing the file.
2026-10-09 23:00:10.189   Successfully installed the file.
2026-10-09 23:00:10.189   -- File entry --
2026-10-09 23:00:10.189   Dest filename: D:\a\_temp\agym-c64-38001250527-5872-u8q4q801\client\Recepcion\_internal\api-ms-win-crt-stdio-l1-1-0.dll
2026-10-09 23:00:10.189   Time stamp of our file: 2026-10-09 22:58:06.000
2026-10-09 23:00:10.189   Dest file exists.
2026-10-09 23:00:10.189   Time stamp of existing file: 2026-10-09 22:58:06.000
2026-10-09 23:00:10.189   Installing the file.
2026-10-09 23:00:10.189   Successfully installed the file.
2026-10-09 23:00:10.189   -- File entry --
2026-10-09 23:00:10.189   Dest filename: D:\a\_temp\agym-c64-38001250527-5872-u8q4q801\client\Recepcion\_internal\api-ms-win-crt-string-l1-1-0.dll
2026-10-09 23:00:10.189   Time stamp of our file: 2026-10-09 22:58:06.000
2026-10-09 23:00:10.189   Dest file exists.
2026-10-09 23:00:10.189   Time stamp of existing file: 2026-10-09 22:58:06.000
2026-10-09 23:00:10.189   Installing the file.
2026-10-09 23:00:10.189   Successfully installed the file.
2026-10-09 23:00:10.189   -- File entry --
2026-10-09 23:00:10.189   Dest filename: D:\a\_temp\agym-c64-38001250527-5872-u8q4q801\client\Recepcion\_internal\api-ms-win-crt-time-l1-1-0.dll
2026-10-09 23:00:10.189   Time stamp of our file: 2026-10-09 22:58:06.000
2026-10-09 23:00:10.189   Dest file exists.
2026-10-09 23:00:10.189   Time stamp of existing file: 2026-10-09 22:58:06.000
2026-10-09 23:00:10.189   Installing the file.
2026-10-09 23:00:10.189   Successfully installed the file.
2026-10-09 23:00:10.189   -- File entry --
2026-10-09 23:00:10.189   Dest filename: D:\a\_temp\agym-c64-38001250527-5872-u8q4q801\client\Recepcion\_internal\api-ms-win-crt-utility-l1-1-0.dll
2026-10-09 23:00:10.189   Time stamp of our file: 2026-10-09 22:58:06.000
2026-10-09 23:00:10.189   Dest file exists.
2026-10-09 23:00:10.189   Time stamp of existing file: 2026-10-09 22:58:06.000
2026-10-09 23:00:10.189   Installing the file.
2026-10-09 23:00:10.189   Successfully installed the file.
2026-10-09 23:00:10.189   -- File entry --
2026-10-09 23:00:10.189   Dest filename: D:\a\_temp\agym-c64-38001250527-5872-u8q4q801\client\Recepcion\_internal\base_library.zip
2026-10-09 23:00:10.189   Time stamp of our file: 2026-10-09 22:58:06.000
2026-10-09 23:00:10.189   Dest file exists.
2026-10-09 23:00:10.189   Time stamp of existing file: 2026-10-09 22:58:06.000
2026-10-09 23:00:10.189   Installing the file.
2026-10-09 23:00:10.221   Successfully installed the file.
2026-10-09 23:00:10.221   -- File entry --
2026-10-09 23:00:10.221   Dest filename: D:\a\_temp\agym-c64-38001250527-5872-u8q4q801\client\Recepcion\_internal\gymsoft_config.json
2026-10-09 23:00:10.221   Time stamp of our file: 2026-10-09 22:58:06.000
2026-10-09 23:00:10.221   Dest file exists.
2026-10-09 23:00:10.221   Time stamp of existing file: 2026-10-09 22:58:06.000
2026-10-09 23:00:10.221   Installing the file.
2026-10-09 23:00:10.221   Successfully installed the file.
2026-10-09 23:00:10.221   -- File entry --
2026-10-09 23:00:10.221   Dest filename: D:\a\_temp\agym-c64-38001250527-5872-u8q4q801\client\Recepcion\_internal\icono.ico
2026-10-09 23:00:10.221   Time stamp of our file: 2026-10-09 22:58:06.000
2026-10-09 23:00:10.221   Dest file exists.
2026-10-09 23:00:10.221   Time stamp of existing file: 2026-10-09 22:58:06.000
2026-10-09 23:00:10.221   Installing the file.
2026-10-09 23:00:10.221   Successfully installed the file.
2026-10-09 23:00:10.221   -- File entry --
2026-10-09 23:00:10.221   Dest filename: D:\a\_temp\agym-c64-38001250527-5872-u8q4q801\client\Recepcion\_internal\icono_recepcion.ico
2026-10-09 23:00:10.221   Time stamp of our file: 2026-10-09 22:58:06.000
2026-10-09 23:00:10.221   Dest file exists.
2026-10-09 23:00:10.221   Time stamp of existing file: 2026-10-09 22:58:06.000
2026-10-09 23:00:10.221   Installing the file.
2026-10-09 23:00:10.221   Successfully installed the file.
2026-10-09 23:00:10.221   -- File entry --
2026-10-09 23:00:10.221   Dest filename: D:\a\_temp\agym-c64-38001250527-5872-u8q4q801\client\Recepcion\_internal\libcrypto-3.dll
2026-10-09 23:00:10.221   Time stamp of our file: 2026-10-09 22:58:06.000
2026-10-09 23:00:10.221   Dest file exists.
2026-10-09 23:00:10.221   Time stamp of existing file: 2026-10-09 22:58:06.000
2026-10-09 23:00:10.221   Installing the file.
2026-10-09 23:00:10.361   Successfully installed the file.
2026-10-09 23:00:10.361   -- File entry --
2026-10-09 23:00:10.361   Dest filename: D:\a\_temp\agym-c64-38001250527-5872-u8q4q801\client\Recepcion\_internal\libffi-8.dll
2026-10-09 23:00:10.361   Time stamp of our file: 2026-10-09 22:58:06.000
2026-10-09 23:00:10.361   Dest file exists.
2026-10-09 23:00:10.361   Time stamp of existing file: 2026-10-09 22:58:06.000
2026-10-09 23:00:10.361   Installing the file.
2026-10-09 23:00:10.377   Successfully installed the file.
2026-10-09 23:00:10.377   -- File entry --
2026-10-09 23:00:10.377   Dest filename: D:\a\_temp\agym-c64-38001250527-5872-u8q4q801\client\Recepcion\_internal\libssl-3.dll
2026-10-09 23:00:10.377   Time stamp of our file: 2026-10-09 22:58:06.000
2026-10-09 23:00:10.377   Dest file exists.
2026-10-09 23:00:10.377   Time stamp of existing file: 2026-10-09 22:58:06.000
2026-10-09 23:00:10.377   Installing the file.
2026-10-09 23:00:10.408   Successfully installed the file.
2026-10-09 23:00:10.408   -- File entry --
2026-10-09 23:00:10.408   Dest filename: D:\a\_temp\agym-c64-38001250527-5872-u8q4q801\client\Recepcion\_internal\libtommath.dll
2026-10-09 23:00:10.408   Time stamp of our file: 2026-10-09 22:58:06.000
2026-10-09 23:00:10.408   Dest file exists.
2026-10-09 23:00:10.408   Time stamp of existing file: 2026-10-09 22:58:06.000
2026-10-09 23:00:10.408   Installing the file.
2026-10-09 23:00:10.408   Successfully installed the file.
2026-10-09 23:00:10.408   -- File entry --
2026-10-09 23:00:10.408   Dest filename: D:\a\_temp\agym-c64-38001250527-5872-u8q4q801\client\Recepcion\_internal\pyexpat.pyd
2026-10-09 23:00:10.408   Time stamp of our file: 2026-10-09 22:58:06.000
2026-10-09 23:00:10.408   Dest file exists.
2026-10-09 23:00:10.408   Time stamp of existing file: 2026-10-09 22:58:06.000
2026-10-09 23:00:10.408   Installing the file.
2026-10-09 23:00:10.408   Successfully installed the file.
2026-10-09 23:00:10.408   -- File entry --
2026-10-09 23:00:10.408   Dest filename: D:\a\_temp\agym-c64-38001250527-5872-u8q4q801\client\Recepcion\_internal\python3.dll
2026-10-09 23:00:10.408   Time stamp of our file: 2026-10-09 22:58:06.000
2026-10-09 23:00:10.408   Dest file exists.
2026-10-09 23:00:10.408   Time stamp of existing file: 2026-10-09 22:58:06.000
2026-10-09 23:00:10.408   Installing the file.
2026-10-09 23:00:10.408   Successfully installed the file.
2026-10-09 23:00:10.408   -- File entry --
2026-10-09 23:00:10.408   Dest filename: D:\a\_temp\agym-c64-38001250527-5872-u8q4q801\client\Recepcion\_internal\python314.dll
2026-10-09 23:00:10.408   Time stamp of our file: 2026-10-09 22:58:06.000
2026-10-09 23:00:10.408   Dest file exists.
2026-10-09 23:00:10.408   Time stamp of existing file: 2026-10-09 22:58:06.000
2026-10-09 23:00:10.408   Installing the file.
2026-10-09 23:00:10.596   Successfully installed the file.
2026-10-09 23:00:10.596   -- File entry --
2026-10-09 23:00:10.596   Dest filename: D:\a\_temp\agym-c64-38001250527-5872-u8q4q801\client\Recepcion\_internal\select.pyd
2026-10-09 23:00:10.596   Time stamp of our file: 2026-10-09 22:58:06.000
2026-10-09 23:00:10.596   Dest file exists.
2026-10-09 23:00:10.596   Time stamp of existing file: 2026-10-09 22:58:06.000
2026-10-09 23:00:10.596   Installing the file.
2026-10-09 23:00:10.596   Successfully installed the file.
2026-10-09 23:00:10.596   -- File entry --
2026-10-09 23:00:10.596   Dest filename: D:\a\_temp\agym-c64-38001250527-5872-u8q4q801\client\Recepcion\_internal\sqlite3.dll
2026-10-09 23:00:10.596   Time stamp of our file: 2026-10-09 22:58:06.000
2026-10-09 23:00:10.596   Dest file exists.
2026-10-09 23:00:10.596   Time stamp of existing file: 2026-10-09 22:58:06.000
2026-10-09 23:00:10.596   Installing the file.
2026-10-09 23:00:10.643   Successfully installed the file.
2026-10-09 23:00:10.643   -- File entry --
2026-10-09 23:00:10.643   Dest filename: D:\a\_temp\agym-c64-38001250527-5872-u8q4q801\client\Recepcion\_internal\tcl90.dll
2026-10-09 23:00:10.643   Time stamp of our file: 2026-10-09 22:58:06.000
2026-10-09 23:00:10.643   Dest file exists.
2026-10-09 23:00:10.643   Time stamp of existing file: 2026-10-09 22:58:06.000
2026-10-09 23:00:10.643   Installing the file.
2026-10-09 23:00:10.768   Successfully installed the file.
2026-10-09 23:00:10.768   -- File entry --
2026-10-09 23:00:10.768   Dest filename: D:\a\_temp\agym-c64-38001250527-5872-u8q4q801\client\Recepcion\_internal\tcl9tk90.dll
2026-10-09 23:00:10.768   Time stamp of our file: 2026-10-09 22:58:06.000
2026-10-09 23:00:10.768   Dest file exists.
2026-10-09 23:00:10.768   Time stamp of existing file: 2026-10-09 22:58:06.000
2026-10-09 23:00:10.768   Installing the file.
2026-10-09 23:00:10.830   Successfully installed the file.
2026-10-09 23:00:10.830   -- File entry --
2026-10-09 23:00:10.830   Dest filename: D:\a\_temp\agym-c64-38001250527-5872-u8q4q801\client\Recepcion\_internal\ucrtbase.dll
2026-10-09 23:00:10.830   Time stamp of our file: 2026-10-09 22:58:06.000
2026-10-09 23:00:10.830   Dest file exists.
2026-10-09 23:00:10.830   Time stamp of existing file: 2026-10-09 22:58:06.000
2026-10-09 23:00:10.830   Installing the file.
2026-10-09 23:00:10.877   Successfully installed the file.
2026-10-09 23:00:10.877   -- File entry --
2026-10-09 23:00:10.877   Dest filename: D:\a\_temp\agym-c64-38001250527-5872-u8q4q801\client\Recepcion\_internal\unicodedata.pyd
2026-10-09 23:00:10.877   Time stamp of our file: 2026-10-09 22:58:06.000
2026-10-09 23:00:10.877   Dest file exists.
2026-10-09 23:00:10.877   Time stamp of existing file: 2026-10-09 22:58:06.000
2026-10-09 23:00:10.877   Installing the file.
2026-10-09 23:00:10.893   Successfully installed the file.
2026-10-09 23:00:10.893   -- File entry --
2026-10-09 23:00:10.893   Dest filename: D:\a\_temp\agym-c64-38001250527-5872-u8q4q801\client\Recepcion\_internal\VCRUNTIME140.dll
2026-10-09 23:00:10.893   Time stamp of our file: 2026-10-09 22:58:06.000
2026-10-09 23:00:10.893   Dest file exists.
2026-10-09 23:00:10.893   Time stamp of existing file: 2026-10-09 22:58:06.000
2026-10-09 23:00:10.893   Installing the file.
2026-10-09 23:00:10.908   Successfully installed the file.
2026-10-09 23:00:10.908   -- File entry --
2026-10-09 23:00:10.908   Dest filename: D:\a\_temp\agym-c64-38001250527-5872-u8q4q801\client\Recepcion\_internal\VCRUNTIME140_1.dll
2026-10-09 23:00:10.908   Time stamp of our file: 2026-10-09 22:58:06.000
2026-10-09 23:00:10.908   Dest file exists.
2026-10-09 23:00:10.908   Time stamp of existing file: 2026-10-09 22:58:06.000
2026-10-09 23:00:10.908   Installing the file.
2026-10-09 23:00:10.908   Successfully installed the file.
2026-10-09 23:00:10.908   -- File entry --
2026-10-09 23:00:10.908   Dest filename: D:\a\_temp\agym-c64-38001250527-5872-u8q4q801\client\Recepcion\_internal\zlib1.dll
2026-10-09 23:00:10.908   Time stamp of our file: 2026-10-09 22:58:06.000
2026-10-09 23:00:10.908   Dest file exists.
2026-10-09 23:00:10.908   Time stamp of existing file: 2026-10-09 22:58:06.000
2026-10-09 23:00:10.908   Installing the file.
2026-10-09 23:00:10.908   Successfully installed the file.
2026-10-09 23:00:10.908   -- File entry --
2026-10-09 23:00:10.908   Dest filename: D:\a\_temp\agym-c64-38001250527-5872-u8q4q801\client\Recepcion\_internal\_asyncio.pyd
2026-10-09 23:00:10.908   Time stamp of our file: 2026-10-09 22:58:06.000
2026-10-09 23:00:10.908   Dest file exists.
2026-10-09 23:00:10.908   Time stamp of existing file: 2026-10-09 22:58:06.000
2026-10-09 23:00:10.908   Installing the file.
2026-10-09 23:00:10.908   Successfully installed the file.
2026-10-09 23:00:10.908   -- File entry --
2026-10-09 23:00:10.908   Dest filename: D:\a\_temp\agym-c64-38001250527-5872-u8q4q801\client\Recepcion\_internal\_bz2.pyd
2026-10-09 23:00:10.908   Time stamp of our file: 2026-10-09 22:58:06.000
2026-10-09 23:00:10.908   Dest file exists.
2026-10-09 23:00:10.908   Time stamp of existing file: 2026-10-09 22:58:06.000
2026-10-09 23:00:10.908   Installing the file.
2026-10-09 23:00:10.924   Successfully installed the file.
2026-10-09 23:00:10.924   -- File entry --
2026-10-09 23:00:10.924   Dest filename: D:\a\_temp\agym-c64-38001250527-5872-u8q4q801\client\Recepcion\_internal\_cffi_backend.cp314-win_amd64.pyd
2026-10-09 23:00:10.924   Time stamp of our file: 2026-10-09 22:58:06.000
2026-10-09 23:00:10.924   Dest file exists.
2026-10-09 23:00:10.924   Time stamp of existing file: 2026-10-09 22:58:06.000
2026-10-09 23:00:10.924   Installing the file.
2026-10-09 23:00:10.924   Successfully installed the file.
2026-10-09 23:00:10.924   -- File entry --
2026-10-09 23:00:10.924   Dest filename: D:\a\_temp\agym-c64-38001250527-5872-u8q4q801\client\Recepcion\_internal\_ctypes.pyd
2026-10-09 23:00:10.924   Time stamp of our file: 2026-10-09 22:58:06.000
2026-10-09 23:00:10.924   Dest file exists.
2026-10-09 23:00:10.924   Time stamp of existing file: 2026-10-09 22:58:06.000
2026-10-09 23:00:10.924   Installing the file.
2026-10-09 23:00:10.924   Successfully installed the file.
2026-10-09 23:00:10.924   -- File entry --
2026-10-09 23:00:10.924   Dest filename: D:\a\_temp\agym-c64-38001250527-5872-u8q4q801\client\Recepcion\_internal\_decimal.pyd
2026-10-09 23:00:10.924   Time stamp of our file: 2026-10-09 22:58:06.000
2026-10-09 23:00:10.924   Dest file exists.
2026-10-09 23:00:10.924   Time stamp of existing file: 2026-10-09 22:58:06.000
2026-10-09 23:00:10.924   Installing the file.
2026-10-09 23:00:10.940   Successfully installed the file.
2026-10-09 23:00:10.940   -- File entry --
2026-10-09 23:00:10.940   Dest filename: D:\a\_temp\agym-c64-38001250527-5872-u8q4q801\client\Recepcion\_internal\_elementtree.pyd
2026-10-09 23:00:10.940   Time stamp of our file: 2026-10-09 22:58:06.000
2026-10-09 23:00:10.940   Dest file exists.
2026-10-09 23:00:10.940   Time stamp of existing file: 2026-10-09 22:58:06.000
2026-10-09 23:00:10.940   Installing the file.
2026-10-09 23:00:10.940   Successfully installed the file.
2026-10-09 23:00:10.940   -- File entry --
2026-10-09 23:00:10.940   Dest filename: D:\a\_temp\agym-c64-38001250527-5872-u8q4q801\client\Recepcion\_internal\_hashlib.pyd
2026-10-09 23:00:10.940   Time stamp of our file: 2026-10-09 22:58:06.000
2026-10-09 23:00:10.940   Dest file exists.
2026-10-09 23:00:10.940   Time stamp of existing file: 2026-10-09 22:58:06.000
2026-10-09 23:00:10.940   Installing the file.
2026-10-09 23:00:10.940   Successfully installed the file.
2026-10-09 23:00:10.940   -- File entry --
2026-10-09 23:00:10.940   Dest filename: D:\a\_temp\agym-c64-38001250527-5872-u8q4q801\client\Recepcion\_internal\_lzma.pyd
2026-10-09 23:00:10.940   Time stamp of our file: 2026-10-09 22:58:06.000
2026-10-09 23:00:10.940   Dest file exists.
2026-10-09 23:00:10.940   Time stamp of existing file: 2026-10-09 22:58:06.000
2026-10-09 23:00:10.940   Installing the file.
2026-10-09 23:00:10.955   Successfully installed the file.
2026-10-09 23:00:10.955   -- File entry --
2026-10-09 23:00:10.955   Dest filename: D:\a\_temp\agym-c64-38001250527-5872-u8q4q801\client\Recepcion\_internal\_multiprocessing.pyd
2026-10-09 23:00:10.955   Time stamp of our file: 2026-10-09 22:58:06.000
2026-10-09 23:00:10.955   Dest file exists.
2026-10-09 23:00:10.955   Time stamp of existing file: 2026-10-09 22:58:06.000
2026-10-09 23:00:10.955   Installing the file.
2026-10-09 23:00:10.955   Successfully installed the file.
2026-10-09 23:00:10.955   -- File entry --
2026-10-09 23:00:10.955   Dest filename: D:\a\_temp\agym-c64-38001250527-5872-u8q4q801\client\Recepcion\_internal\_overlapped.pyd
2026-10-09 23:00:10.955   Time stamp of our file: 2026-10-09 22:58:06.000
2026-10-09 23:00:10.955   Dest file exists.
2026-10-09 23:00:10.955   Time stamp of existing file: 2026-10-09 22:58:06.000
2026-10-09 23:00:10.955   Installing the file.
2026-10-09 23:00:10.955   Successfully installed the file.
2026-10-09 23:00:10.955   -- File entry --
2026-10-09 23:00:10.955   Dest filename: D:\a\_temp\agym-c64-38001250527-5872-u8q4q801\client\Recepcion\_internal\_queue.pyd
2026-10-09 23:00:10.955   Time stamp of our file: 2026-10-09 22:58:06.000
2026-10-09 23:00:10.955   Dest file exists.
2026-10-09 23:00:10.955   Time stamp of existing file: 2026-10-09 22:58:06.000
2026-10-09 23:00:10.955   Installing the file.
2026-10-09 23:00:10.955   Successfully installed the file.
2026-10-09 23:00:10.955   -- File entry --
2026-10-09 23:00:10.955   Dest filename: D:\a\_temp\agym-c64-38001250527-5872-u8q4q801\client\Recepcion\_internal\_socket.pyd
2026-10-09 23:00:10.955   Time stamp of our file: 2026-10-09 22:58:06.000
2026-10-09 23:00:10.955   Dest file exists.
2026-10-09 23:00:10.955   Time stamp of existing file: 2026-10-09 22:58:06.000
2026-10-09 23:00:10.955   Installing the file.
2026-10-09 23:00:10.955   Successfully installed the file.
2026-10-09 23:00:10.955   -- File entry --
2026-10-09 23:00:10.955   Dest filename: D:\a\_temp\agym-c64-38001250527-5872-u8q4q801\client\Recepcion\_internal\_sqlite3.pyd
2026-10-09 23:00:10.955   Time stamp of our file: 2026-10-09 22:58:06.000
2026-10-09 23:00:10.955   Dest file exists.
2026-10-09 23:00:10.955   Time stamp of existing file: 2026-10-09 22:58:06.000
2026-10-09 23:00:10.955   Installing the file.
2026-10-09 23:00:10.955   Successfully installed the file.
2026-10-09 23:00:10.955   -- File entry --
2026-10-09 23:00:10.955   Dest filename: D:\a\_temp\agym-c64-38001250527-5872-u8q4q801\client\Recepcion\_internal\_ssl.pyd
2026-10-09 23:00:10.955   Time stamp of our file: 2026-10-09 22:58:06.000
2026-10-09 23:00:10.955   Dest file exists.
2026-10-09 23:00:10.955   Time stamp of existing file: 2026-10-09 22:58:06.000
2026-10-09 23:00:10.955   Installing the file.
2026-10-09 23:00:10.971   Successfully installed the file.
2026-10-09 23:00:10.971   -- File entry --
2026-10-09 23:00:10.971   Dest filename: D:\a\_temp\agym-c64-38001250527-5872-u8q4q801\client\Recepcion\_internal\_tkinter.pyd
2026-10-09 23:00:10.971   Time stamp of our file: 2026-10-09 22:58:06.000
2026-10-09 23:00:10.971   Dest file exists.
2026-10-09 23:00:10.971   Time stamp of existing file: 2026-10-09 22:58:06.000
2026-10-09 23:00:10.971   Installing the file.
2026-10-09 23:00:10.971   Successfully installed the file.
2026-10-09 23:00:10.971   -- File entry --
2026-10-09 23:00:10.971   Dest filename: D:\a\_temp\agym-c64-38001250527-5872-u8q4q801\client\Recepcion\_internal\_uuid.pyd
2026-10-09 23:00:10.971   Time stamp of our file: 2026-10-09 22:58:06.000
2026-10-09 23:00:10.971   Dest file exists.
2026-10-09 23:00:10.971   Time stamp of existing file: 2026-10-09 22:58:06.000
2026-10-09 23:00:10.971   Installing the file.
2026-10-09 23:00:10.971   Successfully installed the file.
2026-10-09 23:00:10.971   -- File entry --
2026-10-09 23:00:10.971   Dest filename: D:\a\_temp\agym-c64-38001250527-5872-u8q4q801\client\Recepcion\_internal\_wmi.pyd
2026-10-09 23:00:10.971   Time stamp of our file: 2026-10-09 22:58:06.000
2026-10-09 23:00:10.971   Dest file exists.
2026-10-09 23:00:10.971   Time stamp of existing file: 2026-10-09 22:58:06.000
2026-10-09 23:00:10.971   Installing the file.
2026-10-09 23:00:10.971   Successfully installed the file.
2026-10-09 23:00:10.971   -- File entry --
2026-10-09 23:00:10.971   Dest filename: D:\a\_temp\agym-c64-38001250527-5872-u8q4q801\client\Recepcion\_internal\_zoneinfo.pyd
2026-10-09 23:00:10.971   Time stamp of our file: 2026-10-09 22:58:06.000
2026-10-09 23:00:10.971   Dest file exists.
2026-10-09 23:00:10.971   Time stamp of existing file: 2026-10-09 22:58:06.000
2026-10-09 23:00:10.971   Installing the file.
2026-10-09 23:00:10.971   Successfully installed the file.
2026-10-09 23:00:10.971   -- File entry --
2026-10-09 23:00:10.971   Dest filename: D:\a\_temp\agym-c64-38001250527-5872-u8q4q801\client\Recepcion\_internal\_zstd.pyd
2026-10-09 23:00:10.971   Time stamp of our file: 2026-10-09 22:58:06.000
2026-10-09 23:00:10.971   Dest file exists.
2026-10-09 23:00:10.971   Time stamp of existing file: 2026-10-09 22:58:06.000
2026-10-09 23:00:10.971   Installing the file.
2026-10-09 23:00:10.986   Successfully installed the file.
2026-10-09 23:00:10.986   -- File entry --
2026-10-09 23:00:10.986   Dest filename: D:\a\_temp\agym-c64-38001250527-5872-u8q4q801\client\Recepcion\_internal\certifi\cacert.pem
2026-10-09 23:00:10.986   Time stamp of our file: 2026-10-09 22:58:06.000
2026-10-09 23:00:10.986   Dest file exists.
2026-10-09 23:00:10.986   Time stamp of existing file: 2026-10-09 22:58:06.000
2026-10-09 23:00:10.986   Installing the file.
2026-10-09 23:00:11.002   Successfully installed the file.
2026-10-09 23:00:11.002   -- File entry --
2026-10-09 23:00:11.002   Dest filename: D:\a\_temp\agym-c64-38001250527-5872-u8q4q801\client\Recepcion\_internal\certifi\py.typed
2026-10-09 23:00:11.002   Time stamp of our file: 2026-10-09 22:58:06.000
2026-10-09 23:00:11.002   Dest file exists.
2026-10-09 23:00:11.002   Time stamp of existing file: 2026-10-09 22:58:06.000
2026-10-09 23:00:11.002   Installing the file.
2026-10-09 23:00:11.002   Successfully installed the file.
2026-10-09 23:00:11.002   -- File entry --
2026-10-09 23:00:11.002   Dest filename: D:\a\_temp\agym-c64-38001250527-5872-u8q4q801\client\Recepcion\_internal\cryptography\hazmat\bindings\_rust.pyd
2026-10-09 23:00:11.002   Time stamp of our file: 2026-10-09 22:58:06.000
2026-10-09 23:00:11.002   Dest file exists.
2026-10-09 23:00:11.002   Time stamp of existing file: 2026-10-09 22:58:06.000
2026-10-09 23:00:11.002   Installing the file.
2026-10-09 23:00:11.237   Successfully installed the file.
2026-10-09 23:00:11.237   -- File entry --
2026-10-09 23:00:11.237   Dest filename: D:\a\_temp\agym-c64-38001250527-5872-u8q4q801\client\Recepcion\_internal\cryptography-50.0.2.dist-info\INSTALLER
2026-10-09 23:00:11.237   Time stamp of our file: 2026-10-09 22:58:06.000
2026-10-09 23:00:11.237   Dest file exists.
2026-10-09 23:00:11.237   Time stamp of existing file: 2026-10-09 22:58:06.000
2026-10-09 23:00:11.237   Installing the file.
2026-10-09 23:00:11.237   Successfully installed the file.
2026-10-09 23:00:11.237   -- File entry --
2026-10-09 23:00:11.237   Dest filename: D:\a\_temp\agym-c64-38001250527-5872-u8q4q801\client\Recepcion\_internal\cryptography-50.0.2.dist-info\METADATA
2026-10-09 23:00:11.237   Time stamp of our file: 2026-10-09 22:58:06.000
2026-10-09 23:00:11.237   Dest file exists.
2026-10-09 23:00:11.237   Time stamp of existing file: 2026-10-09 22:58:06.000
2026-10-09 23:00:11.237   Installing the file.
2026-10-09 23:00:11.237   Successfully installed the file.
2026-10-09 23:00:11.237   -- File entry --
2026-10-09 23:00:11.237   Dest filename: D:\a\_temp\agym-c64-38001250527-5872-u8q4q801\client\Recepcion\_internal\cryptography-50.0.2.dist-info\RECORD
2026-10-09 23:00:11.237   Time stamp of our file: 2026-10-09 22:58:06.000
2026-10-09 23:00:11.237   Dest file exists.
2026-10-09 23:00:11.237   Time stamp of existing file: 2026-10-09 22:58:06.000
2026-10-09 23:00:11.237   Installing the file.
2026-10-09 23:00:11.237   Successfully installed the file.
2026-10-09 23:00:11.237   -- File entry --
2026-10-09 23:00:11.237   Dest filename: D:\a\_temp\agym-c64-38001250527-5872-u8q4q801\client\Recepcion\_internal\cryptography-50.0.2.dist-info\WHEEL
2026-10-09 23:00:11.237   Time stamp of our file: 2026-10-09 22:58:06.000
2026-10-09 23:00:11.237   Dest file exists.
2026-10-09 23:00:11.237   Time stamp of existing file: 2026-10-09 22:58:06.000
2026-10-09 23:00:11.237   Installing the file.
2026-10-09 23:00:11.237   Successfully installed the file.
2026-10-09 23:00:11.237   -- File entry --
2026-10-09 23:00:11.237   Dest filename: D:\a\_temp\agym-c64-38001250527-5872-u8q4q801\client\Recepcion\_internal\cryptography-50.0.2.dist-info\licenses\LICENSE
2026-10-09 23:00:11.237   Time stamp of our file: 2026-10-09 22:58:06.000
2026-10-09 23:00:11.237   Dest file exists.
2026-10-09 23:00:11.237   Time stamp of existing file: 2026-10-09 22:58:06.000
2026-10-09 23:00:11.237   Installing the file.
2026-10-09 23:00:11.237   Successfully installed the file.
2026-10-09 23:00:11.237   -- File entry --
2026-10-09 23:00:11.237   Dest filename: D:\a\_temp\agym-c64-38001250527-5872-u8q4q801\client\Recepcion\_internal\cryptography-50.0.2.dist-info\licenses\LICENSE.APACHE
2026-10-09 23:00:11.237   Time stamp of our file: 2026-10-09 22:58:06.000
2026-10-09 23:00:11.237   Dest file exists.
2026-10-09 23:00:11.237   Time stamp of existing file: 2026-10-09 22:58:06.000
2026-10-09 23:00:11.237   Installing the file.
2026-10-09 23:00:11.237   Successfully installed the file.
2026-10-09 23:00:11.237   -- File entry --
2026-10-09 23:00:11.237   Dest filename: D:\a\_temp\agym-c64-38001250527-5872-u8q4q801\client\Recepcion\_internal\cryptography-50.0.2.dist-info\licenses\LICENSE.BSD
2026-10-09 23:00:11.237   Time stamp of our file: 2026-10-09 22:58:06.000
2026-10-09 23:00:11.237   Dest file exists.
2026-10-09 23:00:11.237   Time stamp of existing file: 2026-10-09 22:58:06.000
2026-10-09 23:00:11.237   Installing the file.
2026-10-09 23:00:11.237   Successfully installed the file.
2026-10-09 23:00:11.237   -- File entry --
2026-10-09 23:00:11.237   Dest filename: D:\a\_temp\agym-c64-38001250527-5872-u8q4q801\client\Recepcion\_internal\cryptography-50.0.2.dist-info\sboms\cryptography-rust.cyclonedx.json
2026-10-09 23:00:11.237   Time stamp of our file: 2026-10-09 22:58:06.000
2026-10-09 23:00:11.237   Dest file exists.
2026-10-09 23:00:11.237   Time stamp of existing file: 2026-10-09 22:58:06.000
2026-10-09 23:00:11.237   Installing the file.
2026-10-09 23:00:11.237   Successfully installed the file.
2026-10-09 23:00:11.237   -- File entry --
2026-10-09 23:00:11.237   Dest filename: D:\a\_temp\agym-c64-38001250527-5872-u8q4q801\client\Recepcion\_internal\cryptography-50.0.2.dist-info\sboms\sbom.json
2026-10-09 23:00:11.237   Time stamp of our file: 2026-10-09 22:58:06.000
2026-10-09 23:00:11.237   Dest file exists.
2026-10-09 23:00:11.237   Time stamp of existing file: 2026-10-09 22:58:06.000
2026-10-09 23:00:11.237   Installing the file.
2026-10-09 23:00:11.237   Successfully installed the file.
2026-10-09 23:00:11.237   -- File entry --
2026-10-09 23:00:11.237   Dest filename: D:\a\_temp\agym-c64-38001250527-5872-u8q4q801\client\Recepcion\_internal\multidict\_multidict.cp314-win_amd64.pyd
2026-10-09 23:00:11.237   Time stamp of our file: 2026-10-09 22:58:06.000
2026-10-09 23:00:11.237   Dest file exists.
2026-10-09 23:00:11.237   Time stamp of existing file: 2026-10-09 22:58:06.000
2026-10-09 23:00:11.237   Installing the file.
2026-10-09 23:00:11.253   Successfully installed the file.
2026-10-09 23:00:11.253   -- File entry --
2026-10-09 23:00:11.253   Dest filename: D:\a\_temp\agym-c64-38001250527-5872-u8q4q801\client\Recepcion\_internal\PIL\_avif.cp314-win_amd64.pyd
2026-10-09 23:00:11.253   Time stamp of our file: 2026-10-09 22:58:06.000
2026-10-09 23:00:11.253   Dest file exists.
2026-10-09 23:00:11.253   Time stamp of existing file: 2026-10-09 22:58:06.000
2026-10-09 23:00:11.253   Installing the file.
2026-10-09 23:00:11.425   Successfully installed the file.
2026-10-09 23:00:11.425   -- File entry --
2026-10-09 23:00:11.425   Dest filename: D:\a\_temp\agym-c64-38001250527-5872-u8q4q801\client\Recepcion\_internal\PIL\_imaging.cp314-win_amd64.pyd
2026-10-09 23:00:11.425   Time stamp of our file: 2026-10-09 22:58:06.000
2026-10-09 23:00:11.425   Dest file exists.
2026-10-09 23:00:11.425   Time stamp of existing file: 2026-10-09 22:58:06.000
2026-10-09 23:00:11.425   Installing the file.
2026-10-09 23:00:11.513   Successfully installed the file.
2026-10-09 23:00:11.513   -- File entry --
2026-10-09 23:00:11.513   Dest filename: D:\a\_temp\agym-c64-38001250527-5872-u8q4q801\client\Recepcion\_internal\PIL\_imagingcms.cp314-win_amd64.pyd
2026-10-09 23:00:11.513   Time stamp of our file: 2026-10-09 22:58:06.000
2026-10-09 23:00:11.513   Dest file exists.
2026-10-09 23:00:11.513   Time stamp of existing file: 2026-10-09 22:58:06.000
2026-10-09 23:00:11.513   Installing the file.
2026-10-09 23:00:11.521   Successfully installed the file.
2026-10-09 23:00:11.521   -- File entry --
2026-10-09 23:00:11.521   Dest filename: D:\a\_temp\agym-c64-38001250527-5872-u8q4q801\client\Recepcion\_internal\PIL\_imagingft.cp314-win_amd64.pyd
2026-10-09 23:00:11.521   Time stamp of our file: 2026-10-09 22:58:06.000
2026-10-09 23:00:11.521   Dest file exists.
2026-10-09 23:00:11.521   Time stamp of existing file: 2026-10-09 22:58:06.000
2026-10-09 23:00:11.521   Installing the file.
2026-10-09 23:00:11.581   Successfully installed the file.
2026-10-09 23:00:11.581   -- File entry --
2026-10-09 23:00:11.581   Dest filename: D:\a\_temp\agym-c64-38001250527-5872-u8q4q801\client\Recepcion\_internal\PIL\_imagingmath.cp314-win_amd64.pyd
2026-10-09 23:00:11.581   Time stamp of our file: 2026-10-09 22:58:06.000
2026-10-09 23:00:11.581   Dest file exists.
2026-10-09 23:00:11.581   Time stamp of existing file: 2026-10-09 22:58:06.000
2026-10-09 23:00:11.581   Installing the file.
2026-10-09 23:00:11.581   Successfully installed the file.
2026-10-09 23:00:11.581   -- File entry --
2026-10-09 23:00:11.581   Dest filename: D:\a\_temp\agym-c64-38001250527-5872-u8q4q801\client\Recepcion\_internal\PIL\_imagingtk.cp314-win_amd64.pyd
2026-10-09 23:00:11.581   Time stamp of our file: 2026-10-09 22:58:06.000
2026-10-09 23:00:11.581   Dest file exists.
2026-10-09 23:00:11.581   Time stamp of existing file: 2026-10-09 22:58:06.000
2026-10-09 23:00:11.581   Installing the file.
2026-10-09 23:00:11.581   Successfully installed the file.
2026-10-09 23:00:11.581   -- File entry --
2026-10-09 23:00:11.581   Dest filename: D:\a\_temp\agym-c64-38001250527-5872-u8q4q801\client\Recepcion\_internal\PIL\_webp.cp314-win_amd64.pyd
2026-10-09 23:00:11.581   Time stamp of our file: 2026-10-09 22:58:06.000
2026-10-09 23:00:11.581   Dest file exists.
2026-10-09 23:00:11.581   Time stamp of existing file: 2026-10-09 22:58:06.000
2026-10-09 23:00:11.581   Installing the file.
2026-10-09 23:00:11.597   Successfully installed the file.
2026-10-09 23:00:11.597   -- File entry --
2026-10-09 23:00:11.597   Dest filename: D:\a\_temp\agym-c64-38001250527-5872-u8q4q801\client\Recepcion\_internal\postgrest\base_client.py
2026-10-09 23:00:11.597   Time stamp of our file: 2026-10-09 22:58:06.000
2026-10-09 23:00:11.597   Dest file exists.
2026-10-09 23:00:11.597   Time stamp of existing file: 2026-10-09 22:58:06.000
2026-10-09 23:00:11.597   Installing the file.
2026-10-09 23:00:11.597   Successfully installed the file.
2026-10-09 23:00:11.597   -- File entry --
2026-10-09 23:00:11.597   Dest filename: D:\a\_temp\agym-c64-38001250527-5872-u8q4q801\client\Recepcion\_internal\postgrest\base_request_builder.py
2026-10-09 23:00:11.597   Time stamp of our file: 2026-10-09 22:58:06.000
2026-10-09 23:00:11.597   Dest file exists.
2026-10-09 23:00:11.597   Time stamp of existing file: 2026-10-09 22:58:06.000
2026-10-09 23:00:11.597   Installing the file.
2026-10-09 23:00:11.597   Successfully installed the file.
2026-10-09 23:00:11.597   -- File entry --
2026-10-09 23:00:11.597   Dest filename: D:\a\_temp\agym-c64-38001250527-5872-u8q4q801\client\Recepcion\_internal\postgrest\constants.py
2026-10-09 23:00:11.597   Time stamp of our file: 2026-10-09 22:58:06.000
2026-10-09 23:00:11.597   Dest file exists.
2026-10-09 23:00:11.597   Time stamp of existing file: 2026-10-09 22:58:06.000
2026-10-09 23:00:11.597   Installing the file.
2026-10-09 23:00:11.597   Successfully installed the file.
2026-10-09 23:00:11.597   -- File entry --
2026-10-09 23:00:11.597   Dest filename: D:\a\_temp\agym-c64-38001250527-5872-u8q4q801\client\Recepcion\_internal\postgrest\exceptions.py
2026-10-09 23:00:11.597   Time stamp of our file: 2026-10-09 22:58:06.000
2026-10-09 23:00:11.597   Dest file exists.
2026-10-09 23:00:11.597   Time stamp of existing file: 2026-10-09 22:58:06.000
2026-10-09 23:00:11.597   Installing the file.
2026-10-09 23:00:11.597   Successfully installed the file.
2026-10-09 23:00:11.597   -- File entry --
2026-10-09 23:00:11.597   Dest filename: D:\a\_temp\agym-c64-38001250527-5872-u8q4q801\client\Recepcion\_internal\postgrest\py.typed
2026-10-09 23:00:11.597   Time stamp of our file: 2026-10-09 22:58:06.000
2026-10-09 23:00:11.597   Dest file exists.
2026-10-09 23:00:11.597   Time stamp of existing file: 2026-10-09 22:58:06.000
2026-10-09 23:00:11.597   Installing the file.
2026-10-09 23:00:11.597   Successfully installed the file.
2026-10-09 23:00:11.597   -- File entry --
2026-10-09 23:00:11.597   Dest filename: D:\a\_temp\agym-c64-38001250527-5872-u8q4q801\client\Recepcion\_internal\postgrest\types.py
2026-10-09 23:00:11.597   Time stamp of our file: 2026-10-09 22:58:06.000
2026-10-09 23:00:11.597   Dest file exists.
2026-10-09 23:00:11.597   Time stamp of existing file: 2026-10-09 22:58:06.000
2026-10-09 23:00:11.597   Installing the file.
2026-10-09 23:00:11.597   Successfully installed the file.
2026-10-09 23:00:11.597   -- File entry --
2026-10-09 23:00:11.597   Dest filename: D:\a\_temp\agym-c64-38001250527-5872-u8q4q801\client\Recepcion\_internal\postgrest\utils.py
2026-10-09 23:00:11.597   Time stamp of our file: 2026-10-09 22:58:06.000
2026-10-09 23:00:11.597   Dest file exists.
2026-10-09 23:00:11.597   Time stamp of existing file: 2026-10-09 22:58:06.000
2026-10-09 23:00:11.597   Installing the file.
2026-10-09 23:00:11.597   Successfully installed the file.
2026-10-09 23:00:11.597   -- File entry --
2026-10-09 23:00:11.597   Dest filename: D:\a\_temp\agym-c64-38001250527-5872-u8q4q801\client\Recepcion\_internal\postgrest\version.py
2026-10-09 23:00:11.597   Time stamp of our file: 2026-10-09 22:58:06.000
2026-10-09 23:00:11.597   Dest file exists.
2026-10-09 23:00:11.597   Time stamp of existing file: 2026-10-09 22:58:06.000
2026-10-09 23:00:11.597   Installing the file.
2026-10-09 23:00:11.597   Successfully installed the file.
2026-10-09 23:00:11.597   -- File entry --
2026-10-09 23:00:11.597   Dest filename: D:\a\_temp\agym-c64-38001250527-5872-u8q4q801\client\Recepcion\_internal\postgrest\__init__.py
2026-10-09 23:00:11.597   Time stamp of our file: 2026-10-09 22:58:06.000
2026-10-09 23:00:11.597   Dest file exists.
2026-10-09 23:00:11.597   Time stamp of existing file: 2026-10-09 22:58:06.000
2026-10-09 23:00:11.597   Installing the file.
2026-10-09 23:00:11.597   Successfully installed the file.
2026-10-09 23:00:11.597   -- File entry --
2026-10-09 23:00:11.597   Dest filename: D:\a\_temp\agym-c64-38001250527-5872-u8q4q801\client\Recepcion\_internal\postgrest\_async\client.py
2026-10-09 23:00:11.597   Time stamp of our file: 2026-10-09 22:58:06.000
2026-10-09 23:00:11.597   Dest file exists.
2026-10-09 23:00:11.597   Time stamp of existing file: 2026-10-09 22:58:06.000
2026-10-09 23:00:11.597   Installing the file.
2026-10-09 23:00:11.597   Successfully installed the file.
2026-10-09 23:00:11.597   -- File entry --
2026-10-09 23:00:11.597   Dest filename: D:\a\_temp\agym-c64-38001250527-5872-u8q4q801\client\Recepcion\_internal\postgrest\_async\request_builder.py
2026-10-09 23:00:11.597   Time stamp of our file: 2026-10-09 22:58:06.000
2026-10-09 23:00:11.597   Dest file exists.
2026-10-09 23:00:11.597   Time stamp of existing file: 2026-10-09 22:58:06.000
2026-10-09 23:00:11.597   Installing the file.
2026-10-09 23:00:11.597   Successfully installed the file.
2026-10-09 23:00:11.597   -- File entry --
2026-10-09 23:00:11.597   Dest filename: D:\a\_temp\agym-c64-38001250527-5872-u8q4q801\client\Recepcion\_internal\postgrest\_async\__init__.py
2026-10-09 23:00:11.597   Time stamp of our file: 2026-10-09 22:58:06.000
2026-10-09 23:00:11.597   Dest file exists.
2026-10-09 23:00:11.597   Time stamp of existing file: 2026-10-09 22:58:06.000
2026-10-09 23:00:11.597   Installing the file.
2026-10-09 23:00:11.597   Successfully installed the file.
2026-10-09 23:00:11.597   -- File entry --
2026-10-09 23:00:11.597   Dest filename: D:\a\_temp\agym-c64-38001250527-5872-u8q4q801\client\Recepcion\_internal\postgrest\_sync\client.py
2026-10-09 23:00:11.597   Time stamp of our file: 2026-10-09 22:58:06.000
2026-10-09 23:00:11.597   Dest file exists.
2026-10-09 23:00:11.597   Time stamp of existing file: 2026-10-09 22:58:06.000
2026-10-09 23:00:11.597   Installing the file.
2026-10-09 23:00:11.597   Successfully installed the file.
2026-10-09 23:00:11.597   -- File entry --
2026-10-09 23:00:11.597   Dest filename: D:\a\_temp\agym-c64-38001250527-5872-u8q4q801\client\Recepcion\_internal\postgrest\_sync\request_builder.py
2026-10-09 23:00:11.597   Time stamp of our file: 2026-10-09 22:58:06.000
2026-10-09 23:00:11.597   Dest file exists.
2026-10-09 23:00:11.597   Time stamp of existing file: 2026-10-09 22:58:06.000
2026-10-09 23:00:11.597   Installing the file.
2026-10-09 23:00:11.597   Successfully installed the file.
2026-10-09 23:00:11.597   -- File entry --
2026-10-09 23:00:11.597   Dest filename: D:\a\_temp\agym-c64-38001250527-5872-u8q4q801\client\Recepcion\_internal\postgrest\_sync\__init__.py
2026-10-09 23:00:11.597   Time stamp of our file: 2026-10-09 22:58:06.000
2026-10-09 23:00:11.597   Dest file exists.
2026-10-09 23:00:11.597   Time stamp of existing file: 2026-10-09 22:58:06.000
2026-10-09 23:00:11.597   Installing the file.
2026-10-09 23:00:11.597   Successfully installed the file.
2026-10-09 23:00:11.597   -- File entry --
2026-10-09 23:00:11.597   Dest filename: D:\a\_temp\agym-c64-38001250527-5872-u8q4q801\client\Recepcion\_internal\postgrest-2.31.0.dist-info\INSTALLER
2026-10-09 23:00:11.597   Time stamp of our file: 2026-10-09 22:58:06.000
2026-10-09 23:00:11.597   Dest file exists.
2026-10-09 23:00:11.597   Time stamp of existing file: 2026-10-09 22:58:06.000
2026-10-09 23:00:11.597   Installing the file.
2026-10-09 23:00:11.597   Successfully installed the file.
2026-10-09 23:00:11.597   -- File entry --
2026-10-09 23:00:11.597   Dest filename: D:\a\_temp\agym-c64-38001250527-5872-u8q4q801\client\Recepcion\_internal\postgrest-2.31.0.dist-info\METADATA
2026-10-09 23:00:11.597   Time stamp of our file: 2026-10-09 22:58:06.000
2026-10-09 23:00:11.597   Dest file exists.
2026-10-09 23:00:11.597   Time stamp of existing file: 2026-10-09 22:58:06.000
2026-10-09 23:00:11.597   Installing the file.
2026-10-09 23:00:11.597   Successfully installed the file.
2026-10-09 23:00:11.597   -- File entry --
2026-10-09 23:00:11.597   Dest filename: D:\a\_temp\agym-c64-38001250527-5872-u8q4q801\client\Recepcion\_internal\postgrest-2.31.0.dist-info\RECORD
2026-10-09 23:00:11.597   Time stamp of our file: 2026-10-09 22:58:06.000
2026-10-09 23:00:11.597   Dest file exists.
2026-10-09 23:00:11.597   Time stamp of existing file: 2026-10-09 22:58:06.000
2026-10-09 23:00:11.597   Installing the file.
2026-10-09 23:00:11.597   Successfully installed the file.
2026-10-09 23:00:11.597   -- File entry --
2026-10-09 23:00:11.597   Dest filename: D:\a\_temp\agym-c64-38001250527-5872-u8q4q801\client\Recepcion\_internal\postgrest-2.31.0.dist-info\WHEEL
2026-10-09 23:00:11.597   Time stamp of our file: 2026-10-09 22:58:06.000
2026-10-09 23:00:11.597   Dest file exists.
2026-10-09 23:00:11.597   Time stamp of existing file: 2026-10-09 22:58:06.000
2026-10-09 23:00:11.597   Installing the file.
2026-10-09 23:00:11.597   Successfully installed the file.
2026-10-09 23:00:11.597   -- File entry --
2026-10-09 23:00:11.597   Dest filename: D:\a\_temp\agym-c64-38001250527-5872-u8q4q801\client\Recepcion\_internal\propcache\_helpers_c.cp314-win_amd64.pyd
2026-10-09 23:00:11.597   Time stamp of our file: 2026-10-09 22:58:06.000
2026-10-09 23:00:11.597   Dest file exists.
2026-10-09 23:00:11.597   Time stamp of existing file: 2026-10-09 22:58:06.000
2026-10-09 23:00:11.597   Installing the file.
2026-10-09 23:00:11.597   Successfully installed the file.
2026-10-09 23:00:11.597   -- File entry --
2026-10-09 23:00:11.597   Dest filename: D:\a\_temp\agym-c64-38001250527-5872-u8q4q801\client\Recepcion\_internal\pydantic-2.14.0.dist-info\INSTALLER
2026-10-09 23:00:11.597   Time stamp of our file: 2026-10-09 22:58:06.000
2026-10-09 23:00:11.597   Dest file exists.
2026-10-09 23:00:11.597   Time stamp of existing file: 2026-10-09 22:58:06.000
2026-10-09 23:00:11.597   Installing the file.
2026-10-09 23:00:11.612   Successfully installed the file.
2026-10-09 23:00:11.612   -- File entry --
2026-10-09 23:00:11.612   Dest filename: D:\a\_temp\agym-c64-38001250527-5872-u8q4q801\client\Recepcion\_internal\pydantic-2.14.0.dist-info\METADATA
2026-10-09 23:00:11.612   Time stamp of our file: 2026-10-09 22:58:06.000
2026-10-09 23:00:11.612   Dest file exists.
2026-10-09 23:00:11.612   Time stamp of existing file: 2026-10-09 22:58:06.000
2026-10-09 23:00:11.612   Installing the file.
2026-10-09 23:00:11.612   Successfully installed the file.
2026-10-09 23:00:11.612   -- File entry --
2026-10-09 23:00:11.612   Dest filename: D:\a\_temp\agym-c64-38001250527-5872-u8q4q801\client\Recepcion\_internal\pydantic-2.14.0.dist-info\RECORD
2026-10-09 23:00:11.612   Time stamp of our file: 2026-10-09 22:58:06.000
2026-10-09 23:00:11.612   Dest file exists.
2026-10-09 23:00:11.612   Time stamp of existing file: 2026-10-09 22:58:06.000
2026-10-09 23:00:11.612   Installing the file.
2026-10-09 23:00:11.612   Successfully installed the file.
2026-10-09 23:00:11.612   -- File entry --
2026-10-09 23:00:11.612   Dest filename: D:\a\_temp\agym-c64-38001250527-5872-u8q4q801\client\Recepcion\_internal\pydantic-2.14.0.dist-info\WHEEL
2026-10-09 23:00:11.612   Time stamp of our file: 2026-10-09 22:58:06.000
2026-10-09 23:00:11.612   Dest file exists.
2026-10-09 23:00:11.612   Time stamp of existing file: 2026-10-09 22:58:06.000
2026-10-09 23:00:11.612   Installing the file.
2026-10-09 23:00:11.612   Successfully installed the file.
2026-10-09 23:00:11.612   -- File entry --
2026-10-09 23:00:11.612   Dest filename: D:\a\_temp\agym-c64-38001250527-5872-u8q4q801\client\Recepcion\_internal\pydantic-2.14.0.dist-info\licenses\LICENSE
2026-10-09 23:00:11.612   Time stamp of our file: 2026-10-09 22:58:06.000
2026-10-09 23:00:11.612   Dest file exists.
2026-10-09 23:00:11.612   Time stamp of existing file: 2026-10-09 22:58:06.000
2026-10-09 23:00:11.612   Installing the file.
2026-10-09 23:00:11.612   Successfully installed the file.
2026-10-09 23:00:11.612   -- File entry --
2026-10-09 23:00:11.612   Dest filename: D:\a\_temp\agym-c64-38001250527-5872-u8q4q801\client\Recepcion\_internal\pydantic_core\_pydantic_core.cp314-win_amd64.pyd
2026-10-09 23:00:11.612   Time stamp of our file: 2026-10-09 22:58:06.000
2026-10-09 23:00:11.612   Dest file exists.
2026-10-09 23:00:11.612   Time stamp of existing file: 2026-10-09 22:58:06.000
2026-10-09 23:00:11.612   Installing the file.
2026-10-09 23:00:11.753   Successfully installed the file.
2026-10-09 23:00:11.753   -- File entry --
2026-10-09 23:00:11.753   Dest filename: D:\a\_temp\agym-c64-38001250527-5872-u8q4q801\client\Recepcion\_internal\realtime\exceptions.py
2026-10-09 23:00:11.753   Time stamp of our file: 2026-10-09 22:58:06.000
2026-10-09 23:00:11.753   Dest file exists.
2026-10-09 23:00:11.753   Time stamp of existing file: 2026-10-09 22:58:06.000
2026-10-09 23:00:11.753   Installing the file.
2026-10-09 23:00:11.753   Successfully installed the file.
2026-10-09 23:00:11.753   -- File entry --
2026-10-09 23:00:11.753   Dest filename: D:\a\_temp\agym-c64-38001250527-5872-u8q4q801\client\Recepcion\_internal\realtime\message.py
2026-10-09 23:00:11.753   Time stamp of our file: 2026-10-09 22:58:06.000
2026-10-09 23:00:11.753   Dest file exists.
2026-10-09 23:00:11.753   Time stamp of existing file: 2026-10-09 22:58:06.000
2026-10-09 23:00:11.753   Installing the file.
2026-10-09 23:00:11.753   Successfully installed the file.
2026-10-09 23:00:11.753   -- File entry --
2026-10-09 23:00:11.753   Dest filename: D:\a\_temp\agym-c64-38001250527-5872-u8q4q801\client\Recepcion\_internal\realtime\py.typed
2026-10-09 23:00:11.753   Time stamp of our file: 2026-10-09 22:58:06.000
2026-10-09 23:00:11.753   Dest file exists.
2026-10-09 23:00:11.753   Time stamp of existing file: 2026-10-09 22:58:06.000
2026-10-09 23:00:11.753   Installing the file.
2026-10-09 23:00:11.753   Successfully installed the file.
2026-10-09 23:00:11.753   -- File entry --
2026-10-09 23:00:11.753   Dest filename: D:\a\_temp\agym-c64-38001250527-5872-u8q4q801\client\Recepcion\_internal\realtime\transformers.py
2026-10-09 23:00:11.753   Time stamp of our file: 2026-10-09 22:58:06.000
2026-10-09 23:00:11.753   Dest file exists.
2026-10-09 23:00:11.753   Time stamp of existing file: 2026-10-09 22:58:06.000
2026-10-09 23:00:11.753   Installing the file.
2026-10-09 23:00:11.753   Successfully installed the file.
2026-10-09 23:00:11.753   -- File entry --
2026-10-09 23:00:11.753   Dest filename: D:\a\_temp\agym-c64-38001250527-5872-u8q4q801\client\Recepcion\_internal\realtime\types.py
2026-10-09 23:00:11.753   Time stamp of our file: 2026-10-09 22:58:06.000
2026-10-09 23:00:11.753   Dest file exists.
2026-10-09 23:00:11.753   Time stamp of existing file: 2026-10-09 22:58:06.000
2026-10-09 23:00:11.753   Installing the file.
2026-10-09 23:00:11.753   Successfully installed the file.
2026-10-09 23:00:11.753   -- File entry --
2026-10-09 23:00:11.753   Dest filename: D:\a\_temp\agym-c64-38001250527-5872-u8q4q801\client\Recepcion\_internal\realtime\utils.py
2026-10-09 23:00:11.753   Time stamp of our file: 2026-10-09 22:58:06.000
2026-10-09 23:00:11.753   Dest file exists.
2026-10-09 23:00:11.753   Time stamp of existing file: 2026-10-09 22:58:06.000
2026-10-09 23:00:11.753   Installing the file.
2026-10-09 23:00:11.753   Successfully installed the file.
2026-10-09 23:00:11.753   -- File entry --
2026-10-09 23:00:11.753   Dest filename: D:\a\_temp\agym-c64-38001250527-5872-u8q4q801\client\Recepcion\_internal\realtime\version.py
2026-10-09 23:00:11.753   Time stamp of our file: 2026-10-09 22:58:06.000
2026-10-09 23:00:11.753   Dest file exists.
2026-10-09 23:00:11.753   Time stamp of existing file: 2026-10-09 22:58:06.000
2026-10-09 23:00:11.753   Installing the file.
2026-10-09 23:00:11.753   Successfully installed the file.
2026-10-09 23:00:11.753   -- File entry --
2026-10-09 23:00:11.753   Dest filename: D:\a\_temp\agym-c64-38001250527-5872-u8q4q801\client\Recepcion\_internal\realtime\__init__.py
2026-10-09 23:00:11.753   Time stamp of our file: 2026-10-09 22:58:06.000
2026-10-09 23:00:11.753   Dest file exists.
2026-10-09 23:00:11.753   Time stamp of existing file: 2026-10-09 22:58:06.000
2026-10-09 23:00:11.753   Installing the file.
2026-10-09 23:00:11.753   Successfully installed the file.
2026-10-09 23:00:11.753   -- File entry --
2026-10-09 23:00:11.753   Dest filename: D:\a\_temp\agym-c64-38001250527-5872-u8q4q801\client\Recepcion\_internal\realtime\_async\channel.py
2026-10-09 23:00:11.753   Time stamp of our file: 2026-10-09 22:58:06.000
2026-10-09 23:00:11.753   Dest file exists.
2026-10-09 23:00:11.753   Time stamp of existing file: 2026-10-09 22:58:06.000
2026-10-09 23:00:11.753   Installing the file.
2026-10-09 23:00:11.753   Successfully installed the file.
2026-10-09 23:00:11.753   -- File entry --
2026-10-09 23:00:11.753   Dest filename: D:\a\_temp\agym-c64-38001250527-5872-u8q4q801\client\Recepcion\_internal\realtime\_async\client.py
2026-10-09 23:00:11.753   Time stamp of our file: 2026-10-09 22:58:06.000
2026-10-09 23:00:11.753   Dest file exists.
2026-10-09 23:00:11.753   Time stamp of existing file: 2026-10-09 22:58:06.000
2026-10-09 23:00:11.753   Installing the file.
2026-10-09 23:00:11.753   Successfully installed the file.
2026-10-09 23:00:11.753   -- File entry --
2026-10-09 23:00:11.753   Dest filename: D:\a\_temp\agym-c64-38001250527-5872-u8q4q801\client\Recepcion\_internal\realtime\_async\presence.py
2026-10-09 23:00:11.753   Time stamp of our file: 2026-10-09 22:58:06.000
2026-10-09 23:00:11.753   Dest file exists.
2026-10-09 23:00:11.753   Time stamp of existing file: 2026-10-09 22:58:06.000
2026-10-09 23:00:11.753   Installing the file.
2026-10-09 23:00:11.753   Successfully installed the file.
2026-10-09 23:00:11.753   -- File entry --
2026-10-09 23:00:11.753   Dest filename: D:\a\_temp\agym-c64-38001250527-5872-u8q4q801\client\Recepcion\_internal\realtime\_async\push.py
2026-10-09 23:00:11.753   Time stamp of our file: 2026-10-09 22:58:06.000
2026-10-09 23:00:11.753   Dest file exists.
2026-10-09 23:00:11.753   Time stamp of existing file: 2026-10-09 22:58:06.000
2026-10-09 23:00:11.753   Installing the file.
2026-10-09 23:00:11.753   Successfully installed the file.
2026-10-09 23:00:11.753   -- File entry --
2026-10-09 23:00:11.753   Dest filename: D:\a\_temp\agym-c64-38001250527-5872-u8q4q801\client\Recepcion\_internal\realtime\_async\timer.py
2026-10-09 23:00:11.753   Time stamp of our file: 2026-10-09 22:58:06.000
2026-10-09 23:00:11.753   Dest file exists.
2026-10-09 23:00:11.753   Time stamp of existing file: 2026-10-09 22:58:06.000
2026-10-09 23:00:11.753   Installing the file.
2026-10-09 23:00:11.753   Successfully installed the file.
2026-10-09 23:00:11.753   -- File entry --
2026-10-09 23:00:11.753   Dest filename: D:\a\_temp\agym-c64-38001250527-5872-u8q4q801\client\Recepcion\_internal\realtime\_async\__init__.py
2026-10-09 23:00:11.753   Time stamp of our file: 2026-10-09 22:58:06.000
2026-10-09 23:00:11.753   Dest file exists.
2026-10-09 23:00:11.753   Time stamp of existing file: 2026-10-09 22:58:06.000
2026-10-09 23:00:11.753   Installing the file.
2026-10-09 23:00:11.753   Successfully installed the file.
2026-10-09 23:00:11.753   -- File entry --
2026-10-09 23:00:11.753   Dest filename: D:\a\_temp\agym-c64-38001250527-5872-u8q4q801\client\Recepcion\_internal\realtime\_sync\channel.py
2026-10-09 23:00:11.753   Time stamp of our file: 2026-10-09 22:58:06.000
2026-10-09 23:00:11.753   Dest file exists.
2026-10-09 23:00:11.753   Time stamp of existing file: 2026-10-09 22:58:06.000
2026-10-09 23:00:11.753   Installing the file.
2026-10-09 23:00:11.753   Successfully installed the file.
2026-10-09 23:00:11.753   -- File entry --
2026-10-09 23:00:11.753   Dest filename: D:\a\_temp\agym-c64-38001250527-5872-u8q4q801\client\Recepcion\_internal\realtime\_sync\client.py
2026-10-09 23:00:11.753   Time stamp of our file: 2026-10-09 22:58:06.000
2026-10-09 23:00:11.753   Dest file exists.
2026-10-09 23:00:11.753   Time stamp of existing file: 2026-10-09 22:58:06.000
2026-10-09 23:00:11.753   Installing the file.
2026-10-09 23:00:11.753   Successfully installed the file.
2026-10-09 23:00:11.753   -- File entry --
2026-10-09 23:00:11.753   Dest filename: D:\a\_temp\agym-c64-38001250527-5872-u8q4q801\client\Recepcion\_internal\realtime\_sync\presence.py
2026-10-09 23:00:11.753   Time stamp of our file: 2026-10-09 22:58:06.000
2026-10-09 23:00:11.753   Dest file exists.
2026-10-09 23:00:11.753   Time stamp of existing file: 2026-10-09 22:58:06.000
2026-10-09 23:00:11.753   Installing the file.
2026-10-09 23:00:11.753   Successfully installed the file.
2026-10-09 23:00:11.753   -- File entry --
2026-10-09 23:00:11.753   Dest filename: D:\a\_temp\agym-c64-38001250527-5872-u8q4q801\client\Recepcion\_internal\realtime\_sync\__init__.py
2026-10-09 23:00:11.753   Time stamp of our file: 2026-10-09 22:58:06.000
2026-10-09 23:00:11.753   Dest file exists.
2026-10-09 23:00:11.753   Time stamp of existing file: 2026-10-09 22:58:06.000
2026-10-09 23:00:11.753   Installing the file.
2026-10-09 23:00:11.753   Successfully installed the file.
2026-10-09 23:00:11.753   -- File entry --
2026-10-09 23:00:11.753   Dest filename: D:\a\_temp\agym-c64-38001250527-5872-u8q4q801\client\Recepcion\_internal\realtime-2.31.0.dist-info\INSTALLER
2026-10-09 23:00:11.753   Time stamp of our file: 2026-10-09 22:58:06.000
2026-10-09 23:00:11.753   Dest file exists.
2026-10-09 23:00:11.753   Time stamp of existing file: 2026-10-09 22:58:06.000
2026-10-09 23:00:11.753   Installing the file.
2026-10-09 23:00:11.753   Successfully installed the file.
2026-10-09 23:00:11.753   -- File entry --
2026-10-09 23:00:11.753   Dest filename: D:\a\_temp\agym-c64-38001250527-5872-u8q4q801\client\Recepcion\_internal\realtime-2.31.0.dist-info\METADATA
2026-10-09 23:00:11.753   Time stamp of our file: 2026-10-09 22:58:06.000
2026-10-09 23:00:11.753   Dest file exists.
2026-10-09 23:00:11.769   Time stamp of existing file: 2026-10-09 22:58:06.000
2026-10-09 23:00:11.769   Installing the file.
2026-10-09 23:00:11.769   Successfully installed the file.
2026-10-09 23:00:11.769   -- File entry --
2026-10-09 23:00:11.769   Dest filename: D:\a\_temp\agym-c64-38001250527-5872-u8q4q801\client\Recepcion\_internal\realtime-2.31.0.dist-info\RECORD
2026-10-09 23:00:11.769   Time stamp of our file: 2026-10-09 22:58:06.000
2026-10-09 23:00:11.769   Dest file exists.
2026-10-09 23:00:11.769   Time stamp of existing file: 2026-10-09 22:58:06.000
2026-10-09 23:00:11.769   Installing the file.
2026-10-09 23:00:11.769   Successfully installed the file.
2026-10-09 23:00:11.769   -- File entry --
2026-10-09 23:00:11.769   Dest filename: D:\a\_temp\agym-c64-38001250527-5872-u8q4q801\client\Recepcion\_internal\realtime-2.31.0.dist-info\WHEEL
2026-10-09 23:00:11.769   Time stamp of our file: 2026-10-09 22:58:06.000
2026-10-09 23:00:11.769   Dest file exists.
2026-10-09 23:00:11.769   Time stamp of existing file: 2026-10-09 22:58:06.000
2026-10-09 23:00:11.769   Installing the file.
2026-10-09 23:00:11.769   Successfully installed the file.
2026-10-09 23:00:11.769   -- File entry --
2026-10-09 23:00:11.769   Dest filename: D:\a\_temp\agym-c64-38001250527-5872-u8q4q801\client\Recepcion\_internal\setuptools\_vendor\jaraco\text\Lorem ipsum.txt
2026-10-09 23:00:11.769   Time stamp of our file: 2026-10-09 22:58:06.000
2026-10-09 23:00:11.769   Dest file exists.
2026-10-09 23:00:11.769   Time stamp of existing file: 2026-10-09 22:58:06.000
2026-10-09 23:00:11.769   Installing the file.
2026-10-09 23:00:11.769   Successfully installed the file.
2026-10-09 23:00:11.769   -- File entry --
2026-10-09 23:00:11.769   Dest filename: D:\a\_temp\agym-c64-38001250527-5872-u8q4q801\client\Recepcion\_internal\supabase\client.py
2026-10-09 23:00:11.769   Time stamp of our file: 2026-10-09 22:58:06.000
2026-10-09 23:00:11.769   Dest file exists.
2026-10-09 23:00:11.769   Time stamp of existing file: 2026-10-09 22:58:06.000
2026-10-09 23:00:11.769   Installing the file.
2026-10-09 23:00:11.769   Successfully installed the file.
2026-10-09 23:00:11.769   -- File entry --
2026-10-09 23:00:11.769   Dest filename: D:\a\_temp\agym-c64-38001250527-5872-u8q4q801\client\Recepcion\_internal\supabase\py.typed
2026-10-09 23:00:11.769   Time stamp of our file: 2026-10-09 22:58:06.000
2026-10-09 23:00:11.769   Dest file exists.
2026-10-09 23:00:11.769   Time stamp of existing file: 2026-10-09 22:58:06.000
2026-10-09 23:00:11.769   Installing the file.
2026-10-09 23:00:11.769   Successfully installed the file.
2026-10-09 23:00:11.769   -- File entry --
2026-10-09 23:00:11.769   Dest filename: D:\a\_temp\agym-c64-38001250527-5872-u8q4q801\client\Recepcion\_internal\supabase\types.py
2026-10-09 23:00:11.769   Time stamp of our file: 2026-10-09 22:58:06.000
2026-10-09 23:00:11.769   Dest file exists.
2026-10-09 23:00:11.769   Time stamp of existing file: 2026-10-09 22:58:06.000
2026-10-09 23:00:11.769   Installing the file.
2026-10-09 23:00:11.769   Successfully installed the file.
2026-10-09 23:00:11.769   -- File entry --
2026-10-09 23:00:11.769   Dest filename: D:\a\_temp\agym-c64-38001250527-5872-u8q4q801\client\Recepcion\_internal\supabase\version.py
2026-10-09 23:00:11.769   Time stamp of our file: 2026-10-09 22:58:06.000
2026-10-09 23:00:11.769   Dest file exists.
2026-10-09 23:00:11.769   Time stamp of existing file: 2026-10-09 22:58:06.000
2026-10-09 23:00:11.769   Installing the file.
2026-10-09 23:00:11.769   Successfully installed the file.
2026-10-09 23:00:11.769   -- File entry --
2026-10-09 23:00:11.769   Dest filename: D:\a\_temp\agym-c64-38001250527-5872-u8q4q801\client\Recepcion\_internal\supabase\__init__.py
2026-10-09 23:00:11.769   Time stamp of our file: 2026-10-09 22:58:06.000
2026-10-09 23:00:11.769   Dest file exists.
2026-10-09 23:00:11.769   Time stamp of existing file: 2026-10-09 22:58:06.000
2026-10-09 23:00:11.769   Installing the file.
2026-10-09 23:00:11.769   Successfully installed the file.
2026-10-09 23:00:11.769   -- File entry --
2026-10-09 23:00:11.769   Dest filename: D:\a\_temp\agym-c64-38001250527-5872-u8q4q801\client\Recepcion\_internal\supabase\lib\client_options.py
2026-10-09 23:00:11.769   Time stamp of our file: 2026-10-09 22:58:06.000
2026-10-09 23:00:11.769   Dest file exists.
2026-10-09 23:00:11.769   Time stamp of existing file: 2026-10-09 22:58:06.000
2026-10-09 23:00:11.769   Installing the file.
2026-10-09 23:00:11.769   Successfully installed the file.
2026-10-09 23:00:11.769   -- File entry --
2026-10-09 23:00:11.769   Dest filename: D:\a\_temp\agym-c64-38001250527-5872-u8q4q801\client\Recepcion\_internal\supabase\lib\__init__.py
2026-10-09 23:00:11.769   Time stamp of our file: 2026-10-09 22:58:06.000
2026-10-09 23:00:11.769   Dest file exists.
2026-10-09 23:00:11.769   Time stamp of existing file: 2026-10-09 22:58:06.000
2026-10-09 23:00:11.769   Installing the file.
2026-10-09 23:00:11.769   Successfully installed the file.
2026-10-09 23:00:11.769   -- File entry --
2026-10-09 23:00:11.769   Dest filename: D:\a\_temp\agym-c64-38001250527-5872-u8q4q801\client\Recepcion\_internal\supabase\_async\auth_client.py
2026-10-09 23:00:11.769   Time stamp of our file: 2026-10-09 22:58:06.000
2026-10-09 23:00:11.769   Dest file exists.
2026-10-09 23:00:11.769   Time stamp of existing file: 2026-10-09 22:58:06.000
2026-10-09 23:00:11.769   Installing the file.
2026-10-09 23:00:11.769   Successfully installed the file.
2026-10-09 23:00:11.769   -- File entry --
2026-10-09 23:00:11.769   Dest filename: D:\a\_temp\agym-c64-38001250527-5872-u8q4q801\client\Recepcion\_internal\supabase\_async\client.py
2026-10-09 23:00:11.769   Time stamp of our file: 2026-10-09 22:58:06.000
2026-10-09 23:00:11.769   Dest file exists.
2026-10-09 23:00:11.769   Time stamp of existing file: 2026-10-09 22:58:06.000
2026-10-09 23:00:11.769   Installing the file.
2026-10-09 23:00:11.769   Successfully installed the file.
2026-10-09 23:00:11.769   -- File entry --
2026-10-09 23:00:11.769   Dest filename: D:\a\_temp\agym-c64-38001250527-5872-u8q4q801\client\Recepcion\_internal\supabase\_async\__init__.py
2026-10-09 23:00:11.769   Time stamp of our file: 2026-10-09 22:58:06.000
2026-10-09 23:00:11.769   Dest file exists.
2026-10-09 23:00:11.769   Time stamp of existing file: 2026-10-09 22:58:06.000
2026-10-09 23:00:11.769   Installing the file.
2026-10-09 23:00:11.769   Successfully installed the file.
2026-10-09 23:00:11.769   -- File entry --
2026-10-09 23:00:11.769   Dest filename: D:\a\_temp\agym-c64-38001250527-5872-u8q4q801\client\Recepcion\_internal\supabase\_sync\auth_client.py
2026-10-09 23:00:11.769   Time stamp of our file: 2026-10-09 22:58:06.000
2026-10-09 23:00:11.769   Dest file exists.
2026-10-09 23:00:11.769   Time stamp of existing file: 2026-10-09 22:58:06.000
2026-10-09 23:00:11.769   Installing the file.
2026-10-09 23:00:11.769   Successfully installed the file.
2026-10-09 23:00:11.769   -- File entry --
2026-10-09 23:00:11.769   Dest filename: D:\a\_temp\agym-c64-38001250527-5872-u8q4q801\client\Recepcion\_internal\supabase\_sync\client.py
2026-10-09 23:00:11.769   Time stamp of our file: 2026-10-09 22:58:06.000
2026-10-09 23:00:11.769   Dest file exists.
2026-10-09 23:00:11.769   Time stamp of existing file: 2026-10-09 22:58:06.000
2026-10-09 23:00:11.769   Installing the file.
2026-10-09 23:00:11.769   Successfully installed the file.
2026-10-09 23:00:11.769   -- File entry --
2026-10-09 23:00:11.769   Dest filename: D:\a\_temp\agym-c64-38001250527-5872-u8q4q801\client\Recepcion\_internal\supabase\_sync\__init__.py
2026-10-09 23:00:11.769   Time stamp of our file: 2026-10-09 22:58:06.000
2026-10-09 23:00:11.769   Dest file exists.
2026-10-09 23:00:11.769   Time stamp of existing file: 2026-10-09 22:58:06.000
2026-10-09 23:00:11.769   Installing the file.
2026-10-09 23:00:11.769   Successfully installed the file.
2026-10-09 23:00:11.769   -- File entry --
2026-10-09 23:00:11.769   Dest filename: D:\a\_temp\agym-c64-38001250527-5872-u8q4q801\client\Recepcion\_internal\supabase-2.31.0.dist-info\INSTALLER
2026-10-09 23:00:11.769   Time stamp of our file: 2026-10-09 22:58:06.000
2026-10-09 23:00:11.769   Dest file exists.
2026-10-09 23:00:11.769   Time stamp of existing file: 2026-10-09 22:58:06.000
2026-10-09 23:00:11.769   Installing the file.
2026-10-09 23:00:11.769   Successfully installed the file.
2026-10-09 23:00:11.769   -- File entry --
2026-10-09 23:00:11.769   Dest filename: D:\a\_temp\agym-c64-38001250527-5872-u8q4q801\client\Recepcion\_internal\supabase-2.31.0.dist-info\METADATA
2026-10-09 23:00:11.769   Time stamp of our file: 2026-10-09 22:58:06.000
2026-10-09 23:00:11.769   Dest file exists.
2026-10-09 23:00:11.769   Time stamp of existing file: 2026-10-09 22:58:06.000
2026-10-09 23:00:11.769   Installing the file.
2026-10-09 23:00:11.769   Successfully installed the file.
2026-10-09 23:00:11.769   -- File entry --
2026-10-09 23:00:11.769   Dest filename: D:\a\_temp\agym-c64-38001250527-5872-u8q4q801\client\Recepcion\_internal\supabase-2.31.0.dist-info\RECORD
2026-10-09 23:00:11.769   Time stamp of our file: 2026-10-09 22:58:06.000
2026-10-09 23:00:11.769   Dest file exists.
2026-10-09 23:00:11.769   Time stamp of existing file: 2026-10-09 22:58:06.000
2026-10-09 23:00:11.769   Installing the file.
2026-10-09 23:00:11.769   Successfully installed the file.
2026-10-09 23:00:11.769   -- File entry --
2026-10-09 23:00:11.769   Dest filename: D:\a\_temp\agym-c64-38001250527-5872-u8q4q801\client\Recepcion\_internal\supabase-2.31.0.dist-info\REQUESTED
2026-10-09 23:00:11.769   Time stamp of our file: 2026-10-09 22:58:06.000
2026-10-09 23:00:11.769   Dest file exists.
2026-10-09 23:00:11.769   Time stamp of existing file: 2026-10-09 22:58:06.000
2026-10-09 23:00:11.769   Installing the file.
2026-10-09 23:00:11.769   Successfully installed the file.
2026-10-09 23:00:11.769   -- File entry --
2026-10-09 23:00:11.769   Dest filename: D:\a\_temp\agym-c64-38001250527-5872-u8q4q801\client\Recepcion\_internal\supabase-2.31.0.dist-info\WHEEL
2026-10-09 23:00:11.769   Time stamp of our file: 2026-10-09 22:58:06.000
2026-10-09 23:00:11.769   Dest file exists.
2026-10-09 23:00:11.769   Time stamp of existing file: 2026-10-09 22:58:06.000
2026-10-09 23:00:11.769   Installing the file.
2026-10-09 23:00:11.769   Successfully installed the file.
2026-10-09 23:00:11.769   -- File entry --
2026-10-09 23:00:11.769   Dest filename: D:\a\_temp\agym-c64-38001250527-5872-u8q4q801\client\Recepcion\_internal\supabase-2.31.0.dist-info\licenses\LICENSE
2026-10-09 23:00:11.769   Time stamp of our file: 2026-10-09 22:58:06.000
2026-10-09 23:00:11.769   Dest file exists.
2026-10-09 23:00:11.769   Time stamp of existing file: 2026-10-09 22:58:06.000
2026-10-09 23:00:11.769   Installing the file.
2026-10-09 23:00:11.769   Successfully installed the file.
2026-10-09 23:00:11.769   -- File entry --
2026-10-09 23:00:11.769   Dest filename: D:\a\_temp\agym-c64-38001250527-5872-u8q4q801\client\Recepcion\_internal\supabase_auth\constants.py
2026-10-09 23:00:11.769   Time stamp of our file: 2026-10-09 22:58:06.000
2026-10-09 23:00:11.769   Dest file exists.
2026-10-09 23:00:11.769   Time stamp of existing file: 2026-10-09 22:58:06.000
2026-10-09 23:00:11.769   Installing the file.
2026-10-09 23:00:11.769   Successfully installed the file.
2026-10-09 23:00:11.769   -- File entry --
2026-10-09 23:00:11.769   Dest filename: D:\a\_temp\agym-c64-38001250527-5872-u8q4q801\client\Recepcion\_internal\supabase_auth\errors.py
2026-10-09 23:00:11.769   Time stamp of our file: 2026-10-09 22:58:06.000
2026-10-09 23:00:11.769   Dest file exists.
2026-10-09 23:00:11.769   Time stamp of existing file: 2026-10-09 22:58:06.000
2026-10-09 23:00:11.769   Installing the file.
2026-10-09 23:00:11.769   Successfully installed the file.
2026-10-09 23:00:11.769   -- File entry --
2026-10-09 23:00:11.769   Dest filename: D:\a\_temp\agym-c64-38001250527-5872-u8q4q801\client\Recepcion\_internal\supabase_auth\helpers.py
2026-10-09 23:00:11.769   Time stamp of our file: 2026-10-09 22:58:06.000
2026-10-09 23:00:11.769   Dest file exists.
2026-10-09 23:00:11.769   Time stamp of existing file: 2026-10-09 22:58:06.000
2026-10-09 23:00:11.769   Installing the file.
2026-10-09 23:00:11.769   Successfully installed the file.
2026-10-09 23:00:11.769   -- File entry --
2026-10-09 23:00:11.769   Dest filename: D:\a\_temp\agym-c64-38001250527-5872-u8q4q801\client\Recepcion\_internal\supabase_auth\py.typed
2026-10-09 23:00:11.769   Time stamp of our file: 2026-10-09 22:58:06.000
2026-10-09 23:00:11.769   Dest file exists.
2026-10-09 23:00:11.769   Time stamp of existing file: 2026-10-09 22:58:06.000
2026-10-09 23:00:11.769   Installing the file.
2026-10-09 23:00:11.769   Successfully installed the file.
2026-10-09 23:00:11.769   -- File entry --
2026-10-09 23:00:11.769   Dest filename: D:\a\_temp\agym-c64-38001250527-5872-u8q4q801\client\Recepcion\_internal\supabase_auth\timer.py
2026-10-09 23:00:11.769   Time stamp of our file: 2026-10-09 22:58:06.000
2026-10-09 23:00:11.769   Dest file exists.
2026-10-09 23:00:11.769   Time stamp of existing file: 2026-10-09 22:58:06.000
2026-10-09 23:00:11.769   Installing the file.
2026-10-09 23:00:11.784   Successfully installed the file.
2026-10-09 23:00:11.784   -- File entry --
2026-10-09 23:00:11.784   Dest filename: D:\a\_temp\agym-c64-38001250527-5872-u8q4q801\client\Recepcion\_internal\supabase_auth\types.py
2026-10-09 23:00:11.784   Time stamp of our file: 2026-10-09 22:58:06.000
2026-10-09 23:00:11.784   Dest file exists.
2026-10-09 23:00:11.784   Time stamp of existing file: 2026-10-09 22:58:06.000
2026-10-09 23:00:11.784   Installing the file.
2026-10-09 23:00:11.784   Successfully installed the file.
2026-10-09 23:00:11.784   -- File entry --
2026-10-09 23:00:11.784   Dest filename: D:\a\_temp\agym-c64-38001250527-5872-u8q4q801\client\Recepcion\_internal\supabase_auth\version.py
2026-10-09 23:00:11.784   Time stamp of our file: 2026-10-09 22:58:06.000
2026-10-09 23:00:11.784   Dest file exists.
2026-10-09 23:00:11.784   Time stamp of existing file: 2026-10-09 22:58:06.000
2026-10-09 23:00:11.784   Installing the file.
2026-10-09 23:00:11.784   Successfully installed the file.
2026-10-09 23:00:11.784   -- File entry --
2026-10-09 23:00:11.784   Dest filename: D:\a\_temp\agym-c64-38001250527-5872-u8q4q801\client\Recepcion\_internal\supabase_auth\__init__.py
2026-10-09 23:00:11.784   Time stamp of our file: 2026-10-09 22:58:06.000
2026-10-09 23:00:11.784   Dest file exists.
2026-10-09 23:00:11.784   Time stamp of existing file: 2026-10-09 22:58:06.000
2026-10-09 23:00:11.784   Installing the file.
2026-10-09 23:00:11.784   Successfully installed the file.
2026-10-09 23:00:11.784   -- File entry --
2026-10-09 23:00:11.784   Dest filename: D:\a\_temp\agym-c64-38001250527-5872-u8q4q801\client\Recepcion\_internal\supabase_auth\_async\gotrue_admin_api.py
2026-10-09 23:00:11.784   Time stamp of our file: 2026-10-09 22:58:06.000
2026-10-09 23:00:11.784   Dest file exists.
2026-10-09 23:00:11.784   Time stamp of existing file: 2026-10-09 22:58:06.000
2026-10-09 23:00:11.784   Installing the file.
2026-10-09 23:00:11.784   Successfully installed the file.
2026-10-09 23:00:11.784   -- File entry --
2026-10-09 23:00:11.784   Dest filename: D:\a\_temp\agym-c64-38001250527-5872-u8q4q801\client\Recepcion\_internal\supabase_auth\_async\gotrue_admin_mfa_api.py
2026-10-09 23:00:11.784   Time stamp of our file: 2026-10-09 22:58:06.000
2026-10-09 23:00:11.784   Dest file exists.
2026-10-09 23:00:11.784   Time stamp of existing file: 2026-10-09 22:58:06.000
2026-10-09 23:00:11.784   Installing the file.
2026-10-09 23:00:11.784   Successfully installed the file.
2026-10-09 23:00:11.784   -- File entry --
2026-10-09 23:00:11.784   Dest filename: D:\a\_temp\agym-c64-38001250527-5872-u8q4q801\client\Recepcion\_internal\supabase_auth\_async\gotrue_admin_oauth_api.py
2026-10-09 23:00:11.784   Time stamp of our file: 2026-10-09 22:58:06.000
2026-10-09 23:00:11.784   Dest file exists.
2026-10-09 23:00:11.784   Time stamp of existing file: 2026-10-09 22:58:06.000
2026-10-09 23:00:11.784   Installing the file.
2026-10-09 23:00:11.784   Successfully installed the file.
2026-10-09 23:00:11.784   -- File entry --
2026-10-09 23:00:11.784   Dest filename: D:\a\_temp\agym-c64-38001250527-5872-u8q4q801\client\Recepcion\_internal\supabase_auth\_async\gotrue_base_api.py
2026-10-09 23:00:11.784   Time stamp of our file: 2026-10-09 22:58:06.000
2026-10-09 23:00:11.784   Dest file exists.
2026-10-09 23:00:11.784   Time stamp of existing file: 2026-10-09 22:58:06.000
2026-10-09 23:00:11.784   Installing the file.
2026-10-09 23:00:11.784   Successfully installed the file.
2026-10-09 23:00:11.784   -- File entry --
2026-10-09 23:00:11.784   Dest filename: D:\a\_temp\agym-c64-38001250527-5872-u8q4q801\client\Recepcion\_internal\supabase_auth\_async\gotrue_client.py
2026-10-09 23:00:11.784   Time stamp of our file: 2026-10-09 22:58:06.000
2026-10-09 23:00:11.784   Dest file exists.
2026-10-09 23:00:11.784   Time stamp of existing file: 2026-10-09 22:58:06.000
2026-10-09 23:00:11.784   Installing the file.
2026-10-09 23:00:11.784   Successfully installed the file.
2026-10-09 23:00:11.784   -- File entry --
2026-10-09 23:00:11.784   Dest filename: D:\a\_temp\agym-c64-38001250527-5872-u8q4q801\client\Recepcion\_internal\supabase_auth\_async\gotrue_mfa_api.py
2026-10-09 23:00:11.784   Time stamp of our file: 2026-10-09 22:58:06.000
2026-10-09 23:00:11.784   Dest file exists.
2026-10-09 23:00:11.784   Time stamp of existing file: 2026-10-09 22:58:06.000
2026-10-09 23:00:11.784   Installing the file.
2026-10-09 23:00:11.784   Successfully installed the file.
2026-10-09 23:00:11.784   -- File entry --
2026-10-09 23:00:11.784   Dest filename: D:\a\_temp\agym-c64-38001250527-5872-u8q4q801\client\Recepcion\_internal\supabase_auth\_async\storage.py
2026-10-09 23:00:11.784   Time stamp of our file: 2026-10-09 22:58:06.000
2026-10-09 23:00:11.784   Dest file exists.
2026-10-09 23:00:11.784   Time stamp of existing file: 2026-10-09 22:58:06.000
2026-10-09 23:00:11.784   Installing the file.
2026-10-09 23:00:11.784   Successfully installed the file.
2026-10-09 23:00:11.784   -- File entry --
2026-10-09 23:00:11.784   Dest filename: D:\a\_temp\agym-c64-38001250527-5872-u8q4q801\client\Recepcion\_internal\supabase_auth\_async\__init__.py
2026-10-09 23:00:11.784   Time stamp of our file: 2026-10-09 22:58:06.000
2026-10-09 23:00:11.784   Dest file exists.
2026-10-09 23:00:11.784   Time stamp of existing file: 2026-10-09 22:58:06.000
2026-10-09 23:00:11.784   Installing the file.
2026-10-09 23:00:11.784   Successfully installed the file.
2026-10-09 23:00:11.784   -- File entry --
2026-10-09 23:00:11.784   Dest filename: D:\a\_temp\agym-c64-38001250527-5872-u8q4q801\client\Recepcion\_internal\supabase_auth\_sync\gotrue_admin_api.py
2026-10-09 23:00:11.784   Time stamp of our file: 2026-10-09 22:58:06.000
2026-10-09 23:00:11.784   Dest file exists.
2026-10-09 23:00:11.784   Time stamp of existing file: 2026-10-09 22:58:06.000
2026-10-09 23:00:11.784   Installing the file.
2026-10-09 23:00:11.784   Successfully installed the file.
2026-10-09 23:00:11.784   -- File entry --
2026-10-09 23:00:11.784   Dest filename: D:\a\_temp\agym-c64-38001250527-5872-u8q4q801\client\Recepcion\_internal\supabase_auth\_sync\gotrue_admin_mfa_api.py
2026-10-09 23:00:11.784   Time stamp of our file: 2026-10-09 22:58:06.000
2026-10-09 23:00:11.784   Dest file exists.
2026-10-09 23:00:11.784   Time stamp of existing file: 2026-10-09 22:58:06.000
2026-10-09 23:00:11.784   Installing the file.
2026-10-09 23:00:11.784   Successfully installed the file.
2026-10-09 23:00:11.784   -- File entry --
2026-10-09 23:00:11.784   Dest filename: D:\a\_temp\agym-c64-38001250527-5872-u8q4q801\client\Recepcion\_internal\supabase_auth\_sync\gotrue_admin_oauth_api.py
2026-10-09 23:00:11.784   Time stamp of our file: 2026-10-09 22:58:06.000
2026-10-09 23:00:11.784   Dest file exists.
2026-10-09 23:00:11.784   Time stamp of existing file: 2026-10-09 22:58:06.000
2026-10-09 23:00:11.784   Installing the file.
2026-10-09 23:00:11.784   Successfully installed the file.
2026-10-09 23:00:11.784   -- File entry --
2026-10-09 23:00:11.784   Dest filename: D:\a\_temp\agym-c64-38001250527-5872-u8q4q801\client\Recepcion\_internal\supabase_auth\_sync\gotrue_base_api.py
2026-10-09 23:00:11.784   Time stamp of our file: 2026-10-09 22:58:06.000
2026-10-09 23:00:11.784   Dest file exists.
2026-10-09 23:00:11.784   Time stamp of existing file: 2026-10-09 22:58:06.000
2026-10-09 23:00:11.784   Installing the file.
2026-10-09 23:00:11.784   Successfully installed the file.
2026-10-09 23:00:11.784   -- File entry --
2026-10-09 23:00:11.784   Dest filename: D:\a\_temp\agym-c64-38001250527-5872-u8q4q801\client\Recepcion\_internal\supabase_auth\_sync\gotrue_client.py
2026-10-09 23:00:11.784   Time stamp of our file: 2026-10-09 22:58:06.000
2026-10-09 23:00:11.784   Dest file exists.
2026-10-09 23:00:11.784   Time stamp of existing file: 2026-10-09 22:58:06.000
2026-10-09 23:00:11.784   Installing the file.
2026-10-09 23:00:11.784   Successfully installed the file.
2026-10-09 23:00:11.784   -- File entry --
2026-10-09 23:00:11.784   Dest filename: D:\a\_temp\agym-c64-38001250527-5872-u8q4q801\client\Recepcion\_internal\supabase_auth\_sync\gotrue_mfa_api.py
2026-10-09 23:00:11.784   Time stamp of our file: 2026-10-09 22:58:06.000
2026-10-09 23:00:11.784   Dest file exists.
2026-10-09 23:00:11.784   Time stamp of existing file: 2026-10-09 22:58:06.000
2026-10-09 23:00:11.784   Installing the file.
2026-10-09 23:00:11.784   Successfully installed the file.
2026-10-09 23:00:11.784   -- File entry --
2026-10-09 23:00:11.784   Dest filename: D:\a\_temp\agym-c64-38001250527-5872-u8q4q801\client\Recepcion\_internal\supabase_auth\_sync\storage.py
2026-10-09 23:00:11.784   Time stamp of our file: 2026-10-09 22:58:06.000
2026-10-09 23:00:11.784   Dest file exists.
2026-10-09 23:00:11.784   Time stamp of existing file: 2026-10-09 22:58:06.000
2026-10-09 23:00:11.784   Installing the file.
2026-10-09 23:00:11.784   Successfully installed the file.
2026-10-09 23:00:11.784   -- File entry --
2026-10-09 23:00:11.784   Dest filename: D:\a\_temp\agym-c64-38001250527-5872-u8q4q801\client\Recepcion\_internal\supabase_auth\_sync\__init__.py
2026-10-09 23:00:11.784   Time stamp of our file: 2026-10-09 22:58:06.000
2026-10-09 23:00:11.784   Dest file exists.
2026-10-09 23:00:11.784   Time stamp of existing file: 2026-10-09 22:58:06.000
2026-10-09 23:00:11.784   Installing the file.
2026-10-09 23:00:11.784   Successfully installed the file.
2026-10-09 23:00:11.784   -- File entry --
2026-10-09 23:00:11.784   Dest filename: D:\a\_temp\agym-c64-38001250527-5872-u8q4q801\client\Recepcion\_internal\supabase_auth-2.31.0.dist-info\INSTALLER
2026-10-09 23:00:11.784   Time stamp of our file: 2026-10-09 22:58:06.000
2026-10-09 23:00:11.784   Dest file exists.
2026-10-09 23:00:11.784   Time stamp of existing file: 2026-10-09 22:58:06.000
2026-10-09 23:00:11.784   Installing the file.
2026-10-09 23:00:11.784   Successfully installed the file.
2026-10-09 23:00:11.784   -- File entry --
2026-10-09 23:00:11.784   Dest filename: D:\a\_temp\agym-c64-38001250527-5872-u8q4q801\client\Recepcion\_internal\supabase_auth-2.31.0.dist-info\METADATA
2026-10-09 23:00:11.784   Time stamp of our file: 2026-10-09 22:58:06.000
2026-10-09 23:00:11.784   Dest file exists.
2026-10-09 23:00:11.784   Time stamp of existing file: 2026-10-09 22:58:06.000
2026-10-09 23:00:11.784   Installing the file.
2026-10-09 23:00:11.784   Successfully installed the file.
2026-10-09 23:00:11.784   -- File entry --
2026-10-09 23:00:11.784   Dest filename: D:\a\_temp\agym-c64-38001250527-5872-u8q4q801\client\Recepcion\_internal\supabase_auth-2.31.0.dist-info\RECORD
2026-10-09 23:00:11.784   Time stamp of our file: 2026-10-09 22:58:06.000
2026-10-09 23:00:11.784   Dest file exists.
2026-10-09 23:00:11.784   Time stamp of existing file: 2026-10-09 22:58:06.000
2026-10-09 23:00:11.784   Installing the file.
2026-10-09 23:00:11.784   Successfully installed the file.
2026-10-09 23:00:11.784   -- File entry --
2026-10-09 23:00:11.784   Dest filename: D:\a\_temp\agym-c64-38001250527-5872-u8q4q801\client\Recepcion\_internal\supabase_auth-2.31.0.dist-info\WHEEL
2026-10-09 23:00:11.784   Time stamp of our file: 2026-10-09 22:58:06.000
2026-10-09 23:00:11.784   Dest file exists.
2026-10-09 23:00:11.784   Time stamp of existing file: 2026-10-09 22:58:06.000
2026-10-09 23:00:11.784   Installing the file.
2026-10-09 23:00:11.784   Successfully installed the file.
2026-10-09 23:00:11.784   -- File entry --
2026-10-09 23:00:11.784   Dest filename: D:\a\_temp\agym-c64-38001250527-5872-u8q4q801\client\Recepcion\_internal\tzdata\zones
2026-10-09 23:00:11.784   Time stamp of our file: 2026-10-09 22:58:06.000
2026-10-09 23:00:11.784   Dest file exists.
2026-10-09 23:00:11.784   Time stamp of existing file: 2026-10-09 22:58:06.000
2026-10-09 23:00:11.784   Installing the file.
2026-10-09 23:00:11.784   Successfully installed the file.
2026-10-09 23:00:11.800   -- File entry --
2026-10-09 23:00:11.800   Dest filename: D:\a\_temp\agym-c64-38001250527-5872-u8q4q801\client\Recepcion\_internal\tzdata\__init__.py
2026-10-09 23:00:11.800   Time stamp of our file: 2026-10-09 22:58:06.000
2026-10-09 23:00:11.800   Dest file exists.
2026-10-09 23:00:11.800   Time stamp of existing file: 2026-10-09 22:58:06.000
2026-10-09 23:00:11.800   Installing the file.
2026-10-09 23:00:11.800   Successfully installed the file.
2026-10-09 23:00:11.800   -- File entry --
2026-10-09 23:00:11.800   Dest filename: D:\a\_temp\agym-c64-38001250527-5872-u8q4q801\client\Recepcion\_internal\tzdata\zoneinfo\CET
2026-10-09 23:00:11.800   Time stamp of our file: 2026-10-09 22:58:06.000
2026-10-09 23:00:11.800   Dest file exists.
2026-10-09 23:00:11.800   Time stamp of existing file: 2026-10-09 22:58:06.000
2026-10-09 23:00:11.800   Installing the file.
2026-10-09 23:00:11.800   Successfully installed the file.
2026-10-09 23:00:11.800   -- File entry --
2026-10-09 23:00:11.800   Dest filename: D:\a\_temp\agym-c64-38001250527-5872-u8q4q801\client\Recepcion\_internal\tzdata\zoneinfo\CST6CDT
2026-10-09 23:00:11.800   Time stamp of our file: 2026-10-09 22:58:06.000
2026-10-09 23:00:11.800   Dest file exists.
2026-10-09 23:00:11.800   Time stamp of existing file: 2026-10-09 22:58:06.000
2026-10-09 23:00:11.800   Installing the file.
2026-10-09 23:00:11.800   Successfully installed the file.
2026-10-09 23:00:11.800   -- File entry --
2026-10-09 23:00:11.800   Dest filename: D:\a\_temp\agym-c64-38001250527-5872-u8q4q801\client\Recepcion\_internal\tzdata\zoneinfo\Cuba
2026-10-09 23:00:11.800   Time stamp of our file: 2026-10-09 22:58:06.000
2026-10-09 23:00:11.800   Dest file exists.
2026-10-09 23:00:11.800   Time stamp of existing file: 2026-10-09 22:58:06.000
2026-10-09 23:00:11.800   Installing the file.
2026-10-09 23:00:11.800   Successfully installed the file.
2026-10-09 23:00:11.800   -- File entry --
2026-10-09 23:00:11.800   Dest filename: D:\a\_temp\agym-c64-38001250527-5872-u8q4q801\client\Recepcion\_internal\tzdata\zoneinfo\EET
2026-10-09 23:00:11.800   Time stamp of our file: 2026-10-09 22:58:06.000
2026-10-09 23:00:11.800   Dest file exists.
2026-10-09 23:00:11.800   Time stamp of existing file: 2026-10-09 22:58:06.000
2026-10-09 23:00:11.800   Installing the file.
2026-10-09 23:00:11.800   Successfully installed the file.
2026-10-09 23:00:11.800   -- File entry --
2026-10-09 23:00:11.800   Dest filename: D:\a\_temp\agym-c64-38001250527-5872-u8q4q801\client\Recepcion\_internal\tzdata\zoneinfo\Egypt
2026-10-09 23:00:11.800   Time stamp of our file: 2026-10-09 22:58:06.000
2026-10-09 23:00:11.800   Dest file exists.
2026-10-09 23:00:11.800   Time stamp of existing file: 2026-10-09 22:58:06.000
2026-10-09 23:00:11.800   Installing the file.
2026-10-09 23:00:11.800   Successfully installed the file.
2026-10-09 23:00:11.800   -- File entry --
2026-10-09 23:00:11.800   Dest filename: D:\a\_temp\agym-c64-38001250527-5872-u8q4q801\client\Recepcion\_internal\tzdata\zoneinfo\Eire
2026-10-09 23:00:11.800   Time stamp of our file: 2026-10-09 22:58:06.000
2026-10-09 23:00:11.800   Dest file exists.
2026-10-09 23:00:11.800   Time stamp of existing file: 2026-10-09 22:58:06.000
2026-10-09 23:00:11.800   Installing the file.
2026-10-09 23:00:11.800   Successfully installed the file.
2026-10-09 23:00:11.800   -- File entry --
2026-10-09 23:00:11.800   Dest filename: D:\a\_temp\agym-c64-38001250527-5872-u8q4q801\client\Recepcion\_internal\tzdata\zoneinfo\EST
2026-10-09 23:00:11.800   Time stamp of our file: 2026-10-09 22:58:06.000
2026-10-09 23:00:11.800   Dest file exists.
2026-10-09 23:00:11.800   Time stamp of existing file: 2026-10-09 22:58:06.000
2026-10-09 23:00:11.800   Installing the file.
2026-10-09 23:00:11.800   Successfully installed the file.
2026-10-09 23:00:11.800   -- File entry --
2026-10-09 23:00:11.800   Dest filename: D:\a\_temp\agym-c64-38001250527-5872-u8q4q801\client\Recepcion\_internal\tzdata\zoneinfo\EST5EDT
2026-10-09 23:00:11.800   Time stamp of our file: 2026-10-09 22:58:06.000
2026-10-09 23:00:11.800   Dest file exists.
2026-10-09 23:00:11.800   Time stamp of existing file: 2026-10-09 22:58:06.000
2026-10-09 23:00:11.800   Installing the file.
2026-10-09 23:00:11.800   Successfully installed the file.
2026-10-09 23:00:11.800   -- File entry --
2026-10-09 23:00:11.800   Dest filename: D:\a\_temp\agym-c64-38001250527-5872-u8q4q801\client\Recepcion\_internal\tzdata\zoneinfo\Factory
2026-10-09 23:00:11.800   Time stamp of our file: 2026-10-09 22:58:06.000
2026-10-09 23:00:11.800   Dest file exists.
2026-10-09 23:00:11.800   Time stamp of existing file: 2026-10-09 22:58:06.000
2026-10-09 23:00:11.800   Installing the file.
2026-10-09 23:00:11.800   Successfully installed the file.
2026-10-09 23:00:11.800   -- File entry --
2026-10-09 23:00:11.800   Dest filename: D:\a\_temp\agym-c64-38001250527-5872-u8q4q801\client\Recepcion\_internal\tzdata\zoneinfo\GB
2026-10-09 23:00:11.800   Time stamp of our file: 2026-10-09 22:58:06.000
2026-10-09 23:00:11.800   Dest file exists.
2026-10-09 23:00:11.800   Time stamp of existing file: 2026-10-09 22:58:06.000
2026-10-09 23:00:11.800   Installing the file.
2026-10-09 23:00:11.800   Successfully installed the file.
2026-10-09 23:00:11.800   -- File entry --
2026-10-09 23:00:11.800   Dest filename: D:\a\_temp\agym-c64-38001250527-5872-u8q4q801\client\Recepcion\_internal\tzdata\zoneinfo\GB-Eire
2026-10-09 23:00:11.800   Time stamp of our file: 2026-10-09 22:58:06.000
2026-10-09 23:00:11.800   Dest file exists.
2026-10-09 23:00:11.800   Time stamp of existing file: 2026-10-09 22:58:06.000
2026-10-09 23:00:11.800   Installing the file.
2026-10-09 23:00:11.800   Successfully installed the file.
2026-10-09 23:00:11.800   -- File entry --
2026-10-09 23:00:11.800   Dest filename: D:\a\_temp\agym-c64-38001250527-5872-u8q4q801\client\Recepcion\_internal\tzdata\zoneinfo\GMT
2026-10-09 23:00:11.800   Time stamp of our file: 2026-10-09 22:58:06.000
2026-10-09 23:00:11.800   Dest file exists.
2026-10-09 23:00:11.800   Time stamp of existing file: 2026-10-09 22:58:06.000
2026-10-09 23:00:11.800   Installing the file.
2026-10-09 23:00:11.800   Successfully installed the file.
2026-10-09 23:00:11.800   -- File entry --
2026-10-09 23:00:11.800   Dest filename: D:\a\_temp\agym-c64-38001250527-5872-u8q4q801\client\Recepcion\_internal\tzdata\zoneinfo\GMT+0
2026-10-09 23:00:11.800   Time stamp of our file: 2026-10-09 22:58:06.000
2026-10-09 23:00:11.800   Dest file exists.
2026-10-09 23:00:11.800   Time stamp of existing file: 2026-10-09 22:58:06.000
2026-10-09 23:00:11.800   Installing the file.
2026-10-09 23:00:11.800   Successfully installed the file.
2026-10-09 23:00:11.800   -- File entry --
2026-10-09 23:00:11.800   Dest filename: D:\a\_temp\agym-c64-38001250527-5872-u8q4q801\client\Recepcion\_internal\tzdata\zoneinfo\GMT-0
2026-10-09 23:00:11.800   Time stamp of our file: 2026-10-09 22:58:06.000
2026-10-09 23:00:11.800   Dest file exists.
2026-10-09 23:00:11.800   Time stamp of existing file: 2026-10-09 22:58:06.000
2026-10-09 23:00:11.800   Installing the file.
2026-10-09 23:00:11.800   Successfully installed the file.
2026-10-09 23:00:11.800   -- File entry --
2026-10-09 23:00:11.800   Dest filename: D:\a\_temp\agym-c64-38001250527-5872-u8q4q801\client\Recepcion\_internal\tzdata\zoneinfo\GMT0
2026-10-09 23:00:11.800   Time stamp of our file: 2026-10-09 22:58:06.000
2026-10-09 23:00:11.800   Dest file exists.
2026-10-09 23:00:11.800   Time stamp of existing file: 2026-10-09 22:58:06.000
2026-10-09 23:00:11.800   Installing the file.
2026-10-09 23:00:11.800   Successfully installed the file.
2026-10-09 23:00:11.800   -- File entry --
2026-10-09 23:00:11.800   Dest filename: D:\a\_temp\agym-c64-38001250527-5872-u8q4q801\client\Recepcion\_internal\tzdata\zoneinfo\Greenwich
2026-10-09 23:00:11.800   Time stamp of our file: 2026-10-09 22:58:06.000
2026-10-09 23:00:11.800   Dest file exists.
2026-10-09 23:00:11.800   Time stamp of existing file: 2026-10-09 22:58:06.000
2026-10-09 23:00:11.800   Installing the file.
2026-10-09 23:00:11.800   Successfully installed the file.
2026-10-09 23:00:11.800   -- File entry --
2026-10-09 23:00:11.800   Dest filename: D:\a\_temp\agym-c64-38001250527-5872-u8q4q801\client\Recepcion\_internal\tzdata\zoneinfo\Hongkong
2026-10-09 23:00:11.800   Time stamp of our file: 2026-10-09 22:58:06.000
2026-10-09 23:00:11.800   Dest file exists.
2026-10-09 23:00:11.800   Time stamp of existing file: 2026-10-09 22:58:06.000
2026-10-09 23:00:11.800   Installing the file.
2026-10-09 23:00:11.800   Successfully installed the file.
2026-10-09 23:00:11.800   -- File entry --
2026-10-09 23:00:11.800   Dest filename: D:\a\_temp\agym-c64-38001250527-5872-u8q4q801\client\Recepcion\_internal\tzdata\zoneinfo\HST
2026-10-09 23:00:11.800   Time stamp of our file: 2026-10-09 22:58:06.000
2026-10-09 23:00:11.800   Dest file exists.
2026-10-09 23:00:11.800   Time stamp of existing file: 2026-10-09 22:58:06.000
2026-10-09 23:00:11.800   Installing the file.
2026-10-09 23:00:11.800   Successfully installed the file.
2026-10-09 23:00:11.800   -- File entry --
2026-10-09 23:00:11.800   Dest filename: D:\a\_temp\agym-c64-38001250527-5872-u8q4q801\client\Recepcion\_internal\tzdata\zoneinfo\Iceland
2026-10-09 23:00:11.800   Time stamp of our file: 2026-10-09 22:58:06.000
2026-10-09 23:00:11.800   Dest file exists.
2026-10-09 23:00:11.800   Time stamp of existing file: 2026-10-09 22:58:06.000
2026-10-09 23:00:11.800   Installing the file.
2026-10-09 23:00:11.800   Successfully installed the file.
2026-10-09 23:00:11.800   -- File entry --
2026-10-09 23:00:11.800   Dest filename: D:\a\_temp\agym-c64-38001250527-5872-u8q4q801\client\Recepcion\_internal\tzdata\zoneinfo\Iran
2026-10-09 23:00:11.800   Time stamp of our file: 2026-10-09 22:58:06.000
2026-10-09 23:00:11.800   Dest file exists.
2026-10-09 23:00:11.800   Time stamp of existing file: 2026-10-09 22:58:06.000
2026-10-09 23:00:11.800   Installing the file.
2026-10-09 23:00:11.800   Successfully installed the file.
2026-10-09 23:00:11.800   -- File entry --
2026-10-09 23:00:11.800   Dest filename: D:\a\_temp\agym-c64-38001250527-5872-u8q4q801\client\Recepcion\_internal\tzdata\zoneinfo\iso3166.tab
2026-10-09 23:00:11.800   Time stamp of our file: 2026-10-09 22:58:06.000
2026-10-09 23:00:11.800   Dest file exists.
2026-10-09 23:00:11.800   Time stamp of existing file: 2026-10-09 22:58:06.000
2026-10-09 23:00:11.800   Installing the file.
2026-10-09 23:00:11.800   Successfully installed the file.
2026-10-09 23:00:11.800   -- File entry --
2026-10-09 23:00:11.800   Dest filename: D:\a\_temp\agym-c64-38001250527-5872-u8q4q801\client\Recepcion\_internal\tzdata\zoneinfo\Israel
2026-10-09 23:00:11.800   Time stamp of our file: 2026-10-09 22:58:06.000
2026-10-09 23:00:11.800   Dest file exists.
2026-10-09 23:00:11.800   Time stamp of existing file: 2026-10-09 22:58:06.000
2026-10-09 23:00:11.800   Installing the file.
2026-10-09 23:00:11.800   Successfully installed the file.
2026-10-09 23:00:11.800   -- File entry --
2026-10-09 23:00:11.800   Dest filename: D:\a\_temp\agym-c64-38001250527-5872-u8q4q801\client\Recepcion\_internal\tzdata\zoneinfo\Jamaica
2026-10-09 23:00:11.800   Time stamp of our file: 2026-10-09 22:58:06.000
2026-10-09 23:00:11.800   Dest file exists.
2026-10-09 23:00:11.800   Time stamp of existing file: 2026-10-09 22:58:06.000
2026-10-09 23:00:11.800   Installing the file.
2026-10-09 23:00:11.800   Successfully installed the file.
2026-10-09 23:00:11.800   -- File entry --
2026-10-09 23:00:11.800   Dest filename: D:\a\_temp\agym-c64-38001250527-5872-u8q4q801\client\Recepcion\_internal\tzdata\zoneinfo\Japan
2026-10-09 23:00:11.800   Time stamp of our file: 2026-10-09 22:58:06.000
2026-10-09 23:00:11.800   Dest file exists.
2026-10-09 23:00:11.800   Time stamp of existing file: 2026-10-09 22:58:06.000
2026-10-09 23:00:11.800   Installing the file.
2026-10-09 23:00:11.800   Successfully installed the file.
2026-10-09 23:00:11.800   -- File entry --
2026-10-09 23:00:11.800   Dest filename: D:\a\_temp\agym-c64-38001250527-5872-u8q4q801\client\Recepcion\_internal\tzdata\zoneinfo\Kwajalein
2026-10-09 23:00:11.800   Time stamp of our file: 2026-10-09 22:58:06.000
2026-10-09 23:00:11.800   Dest file exists.
2026-10-09 23:00:11.800   Time stamp of existing file: 2026-10-09 22:58:06.000
2026-10-09 23:00:11.800   Installing the file.
2026-10-09 23:00:11.800   Successfully installed the file.
2026-10-09 23:00:11.800   -- File entry --
2026-10-09 23:00:11.800   Dest filename: D:\a\_temp\agym-c64-38001250527-5872-u8q4q801\client\Recepcion\_internal\tzdata\zoneinfo\leapseconds
2026-10-09 23:00:11.800   Time stamp of our file: 2026-10-09 22:58:06.000
2026-10-09 23:00:11.800   Dest file exists.
2026-10-09 23:00:11.800   Time stamp of existing file: 2026-10-09 22:58:06.000
2026-10-09 23:00:11.800   Installing the file.
2026-10-09 23:00:11.800   Successfully installed the file.
2026-10-09 23:00:11.800   -- File entry --
2026-10-09 23:00:11.800   Dest filename: D:\a\_temp\agym-c64-38001250527-5872-u8q4q801\client\Recepcion\_internal\tzdata\zoneinfo\Libya
2026-10-09 23:00:11.800   Time stamp of our file: 2026-10-09 22:58:06.000
2026-10-09 23:00:11.800   Dest file exists.
2026-10-09 23:00:11.800   Time stamp of existing file: 2026-10-09 22:58:06.000
2026-10-09 23:00:11.800   Installing the file.
2026-10-09 23:00:11.800   Successfully installed the file.
2026-10-09 23:00:11.800   -- File entry --
2026-10-09 23:00:11.800   Dest filename: D:\a\_temp\agym-c64-38001250527-5872-u8q4q801\client\Recepcion\_internal\tzdata\zoneinfo\MET
2026-10-09 23:00:11.800   Time stamp of our file: 2026-10-09 22:58:06.000
2026-10-09 23:00:11.800   Dest file exists.
2026-10-09 23:00:11.800   Time stamp of existing file: 2026-10-09 22:58:06.000
2026-10-09 23:00:11.800   Installing the file.
2026-10-09 23:00:11.816   Successfully installed the file.
2026-10-09 23:00:11.816   -- File entry --
2026-10-09 23:00:11.816   Dest filename: D:\a\_temp\agym-c64-38001250527-5872-u8q4q801\client\Recepcion\_internal\tzdata\zoneinfo\MST
2026-10-09 23:00:11.816   Time stamp of our file: 2026-10-09 22:58:06.000
2026-10-09 23:00:11.816   Dest file exists.
2026-10-09 23:00:11.816   Time stamp of existing file: 2026-10-09 22:58:06.000
2026-10-09 23:00:11.816   Installing the file.
2026-10-09 23:00:11.816   Successfully installed the file.
2026-10-09 23:00:11.816   -- File entry --
2026-10-09 23:00:11.816   Dest filename: D:\a\_temp\agym-c64-38001250527-5872-u8q4q801\client\Recepcion\_internal\tzdata\zoneinfo\MST7MDT
2026-10-09 23:00:11.816   Time stamp of our file: 2026-10-09 22:58:06.000
2026-10-09 23:00:11.816   Dest file exists.
2026-10-09 23:00:11.816   Time stamp of existing file: 2026-10-09 22:58:06.000
2026-10-09 23:00:11.816   Installing the file.
2026-10-09 23:00:11.816   Successfully installed the file.
2026-10-09 23:00:11.816   -- File entry --
2026-10-09 23:00:11.816   Dest filename: D:\a\_temp\agym-c64-38001250527-5872-u8q4q801\client\Recepcion\_internal\tzdata\zoneinfo\Navajo
2026-10-09 23:00:11.816   Time stamp of our file: 2026-10-09 22:58:06.000
2026-10-09 23:00:11.816   Dest file exists.
2026-10-09 23:00:11.816   Time stamp of existing file: 2026-10-09 22:58:06.000
2026-10-09 23:00:11.816   Installing the file.
2026-10-09 23:00:11.816   Successfully installed the file.
2026-10-09 23:00:11.816   -- File entry --
2026-10-09 23:00:11.816   Dest filename: D:\a\_temp\agym-c64-38001250527-5872-u8q4q801\client\Recepcion\_internal\tzdata\zoneinfo\NZ
2026-10-09 23:00:11.816   Time stamp of our file: 2026-10-09 22:58:06.000
2026-10-09 23:00:11.816   Dest file exists.
2026-10-09 23:00:11.816   Time stamp of existing file: 2026-10-09 22:58:06.000
2026-10-09 23:00:11.816   Installing the file.
2026-10-09 23:00:11.816   Successfully installed the file.
2026-10-09 23:00:11.816   -- File entry --
2026-10-09 23:00:11.816   Dest filename: D:\a\_temp\agym-c64-38001250527-5872-u8q4q801\client\Recepcion\_internal\tzdata\zoneinfo\NZ-CHAT
2026-10-09 23:00:11.816   Time stamp of our file: 2026-10-09 22:58:06.000
2026-10-09 23:00:11.816   Dest file exists.
2026-10-09 23:00:11.816   Time stamp of existing file: 2026-10-09 22:58:06.000
2026-10-09 23:00:11.816   Installing the file.
2026-10-09 23:00:11.816   Successfully installed the file.
2026-10-09 23:00:11.816   -- File entry --
2026-10-09 23:00:11.816   Dest filename: D:\a\_temp\agym-c64-38001250527-5872-u8q4q801\client\Recepcion\_internal\tzdata\zoneinfo\Poland
2026-10-09 23:00:11.816   Time stamp of our file: 2026-10-09 22:58:06.000
2026-10-09 23:00:11.816   Dest file exists.
2026-10-09 23:00:11.816   Time stamp of existing file: 2026-10-09 22:58:06.000
2026-10-09 23:00:11.816   Installing the file.
2026-10-09 23:00:11.816   Successfully installed the file.
2026-10-09 23:00:11.816   -- File entry --
2026-10-09 23:00:11.816   Dest filename: D:\a\_temp\agym-c64-38001250527-5872-u8q4q801\client\Recepcion\_internal\tzdata\zoneinfo\Portugal
2026-10-09 23:00:11.816   Time stamp of our file: 2026-10-09 22:58:06.000
2026-10-09 23:00:11.816   Dest file exists.
2026-10-09 23:00:11.816   Time stamp of existing file: 2026-10-09 22:58:06.000
2026-10-09 23:00:11.816   Installing the file.
2026-10-09 23:00:11.816   Successfully installed the file.
2026-10-09 23:00:11.816   -- File entry --
2026-10-09 23:00:11.816   Dest filename: D:\a\_temp\agym-c64-38001250527-5872-u8q4q801\client\Recepcion\_internal\tzdata\zoneinfo\PRC
2026-10-09 23:00:11.816   Time stamp of our file: 2026-10-09 22:58:06.000
2026-10-09 23:00:11.816   Dest file exists.
2026-10-09 23:00:11.816   Time stamp of existing file: 2026-10-09 22:58:06.000
2026-10-09 23:00:11.816   Installing the file.
2026-10-09 23:00:11.816   Successfully installed the file.
2026-10-09 23:00:11.816   -- File entry --
2026-10-09 23:00:11.816   Dest filename: D:\a\_temp\agym-c64-38001250527-5872-u8q4q801\client\Recepcion\_internal\tzdata\zoneinfo\PST8PDT
2026-10-09 23:00:11.816   Time stamp of our file: 2026-10-09 22:58:06.000
2026-10-09 23:00:11.816   Dest file exists.
2026-10-09 23:00:11.816   Time stamp of existing file: 2026-10-09 22:58:06.000
2026-10-09 23:00:11.816   Installing the file.
2026-10-09 23:00:11.816   Successfully installed the file.
2026-10-09 23:00:11.816   -- File entry --
2026-10-09 23:00:11.816   Dest filename: D:\a\_temp\agym-c64-38001250527-5872-u8q4q801\client\Recepcion\_internal\tzdata\zoneinfo\ROC
2026-10-09 23:00:11.816   Time stamp of our file: 2026-10-09 22:58:06.000
2026-10-09 23:00:11.816   Dest file exists.
2026-10-09 23:00:11.816   Time stamp of existing file: 2026-10-09 22:58:06.000
2026-10-09 23:00:11.816   Installing the file.
2026-10-09 23:00:11.816   Successfully installed the file.
2026-10-09 23:00:11.816   -- File entry --
2026-10-09 23:00:11.816   Dest filename: D:\a\_temp\agym-c64-38001250527-5872-u8q4q801\client\Recepcion\_internal\tzdata\zoneinfo\ROK
2026-10-09 23:00:11.816   Time stamp of our file: 2026-10-09 22:58:06.000
2026-10-09 23:00:11.816   Dest file exists.
2026-10-09 23:00:11.816   Time stamp of existing file: 2026-10-09 22:58:06.000
2026-10-09 23:00:11.816   Installing the file.
2026-10-09 23:00:11.816   Successfully installed the file.
2026-10-09 23:00:11.816   -- File entry --
2026-10-09 23:00:11.816   Dest filename: D:\a\_temp\agym-c64-38001250527-5872-u8q4q801\client\Recepcion\_internal\tzdata\zoneinfo\Singapore
2026-10-09 23:00:11.816   Time stamp of our file: 2026-10-09 22:58:06.000
2026-10-09 23:00:11.816   Dest file exists.
2026-10-09 23:00:11.816   Time stamp of existing file: 2026-10-09 22:58:06.000
2026-10-09 23:00:11.816   Installing the file.
2026-10-09 23:00:11.816   Successfully installed the file.
2026-10-09 23:00:11.816   -- File entry --
2026-10-09 23:00:11.816   Dest filename: D:\a\_temp\agym-c64-38001250527-5872-u8q4q801\client\Recepcion\_internal\tzdata\zoneinfo\Turkey
2026-10-09 23:00:11.816   Time stamp of our file: 2026-10-09 22:58:06.000
2026-10-09 23:00:11.816   Dest file exists.
2026-10-09 23:00:11.816   Time stamp of existing file: 2026-10-09 22:58:06.000
2026-10-09 23:00:11.816   Installing the file.
2026-10-09 23:00:11.816   Successfully installed the file.
2026-10-09 23:00:11.816   -- File entry --
2026-10-09 23:00:11.816   Dest filename: D:\a\_temp\agym-c64-38001250527-5872-u8q4q801\client\Recepcion\_internal\tzdata\zoneinfo\tzdata.zi
2026-10-09 23:00:11.816   Time stamp of our file: 2026-10-09 22:58:06.000
2026-10-09 23:00:11.816   Dest file exists.
2026-10-09 23:00:11.816   Time stamp of existing file: 2026-10-09 22:58:06.000
2026-10-09 23:00:11.816   Installing the file.
2026-10-09 23:00:11.816   Successfully installed the file.
2026-10-09 23:00:11.816   -- File entry --
2026-10-09 23:00:11.816   Dest filename: D:\a\_temp\agym-c64-38001250527-5872-u8q4q801\client\Recepcion\_internal\tzdata\zoneinfo\UCT
2026-10-09 23:00:11.816   Time stamp of our file: 2026-10-09 22:58:06.000
2026-10-09 23:00:11.816   Dest file exists.
2026-10-09 23:00:11.816   Time stamp of existing file: 2026-10-09 22:58:06.000
2026-10-09 23:00:11.816   Installing the file.
2026-10-09 23:00:11.816   Successfully installed the file.
2026-10-09 23:00:11.816   -- File entry --
2026-10-09 23:00:11.816   Dest filename: D:\a\_temp\agym-c64-38001250527-5872-u8q4q801\client\Recepcion\_internal\tzdata\zoneinfo\Universal
2026-10-09 23:00:11.816   Time stamp of our file: 2026-10-09 22:58:06.000
2026-10-09 23:00:11.816   Dest file exists.
2026-10-09 23:00:11.816   Time stamp of existing file: 2026-10-09 22:58:06.000
2026-10-09 23:00:11.816   Installing the file.
2026-10-09 23:00:11.816   Successfully installed the file.
2026-10-09 23:00:11.816   -- File entry --
2026-10-09 23:00:11.816   Dest filename: D:\a\_temp\agym-c64-38001250527-5872-u8q4q801\client\Recepcion\_internal\tzdata\zoneinfo\UTC
2026-10-09 23:00:11.816   Time stamp of our file: 2026-10-09 22:58:06.000
2026-10-09 23:00:11.816   Dest file exists.
2026-10-09 23:00:11.816   Time stamp of existing file: 2026-10-09 22:58:06.000
2026-10-09 23:00:11.816   Installing the file.
2026-10-09 23:00:11.816   Successfully installed the file.
2026-10-09 23:00:11.816   -- File entry --
2026-10-09 23:00:11.816   Dest filename: D:\a\_temp\agym-c64-38001250527-5872-u8q4q801\client\Recepcion\_internal\tzdata\zoneinfo\W-SU
2026-10-09 23:00:11.816   Time stamp of our file: 2026-10-09 22:58:06.000
2026-10-09 23:00:11.816   Dest file exists.
2026-10-09 23:00:11.816   Time stamp of existing file: 2026-10-09 22:58:06.000
2026-10-09 23:00:11.816   Installing the file.
2026-10-09 23:00:11.816   Successfully installed the file.
2026-10-09 23:00:11.816   -- File entry --
2026-10-09 23:00:11.816   Dest filename: D:\a\_temp\agym-c64-38001250527-5872-u8q4q801\client\Recepcion\_internal\tzdata\zoneinfo\WET
2026-10-09 23:00:11.816   Time stamp of our file: 2026-10-09 22:58:06.000
2026-10-09 23:00:11.816   Dest file exists.
2026-10-09 23:00:11.816   Time stamp of existing file: 2026-10-09 22:58:06.000
2026-10-09 23:00:11.816   Installing the file.
2026-10-09 23:00:11.816   Successfully installed the file.
2026-10-09 23:00:11.816   -- File entry --
2026-10-09 23:00:11.816   Dest filename: D:\a\_temp\agym-c64-38001250527-5872-u8q4q801\client\Recepcion\_internal\tzdata\zoneinfo\zone.tab
2026-10-09 23:00:11.816   Time stamp of our file: 2026-10-09 22:58:06.000
2026-10-09 23:00:11.816   Dest file exists.
2026-10-09 23:00:11.816   Time stamp of existing file: 2026-10-09 22:58:06.000
2026-10-09 23:00:11.816   Installing the file.
2026-10-09 23:00:11.816   Successfully installed the file.
2026-10-09 23:00:11.816   -- File entry --
2026-10-09 23:00:11.816   Dest filename: D:\a\_temp\agym-c64-38001250527-5872-u8q4q801\client\Recepcion\_internal\tzdata\zoneinfo\zone1970.tab
2026-10-09 23:00:11.816   Time stamp of our file: 2026-10-09 22:58:06.000
2026-10-09 23:00:11.816   Dest file exists.
2026-10-09 23:00:11.816   Time stamp of existing file: 2026-10-09 22:58:06.000
2026-10-09 23:00:11.816   Installing the file.
2026-10-09 23:00:11.816   Successfully installed the file.
2026-10-09 23:00:11.816   -- File entry --
2026-10-09 23:00:11.816   Dest filename: D:\a\_temp\agym-c64-38001250527-5872-u8q4q801\client\Recepcion\_internal\tzdata\zoneinfo\zonenow.tab
2026-10-09 23:00:11.816   Time stamp of our file: 2026-10-09 22:58:06.000
2026-10-09 23:00:11.816   Dest file exists.
2026-10-09 23:00:11.816   Time stamp of existing file: 2026-10-09 22:58:06.000
2026-10-09 23:00:11.816   Installing the file.
2026-10-09 23:00:11.816   Successfully installed the file.
2026-10-09 23:00:11.816   -- File entry --
2026-10-09 23:00:11.816   Dest filename: D:\a\_temp\agym-c64-38001250527-5872-u8q4q801\client\Recepcion\_internal\tzdata\zoneinfo\Zulu
2026-10-09 23:00:11.816   Time stamp of our file: 2026-10-09 22:58:06.000
2026-10-09 23:00:11.816   Dest file exists.
2026-10-09 23:00:11.816   Time stamp of existing file: 2026-10-09 22:58:06.000
2026-10-09 23:00:11.816   Installing the file.
2026-10-09 23:00:11.831   Successfully installed the file.
2026-10-09 23:00:11.831   -- File entry --
2026-10-09 23:00:11.831   Dest filename: D:\a\_temp\agym-c64-38001250527-5872-u8q4q801\client\Recepcion\_internal\tzdata\zoneinfo\__init__.py
2026-10-09 23:00:11.831   Time stamp of our file: 2026-10-09 22:58:06.000
2026-10-09 23:00:11.831   Dest file exists.
2026-10-09 23:00:11.831   Time stamp of existing file: 2026-10-09 22:58:06.000
2026-10-09 23:00:11.831   Installing the file.
2026-10-09 23:00:11.831   Successfully installed the file.
2026-10-09 23:00:11.831   -- File entry --
2026-10-09 23:00:11.831   Dest filename: D:\a\_temp\agym-c64-38001250527-5872-u8q4q801\client\Recepcion\_internal\tzdata\zoneinfo\Africa\Abidjan
2026-10-09 23:00:11.831   Time stamp of our file: 2026-10-09 22:58:06.000
2026-10-09 23:00:11.831   Dest file exists.
2026-10-09 23:00:11.831   Time stamp of existing file: 2026-10-09 22:58:06.000
2026-10-09 23:00:11.831   Installing the file.
2026-10-09 23:00:11.831   Successfully installed the file.
2026-10-09 23:00:11.831   -- File entry --
2026-10-09 23:00:11.831   Dest filename: D:\a\_temp\agym-c64-38001250527-5872-u8q4q801\client\Recepcion\_internal\tzdata\zoneinfo\Africa\Accra
2026-10-09 23:00:11.831   Time stamp of our file: 2026-10-09 22:58:06.000
2026-10-09 23:00:11.831   Dest file exists.
2026-10-09 23:00:11.831   Time stamp of existing file: 2026-10-09 22:58:06.000
2026-10-09 23:00:11.831   Installing the file.
2026-10-09 23:00:11.831   Successfully installed the file.
2026-10-09 23:00:11.831   -- File entry --
2026-10-09 23:00:11.831   Dest filename: D:\a\_temp\agym-c64-38001250527-5872-u8q4q801\client\Recepcion\_internal\tzdata\zoneinfo\Africa\Addis_Ababa
2026-10-09 23:00:11.831   Time stamp of our file: 2026-10-09 22:58:06.000
2026-10-09 23:00:11.831   Dest file exists.
2026-10-09 23:00:11.831   Time stamp of existing file: 2026-10-09 22:58:06.000
2026-10-09 23:00:11.831   Installing the file.
2026-10-09 23:00:11.831   Successfully installed the file.
2026-10-09 23:00:11.831   -- File entry --
2026-10-09 23:00:11.831   Dest filename: D:\a\_temp\agym-c64-38001250527-5872-u8q4q801\client\Recepcion\_internal\tzdata\zoneinfo\Africa\Algiers
2026-10-09 23:00:11.831   Time stamp of our file: 2026-10-09 22:58:06.000
2026-10-09 23:00:11.831   Dest file exists.
2026-10-09 23:00:11.831   Time stamp of existing file: 2026-10-09 22:58:06.000
2026-10-09 23:00:11.831   Installing the file.
2026-10-09 23:00:11.831   Successfully installed the file.
2026-10-09 23:00:11.831   -- File entry --
2026-10-09 23:00:11.831   Dest filename: D:\a\_temp\agym-c64-38001250527-5872-u8q4q801\client\Recepcion\_internal\tzdata\zoneinfo\Africa\Asmara
2026-10-09 23:00:11.831   Time stamp of our file: 2026-10-09 22:58:06.000
2026-10-09 23:00:11.831   Dest file exists.
2026-10-09 23:00:11.831   Time stamp of existing file: 2026-10-09 22:58:06.000
2026-10-09 23:00:11.831   Installing the file.
2026-10-09 23:00:11.831   Successfully installed the file.
2026-10-09 23:00:11.831   -- File entry --
2026-10-09 23:00:11.831   Dest filename: D:\a\_temp\agym-c64-38001250527-5872-u8q4q801\client\Recepcion\_internal\tzdata\zoneinfo\Africa\Asmera
2026-10-09 23:00:11.831   Time stamp of our file: 2026-10-09 22:58:06.000
2026-10-09 23:00:11.831   Dest file exists.
2026-10-09 23:00:11.831   Time stamp of existing file: 2026-10-09 22:58:06.000
2026-10-09 23:00:11.831   Installing the file.
2026-10-09 23:00:11.831   Successfully installed the file.
2026-10-09 23:00:11.831   -- File entry --
2026-10-09 23:00:11.831   Dest filename: D:\a\_temp\agym-c64-38001250527-5872-u8q4q801\client\Recepcion\_internal\tzdata\zoneinfo\Africa\Bamako
2026-10-09 23:00:11.831   Time stamp of our file: 2026-10-09 22:58:06.000
2026-10-09 23:00:11.831   Dest file exists.
2026-10-09 23:00:11.831   Time stamp of existing file: 2026-10-09 22:58:06.000
2026-10-09 23:00:11.831   Installing the file.
2026-10-09 23:00:11.831   Successfully installed the file.
2026-10-09 23:00:11.831   -- File entry --
2026-10-09 23:00:11.831   Dest filename: D:\a\_temp\agym-c64-38001250527-5872-u8q4q801\client\Recepcion\_internal\tzdata\zoneinfo\Africa\Bangui
2026-10-09 23:00:11.831   Time stamp of our file: 2026-10-09 22:58:06.000
2026-10-09 23:00:11.831   Dest file exists.
2026-10-09 23:00:11.831   Time stamp of existing file: 2026-10-09 22:58:06.000
2026-10-09 23:00:11.831   Installing the file.
2026-10-09 23:00:11.831   Successfully installed the file.
2026-10-09 23:00:11.831   -- File entry --
2026-10-09 23:00:11.831   Dest filename: D:\a\_temp\agym-c64-38001250527-5872-u8q4q801\client\Recepcion\_internal\tzdata\zoneinfo\Africa\Banjul
2026-10-09 23:00:11.831   Time stamp of our file: 2026-10-09 22:58:06.000
2026-10-09 23:00:11.831   Dest file exists.
2026-10-09 23:00:11.831   Time stamp of existing file: 2026-10-09 22:58:06.000
2026-10-09 23:00:11.831   Installing the file.
2026-10-09 23:00:11.831   Successfully installed the file.
2026-10-09 23:00:11.831   -- File entry --
2026-10-09 23:00:11.831   Dest filename: D:\a\_temp\agym-c64-38001250527-5872-u8q4q801\client\Recepcion\_internal\tzdata\zoneinfo\Africa\Bissau
2026-10-09 23:00:11.831   Time stamp of our file: 2026-10-09 22:58:06.000
2026-10-09 23:00:11.831   Dest file exists.
2026-10-09 23:00:11.831   Time stamp of existing file: 2026-10-09 22:58:06.000
2026-10-09 23:00:11.831   Installing the file.
2026-10-09 23:00:11.831   Successfully installed the file.
2026-10-09 23:00:11.831   -- File entry --
2026-10-09 23:00:11.831   Dest filename: D:\a\_temp\agym-c64-38001250527-5872-u8q4q801\client\Recepcion\_internal\tzdata\zoneinfo\Africa\Blantyre
2026-10-09 23:00:11.831   Time stamp of our file: 2026-10-09 22:58:06.000
2026-10-09 23:00:11.831   Dest file exists.
2026-10-09 23:00:11.831   Time stamp of existing file: 2026-10-09 22:58:06.000
2026-10-09 23:00:11.831   Installing the file.
2026-10-09 23:00:11.831   Successfully installed the file.
2026-10-09 23:00:11.831   -- File entry --
2026-10-09 23:00:11.831   Dest filename: D:\a\_temp\agym-c64-38001250527-5872-u8q4q801\client\Recepcion\_internal\tzdata\zoneinfo\Africa\Brazzaville
2026-10-09 23:00:11.831   Time stamp of our file: 2026-10-09 22:58:06.000
2026-10-09 23:00:11.831   Dest file exists.
2026-10-09 23:00:11.831   Time stamp of existing file: 2026-10-09 22:58:06.000
2026-10-09 23:00:11.831   Installing the file.
2026-10-09 23:00:11.831   Successfully installed the file.
2026-10-09 23:00:11.831   -- File entry --
2026-10-09 23:00:11.831   Dest filename: D:\a\_temp\agym-c64-38001250527-5872-u8q4q801\client\Recepcion\_internal\tzdata\zoneinfo\Africa\Bujumbura
2026-10-09 23:00:11.831   Time stamp of our file: 2026-10-09 22:58:06.000
2026-10-09 23:00:11.831   Dest file exists.
2026-10-09 23:00:11.831   Time stamp of existing file: 2026-10-09 22:58:06.000
2026-10-09 23:00:11.831   Installing the file.
2026-10-09 23:00:11.831   Successfully installed the file.
2026-10-09 23:00:11.831   -- File entry --
2026-10-09 23:00:11.831   Dest filename: D:\a\_temp\agym-c64-38001250527-5872-u8q4q801\client\Recepcion\_internal\tzdata\zoneinfo\Africa\Cairo
2026-10-09 23:00:11.831   Time stamp of our file: 2026-10-09 22:58:06.000
2026-10-09 23:00:11.831   Dest file exists.
2026-10-09 23:00:11.831   Time stamp of existing file: 2026-10-09 22:58:06.000
2026-10-09 23:00:11.831   Installing the file.
2026-10-09 23:00:11.831   Successfully installed the file.
2026-10-09 23:00:11.831   -- File entry --
2026-10-09 23:00:11.831   Dest filename: D:\a\_temp\agym-c64-38001250527-5872-u8q4q801\client\Recepcion\_internal\tzdata\zoneinfo\Africa\Casablanca
2026-10-09 23:00:11.831   Time stamp of our file: 2026-10-09 22:58:06.000
2026-10-09 23:00:11.831   Dest file exists.
2026-10-09 23:00:11.831   Time stamp of existing file: 2026-10-09 22:58:06.000
2026-10-09 23:00:11.831   Installing the file.
2026-10-09 23:00:11.831   Successfully installed the file.
2026-10-09 23:00:11.831   -- File entry --
2026-10-09 23:00:11.831   Dest filename: D:\a\_temp\agym-c64-38001250527-5872-u8q4q801\client\Recepcion\_internal\tzdata\zoneinfo\Africa\Ceuta
2026-10-09 23:00:11.831   Time stamp of our file: 2026-10-09 22:58:06.000
2026-10-09 23:00:11.831   Dest file exists.
2026-10-09 23:00:11.831   Time stamp of existing file: 2026-10-09 22:58:06.000
2026-10-09 23:00:11.831   Installing the file.
2026-10-09 23:00:11.831   Successfully installed the file.
2026-10-09 23:00:11.831   -- File entry --
2026-10-09 23:00:11.831   Dest filename: D:\a\_temp\agym-c64-38001250527-5872-u8q4q801\client\Recepcion\_internal\tzdata\zoneinfo\Africa\Conakry
2026-10-09 23:00:11.831   Time stamp of our file: 2026-10-09 22:58:06.000
2026-10-09 23:00:11.831   Dest file exists.
2026-10-09 23:00:11.831   Time stamp of existing file: 2026-10-09 22:58:06.000
2026-10-09 23:00:11.831   Installing the file.
2026-10-09 23:00:11.831   Successfully installed the file.
2026-10-09 23:00:11.831   -- File entry --
2026-10-09 23:00:11.831   Dest filename: D:\a\_temp\agym-c64-38001250527-5872-u8q4q801\client\Recepcion\_internal\tzdata\zoneinfo\Africa\Dakar
2026-10-09 23:00:11.831   Time stamp of our file: 2026-10-09 22:58:06.000
2026-10-09 23:00:11.831   Dest file exists.
2026-10-09 23:00:11.831   Time stamp of existing file: 2026-10-09 22:58:06.000
2026-10-09 23:00:11.831   Installing the file.
2026-10-09 23:00:11.831   Successfully installed the file.
2026-10-09 23:00:11.831   -- File entry --
2026-10-09 23:00:11.831   Dest filename: D:\a\_temp\agym-c64-38001250527-5872-u8q4q801\client\Recepcion\_internal\tzdata\zoneinfo\Africa\Dar_es_Salaam
2026-10-09 23:00:11.831   Time stamp of our file: 2026-10-09 22:58:06.000
2026-10-09 23:00:11.831   Dest file exists.
2026-10-09 23:00:11.831   Time stamp of existing file: 2026-10-09 22:58:06.000
2026-10-09 23:00:11.831   Installing the file.
2026-10-09 23:00:11.831   Successfully installed the file.
2026-10-09 23:00:11.831   -- File entry --
2026-10-09 23:00:11.831   Dest filename: D:\a\_temp\agym-c64-38001250527-5872-u8q4q801\client\Recepcion\_internal\tzdata\zoneinfo\Africa\Djibouti
2026-10-09 23:00:11.831   Time stamp of our file: 2026-10-09 22:58:06.000
2026-10-09 23:00:11.831   Dest file exists.
2026-10-09 23:00:11.831   Time stamp of existing file: 2026-10-09 22:58:06.000
2026-10-09 23:00:11.831   Installing the file.
2026-10-09 23:00:11.831   Successfully installed the file.
2026-10-09 23:00:11.831   -- File entry --
2026-10-09 23:00:11.831   Dest filename: D:\a\_temp\agym-c64-38001250527-5872-u8q4q801\client\Recepcion\_internal\tzdata\zoneinfo\Africa\Douala
2026-10-09 23:00:11.831   Time stamp of our file: 2026-10-09 22:58:06.000
2026-10-09 23:00:11.831   Dest file exists.
2026-10-09 23:00:11.831   Time stamp of existing file: 2026-10-09 22:58:06.000
2026-10-09 23:00:11.831   Installing the file.
2026-10-09 23:00:11.831   Successfully installed the file.
2026-10-09 23:00:11.831   -- File entry --
2026-10-09 23:00:11.831   Dest filename: D:\a\_temp\agym-c64-38001250527-5872-u8q4q801\client\Recepcion\_internal\tzdata\zoneinfo\Africa\El_Aaiun
2026-10-09 23:00:11.831   Time stamp of our file: 2026-10-09 22:58:06.000
2026-10-09 23:00:11.831   Dest file exists.
2026-10-09 23:00:11.831   Time stamp of existing file: 2026-10-09 22:58:06.000
2026-10-09 23:00:11.831   Installing the file.
2026-10-09 23:00:11.831   Successfully installed the file.
2026-10-09 23:00:11.831   -- File entry --
2026-10-09 23:00:11.831   Dest filename: D:\a\_temp\agym-c64-38001250527-5872-u8q4q801\client\Recepcion\_internal\tzdata\zoneinfo\Africa\Freetown
2026-10-09 23:00:11.831   Time stamp of our file: 2026-10-09 22:58:06.000
2026-10-09 23:00:11.831   Dest file exists.
2026-10-09 23:00:11.831   Time stamp of existing file: 2026-10-09 22:58:06.000
2026-10-09 23:00:11.831   Installing the file.
2026-10-09 23:00:11.831   Successfully installed the file.
2026-10-09 23:00:11.831   -- File entry --
2026-10-09 23:00:11.831   Dest filename: D:\a\_temp\agym-c64-38001250527-5872-u8q4q801\client\Recepcion\_internal\tzdata\zoneinfo\Africa\Gaborone
2026-10-09 23:00:11.831   Time stamp of our file: 2026-10-09 22:58:06.000
2026-10-09 23:00:11.831   Dest file exists.
2026-10-09 23:00:11.831   Time stamp of existing file: 2026-10-09 22:58:06.000
2026-10-09 23:00:11.831   Installing the file.
2026-10-09 23:00:11.831   Successfully installed the file.
2026-10-09 23:00:11.831   -- File entry --
2026-10-09 23:00:11.831   Dest filename: D:\a\_temp\agym-c64-38001250527-5872-u8q4q801\client\Recepcion\_internal\tzdata\zoneinfo\Africa\Harare
2026-10-09 23:00:11.831   Time stamp of our file: 2026-10-09 22:58:06.000
2026-10-09 23:00:11.831   Dest file exists.
2026-10-09 23:00:11.831   Time stamp of existing file: 2026-10-09 22:58:06.000
2026-10-09 23:00:11.831   Installing the file.
2026-10-09 23:00:11.831   Successfully installed the file.
2026-10-09 23:00:11.831   -- File entry --
2026-10-09 23:00:11.831   Dest filename: D:\a\_temp\agym-c64-38001250527-5872-u8q4q801\client\Recepcion\_internal\tzdata\zoneinfo\Africa\Johannesburg
2026-10-09 23:00:11.831   Time stamp of our file: 2026-10-09 22:58:06.000
2026-10-09 23:00:11.831   Dest file exists.
2026-10-09 23:00:11.831   Time stamp of existing file: 2026-10-09 22:58:06.000
2026-10-09 23:00:11.831   Installing the file.
2026-10-09 23:00:11.831   Successfully installed the file.
2026-10-09 23:00:11.831   -- File entry --
2026-10-09 23:00:11.831   Dest filename: D:\a\_temp\agym-c64-38001250527-5872-u8q4q801\client\Recepcion\_internal\tzdata\zoneinfo\Africa\Juba
2026-10-09 23:00:11.831   Time stamp of our file: 2026-10-09 22:58:06.000
2026-10-09 23:00:11.831   Dest file exists.
2026-10-09 23:00:11.831   Time stamp of existing file: 2026-10-09 22:58:06.000
2026-10-09 23:00:11.831   Installing the file.
2026-10-09 23:00:11.831   Successfully installed the file.
2026-10-09 23:00:11.831   -- File entry --
2026-10-09 23:00:11.831   Dest filename: D:\a\_temp\agym-c64-38001250527-5872-u8q4q801\client\Recepcion\_internal\tzdata\zoneinfo\Africa\Kampala
2026-10-09 23:00:11.831   Time stamp of our file: 2026-10-09 22:58:06.000
2026-10-09 23:00:11.831   Dest file exists.
2026-10-09 23:00:11.831   Time stamp of existing file: 2026-10-09 22:58:06.000
2026-10-09 23:00:11.831   Installing the file.
2026-10-09 23:00:11.831   Successfully installed the file.
2026-10-09 23:00:11.831   -- File entry --
2026-10-09 23:00:11.831   Dest filename: D:\a\_temp\agym-c64-38001250527-5872-u8q4q801\client\Recepcion\_internal\tzdata\zoneinfo\Africa\Khartoum
2026-10-09 23:00:11.831   Time stamp of our file: 2026-10-09 22:58:06.000
2026-10-09 23:00:11.831   Dest file exists.
2026-10-09 23:00:11.831   Time stamp of existing file: 2026-10-09 22:58:06.000
2026-10-09 23:00:11.831   Installing the file.
2026-10-09 23:00:11.847   Successfully installed the file.
2026-10-09 23:00:11.847   -- File entry --
2026-10-09 23:00:11.847   Dest filename: D:\a\_temp\agym-c64-38001250527-5872-u8q4q801\client\Recepcion\_internal\tzdata\zoneinfo\Africa\Kigali
2026-10-09 23:00:11.847   Time stamp of our file: 2026-10-09 22:58:06.000
2026-10-09 23:00:11.847   Dest file exists.
2026-10-09 23:00:11.847   Time stamp of existing file: 2026-10-09 22:58:06.000
2026-10-09 23:00:11.847   Installing the file.
2026-10-09 23:00:11.847   Successfully installed the file.
2026-10-09 23:00:11.847   -- File entry --
2026-10-09 23:00:11.847   Dest filename: D:\a\_temp\agym-c64-38001250527-5872-u8q4q801\client\Recepcion\_internal\tzdata\zoneinfo\Africa\Kinshasa
2026-10-09 23:00:11.847   Time stamp of our file: 2026-10-09 22:58:06.000
2026-10-09 23:00:11.847   Dest file exists.
2026-10-09 23:00:11.847   Time stamp of existing file: 2026-10-09 22:58:06.000
2026-10-09 23:00:11.847   Installing the file.
2026-10-09 23:00:11.847   Successfully installed the file.
2026-10-09 23:00:11.847   -- File entry --
2026-10-09 23:00:11.847   Dest filename: D:\a\_temp\agym-c64-38001250527-5872-u8q4q801\client\Recepcion\_internal\tzdata\zoneinfo\Africa\Lagos
2026-10-09 23:00:11.847   Time stamp of our file: 2026-10-09 22:58:06.000
2026-10-09 23:00:11.847   Dest file exists.
2026-10-09 23:00:11.847   Time stamp of existing file: 2026-10-09 22:58:06.000
2026-10-09 23:00:11.847   Installing the file.
2026-10-09 23:00:11.847   Successfully installed the file.
2026-10-09 23:00:11.847   -- File entry --
2026-10-09 23:00:11.847   Dest filename: D:\a\_temp\agym-c64-38001250527-5872-u8q4q801\client\Recepcion\_internal\tzdata\zoneinfo\Africa\Libreville
2026-10-09 23:00:11.847   Time stamp of our file: 2026-10-09 22:58:06.000
2026-10-09 23:00:11.847   Dest file exists.
2026-10-09 23:00:11.847   Time stamp of existing file: 2026-10-09 22:58:06.000
2026-10-09 23:00:11.847   Installing the file.
2026-10-09 23:00:11.847   Successfully installed the file.
2026-10-09 23:00:11.847   -- File entry --
2026-10-09 23:00:11.847   Dest filename: D:\a\_temp\agym-c64-38001250527-5872-u8q4q801\client\Recepcion\_internal\tzdata\zoneinfo\Africa\Lome
2026-10-09 23:00:11.847   Time stamp of our file: 2026-10-09 22:58:06.000
2026-10-09 23:00:11.847   Dest file exists.
2026-10-09 23:00:11.847   Time stamp of existing file: 2026-10-09 22:58:06.000
2026-10-09 23:00:11.847   Installing the file.
2026-10-09 23:00:11.847   Successfully installed the file.
2026-10-09 23:00:11.847   -- File entry --
2026-10-09 23:00:11.847   Dest filename: D:\a\_temp\agym-c64-38001250527-5872-u8q4q801\client\Recepcion\_internal\tzdata\zoneinfo\Africa\Luanda
2026-10-09 23:00:11.847   Time stamp of our file: 2026-10-09 22:58:06.000
2026-10-09 23:00:11.847   Dest file exists.
2026-10-09 23:00:11.847   Time stamp of existing file: 2026-10-09 22:58:06.000
2026-10-09 23:00:11.847   Installing the file.
2026-10-09 23:00:11.847   Successfully installed the file.
2026-10-09 23:00:11.847   -- File entry --
2026-10-09 23:00:11.847   Dest filename: D:\a\_temp\agym-c64-38001250527-5872-u8q4q801\client\Recepcion\_internal\tzdata\zoneinfo\Africa\Lubumbashi
2026-10-09 23:00:11.847   Time stamp of our file: 2026-10-09 22:58:06.000
2026-10-09 23:00:11.847   Dest file exists.
2026-10-09 23:00:11.847   Time stamp of existing file: 2026-10-09 22:58:06.000
2026-10-09 23:00:11.847   Installing the file.
2026-10-09 23:00:11.847   Successfully installed the file.
2026-10-09 23:00:11.847   -- File entry --
2026-10-09 23:00:11.847   Dest filename: D:\a\_temp\agym-c64-38001250527-5872-u8q4q801\client\Recepcion\_internal\tzdata\zoneinfo\Africa\Lusaka
2026-10-09 23:00:11.847   Time stamp of our file: 2026-10-09 22:58:06.000
2026-10-09 23:00:11.847   Dest file exists.
2026-10-09 23:00:11.847   Time stamp of existing file: 2026-10-09 22:58:06.000
2026-10-09 23:00:11.847   Installing the file.
2026-10-09 23:00:11.847   Successfully installed the file.
2026-10-09 23:00:11.847   -- File entry --
2026-10-09 23:00:11.847   Dest filename: D:\a\_temp\agym-c64-38001250527-5872-u8q4q801\client\Recepcion\_internal\tzdata\zoneinfo\Africa\Malabo
2026-10-09 23:00:11.847   Time stamp of our file: 2026-10-09 22:58:06.000
2026-10-09 23:00:11.847   Dest file exists.
2026-10-09 23:00:11.847   Time stamp of existing file: 2026-10-09 22:58:06.000
2026-10-09 23:00:11.847   Installing the file.
2026-10-09 23:00:11.847   Successfully installed the file.
2026-10-09 23:00:11.847   -- File entry --
2026-10-09 23:00:11.847   Dest filename: D:\a\_temp\agym-c64-38001250527-5872-u8q4q801\client\Recepcion\_internal\tzdata\zoneinfo\Africa\Maputo
2026-10-09 23:00:11.847   Time stamp of our file: 2026-10-09 22:58:06.000
2026-10-09 23:00:11.847   Dest file exists.
2026-10-09 23:00:11.847   Time stamp of existing file: 2026-10-09 22:58:06.000
2026-10-09 23:00:11.847   Installing the file.
2026-10-09 23:00:11.847   Successfully installed the file.
2026-10-09 23:00:11.847   -- File entry --
2026-10-09 23:00:11.847   Dest filename: D:\a\_temp\agym-c64-38001250527-5872-u8q4q801\client\Recepcion\_internal\tzdata\zoneinfo\Africa\Maseru
2026-10-09 23:00:11.847   Time stamp of our file: 2026-10-09 22:58:06.000
2026-10-09 23:00:11.847   Dest file exists.
2026-10-09 23:00:11.847   Time stamp of existing file: 2026-10-09 22:58:06.000
2026-10-09 23:00:11.847   Installing the file.
2026-10-09 23:00:11.847   Successfully installed the file.
2026-10-09 23:00:11.847   -- File entry --
2026-10-09 23:00:11.847   Dest filename: D:\a\_temp\agym-c64-38001250527-5872-u8q4q801\client\Recepcion\_internal\tzdata\zoneinfo\Africa\Mbabane
2026-10-09 23:00:11.847   Time stamp of our file: 2026-10-09 22:58:06.000
2026-10-09 23:00:11.847   Dest file exists.
2026-10-09 23:00:11.847   Time stamp of existing file: 2026-10-09 22:58:06.000
2026-10-09 23:00:11.847   Installing the file.
2026-10-09 23:00:11.847   Successfully installed the file.
2026-10-09 23:00:11.847   -- File entry --
2026-10-09 23:00:11.847   Dest filename: D:\a\_temp\agym-c64-38001250527-5872-u8q4q801\client\Recepcion\_internal\tzdata\zoneinfo\Africa\Mogadishu
2026-10-09 23:00:11.847   Time stamp of our file: 2026-10-09 22:58:06.000
2026-10-09 23:00:11.847   Dest file exists.
2026-10-09 23:00:11.847   Time stamp of existing file: 2026-10-09 22:58:06.000
2026-10-09 23:00:11.847   Installing the file.
2026-10-09 23:00:11.847   Successfully installed the file.
2026-10-09 23:00:11.847   -- File entry --
2026-10-09 23:00:11.847   Dest filename: D:\a\_temp\agym-c64-38001250527-5872-u8q4q801\client\Recepcion\_internal\tzdata\zoneinfo\Africa\Monrovia
2026-10-09 23:00:11.847   Time stamp of our file: 2026-10-09 22:58:06.000
2026-10-09 23:00:11.847   Dest file exists.
2026-10-09 23:00:11.847   Time stamp of existing file: 2026-10-09 22:58:06.000
2026-10-09 23:00:11.847   Installing the file.
2026-10-09 23:00:11.847   Successfully installed the file.
2026-10-09 23:00:11.847   -- File entry --
2026-10-09 23:00:11.847   Dest filename: D:\a\_temp\agym-c64-38001250527-5872-u8q4q801\client\Recepcion\_internal\tzdata\zoneinfo\Africa\Nairobi
2026-10-09 23:00:11.847   Time stamp of our file: 2026-10-09 22:58:06.000
2026-10-09 23:00:11.847   Dest file exists.
2026-10-09 23:00:11.847   Time stamp of existing file: 2026-10-09 22:58:06.000
2026-10-09 23:00:11.847   Installing the file.
2026-10-09 23:00:11.847   Successfully installed the file.
2026-10-09 23:00:11.847   -- File entry --
2026-10-09 23:00:11.847   Dest filename: D:\a\_temp\agym-c64-38001250527-5872-u8q4q801\client\Recepcion\_internal\tzdata\zoneinfo\Africa\Ndjamena
2026-10-09 23:00:11.847   Time stamp of our file: 2026-10-09 22:58:06.000
2026-10-09 23:00:11.847   Dest file exists.
2026-10-09 23:00:11.847   Time stamp of existing file: 2026-10-09 22:58:06.000
2026-10-09 23:00:11.847   Installing the file.
2026-10-09 23:00:11.847   Successfully installed the file.
2026-10-09 23:00:11.847   -- File entry --
2026-10-09 23:00:11.847   Dest filename: D:\a\_temp\agym-c64-38001250527-5872-u8q4q801\client\Recepcion\_internal\tzdata\zoneinfo\Africa\Niamey
2026-10-09 23:00:11.847   Time stamp of our file: 2026-10-09 22:58:06.000
2026-10-09 23:00:11.847   Dest file exists.
2026-10-09 23:00:11.847   Time stamp of existing file: 2026-10-09 22:58:06.000
2026-10-09 23:00:11.847   Installing the file.
2026-10-09 23:00:11.847   Successfully installed the file.
2026-10-09 23:00:11.847   -- File entry --
2026-10-09 23:00:11.847   Dest filename: D:\a\_temp\agym-c64-38001250527-5872-u8q4q801\client\Recepcion\_internal\tzdata\zoneinfo\Africa\Nouakchott
2026-10-09 23:00:11.847   Time stamp of our file: 2026-10-09 22:58:06.000
2026-10-09 23:00:11.847   Dest file exists.
2026-10-09 23:00:11.847   Time stamp of existing file: 2026-10-09 22:58:06.000
2026-10-09 23:00:11.847   Installing the file.
2026-10-09 23:00:11.847   Successfully installed the file.
2026-10-09 23:00:11.847   -- File entry --
2026-10-09 23:00:11.847   Dest filename: D:\a\_temp\agym-c64-38001250527-5872-u8q4q801\client\Recepcion\_internal\tzdata\zoneinfo\Africa\Ouagadougou
2026-10-09 23:00:11.847   Time stamp of our file: 2026-10-09 22:58:06.000
2026-10-09 23:00:11.847   Dest file exists.
2026-10-09 23:00:11.847   Time stamp of existing file: 2026-10-09 22:58:06.000
2026-10-09 23:00:11.847   Installing the file.
2026-10-09 23:00:11.847   Successfully installed the file.
2026-10-09 23:00:11.847   -- File entry --
2026-10-09 23:00:11.847   Dest filename: D:\a\_temp\agym-c64-38001250527-5872-u8q4q801\client\Recepcion\_internal\tzdata\zoneinfo\Africa\Porto-Novo
2026-10-09 23:00:11.847   Time stamp of our file: 2026-10-09 22:58:06.000
2026-10-09 23:00:11.847   Dest file exists.
2026-10-09 23:00:11.847   Time stamp of existing file: 2026-10-09 22:58:06.000
2026-10-09 23:00:11.847   Installing the file.
2026-10-09 23:00:11.847   Successfully installed the file.
2026-10-09 23:00:11.847   -- File entry --
2026-10-09 23:00:11.847   Dest filename: D:\a\_temp\agym-c64-38001250527-5872-u8q4q801\client\Recepcion\_internal\tzdata\zoneinfo\Africa\Sao_Tome
2026-10-09 23:00:11.847   Time stamp of our file: 2026-10-09 22:58:06.000
2026-10-09 23:00:11.847   Dest file exists.
2026-10-09 23:00:11.847   Time stamp of existing file: 2026-10-09 22:58:06.000
2026-10-09 23:00:11.847   Installing the file.
2026-10-09 23:00:11.847   Successfully installed the file.
2026-10-09 23:00:11.847   -- File entry --
2026-10-09 23:00:11.847   Dest filename: D:\a\_temp\agym-c64-38001250527-5872-u8q4q801\client\Recepcion\_internal\tzdata\zoneinfo\Africa\Timbuktu
2026-10-09 23:00:11.847   Time stamp of our file: 2026-10-09 22:58:06.000
2026-10-09 23:00:11.847   Dest file exists.
2026-10-09 23:00:11.847   Time stamp of existing file: 2026-10-09 22:58:06.000
2026-10-09 23:00:11.847   Installing the file.
2026-10-09 23:00:11.847   Successfully installed the file.
2026-10-09 23:00:11.847   -- File entry --
2026-10-09 23:00:11.847   Dest filename: D:\a\_temp\agym-c64-38001250527-5872-u8q4q801\client\Recepcion\_internal\tzdata\zoneinfo\Africa\Tripoli
2026-10-09 23:00:11.847   Time stamp of our file: 2026-10-09 22:58:06.000
2026-10-09 23:00:11.847   Dest file exists.
2026-10-09 23:00:11.847   Time stamp of existing file: 2026-10-09 22:58:06.000
2026-10-09 23:00:11.847   Installing the file.
2026-10-09 23:00:11.847   Successfully installed the file.
2026-10-09 23:00:11.847   -- File entry --
2026-10-09 23:00:11.847   Dest filename: D:\a\_temp\agym-c64-38001250527-5872-u8q4q801\client\Recepcion\_internal\tzdata\zoneinfo\Africa\Tunis
2026-10-09 23:00:11.847   Time stamp of our file: 2026-10-09 22:58:06.000
2026-10-09 23:00:11.847   Dest file exists.
2026-10-09 23:00:11.847   Time stamp of existing file: 2026-10-09 22:58:06.000
2026-10-09 23:00:11.847   Installing the file.
2026-10-09 23:00:11.847   Successfully installed the file.
2026-10-09 23:00:11.847   -- File entry --
2026-10-09 23:00:11.847   Dest filename: D:\a\_temp\agym-c64-38001250527-5872-u8q4q801\client\Recepcion\_internal\tzdata\zoneinfo\Africa\Windhoek
2026-10-09 23:00:11.847   Time stamp of our file: 2026-10-09 22:58:06.000
2026-10-09 23:00:11.847   Dest file exists.
2026-10-09 23:00:11.847   Time stamp of existing file: 2026-10-09 22:58:06.000
2026-10-09 23:00:11.847   Installing the file.
2026-10-09 23:00:11.847   Successfully installed the file.
2026-10-09 23:00:11.847   -- File entry --
2026-10-09 23:00:11.847   Dest filename: D:\a\_temp\agym-c64-38001250527-5872-u8q4q801\client\Recepcion\_internal\tzdata\zoneinfo\Africa\__init__.py
2026-10-09 23:00:11.847   Time stamp of our file: 2026-10-09 22:58:06.000
2026-10-09 23:00:11.847   Dest file exists.
2026-10-09 23:00:11.847   Time stamp of existing file: 2026-10-09 22:58:06.000
2026-10-09 23:00:11.847   Installing the file.
2026-10-09 23:00:11.847   Successfully installed the file.
2026-10-09 23:00:11.847   -- File entry --
2026-10-09 23:00:11.847   Dest filename: D:\a\_temp\agym-c64-38001250527-5872-u8q4q801\client\Recepcion\_internal\tzdata\zoneinfo\America\Adak
2026-10-09 23:00:11.847   Time stamp of our file: 2026-10-09 22:58:06.000
2026-10-09 23:00:11.847   Dest file exists.
2026-10-09 23:00:11.847   Time stamp of existing file: 2026-10-09 22:58:06.000
2026-10-09 23:00:11.847   Installing the file.
2026-10-09 23:00:11.847   Successfully installed the file.
2026-10-09 23:00:11.847   -- File entry --
2026-10-09 23:00:11.847   Dest filename: D:\a\_temp\agym-c64-38001250527-5872-u8q4q801\client\Recepcion\_internal\tzdata\zoneinfo\America\Anchorage
2026-10-09 23:00:11.847   Time stamp of our file: 2026-10-09 22:58:06.000
2026-10-09 23:00:11.847   Dest file exists.
2026-10-09 23:00:11.847   Time stamp of existing file: 2026-10-09 22:58:06.000
2026-10-09 23:00:11.847   Installing the file.
2026-10-09 23:00:11.847   Successfully installed the file.
2026-10-09 23:00:11.847   -- File entry --
2026-10-09 23:00:11.847   Dest filename: D:\a\_temp\agym-c64-38001250527-5872-u8q4q801\client\Recepcion\_internal\tzdata\zoneinfo\America\Anguilla
2026-10-09 23:00:11.847   Time stamp of our file: 2026-10-09 22:58:06.000
2026-10-09 23:00:11.847   Dest file exists.
2026-10-09 23:00:11.847   Time stamp of existing file: 2026-10-09 22:58:06.000
2026-10-09 23:00:11.847   Installing the file.
2026-10-09 23:00:11.847   Successfully installed the file.
2026-10-09 23:00:11.847   -- File entry --
2026-10-09 23:00:11.847   Dest filename: D:\a\_temp\agym-c64-38001250527-5872-u8q4q801\client\Recepcion\_internal\tzdata\zoneinfo\America\Antigua
2026-10-09 23:00:11.862   Time stamp of our file: 2026-10-09 22:58:06.000
2026-10-09 23:00:11.862   Dest file exists.
2026-10-09 23:00:11.862   Time stamp of existing file: 2026-10-09 22:58:06.000
2026-10-09 23:00:11.862   Installing the file.
2026-10-09 23:00:11.862   Successfully installed the file.
2026-10-09 23:00:11.862   -- File entry --
2026-10-09 23:00:11.862   Dest filename: D:\a\_temp\agym-c64-38001250527-5872-u8q4q801\client\Recepcion\_internal\tzdata\zoneinfo\America\Araguaina
2026-10-09 23:00:11.862   Time stamp of our file: 2026-10-09 22:58:06.000
2026-10-09 23:00:11.862   Dest file exists.
2026-10-09 23:00:11.862   Time stamp of existing file: 2026-10-09 22:58:06.000
2026-10-09 23:00:11.862   Installing the file.
2026-10-09 23:00:11.862   Successfully installed the file.
2026-10-09 23:00:11.862   -- File entry --
2026-10-09 23:00:11.862   Dest filename: D:\a\_temp\agym-c64-38001250527-5872-u8q4q801\client\Recepcion\_internal\tzdata\zoneinfo\America\Aruba
2026-10-09 23:00:11.862   Time stamp of our file: 2026-10-09 22:58:06.000
2026-10-09 23:00:11.862   Dest file exists.
2026-10-09 23:00:11.862   Time stamp of existing file: 2026-10-09 22:58:06.000
2026-10-09 23:00:11.862   Installing the file.
2026-10-09 23:00:11.862   Successfully installed the file.
2026-10-09 23:00:11.862   -- File entry --
2026-10-09 23:00:11.862   Dest filename: D:\a\_temp\agym-c64-38001250527-5872-u8q4q801\client\Recepcion\_internal\tzdata\zoneinfo\America\Asuncion
2026-10-09 23:00:11.862   Time stamp of our file: 2026-10-09 22:58:06.000
2026-10-09 23:00:11.862   Dest file exists.
2026-10-09 23:00:11.862   Time stamp of existing file: 2026-10-09 22:58:06.000
2026-10-09 23:00:11.862   Installing the file.
2026-10-09 23:00:11.862   Successfully installed the file.
2026-10-09 23:00:11.862   -- File entry --
2026-10-09 23:00:11.862   Dest filename: D:\a\_temp\agym-c64-38001250527-5872-u8q4q801\client\Recepcion\_internal\tzdata\zoneinfo\America\Atikokan
2026-10-09 23:00:11.862   Time stamp of our file: 2026-10-09 22:58:06.000
2026-10-09 23:00:11.862   Dest file exists.
2026-10-09 23:00:11.862   Time stamp of existing file: 2026-10-09 22:58:06.000
2026-10-09 23:00:11.862   Installing the file.
2026-10-09 23:00:11.862   Successfully installed the file.
2026-10-09 23:00:11.862   -- File entry --
2026-10-09 23:00:11.862   Dest filename: D:\a\_temp\agym-c64-38001250527-5872-u8q4q801\client\Recepcion\_internal\tzdata\zoneinfo\America\Atka
2026-10-09 23:00:11.862   Time stamp of our file: 2026-10-09 22:58:06.000
2026-10-09 23:00:11.862   Dest file exists.
2026-10-09 23:00:11.862   Time stamp of existing file: 2026-10-09 22:58:06.000
2026-10-09 23:00:11.862   Installing the file.
2026-10-09 23:00:11.862   Successfully installed the file.
2026-10-09 23:00:11.862   -- File entry --
2026-10-09 23:00:11.862   Dest filename: D:\a\_temp\agym-c64-38001250527-5872-u8q4q801\client\Recepcion\_internal\tzdata\zoneinfo\America\Bahia
2026-10-09 23:00:11.862   Time stamp of our file: 2026-10-09 22:58:06.000
2026-10-09 23:00:11.862   Dest file exists.
2026-10-09 23:00:11.862   Time stamp of existing file: 2026-10-09 22:58:06.000
2026-10-09 23:00:11.862   Installing the file.
2026-10-09 23:00:11.862   Successfully installed the file.
2026-10-09 23:00:11.862   -- File entry --
2026-10-09 23:00:11.862   Dest filename: D:\a\_temp\agym-c64-38001250527-5872-u8q4q801\client\Recepcion\_internal\tzdata\zoneinfo\America\Bahia_Banderas
2026-10-09 23:00:11.862   Time stamp of our file: 2026-10-09 22:58:06.000
2026-10-09 23:00:11.862   Dest file exists.
2026-10-09 23:00:11.862   Time stamp of existing file: 2026-10-09 22:58:06.000
2026-10-09 23:00:11.862   Installing the file.
2026-10-09 23:00:11.862   Successfully installed the file.
2026-10-09 23:00:11.862   -- File entry --
2026-10-09 23:00:11.862   Dest filename: D:\a\_temp\agym-c64-38001250527-5872-u8q4q801\client\Recepcion\_internal\tzdata\zoneinfo\America\Barbados
2026-10-09 23:00:11.862   Time stamp of our file: 2026-10-09 22:58:06.000
2026-10-09 23:00:11.862   Dest file exists.
2026-10-09 23:00:11.862   Time stamp of existing file: 2026-10-09 22:58:06.000
2026-10-09 23:00:11.862   Installing the file.
2026-10-09 23:00:11.862   Successfully installed the file.
2026-10-09 23:00:11.862   -- File entry --
2026-10-09 23:00:11.862   Dest filename: D:\a\_temp\agym-c64-38001250527-5872-u8q4q801\client\Recepcion\_internal\tzdata\zoneinfo\America\Belem
2026-10-09 23:00:11.862   Time stamp of our file: 2026-10-09 22:58:06.000
2026-10-09 23:00:11.862   Dest file exists.
2026-10-09 23:00:11.862   Time stamp of existing file: 2026-10-09 22:58:06.000
2026-10-09 23:00:11.862   Installing the file.
2026-10-09 23:00:11.862   Successfully installed the file.
2026-10-09 23:00:11.862   -- File entry --
2026-10-09 23:00:11.862   Dest filename: D:\a\_temp\agym-c64-38001250527-5872-u8q4q801\client\Recepcion\_internal\tzdata\zoneinfo\America\Belize
2026-10-09 23:00:11.862   Time stamp of our file: 2026-10-09 22:58:06.000
2026-10-09 23:00:11.862   Dest file exists.
2026-10-09 23:00:11.862   Time stamp of existing file: 2026-10-09 22:58:06.000
2026-10-09 23:00:11.862   Installing the file.
2026-10-09 23:00:11.862   Successfully installed the file.
2026-10-09 23:00:11.862   -- File entry --
2026-10-09 23:00:11.862   Dest filename: D:\a\_temp\agym-c64-38001250527-5872-u8q4q801\client\Recepcion\_internal\tzdata\zoneinfo\America\Blanc-Sablon
2026-10-09 23:00:11.862   Time stamp of our file: 2026-10-09 22:58:06.000
2026-10-09 23:00:11.862   Dest file exists.
2026-10-09 23:00:11.862   Time stamp of existing file: 2026-10-09 22:58:06.000
2026-10-09 23:00:11.862   Installing the file.
2026-10-09 23:00:11.862   Successfully installed the file.
2026-10-09 23:00:11.862   -- File entry --
2026-10-09 23:00:11.862   Dest filename: D:\a\_temp\agym-c64-38001250527-5872-u8q4q801\client\Recepcion\_internal\tzdata\zoneinfo\America\Boa_Vista
2026-10-09 23:00:11.862   Time stamp of our file: 2026-10-09 22:58:06.000
2026-10-09 23:00:11.862   Dest file exists.
2026-10-09 23:00:11.862   Time stamp of existing file: 2026-10-09 22:58:06.000
2026-10-09 23:00:11.862   Installing the file.
2026-10-09 23:00:11.862   Successfully installed the file.
2026-10-09 23:00:11.862   -- File entry --
2026-10-09 23:00:11.862   Dest filename: D:\a\_temp\agym-c64-38001250527-5872-u8q4q801\client\Recepcion\_internal\tzdata\zoneinfo\America\Bogota
2026-10-09 23:00:11.862   Time stamp of our file: 2026-10-09 22:58:06.000
2026-10-09 23:00:11.862   Dest file exists.
2026-10-09 23:00:11.862   Time stamp of existing file: 2026-10-09 22:58:06.000
2026-10-09 23:00:11.862   Installing the file.
2026-10-09 23:00:11.862   Successfully installed the file.
2026-10-09 23:00:11.862   -- File entry --
2026-10-09 23:00:11.862   Dest filename: D:\a\_temp\agym-c64-38001250527-5872-u8q4q801\client\Recepcion\_internal\tzdata\zoneinfo\America\Boise
2026-10-09 23:00:11.862   Time stamp of our file: 2026-10-09 22:58:06.000
2026-10-09 23:00:11.862   Dest file exists.
2026-10-09 23:00:11.862   Time stamp of existing file: 2026-10-09 22:58:06.000
2026-10-09 23:00:11.862   Installing the file.
2026-10-09 23:00:11.862   Successfully installed the file.
2026-10-09 23:00:11.862   -- File entry --
2026-10-09 23:00:11.862   Dest filename: D:\a\_temp\agym-c64-38001250527-5872-u8q4q801\client\Recepcion\_internal\tzdata\zoneinfo\America\Buenos_Aires
2026-10-09 23:00:11.862   Time stamp of our file: 2026-10-09 22:58:06.000
2026-10-09 23:00:11.862   Dest file exists.
2026-10-09 23:00:11.862   Time stamp of existing file: 2026-10-09 22:58:06.000
2026-10-09 23:00:11.862   Installing the file.
2026-10-09 23:00:11.862   Successfully installed the file.
2026-10-09 23:00:11.862   -- File entry --
2026-10-09 23:00:11.862   Dest filename: D:\a\_temp\agym-c64-38001250527-5872-u8q4q801\client\Recepcion\_internal\tzdata\zoneinfo\America\Cambridge_Bay
2026-10-09 23:00:11.862   Time stamp of our file: 2026-10-09 22:58:06.000
2026-10-09 23:00:11.862   Dest file exists.
2026-10-09 23:00:11.862   Time stamp of existing file: 2026-10-09 22:58:06.000
2026-10-09 23:00:11.862   Installing the file.
2026-10-09 23:00:11.862   Successfully installed the file.
2026-10-09 23:00:11.862   -- File entry --
2026-10-09 23:00:11.862   Dest filename: D:\a\_temp\agym-c64-38001250527-5872-u8q4q801\client\Recepcion\_internal\tzdata\zoneinfo\America\Campo_Grande
2026-10-09 23:00:11.862   Time stamp of our file: 2026-10-09 22:58:06.000
2026-10-09 23:00:11.862   Dest file exists.
2026-10-09 23:00:11.862   Time stamp of existing file: 2026-10-09 22:58:06.000
2026-10-09 23:00:11.862   Installing the file.
2026-10-09 23:00:11.862   Successfully installed the file.
2026-10-09 23:00:11.862   -- File entry --
2026-10-09 23:00:11.862   Dest filename: D:\a\_temp\agym-c64-38001250527-5872-u8q4q801\client\Recepcion\_internal\tzdata\zoneinfo\America\Cancun
2026-10-09 23:00:11.862   Time stamp of our file: 2026-10-09 22:58:06.000
2026-10-09 23:00:11.862   Dest file exists.
2026-10-09 23:00:11.862   Time stamp of existing file: 2026-10-09 22:58:06.000
2026-10-09 23:00:11.862   Installing the file.
2026-10-09 23:00:11.862   Successfully installed the file.
2026-10-09 23:00:11.862   -- File entry --
2026-10-09 23:00:11.862   Dest filename: D:\a\_temp\agym-c64-38001250527-5872-u8q4q801\client\Recepcion\_internal\tzdata\zoneinfo\America\Caracas
2026-10-09 23:00:11.862   Time stamp of our file: 2026-10-09 22:58:06.000
2026-10-09 23:00:11.862   Dest file exists.
2026-10-09 23:00:11.862   Time stamp of existing file: 2026-10-09 22:58:06.000
2026-10-09 23:00:11.862   Installing the file.
2026-10-09 23:00:11.862   Successfully installed the file.
2026-10-09 23:00:11.862   -- File entry --
2026-10-09 23:00:11.862   Dest filename: D:\a\_temp\agym-c64-38001250527-5872-u8q4q801\client\Recepcion\_internal\tzdata\zoneinfo\America\Catamarca
2026-10-09 23:00:11.862   Time stamp of our file: 2026-10-09 22:58:06.000
2026-10-09 23:00:11.862   Dest file exists.
2026-10-09 23:00:11.862   Time stamp of existing file: 2026-10-09 22:58:06.000
2026-10-09 23:00:11.862   Installing the file.
2026-10-09 23:00:11.862   Successfully installed the file.
2026-10-09 23:00:11.862   -- File entry --
2026-10-09 23:00:11.862   Dest filename: D:\a\_temp\agym-c64-38001250527-5872-u8q4q801\client\Recepcion\_internal\tzdata\zoneinfo\America\Cayenne
2026-10-09 23:00:11.862   Time stamp of our file: 2026-10-09 22:58:06.000
2026-10-09 23:00:11.862   Dest file exists.
2026-10-09 23:00:11.862   Time stamp of existing file: 2026-10-09 22:58:06.000
2026-10-09 23:00:11.862   Installing the file.
2026-10-09 23:00:11.862   Successfully installed the file.
2026-10-09 23:00:11.862   -- File entry --
2026-10-09 23:00:11.862   Dest filename: D:\a\_temp\agym-c64-38001250527-5872-u8q4q801\client\Recepcion\_internal\tzdata\zoneinfo\America\Cayman
2026-10-09 23:00:11.862   Time stamp of our file: 2026-10-09 22:58:06.000
2026-10-09 23:00:11.862   Dest file exists.
2026-10-09 23:00:11.862   Time stamp of existing file: 2026-10-09 22:58:06.000
2026-10-09 23:00:11.862   Installing the file.
2026-10-09 23:00:11.862   Successfully installed the file.
2026-10-09 23:00:11.862   -- File entry --
2026-10-09 23:00:11.862   Dest filename: D:\a\_temp\agym-c64-38001250527-5872-u8q4q801\client\Recepcion\_internal\tzdata\zoneinfo\America\Chicago
2026-10-09 23:00:11.862   Time stamp of our file: 2026-10-09 22:58:06.000
2026-10-09 23:00:11.862   Dest file exists.
2026-10-09 23:00:11.862   Time stamp of existing file: 2026-10-09 22:58:06.000
2026-10-09 23:00:11.862   Installing the file.
2026-10-09 23:00:11.862   Successfully installed the file.
2026-10-09 23:00:11.862   -- File entry --
2026-10-09 23:00:11.862   Dest filename: D:\a\_temp\agym-c64-38001250527-5872-u8q4q801\client\Recepcion\_internal\tzdata\zoneinfo\America\Chihuahua
2026-10-09 23:00:11.862   Time stamp of our file: 2026-10-09 22:58:06.000
2026-10-09 23:00:11.862   Dest file exists.
2026-10-09 23:00:11.862   Time stamp of existing file: 2026-10-09 22:58:06.000
2026-10-09 23:00:11.862   Installing the file.
2026-10-09 23:00:11.862   Successfully installed the file.
2026-10-09 23:00:11.862   -- File entry --
2026-10-09 23:00:11.862   Dest filename: D:\a\_temp\agym-c64-38001250527-5872-u8q4q801\client\Recepcion\_internal\tzdata\zoneinfo\America\Ciudad_Juarez
2026-10-09 23:00:11.862   Time stamp of our file: 2026-10-09 22:58:06.000
2026-10-09 23:00:11.862   Dest file exists.
2026-10-09 23:00:11.862   Time stamp of existing file: 2026-10-09 22:58:06.000
2026-10-09 23:00:11.862   Installing the file.
2026-10-09 23:00:11.862   Successfully installed the file.
2026-10-09 23:00:11.862   -- File entry --
2026-10-09 23:00:11.862   Dest filename: D:\a\_temp\agym-c64-38001250527-5872-u8q4q801\client\Recepcion\_internal\tzdata\zoneinfo\America\Coral_Harbour
2026-10-09 23:00:11.862   Time stamp of our file: 2026-10-09 22:58:06.000
2026-10-09 23:00:11.862   Dest file exists.
2026-10-09 23:00:11.862   Time stamp of existing file: 2026-10-09 22:58:06.000
2026-10-09 23:00:11.862   Installing the file.
2026-10-09 23:00:11.862   Successfully installed the file.
2026-10-09 23:00:11.862   -- File entry --
2026-10-09 23:00:11.862   Dest filename: D:\a\_temp\agym-c64-38001250527-5872-u8q4q801\client\Recepcion\_internal\tzdata\zoneinfo\America\Cordoba
2026-10-09 23:00:11.862   Time stamp of our file: 2026-10-09 22:58:06.000
2026-10-09 23:00:11.862   Dest file exists.
2026-10-09 23:00:11.862   Time stamp of existing file: 2026-10-09 22:58:06.000
2026-10-09 23:00:11.862   Installing the file.
2026-10-09 23:00:11.862   Successfully installed the file.
2026-10-09 23:00:11.862   -- File entry --
2026-10-09 23:00:11.862   Dest filename: D:\a\_temp\agym-c64-38001250527-5872-u8q4q801\client\Recepcion\_internal\tzdata\zoneinfo\America\Costa_Rica
2026-10-09 23:00:11.862   Time stamp of our file: 2026-10-09 22:58:06.000
2026-10-09 23:00:11.862   Dest file exists.
2026-10-09 23:00:11.862   Time stamp of existing file: 2026-10-09 22:58:06.000
2026-10-09 23:00:11.862   Installing the file.
2026-10-09 23:00:11.878   Successfully installed the file.
2026-10-09 23:00:11.878   -- File entry --
2026-10-09 23:00:11.878   Dest filename: D:\a\_temp\agym-c64-38001250527-5872-u8q4q801\client\Recepcion\_internal\tzdata\zoneinfo\America\Coyhaique
2026-10-09 23:00:11.878   Time stamp of our file: 2026-10-09 22:58:06.000
2026-10-09 23:00:11.878   Dest file exists.
2026-10-09 23:00:11.878   Time stamp of existing file: 2026-10-09 22:58:06.000
2026-10-09 23:00:11.878   Installing the file.
2026-10-09 23:00:11.878   Successfully installed the file.
2026-10-09 23:00:11.878   -- File entry --
2026-10-09 23:00:11.878   Dest filename: D:\a\_temp\agym-c64-38001250527-5872-u8q4q801\client\Recepcion\_internal\tzdata\zoneinfo\America\Creston
2026-10-09 23:00:11.878   Time stamp of our file: 2026-10-09 22:58:06.000
2026-10-09 23:00:11.878   Dest file exists.
2026-10-09 23:00:11.878   Time stamp of existing file: 2026-10-09 22:58:06.000
2026-10-09 23:00:11.878   Installing the file.
2026-10-09 23:00:11.878   Successfully installed the file.
2026-10-09 23:00:11.878   -- File entry --
2026-10-09 23:00:11.878   Dest filename: D:\a\_temp\agym-c64-38001250527-5872-u8q4q801\client\Recepcion\_internal\tzdata\zoneinfo\America\Cuiaba
2026-10-09 23:00:11.878   Time stamp of our file: 2026-10-09 22:58:06.000
2026-10-09 23:00:11.878   Dest file exists.
2026-10-09 23:00:11.878   Time stamp of existing file: 2026-10-09 22:58:06.000
2026-10-09 23:00:11.878   Installing the file.
2026-10-09 23:00:11.878   Successfully installed the file.
2026-10-09 23:00:11.878   -- File entry --
2026-10-09 23:00:11.878   Dest filename: D:\a\_temp\agym-c64-38001250527-5872-u8q4q801\client\Recepcion\_internal\tzdata\zoneinfo\America\Curacao
2026-10-09 23:00:11.878   Time stamp of our file: 2026-10-09 22:58:06.000
2026-10-09 23:00:11.878   Dest file exists.
2026-10-09 23:00:11.878   Time stamp of existing file: 2026-10-09 22:58:06.000
2026-10-09 23:00:11.878   Installing the file.
2026-10-09 23:00:11.878   Successfully installed the file.
2026-10-09 23:00:11.878   -- File entry --
2026-10-09 23:00:11.878   Dest filename: D:\a\_temp\agym-c64-38001250527-5872-u8q4q801\client\Recepcion\_internal\tzdata\zoneinfo\America\Danmarkshavn
2026-10-09 23:00:11.878   Time stamp of our file: 2026-10-09 22:58:06.000
2026-10-09 23:00:11.878   Dest file exists.
2026-10-09 23:00:11.878   Time stamp of existing file: 2026-10-09 22:58:06.000
2026-10-09 23:00:11.878   Installing the file.
2026-10-09 23:00:11.878   Successfully installed the file.
2026-10-09 23:00:11.878   -- File entry --
2026-10-09 23:00:11.878   Dest filename: D:\a\_temp\agym-c64-38001250527-5872-u8q4q801\client\Recepcion\_internal\tzdata\zoneinfo\America\Dawson
2026-10-09 23:00:11.878   Time stamp of our file: 2026-10-09 22:58:06.000
2026-10-09 23:00:11.878   Dest file exists.
2026-10-09 23:00:11.878   Time stamp of existing file: 2026-10-09 22:58:06.000
2026-10-09 23:00:11.878   Installing the file.
2026-10-09 23:00:11.878   Successfully installed the file.
2026-10-09 23:00:11.878   -- File entry --
2026-10-09 23:00:11.878   Dest filename: D:\a\_temp\agym-c64-38001250527-5872-u8q4q801\client\Recepcion\_internal\tzdata\zoneinfo\America\Dawson_Creek
2026-10-09 23:00:11.878   Time stamp of our file: 2026-10-09 22:58:06.000
2026-10-09 23:00:11.878   Dest file exists.
2026-10-09 23:00:11.878   Time stamp of existing file: 2026-10-09 22:58:06.000
2026-10-09 23:00:11.878   Installing the file.
2026-10-09 23:00:11.878   Successfully installed the file.
2026-10-09 23:00:11.878   -- File entry --
2026-10-09 23:00:11.878   Dest filename: D:\a\_temp\agym-c64-38001250527-5872-u8q4q801\client\Recepcion\_internal\tzdata\zoneinfo\America\Denver
2026-10-09 23:00:11.878   Time stamp of our file: 2026-10-09 22:58:06.000
2026-10-09 23:00:11.878   Dest file exists.
2026-10-09 23:00:11.878   Time stamp of existing file: 2026-10-09 22:58:06.000
2026-10-09 23:00:11.878   Installing the file.
2026-10-09 23:00:11.878   Successfully installed the file.
2026-10-09 23:00:11.878   -- File entry --
2026-10-09 23:00:11.878   Dest filename: D:\a\_temp\agym-c64-38001250527-5872-u8q4q801\client\Recepcion\_internal\tzdata\zoneinfo\America\Detroit
2026-10-09 23:00:11.878   Time stamp of our file: 2026-10-09 22:58:06.000
2026-10-09 23:00:11.878   Dest file exists.
2026-10-09 23:00:11.878   Time stamp of existing file: 2026-10-09 22:58:06.000
2026-10-09 23:00:11.878   Installing the file.
2026-10-09 23:00:11.878   Successfully installed the file.
2026-10-09 23:00:11.878   -- File entry --
2026-10-09 23:00:11.878   Dest filename: D:\a\_temp\agym-c64-38001250527-5872-u8q4q801\client\Recepcion\_internal\tzdata\zoneinfo\America\Dominica
2026-10-09 23:00:11.878   Time stamp of our file: 2026-10-09 22:58:06.000
2026-10-09 23:00:11.878   Dest file exists.
2026-10-09 23:00:11.878   Time stamp of existing file: 2026-10-09 22:58:06.000
2026-10-09 23:00:11.878   Installing the file.
2026-10-09 23:00:11.878   Successfully installed the file.
2026-10-09 23:00:11.878   -- File entry --
2026-10-09 23:00:11.878   Dest filename: D:\a\_temp\agym-c64-38001250527-5872-u8q4q801\client\Recepcion\_internal\tzdata\zoneinfo\America\Edmonton
2026-10-09 23:00:11.878   Time stamp of our file: 2026-10-09 22:58:06.000
2026-10-09 23:00:11.878   Dest file exists.
2026-10-09 23:00:11.878   Time stamp of existing file: 2026-10-09 22:58:06.000
2026-10-09 23:00:11.878   Installing the file.
2026-10-09 23:00:11.878   Successfully installed the file.
2026-10-09 23:00:11.878   -- File entry --
2026-10-09 23:00:11.878   Dest filename: D:\a\_temp\agym-c64-38001250527-5872-u8q4q801\client\Recepcion\_internal\tzdata\zoneinfo\America\Eirunepe
2026-10-09 23:00:11.878   Time stamp of our file: 2026-10-09 22:58:06.000
2026-10-09 23:00:11.878   Dest file exists.
2026-10-09 23:00:11.878   Time stamp of existing file: 2026-10-09 22:58:06.000
2026-10-09 23:00:11.878   Installing the file.
2026-10-09 23:00:11.878   Successfully installed the file.
2026-10-09 23:00:11.878   -- File entry --
2026-10-09 23:00:11.878   Dest filename: D:\a\_temp\agym-c64-38001250527-5872-u8q4q801\client\Recepcion\_internal\tzdata\zoneinfo\America\El_Salvador
2026-10-09 23:00:11.878   Time stamp of our file: 2026-10-09 22:58:06.000
2026-10-09 23:00:11.878   Dest file exists.
2026-10-09 23:00:11.878   Time stamp of existing file: 2026-10-09 22:58:06.000
2026-10-09 23:00:11.878   Installing the file.
2026-10-09 23:00:11.878   Successfully installed the file.
2026-10-09 23:00:11.878   -- File entry --
2026-10-09 23:00:11.878   Dest filename: D:\a\_temp\agym-c64-38001250527-5872-u8q4q801\client\Recepcion\_internal\tzdata\zoneinfo\America\Ensenada
2026-10-09 23:00:11.878   Time stamp of our file: 2026-10-09 22:58:06.000
2026-10-09 23:00:11.878   Dest file exists.
2026-10-09 23:00:11.878   Time stamp of existing file: 2026-10-09 22:58:06.000
2026-10-09 23:00:11.878   Installing the file.
2026-10-09 23:00:11.878   Successfully installed the file.
2026-10-09 23:00:11.878   -- File entry --
2026-10-09 23:00:11.878   Dest filename: D:\a\_temp\agym-c64-38001250527-5872-u8q4q801\client\Recepcion\_internal\tzdata\zoneinfo\America\Fortaleza
2026-10-09 23:00:11.878   Time stamp of our file: 2026-10-09 22:58:06.000
2026-10-09 23:00:11.878   Dest file exists.
2026-10-09 23:00:11.878   Time stamp of existing file: 2026-10-09 22:58:06.000
2026-10-09 23:00:11.878   Installing the file.
2026-10-09 23:00:11.878   Successfully installed the file.
2026-10-09 23:00:11.878   -- File entry --
2026-10-09 23:00:11.878   Dest filename: D:\a\_temp\agym-c64-38001250527-5872-u8q4q801\client\Recepcion\_internal\tzdata\zoneinfo\America\Fort_Nelson
2026-10-09 23:00:11.878   Time stamp of our file: 2026-10-09 22:58:06.000
2026-10-09 23:00:11.878   Dest file exists.
2026-10-09 23:00:11.878   Time stamp of existing file: 2026-10-09 22:58:06.000
2026-10-09 23:00:11.878   Installing the file.
2026-10-09 23:00:11.878   Successfully installed the file.
2026-10-09 23:00:11.878   -- File entry --
2026-10-09 23:00:11.878   Dest filename: D:\a\_temp\agym-c64-38001250527-5872-u8q4q801\client\Recepcion\_internal\tzdata\zoneinfo\America\Fort_Wayne
2026-10-09 23:00:11.878   Time stamp of our file: 2026-10-09 22:58:06.000
2026-10-09 23:00:11.878   Dest file exists.
2026-10-09 23:00:11.878   Time stamp of existing file: 2026-10-09 22:58:06.000
2026-10-09 23:00:11.878   Installing the file.
2026-10-09 23:00:11.878   Successfully installed the file.
2026-10-09 23:00:11.878   -- File entry --
2026-10-09 23:00:11.878   Dest filename: D:\a\_temp\agym-c64-38001250527-5872-u8q4q801\client\Recepcion\_internal\tzdata\zoneinfo\America\Glace_Bay
2026-10-09 23:00:11.878   Time stamp of our file: 2026-10-09 22:58:06.000
2026-10-09 23:00:11.878   Dest file exists.
2026-10-09 23:00:11.878   Time stamp of existing file: 2026-10-09 22:58:06.000
2026-10-09 23:00:11.878   Installing the file.
2026-10-09 23:00:11.878   Successfully installed the file.
2026-10-09 23:00:11.878   -- File entry --
2026-10-09 23:00:11.878   Dest filename: D:\a\_temp\agym-c64-38001250527-5872-u8q4q801\client\Recepcion\_internal\tzdata\zoneinfo\America\Godthab
2026-10-09 23:00:11.878   Time stamp of our file: 2026-10-09 22:58:06.000
2026-10-09 23:00:11.878   Dest file exists.
2026-10-09 23:00:11.878   Time stamp of existing file: 2026-10-09 22:58:06.000
2026-10-09 23:00:11.878   Installing the file.
2026-10-09 23:00:11.878   Successfully installed the file.
2026-10-09 23:00:11.878   -- File entry --
2026-10-09 23:00:11.878   Dest filename: D:\a\_temp\agym-c64-38001250527-5872-u8q4q801\client\Recepcion\_internal\tzdata\zoneinfo\America\Goose_Bay
2026-10-09 23:00:11.878   Time stamp of our file: 2026-10-09 22:58:06.000
2026-10-09 23:00:11.878   Dest file exists.
2026-10-09 23:00:11.878   Time stamp of existing file: 2026-10-09 22:58:06.000
2026-10-09 23:00:11.878   Installing the file.
2026-10-09 23:00:11.878   Successfully installed the file.
2026-10-09 23:00:11.878   -- File entry --
2026-10-09 23:00:11.878   Dest filename: D:\a\_temp\agym-c64-38001250527-5872-u8q4q801\client\Recepcion\_internal\tzdata\zoneinfo\America\Grand_Turk
2026-10-09 23:00:11.878   Time stamp of our file: 2026-10-09 22:58:06.000
2026-10-09 23:00:11.878   Dest file exists.
2026-10-09 23:00:11.878   Time stamp of existing file: 2026-10-09 22:58:06.000
2026-10-09 23:00:11.878   Installing the file.
2026-10-09 23:00:11.878   Successfully installed the file.
2026-10-09 23:00:11.878   -- File entry --
2026-10-09 23:00:11.878   Dest filename: D:\a\_temp\agym-c64-38001250527-5872-u8q4q801\client\Recepcion\_internal\tzdata\zoneinfo\America\Grenada
2026-10-09 23:00:11.878   Time stamp of our file: 2026-10-09 22:58:06.000
2026-10-09 23:00:11.878   Dest file exists.
2026-10-09 23:00:11.878   Time stamp of existing file: 2026-10-09 22:58:06.000
2026-10-09 23:00:11.878   Installing the file.
2026-10-09 23:00:11.878   Successfully installed the file.
2026-10-09 23:00:11.878   -- File entry --
2026-10-09 23:00:11.878   Dest filename: D:\a\_temp\agym-c64-38001250527-5872-u8q4q801\client\Recepcion\_internal\tzdata\zoneinfo\America\Guadeloupe
2026-10-09 23:00:11.878   Time stamp of our file: 2026-10-09 22:58:06.000
2026-10-09 23:00:11.878   Dest file exists.
2026-10-09 23:00:11.878   Time stamp of existing file: 2026-10-09 22:58:06.000
2026-10-09 23:00:11.878   Installing the file.
2026-10-09 23:00:11.878   Successfully installed the file.
2026-10-09 23:00:11.878   -- File entry --
2026-10-09 23:00:11.878   Dest filename: D:\a\_temp\agym-c64-38001250527-5872-u8q4q801\client\Recepcion\_internal\tzdata\zoneinfo\America\Guatemala
2026-10-09 23:00:11.878   Time stamp of our file: 2026-10-09 22:58:06.000
2026-10-09 23:00:11.878   Dest file exists.
2026-10-09 23:00:11.878   Time stamp of existing file: 2026-10-09 22:58:06.000
2026-10-09 23:00:11.878   Installing the file.
2026-10-09 23:00:11.878   Successfully installed the file.
2026-10-09 23:00:11.878   -- File entry --
2026-10-09 23:00:11.878   Dest filename: D:\a\_temp\agym-c64-38001250527-5872-u8q4q801\client\Recepcion\_internal\tzdata\zoneinfo\America\Guayaquil
2026-10-09 23:00:11.878   Time stamp of our file: 2026-10-09 22:58:06.000
2026-10-09 23:00:11.878   Dest file exists.
2026-10-09 23:00:11.878   Time stamp of existing file: 2026-10-09 22:58:06.000
2026-10-09 23:00:11.878   Installing the file.
2026-10-09 23:00:11.878   Successfully installed the file.
2026-10-09 23:00:11.878   -- File entry --
2026-10-09 23:00:11.878   Dest filename: D:\a\_temp\agym-c64-38001250527-5872-u8q4q801\client\Recepcion\_internal\tzdata\zoneinfo\America\Guyana
2026-10-09 23:00:11.878   Time stamp of our file: 2026-10-09 22:58:06.000
2026-10-09 23:00:11.878   Dest file exists.
2026-10-09 23:00:11.878   Time stamp of existing file: 2026-10-09 22:58:06.000
2026-10-09 23:00:11.878   Installing the file.
2026-10-09 23:00:11.878   Successfully installed the file.
2026-10-09 23:00:11.878   -- File entry --
2026-10-09 23:00:11.878   Dest filename: D:\a\_temp\agym-c64-38001250527-5872-u8q4q801\client\Recepcion\_internal\tzdata\zoneinfo\America\Halifax
2026-10-09 23:00:11.878   Time stamp of our file: 2026-10-09 22:58:06.000
2026-10-09 23:00:11.878   Dest file exists.
2026-10-09 23:00:11.878   Time stamp of existing file: 2026-10-09 22:58:06.000
2026-10-09 23:00:11.878   Installing the file.
2026-10-09 23:00:11.878   Successfully installed the file.
2026-10-09 23:00:11.878   -- File entry --
2026-10-09 23:00:11.878   Dest filename: D:\a\_temp\agym-c64-38001250527-5872-u8q4q801\client\Recepcion\_internal\tzdata\zoneinfo\America\Havana
2026-10-09 23:00:11.878   Time stamp of our file: 2026-10-09 22:58:06.000
2026-10-09 23:00:11.878   Dest file exists.
2026-10-09 23:00:11.878   Time stamp of existing file: 2026-10-09 22:58:06.000
2026-10-09 23:00:11.878   Installing the file.
2026-10-09 23:00:11.878   Successfully installed the file.
2026-10-09 23:00:11.878   -- File entry --
2026-10-09 23:00:11.878   Dest filename: D:\a\_temp\agym-c64-38001250527-5872-u8q4q801\client\Recepcion\_internal\tzdata\zoneinfo\America\Hermosillo
2026-10-09 23:00:11.878   Time stamp of our file: 2026-10-09 22:58:06.000
2026-10-09 23:00:11.878   Dest file exists.
2026-10-09 23:00:11.894   Time stamp of existing file: 2026-10-09 22:58:06.000
2026-10-09 23:00:11.894   Installing the file.
2026-10-09 23:00:11.894   Successfully installed the file.
2026-10-09 23:00:11.894   -- File entry --
2026-10-09 23:00:11.894   Dest filename: D:\a\_temp\agym-c64-38001250527-5872-u8q4q801\client\Recepcion\_internal\tzdata\zoneinfo\America\Indianapolis
2026-10-09 23:00:11.894   Time stamp of our file: 2026-10-09 22:58:06.000
2026-10-09 23:00:11.894   Dest file exists.
2026-10-09 23:00:11.894   Time stamp of existing file: 2026-10-09 22:58:06.000
2026-10-09 23:00:11.894   Installing the file.
2026-10-09 23:00:11.894   Successfully installed the file.
2026-10-09 23:00:11.894   -- File entry --
2026-10-09 23:00:11.894   Dest filename: D:\a\_temp\agym-c64-38001250527-5872-u8q4q801\client\Recepcion\_internal\tzdata\zoneinfo\America\Inuvik
2026-10-09 23:00:11.894   Time stamp of our file: 2026-10-09 22:58:06.000
2026-10-09 23:00:11.894   Dest file exists.
2026-10-09 23:00:11.894   Time stamp of existing file: 2026-10-09 22:58:06.000
2026-10-09 23:00:11.894   Installing the file.
2026-10-09 23:00:11.894   Successfully installed the file.
2026-10-09 23:00:11.894   -- File entry --
2026-10-09 23:00:11.894   Dest filename: D:\a\_temp\agym-c64-38001250527-5872-u8q4q801\client\Recepcion\_internal\tzdata\zoneinfo\America\Iqaluit
2026-10-09 23:00:11.894   Time stamp of our file: 2026-10-09 22:58:06.000
2026-10-09 23:00:11.894   Dest file exists.
2026-10-09 23:00:11.894   Time stamp of existing file: 2026-10-09 22:58:06.000
2026-10-09 23:00:11.894   Installing the file.
2026-10-09 23:00:11.894   Successfully installed the file.
2026-10-09 23:00:11.894   -- File entry --
2026-10-09 23:00:11.894   Dest filename: D:\a\_temp\agym-c64-38001250527-5872-u8q4q801\client\Recepcion\_internal\tzdata\zoneinfo\America\Jamaica
2026-10-09 23:00:11.894   Time stamp of our file: 2026-10-09 22:58:06.000
2026-10-09 23:00:11.894   Dest file exists.
2026-10-09 23:00:11.894   Time stamp of existing file: 2026-10-09 22:58:06.000
2026-10-09 23:00:11.894   Installing the file.
2026-10-09 23:00:11.894   Successfully installed the file.
2026-10-09 23:00:11.894   -- File entry --
2026-10-09 23:00:11.894   Dest filename: D:\a\_temp\agym-c64-38001250527-5872-u8q4q801\client\Recepcion\_internal\tzdata\zoneinfo\America\Jujuy
2026-10-09 23:00:11.894   Time stamp of our file: 2026-10-09 22:58:06.000
2026-10-09 23:00:11.894   Dest file exists.
2026-10-09 23:00:11.894   Time stamp of existing file: 2026-10-09 22:58:06.000
2026-10-09 23:00:11.894   Installing the file.
2026-10-09 23:00:11.894   Successfully installed the file.
2026-10-09 23:00:11.894   -- File entry --
2026-10-09 23:00:11.894   Dest filename: D:\a\_temp\agym-c64-38001250527-5872-u8q4q801\client\Recepcion\_internal\tzdata\zoneinfo\America\Juneau
2026-10-09 23:00:11.894   Time stamp of our file: 2026-10-09 22:58:06.000
2026-10-09 23:00:11.894   Dest file exists.
2026-10-09 23:00:11.894   Time stamp of existing file: 2026-10-09 22:58:06.000
2026-10-09 23:00:11.894   Installing the file.
2026-10-09 23:00:11.894   Successfully installed the file.
2026-10-09 23:00:11.894   -- File entry --
2026-10-09 23:00:11.894   Dest filename: D:\a\_temp\agym-c64-38001250527-5872-u8q4q801\client\Recepcion\_internal\tzdata\zoneinfo\America\Knox_IN
2026-10-09 23:00:11.894   Time stamp of our file: 2026-10-09 22:58:06.000
2026-10-09 23:00:11.894   Dest file exists.
2026-10-09 23:00:11.894   Time stamp of existing file: 2026-10-09 22:58:06.000
2026-10-09 23:00:11.894   Installing the file.
2026-10-09 23:00:11.894   Successfully installed the file.
2026-10-09 23:00:11.894   -- File entry --
2026-10-09 23:00:11.894   Dest filename: D:\a\_temp\agym-c64-38001250527-5872-u8q4q801\client\Recepcion\_internal\tzdata\zoneinfo\America\Kralendijk
2026-10-09 23:00:11.894   Time stamp of our file: 2026-10-09 22:58:06.000
2026-10-09 23:00:11.894   Dest file exists.
2026-10-09 23:00:11.894   Time stamp of existing file: 2026-10-09 22:58:06.000
2026-10-09 23:00:11.894   Installing the file.
2026-10-09 23:00:11.894   Successfully installed the file.
2026-10-09 23:00:11.894   -- File entry --
2026-10-09 23:00:11.894   Dest filename: D:\a\_temp\agym-c64-38001250527-5872-u8q4q801\client\Recepcion\_internal\tzdata\zoneinfo\America\La_Paz
2026-10-09 23:00:11.894   Time stamp of our file: 2026-10-09 22:58:06.000
2026-10-09 23:00:11.894   Dest file exists.
2026-10-09 23:00:11.894   Time stamp of existing file: 2026-10-09 22:58:06.000
2026-10-09 23:00:11.894   Installing the file.
2026-10-09 23:00:11.894   Successfully installed the file.
2026-10-09 23:00:11.894   -- File entry --
2026-10-09 23:00:11.894   Dest filename: D:\a\_temp\agym-c64-38001250527-5872-u8q4q801\client\Recepcion\_internal\tzdata\zoneinfo\America\Lima
2026-10-09 23:00:11.894   Time stamp of our file: 2026-10-09 22:58:06.000
2026-10-09 23:00:11.894   Dest file exists.
2026-10-09 23:00:11.894   Time stamp of existing file: 2026-10-09 22:58:06.000
2026-10-09 23:00:11.894   Installing the file.
2026-10-09 23:00:11.894   Successfully installed the file.
2026-10-09 23:00:11.894   -- File entry --
2026-10-09 23:00:11.894   Dest filename: D:\a\_temp\agym-c64-38001250527-5872-u8q4q801\client\Recepcion\_internal\tzdata\zoneinfo\America\Los_Angeles
2026-10-09 23:00:11.894   Time stamp of our file: 2026-10-09 22:58:06.000
2026-10-09 23:00:11.894   Dest file exists.
2026-10-09 23:00:11.894   Time stamp of existing file: 2026-10-09 22:58:06.000
2026-10-09 23:00:11.894   Installing the file.
2026-10-09 23:00:11.894   Successfully installed the file.
2026-10-09 23:00:11.894   -- File entry --
2026-10-09 23:00:11.894   Dest filename: D:\a\_temp\agym-c64-38001250527-5872-u8q4q801\client\Recepcion\_internal\tzdata\zoneinfo\America\Louisville
2026-10-09 23:00:11.894   Time stamp of our file: 2026-10-09 22:58:06.000
2026-10-09 23:00:11.894   Dest file exists.
2026-10-09 23:00:11.894   Time stamp of existing file: 2026-10-09 22:58:06.000
2026-10-09 23:00:11.894   Installing the file.
2026-10-09 23:00:11.894   Successfully installed the file.
2026-10-09 23:00:11.894   -- File entry --
2026-10-09 23:00:11.894   Dest filename: D:\a\_temp\agym-c64-38001250527-5872-u8q4q801\client\Recepcion\_internal\tzdata\zoneinfo\America\Lower_Princes
2026-10-09 23:00:11.894   Time stamp of our file: 2026-10-09 22:58:06.000
2026-10-09 23:00:11.894   Dest file exists.
2026-10-09 23:00:11.894   Time stamp of existing file: 2026-10-09 22:58:06.000
2026-10-09 23:00:11.894   Installing the file.
2026-10-09 23:00:11.894   Successfully installed the file.
2026-10-09 23:00:11.894   -- File entry --
2026-10-09 23:00:11.894   Dest filename: D:\a\_temp\agym-c64-38001250527-5872-u8q4q801\client\Recepcion\_internal\tzdata\zoneinfo\America\Maceio
2026-10-09 23:00:11.894   Time stamp of our file: 2026-10-09 22:58:06.000
2026-10-09 23:00:11.894   Dest file exists.
2026-10-09 23:00:11.894   Time stamp of existing file: 2026-10-09 22:58:06.000
2026-10-09 23:00:11.894   Installing the file.
2026-10-09 23:00:11.894   Successfully installed the file.
2026-10-09 23:00:11.894   -- File entry --
2026-10-09 23:00:11.894   Dest filename: D:\a\_temp\agym-c64-38001250527-5872-u8q4q801\client\Recepcion\_internal\tzdata\zoneinfo\America\Managua
2026-10-09 23:00:11.894   Time stamp of our file: 2026-10-09 22:58:06.000
2026-10-09 23:00:11.894   Dest file exists.
2026-10-09 23:00:11.894   Time stamp of existing file: 2026-10-09 22:58:06.000
2026-10-09 23:00:11.894   Installing the file.
2026-10-09 23:00:11.894   Successfully installed the file.
2026-10-09 23:00:11.894   -- File entry --
2026-10-09 23:00:11.894   Dest filename: D:\a\_temp\agym-c64-38001250527-5872-u8q4q801\client\Recepcion\_internal\tzdata\zoneinfo\America\Manaus
2026-10-09 23:00:11.894   Time stamp of our file: 2026-10-09 22:58:06.000
2026-10-09 23:00:11.894   Dest file exists.
2026-10-09 23:00:11.894   Time stamp of existing file: 2026-10-09 22:58:06.000
2026-10-09 23:00:11.894   Installing the file.
2026-10-09 23:00:11.894   Successfully installed the file.
2026-10-09 23:00:11.894   -- File entry --
2026-10-09 23:00:11.894   Dest filename: D:\a\_temp\agym-c64-38001250527-5872-u8q4q801\client\Recepcion\_internal\tzdata\zoneinfo\America\Marigot
2026-10-09 23:00:11.894   Time stamp of our file: 2026-10-09 22:58:06.000
2026-10-09 23:00:11.894   Dest file exists.
2026-10-09 23:00:11.894   Time stamp of existing file: 2026-10-09 22:58:06.000
2026-10-09 23:00:11.894   Installing the file.
2026-10-09 23:00:11.894   Successfully installed the file.
2026-10-09 23:00:11.894   -- File entry --
2026-10-09 23:00:11.894   Dest filename: D:\a\_temp\agym-c64-38001250527-5872-u8q4q801\client\Recepcion\_internal\tzdata\zoneinfo\America\Martinique
2026-10-09 23:00:11.894   Time stamp of our file: 2026-10-09 22:58:06.000
2026-10-09 23:00:11.894   Dest file exists.
2026-10-09 23:00:11.894   Time stamp of existing file: 2026-10-09 22:58:06.000
2026-10-09 23:00:11.894   Installing the file.
2026-10-09 23:00:11.894   Successfully installed the file.
2026-10-09 23:00:11.894   -- File entry --
2026-10-09 23:00:11.894   Dest filename: D:\a\_temp\agym-c64-38001250527-5872-u8q4q801\client\Recepcion\_internal\tzdata\zoneinfo\America\Matamoros
2026-10-09 23:00:11.894   Time stamp of our file: 2026-10-09 22:58:06.000
2026-10-09 23:00:11.894   Dest file exists.
2026-10-09 23:00:11.894   Time stamp of existing file: 2026-10-09 22:58:06.000
2026-10-09 23:00:11.894   Installing the file.
2026-10-09 23:00:11.894   Successfully installed the file.
2026-10-09 23:00:11.894   -- File entry --
2026-10-09 23:00:11.894   Dest filename: D:\a\_temp\agym-c64-38001250527-5872-u8q4q801\client\Recepcion\_internal\tzdata\zoneinfo\America\Mazatlan
2026-10-09 23:00:11.894   Time stamp of our file: 2026-10-09 22:58:06.000
2026-10-09 23:00:11.894   Dest file exists.
2026-10-09 23:00:11.894   Time stamp of existing file: 2026-10-09 22:58:06.000
2026-10-09 23:00:11.894   Installing the file.
2026-10-09 23:00:11.894   Successfully installed the file.
2026-10-09 23:00:11.894   -- File entry --
2026-10-09 23:00:11.894   Dest filename: D:\a\_temp\agym-c64-38001250527-5872-u8q4q801\client\Recepcion\_internal\tzdata\zoneinfo\America\Mendoza
2026-10-09 23:00:11.894   Time stamp of our file: 2026-10-09 22:58:06.000
2026-10-09 23:00:11.894   Dest file exists.
2026-10-09 23:00:11.894   Time stamp of existing file: 2026-10-09 22:58:06.000
2026-10-09 23:00:11.894   Installing the file.
2026-10-09 23:00:11.894   Successfully installed the file.
2026-10-09 23:00:11.894   -- File entry --
2026-10-09 23:00:11.894   Dest filename: D:\a\_temp\agym-c64-38001250527-5872-u8q4q801\client\Recepcion\_internal\tzdata\zoneinfo\America\Menominee
2026-10-09 23:00:11.894   Time stamp of our file: 2026-10-09 22:58:06.000
2026-10-09 23:00:11.894   Dest file exists.
2026-10-09 23:00:11.894   Time stamp of existing file: 2026-10-09 22:58:06.000
2026-10-09 23:00:11.894   Installing the file.
2026-10-09 23:00:11.894   Successfully installed the file.
2026-10-09 23:00:11.894   -- File entry --
2026-10-09 23:00:11.894   Dest filename: D:\a\_temp\agym-c64-38001250527-5872-u8q4q801\client\Recepcion\_internal\tzdata\zoneinfo\America\Merida
2026-10-09 23:00:11.894   Time stamp of our file: 2026-10-09 22:58:06.000
2026-10-09 23:00:11.894   Dest file exists.
2026-10-09 23:00:11.894   Time stamp of existing file: 2026-10-09 22:58:06.000
2026-10-09 23:00:11.894   Installing the file.
2026-10-09 23:00:11.894   Successfully installed the file.
2026-10-09 23:00:11.894   -- File entry --
2026-10-09 23:00:11.894   Dest filename: D:\a\_temp\agym-c64-38001250527-5872-u8q4q801\client\Recepcion\_internal\tzdata\zoneinfo\America\Metlakatla
2026-10-09 23:00:11.894   Time stamp of our file: 2026-10-09 22:58:06.000
2026-10-09 23:00:11.894   Dest file exists.
2026-10-09 23:00:11.894   Time stamp of existing file: 2026-10-09 22:58:06.000
2026-10-09 23:00:11.894   Installing the file.
2026-10-09 23:00:11.894   Successfully installed the file.
2026-10-09 23:00:11.894   -- File entry --
2026-10-09 23:00:11.894   Dest filename: D:\a\_temp\agym-c64-38001250527-5872-u8q4q801\client\Recepcion\_internal\tzdata\zoneinfo\America\Mexico_City
2026-10-09 23:00:11.894   Time stamp of our file: 2026-10-09 22:58:06.000
2026-10-09 23:00:11.894   Dest file exists.
2026-10-09 23:00:11.894   Time stamp of existing file: 2026-10-09 22:58:06.000
2026-10-09 23:00:11.894   Installing the file.
2026-10-09 23:00:11.894   Successfully installed the file.
2026-10-09 23:00:11.894   -- File entry --
2026-10-09 23:00:11.894   Dest filename: D:\a\_temp\agym-c64-38001250527-5872-u8q4q801\client\Recepcion\_internal\tzdata\zoneinfo\America\Miquelon
2026-10-09 23:00:11.894   Time stamp of our file: 2026-10-09 22:58:06.000
2026-10-09 23:00:11.894   Dest file exists.
2026-10-09 23:00:11.894   Time stamp of existing file: 2026-10-09 22:58:06.000
2026-10-09 23:00:11.894   Installing the file.
2026-10-09 23:00:11.894   Successfully installed the file.
2026-10-09 23:00:11.894   -- File entry --
2026-10-09 23:00:11.894   Dest filename: D:\a\_temp\agym-c64-38001250527-5872-u8q4q801\client\Recepcion\_internal\tzdata\zoneinfo\America\Moncton
2026-10-09 23:00:11.894   Time stamp of our file: 2026-10-09 22:58:06.000
2026-10-09 23:00:11.894   Dest file exists.
2026-10-09 23:00:11.894   Time stamp of existing file: 2026-10-09 22:58:06.000
2026-10-09 23:00:11.894   Installing the file.
2026-10-09 23:00:11.894   Successfully installed the file.
2026-10-09 23:00:11.894   -- File entry --
2026-10-09 23:00:11.894   Dest filename: D:\a\_temp\agym-c64-38001250527-5872-u8q4q801\client\Recepcion\_internal\tzdata\zoneinfo\America\Monterrey
2026-10-09 23:00:11.894   Time stamp of our file: 2026-10-09 22:58:06.000
2026-10-09 23:00:11.894   Dest file exists.
2026-10-09 23:00:11.894   Time stamp of existing file: 2026-10-09 22:58:06.000
2026-10-09 23:00:11.894   Installing the file.
2026-10-09 23:00:11.894   Successfully installed the file.
2026-10-09 23:00:11.894   -- File entry --
2026-10-09 23:00:11.894   Dest filename: D:\a\_temp\agym-c64-38001250527-5872-u8q4q801\client\Recepcion\_internal\tzdata\zoneinfo\America\Montevideo
2026-10-09 23:00:11.894   Time stamp of our file: 2026-10-09 22:58:06.000
2026-10-09 23:00:11.894   Dest file exists.
2026-10-09 23:00:11.894   Time stamp of existing file: 2026-10-09 22:58:06.000
2026-10-09 23:00:11.894   Installing the file.
2026-10-09 23:00:11.909   Successfully installed the file.
2026-10-09 23:00:11.909   -- File entry --
2026-10-09 23:00:11.909   Dest filename: D:\a\_temp\agym-c64-38001250527-5872-u8q4q801\client\Recepcion\_internal\tzdata\zoneinfo\America\Montreal
2026-10-09 23:00:11.909   Time stamp of our file: 2026-10-09 22:58:06.000
2026-10-09 23:00:11.909   Dest file exists.
2026-10-09 23:00:11.909   Time stamp of existing file: 2026-10-09 22:58:06.000
2026-10-09 23:00:11.909   Installing the file.
2026-10-09 23:00:11.909   Successfully installed the file.
2026-10-09 23:00:11.909   -- File entry --
2026-10-09 23:00:11.909   Dest filename: D:\a\_temp\agym-c64-38001250527-5872-u8q4q801\client\Recepcion\_internal\tzdata\zoneinfo\America\Montserrat
2026-10-09 23:00:11.909   Time stamp of our file: 2026-10-09 22:58:06.000
2026-10-09 23:00:11.909   Dest file exists.
2026-10-09 23:00:11.909   Time stamp of existing file: 2026-10-09 22:58:06.000
2026-10-09 23:00:11.909   Installing the file.
2026-10-09 23:00:11.909   Successfully installed the file.
2026-10-09 23:00:11.909   -- File entry --
2026-10-09 23:00:11.909   Dest filename: D:\a\_temp\agym-c64-38001250527-5872-u8q4q801\client\Recepcion\_internal\tzdata\zoneinfo\America\Nassau
2026-10-09 23:00:11.909   Time stamp of our file: 2026-10-09 22:58:06.000
2026-10-09 23:00:11.909   Dest file exists.
2026-10-09 23:00:11.909   Time stamp of existing file: 2026-10-09 22:58:06.000
2026-10-09 23:00:11.909   Installing the file.
2026-10-09 23:00:11.909   Successfully installed the file.
2026-10-09 23:00:11.909   -- File entry --
2026-10-09 23:00:11.909   Dest filename: D:\a\_temp\agym-c64-38001250527-5872-u8q4q801\client\Recepcion\_internal\tzdata\zoneinfo\America\New_York
2026-10-09 23:00:11.909   Time stamp of our file: 2026-10-09 22:58:06.000
2026-10-09 23:00:11.909   Dest file exists.
2026-10-09 23:00:11.909   Time stamp of existing file: 2026-10-09 22:58:06.000
2026-10-09 23:00:11.909   Installing the file.
2026-10-09 23:00:11.909   Successfully installed the file.
2026-10-09 23:00:11.909   -- File entry --
2026-10-09 23:00:11.909   Dest filename: D:\a\_temp\agym-c64-38001250527-5872-u8q4q801\client\Recepcion\_internal\tzdata\zoneinfo\America\Nipigon
2026-10-09 23:00:11.909   Time stamp of our file: 2026-10-09 22:58:06.000
2026-10-09 23:00:11.909   Dest file exists.
2026-10-09 23:00:11.909   Time stamp of existing file: 2026-10-09 22:58:06.000
2026-10-09 23:00:11.909   Installing the file.
2026-10-09 23:00:11.909   Successfully installed the file.
2026-10-09 23:00:11.909   -- File entry --
2026-10-09 23:00:11.909   Dest filename: D:\a\_temp\agym-c64-38001250527-5872-u8q4q801\client\Recepcion\_internal\tzdata\zoneinfo\America\Nome
2026-10-09 23:00:11.909   Time stamp of our file: 2026-10-09 22:58:06.000
2026-10-09 23:00:11.909   Dest file exists.
2026-10-09 23:00:11.909   Time stamp of existing file: 2026-10-09 22:58:06.000
2026-10-09 23:00:11.909   Installing the file.
2026-10-09 23:00:11.909   Successfully installed the file.
2026-10-09 23:00:11.909   -- File entry --
2026-10-09 23:00:11.909   Dest filename: D:\a\_temp\agym-c64-38001250527-5872-u8q4q801\client\Recepcion\_internal\tzdata\zoneinfo\America\Noronha
2026-10-09 23:00:11.909   Time stamp of our file: 2026-10-09 22:58:06.000
2026-10-09 23:00:11.909   Dest file exists.
2026-10-09 23:00:11.909   Time stamp of existing file: 2026-10-09 22:58:06.000
2026-10-09 23:00:11.909   Installing the file.
2026-10-09 23:00:11.909   Successfully installed the file.
2026-10-09 23:00:11.909   -- File entry --
2026-10-09 23:00:11.909   Dest filename: D:\a\_temp\agym-c64-38001250527-5872-u8q4q801\client\Recepcion\_internal\tzdata\zoneinfo\America\Nuuk
2026-10-09 23:00:11.909   Time stamp of our file: 2026-10-09 22:58:06.000
2026-10-09 23:00:11.909   Dest file exists.
2026-10-09 23:00:11.909   Time stamp of existing file: 2026-10-09 22:58:06.000
2026-10-09 23:00:11.909   Installing the file.
2026-10-09 23:00:11.909   Successfully installed the file.
2026-10-09 23:00:11.909   -- File entry --
2026-10-09 23:00:11.909   Dest filename: D:\a\_temp\agym-c64-38001250527-5872-u8q4q801\client\Recepcion\_internal\tzdata\zoneinfo\America\Ojinaga
2026-10-09 23:00:11.909   Time stamp of our file: 2026-10-09 22:58:06.000
2026-10-09 23:00:11.909   Dest file exists.
2026-10-09 23:00:11.909   Time stamp of existing file: 2026-10-09 22:58:06.000
2026-10-09 23:00:11.909   Installing the file.
2026-10-09 23:00:11.909   Successfully installed the file.
2026-10-09 23:00:11.909   -- File entry --
2026-10-09 23:00:11.909   Dest filename: D:\a\_temp\agym-c64-38001250527-5872-u8q4q801\client\Recepcion\_internal\tzdata\zoneinfo\America\Panama
2026-10-09 23:00:11.909   Time stamp of our file: 2026-10-09 22:58:06.000
2026-10-09 23:00:11.909   Dest file exists.
2026-10-09 23:00:11.909   Time stamp of existing file: 2026-10-09 22:58:06.000
2026-10-09 23:00:11.909   Installing the file.
2026-10-09 23:00:11.909   Successfully installed the file.
2026-10-09 23:00:11.909   -- File entry --
2026-10-09 23:00:11.909   Dest filename: D:\a\_temp\agym-c64-38001250527-5872-u8q4q801\client\Recepcion\_internal\tzdata\zoneinfo\America\Pangnirtung
2026-10-09 23:00:11.909   Time stamp of our file: 2026-10-09 22:58:06.000
2026-10-09 23:00:11.909   Dest file exists.
2026-10-09 23:00:11.909   Time stamp of existing file: 2026-10-09 22:58:06.000
2026-10-09 23:00:11.909   Installing the file.
2026-10-09 23:00:11.909   Successfully installed the file.
2026-10-09 23:00:11.909   -- File entry --
2026-10-09 23:00:11.909   Dest filename: D:\a\_temp\agym-c64-38001250527-5872-u8q4q801\client\Recepcion\_internal\tzdata\zoneinfo\America\Paramaribo
2026-10-09 23:00:11.909   Time stamp of our file: 2026-10-09 22:58:06.000
2026-10-09 23:00:11.909   Dest file exists.
2026-10-09 23:00:11.909   Time stamp of existing file: 2026-10-09 22:58:06.000
2026-10-09 23:00:11.909   Installing the file.
2026-10-09 23:00:11.909   Successfully installed the file.
2026-10-09 23:00:11.909   -- File entry --
2026-10-09 23:00:11.909   Dest filename: D:\a\_temp\agym-c64-38001250527-5872-u8q4q801\client\Recepcion\_internal\tzdata\zoneinfo\America\Phoenix
2026-10-09 23:00:11.909   Time stamp of our file: 2026-10-09 22:58:06.000
2026-10-09 23:00:11.909   Dest file exists.
2026-10-09 23:00:11.909   Time stamp of existing file: 2026-10-09 22:58:06.000
2026-10-09 23:00:11.909   Installing the file.
2026-10-09 23:00:11.909   Successfully installed the file.
2026-10-09 23:00:11.909   -- File entry --
2026-10-09 23:00:11.909   Dest filename: D:\a\_temp\agym-c64-38001250527-5872-u8q4q801\client\Recepcion\_internal\tzdata\zoneinfo\America\Port-au-Prince
2026-10-09 23:00:11.909   Time stamp of our file: 2026-10-09 22:58:06.000
2026-10-09 23:00:11.909   Dest file exists.
2026-10-09 23:00:11.909   Time stamp of existing file: 2026-10-09 22:58:06.000
2026-10-09 23:00:11.909   Installing the file.
2026-10-09 23:00:11.909   Successfully installed the file.
2026-10-09 23:00:11.909   -- File entry --
2026-10-09 23:00:11.909   Dest filename: D:\a\_temp\agym-c64-38001250527-5872-u8q4q801\client\Recepcion\_internal\tzdata\zoneinfo\America\Porto_Acre
2026-10-09 23:00:11.909   Time stamp of our file: 2026-10-09 22:58:06.000
2026-10-09 23:00:11.909   Dest file exists.
2026-10-09 23:00:11.909   Time stamp of existing file: 2026-10-09 22:58:06.000
2026-10-09 23:00:11.909   Installing the file.
2026-10-09 23:00:11.909   Successfully installed the file.
2026-10-09 23:00:11.909   -- File entry --
2026-10-09 23:00:11.909   Dest filename: D:\a\_temp\agym-c64-38001250527-5872-u8q4q801\client\Recepcion\_internal\tzdata\zoneinfo\America\Porto_Velho
2026-10-09 23:00:11.909   Time stamp of our file: 2026-10-09 22:58:06.000
2026-10-09 23:00:11.909   Dest file exists.
2026-10-09 23:00:11.909   Time stamp of existing file: 2026-10-09 22:58:06.000
2026-10-09 23:00:11.909   Installing the file.
2026-10-09 23:00:11.909   Successfully installed the file.
2026-10-09 23:00:11.909   -- File entry --
2026-10-09 23:00:11.909   Dest filename: D:\a\_temp\agym-c64-38001250527-5872-u8q4q801\client\Recepcion\_internal\tzdata\zoneinfo\America\Port_of_Spain
2026-10-09 23:00:11.909   Time stamp of our file: 2026-10-09 22:58:06.000
2026-10-09 23:00:11.909   Dest file exists.
2026-10-09 23:00:11.909   Time stamp of existing file: 2026-10-09 22:58:06.000
2026-10-09 23:00:11.909   Installing the file.
2026-10-09 23:00:11.909   Successfully installed the file.
2026-10-09 23:00:11.909   -- File entry --
2026-10-09 23:00:11.909   Dest filename: D:\a\_temp\agym-c64-38001250527-5872-u8q4q801\client\Recepcion\_internal\tzdata\zoneinfo\America\Puerto_Rico
2026-10-09 23:00:11.909   Time stamp of our file: 2026-10-09 22:58:06.000
2026-10-09 23:00:11.909   Dest file exists.
2026-10-09 23:00:11.909   Time stamp of existing file: 2026-10-09 22:58:06.000
2026-10-09 23:00:11.909   Installing the file.
2026-10-09 23:00:11.909   Successfully installed the file.
2026-10-09 23:00:11.909   -- File entry --
2026-10-09 23:00:11.909   Dest filename: D:\a\_temp\agym-c64-38001250527-5872-u8q4q801\client\Recepcion\_internal\tzdata\zoneinfo\America\Punta_Arenas
2026-10-09 23:00:11.909   Time stamp of our file: 2026-10-09 22:58:06.000
2026-10-09 23:00:11.909   Dest file exists.
2026-10-09 23:00:11.909   Time stamp of existing file: 2026-10-09 22:58:06.000
2026-10-09 23:00:11.909   Installing the file.
2026-10-09 23:00:11.909   Successfully installed the file.
2026-10-09 23:00:11.909   -- File entry --
2026-10-09 23:00:11.909   Dest filename: D:\a\_temp\agym-c64-38001250527-5872-u8q4q801\client\Recepcion\_internal\tzdata\zoneinfo\America\Rainy_River
2026-10-09 23:00:11.909   Time stamp of our file: 2026-10-09 22:58:06.000
2026-10-09 23:00:11.909   Dest file exists.
2026-10-09 23:00:11.909   Time stamp of existing file: 2026-10-09 22:58:06.000
2026-10-09 23:00:11.909   Installing the file.
2026-10-09 23:00:11.909   Successfully installed the file.
2026-10-09 23:00:11.909   -- File entry --
2026-10-09 23:00:11.909   Dest filename: D:\a\_temp\agym-c64-38001250527-5872-u8q4q801\client\Recepcion\_internal\tzdata\zoneinfo\America\Rankin_Inlet
2026-10-09 23:00:11.909   Time stamp of our file: 2026-10-09 22:58:06.000
2026-10-09 23:00:11.909   Dest file exists.
2026-10-09 23:00:11.909   Time stamp of existing file: 2026-10-09 22:58:06.000
2026-10-09 23:00:11.909   Installing the file.
2026-10-09 23:00:11.909   Successfully installed the file.
2026-10-09 23:00:11.909   -- File entry --
2026-10-09 23:00:11.909   Dest filename: D:\a\_temp\agym-c64-38001250527-5872-u8q4q801\client\Recepcion\_internal\tzdata\zoneinfo\America\Recife
2026-10-09 23:00:11.909   Time stamp of our file: 2026-10-09 22:58:06.000
2026-10-09 23:00:11.909   Dest file exists.
2026-10-09 23:00:11.909   Time stamp of existing file: 2026-10-09 22:58:06.000
2026-10-09 23:00:11.909   Installing the file.
2026-10-09 23:00:11.909   Successfully installed the file.
2026-10-09 23:00:11.909   -- File entry --
2026-10-09 23:00:11.909   Dest filename: D:\a\_temp\agym-c64-38001250527-5872-u8q4q801\client\Recepcion\_internal\tzdata\zoneinfo\America\Regina
2026-10-09 23:00:11.909   Time stamp of our file: 2026-10-09 22:58:06.000
2026-10-09 23:00:11.909   Dest file exists.
2026-10-09 23:00:11.909   Time stamp of existing file: 2026-10-09 22:58:06.000
2026-10-09 23:00:11.909   Installing the file.
2026-10-09 23:00:11.909   Successfully installed the file.
2026-10-09 23:00:11.909   -- File entry --
2026-10-09 23:00:11.909   Dest filename: D:\a\_temp\agym-c64-38001250527-5872-u8q4q801\client\Recepcion\_internal\tzdata\zoneinfo\America\Resolute
2026-10-09 23:00:11.909   Time stamp of our file: 2026-10-09 22:58:06.000
2026-10-09 23:00:11.909   Dest file exists.
2026-10-09 23:00:11.909   Time stamp of existing file: 2026-10-09 22:58:06.000
2026-10-09 23:00:11.909   Installing the file.
2026-10-09 23:00:11.909   Successfully installed the file.
2026-10-09 23:00:11.909   -- File entry --
2026-10-09 23:00:11.909   Dest filename: D:\a\_temp\agym-c64-38001250527-5872-u8q4q801\client\Recepcion\_internal\tzdata\zoneinfo\America\Rio_Branco
2026-10-09 23:00:11.909   Time stamp of our file: 2026-10-09 22:58:06.000
2026-10-09 23:00:11.909   Dest file exists.
2026-10-09 23:00:11.909   Time stamp of existing file: 2026-10-09 22:58:06.000
2026-10-09 23:00:11.909   Installing the file.
2026-10-09 23:00:11.909   Successfully installed the file.
2026-10-09 23:00:11.909   -- File entry --
2026-10-09 23:00:11.909   Dest filename: D:\a\_temp\agym-c64-38001250527-5872-u8q4q801\client\Recepcion\_internal\tzdata\zoneinfo\America\Rosario
2026-10-09 23:00:11.909   Time stamp of our file: 2026-10-09 22:58:06.000
2026-10-09 23:00:11.909   Dest file exists.
2026-10-09 23:00:11.909   Time stamp of existing file: 2026-10-09 22:58:06.000
2026-10-09 23:00:11.909   Installing the file.
2026-10-09 23:00:11.909   Successfully installed the file.
2026-10-09 23:00:11.909   -- File entry --
2026-10-09 23:00:11.909   Dest filename: D:\a\_temp\agym-c64-38001250527-5872-u8q4q801\client\Recepcion\_internal\tzdata\zoneinfo\America\Santarem
2026-10-09 23:00:11.909   Time stamp of our file: 2026-10-09 22:58:06.000
2026-10-09 23:00:11.909   Dest file exists.
2026-10-09 23:00:11.909   Time stamp of existing file: 2026-10-09 22:58:06.000
2026-10-09 23:00:11.909   Installing the file.
2026-10-09 23:00:11.909   Successfully installed the file.
2026-10-09 23:00:11.909   -- File entry --
2026-10-09 23:00:11.909   Dest filename: D:\a\_temp\agym-c64-38001250527-5872-u8q4q801\client\Recepcion\_internal\tzdata\zoneinfo\America\Santa_Isabel
2026-10-09 23:00:11.909   Time stamp of our file: 2026-10-09 22:58:06.000
2026-10-09 23:00:11.909   Dest file exists.
2026-10-09 23:00:11.909   Time stamp of existing file: 2026-10-09 22:58:06.000
2026-10-09 23:00:11.909   Installing the file.
2026-10-09 23:00:11.909   Successfully installed the file.
2026-10-09 23:00:11.909   -- File entry --
2026-10-09 23:00:11.909   Dest filename: D:\a\_temp\agym-c64-38001250527-5872-u8q4q801\client\Recepcion\_internal\tzdata\zoneinfo\America\Santiago
2026-10-09 23:00:11.909   Time stamp of our file: 2026-10-09 22:58:06.000
2026-10-09 23:00:11.909   Dest file exists.
2026-10-09 23:00:11.909   Time stamp of existing file: 2026-10-09 22:58:06.000
2026-10-09 23:00:11.909   Installing the file.
2026-10-09 23:00:11.925   Successfully installed the file.
2026-10-09 23:00:11.925   -- File entry --
2026-10-09 23:00:11.925   Dest filename: D:\a\_temp\agym-c64-38001250527-5872-u8q4q801\client\Recepcion\_internal\tzdata\zoneinfo\America\Santo_Domingo
2026-10-09 23:00:11.925   Time stamp of our file: 2026-10-09 22:58:06.000
2026-10-09 23:00:11.925   Dest file exists.
2026-10-09 23:00:11.925   Time stamp of existing file: 2026-10-09 22:58:06.000
2026-10-09 23:00:11.925   Installing the file.
2026-10-09 23:00:11.925   Successfully installed the file.
2026-10-09 23:00:11.925   -- File entry --
2026-10-09 23:00:11.925   Dest filename: D:\a\_temp\agym-c64-38001250527-5872-u8q4q801\client\Recepcion\_internal\tzdata\zoneinfo\America\Sao_Paulo
2026-10-09 23:00:11.925   Time stamp of our file: 2026-10-09 22:58:06.000
2026-10-09 23:00:11.925   Dest file exists.
2026-10-09 23:00:11.925   Time stamp of existing file: 2026-10-09 22:58:06.000
2026-10-09 23:00:11.925   Installing the file.
2026-10-09 23:00:11.925   Successfully installed the file.
2026-10-09 23:00:11.925   -- File entry --
2026-10-09 23:00:11.925   Dest filename: D:\a\_temp\agym-c64-38001250527-5872-u8q4q801\client\Recepcion\_internal\tzdata\zoneinfo\America\Scoresbysund
2026-10-09 23:00:11.925   Time stamp of our file: 2026-10-09 22:58:06.000
2026-10-09 23:00:11.925   Dest file exists.
2026-10-09 23:00:11.925   Time stamp of existing file: 2026-10-09 22:58:06.000
2026-10-09 23:00:11.925   Installing the file.
2026-10-09 23:00:11.925   Successfully installed the file.
2026-10-09 23:00:11.925   -- File entry --
2026-10-09 23:00:11.925   Dest filename: D:\a\_temp\agym-c64-38001250527-5872-u8q4q801\client\Recepcion\_internal\tzdata\zoneinfo\America\Shiprock
2026-10-09 23:00:11.925   Time stamp of our file: 2026-10-09 22:58:06.000
2026-10-09 23:00:11.925   Dest file exists.
2026-10-09 23:00:11.925   Time stamp of existing file: 2026-10-09 22:58:06.000
2026-10-09 23:00:11.925   Installing the file.
2026-10-09 23:00:11.925   Successfully installed the file.
2026-10-09 23:00:11.925   -- File entry --
2026-10-09 23:00:11.925   Dest filename: D:\a\_temp\agym-c64-38001250527-5872-u8q4q801\client\Recepcion\_internal\tzdata\zoneinfo\America\Sitka
2026-10-09 23:00:11.925   Time stamp of our file: 2026-10-09 22:58:06.000
2026-10-09 23:00:11.925   Dest file exists.
2026-10-09 23:00:11.925   Time stamp of existing file: 2026-10-09 22:58:06.000
2026-10-09 23:00:11.925   Installing the file.
2026-10-09 23:00:11.925   Successfully installed the file.
2026-10-09 23:00:11.925   -- File entry --
2026-10-09 23:00:11.925   Dest filename: D:\a\_temp\agym-c64-38001250527-5872-u8q4q801\client\Recepcion\_internal\tzdata\zoneinfo\America\St_Barthelemy
2026-10-09 23:00:11.925   Time stamp of our file: 2026-10-09 22:58:06.000
2026-10-09 23:00:11.925   Dest file exists.
2026-10-09 23:00:11.925   Time stamp of existing file: 2026-10-09 22:58:06.000
2026-10-09 23:00:11.925   Installing the file.
2026-10-09 23:00:11.925   Successfully installed the file.
2026-10-09 23:00:11.925   -- File entry --
2026-10-09 23:00:11.925   Dest filename: D:\a\_temp\agym-c64-38001250527-5872-u8q4q801\client\Recepcion\_internal\tzdata\zoneinfo\America\St_Johns
2026-10-09 23:00:11.925   Time stamp of our file: 2026-10-09 22:58:06.000
2026-10-09 23:00:11.925   Dest file exists.
2026-10-09 23:00:11.925   Time stamp of existing file: 2026-10-09 22:58:06.000
2026-10-09 23:00:11.925   Installing the file.
2026-10-09 23:00:11.925   Successfully installed the file.
2026-10-09 23:00:11.925   -- File entry --
2026-10-09 23:00:11.925   Dest filename: D:\a\_temp\agym-c64-38001250527-5872-u8q4q801\client\Recepcion\_internal\tzdata\zoneinfo\America\St_Kitts
2026-10-09 23:00:11.925   Time stamp of our file: 2026-10-09 22:58:06.000
2026-10-09 23:00:11.925   Dest file exists.
2026-10-09 23:00:11.925   Time stamp of existing file: 2026-10-09 22:58:06.000
2026-10-09 23:00:11.925   Installing the file.
2026-10-09 23:00:11.925   Successfully installed the file.
2026-10-09 23:00:11.925   -- File entry --
2026-10-09 23:00:11.925   Dest filename: D:\a\_temp\agym-c64-38001250527-5872-u8q4q801\client\Recepcion\_internal\tzdata\zoneinfo\America\St_Lucia
2026-10-09 23:00:11.925   Time stamp of our file: 2026-10-09 22:58:06.000
2026-10-09 23:00:11.925   Dest file exists.
2026-10-09 23:00:11.925   Time stamp of existing file: 2026-10-09 22:58:06.000
2026-10-09 23:00:11.925   Installing the file.
2026-10-09 23:00:11.925   Successfully installed the file.
2026-10-09 23:00:11.925   -- File entry --
2026-10-09 23:00:11.925   Dest filename: D:\a\_temp\agym-c64-38001250527-5872-u8q4q801\client\Recepcion\_internal\tzdata\zoneinfo\America\St_Thomas
2026-10-09 23:00:11.925   Time stamp of our file: 2026-10-09 22:58:06.000
2026-10-09 23:00:11.925   Dest file exists.
2026-10-09 23:00:11.925   Time stamp of existing file: 2026-10-09 22:58:06.000
2026-10-09 23:00:11.925   Installing the file.
2026-10-09 23:00:11.925   Successfully installed the file.
2026-10-09 23:00:11.925   -- File entry --
2026-10-09 23:00:11.925   Dest filename: D:\a\_temp\agym-c64-38001250527-5872-u8q4q801\client\Recepcion\_internal\tzdata\zoneinfo\America\St_Vincent
2026-10-09 23:00:11.925   Time stamp of our file: 2026-10-09 22:58:06.000
2026-10-09 23:00:11.925   Dest file exists.
2026-10-09 23:00:11.925   Time stamp of existing file: 2026-10-09 22:58:06.000
2026-10-09 23:00:11.925   Installing the file.
2026-10-09 23:00:11.925   Successfully installed the file.
2026-10-09 23:00:11.925   -- File entry --
2026-10-09 23:00:11.925   Dest filename: D:\a\_temp\agym-c64-38001250527-5872-u8q4q801\client\Recepcion\_internal\tzdata\zoneinfo\America\Swift_Current
2026-10-09 23:00:11.925   Time stamp of our file: 2026-10-09 22:58:06.000
2026-10-09 23:00:11.925   Dest file exists.
2026-10-09 23:00:11.925   Time stamp of existing file: 2026-10-09 22:58:06.000
2026-10-09 23:00:11.925   Installing the file.
2026-10-09 23:00:11.925   Successfully installed the file.
2026-10-09 23:00:11.925   -- File entry --
2026-10-09 23:00:11.925   Dest filename: D:\a\_temp\agym-c64-38001250527-5872-u8q4q801\client\Recepcion\_internal\tzdata\zoneinfo\America\Tegucigalpa
2026-10-09 23:00:11.925   Time stamp of our file: 2026-10-09 22:58:06.000
2026-10-09 23:00:11.925   Dest file exists.
2026-10-09 23:00:11.925   Time stamp of existing file: 2026-10-09 22:58:06.000
2026-10-09 23:00:11.925   Installing the file.
2026-10-09 23:00:11.925   Successfully installed the file.
2026-10-09 23:00:11.925   -- File entry --
2026-10-09 23:00:11.925   Dest filename: D:\a\_temp\agym-c64-38001250527-5872-u8q4q801\client\Recepcion\_internal\tzdata\zoneinfo\America\Thule
2026-10-09 23:00:11.925   Time stamp of our file: 2026-10-09 22:58:06.000
2026-10-09 23:00:11.925   Dest file exists.
2026-10-09 23:00:11.925   Time stamp of existing file: 2026-10-09 22:58:06.000
2026-10-09 23:00:11.925   Installing the file.
2026-10-09 23:00:11.925   Successfully installed the file.
2026-10-09 23:00:11.925   -- File entry --
2026-10-09 23:00:11.925   Dest filename: D:\a\_temp\agym-c64-38001250527-5872-u8q4q801\client\Recepcion\_internal\tzdata\zoneinfo\America\Thunder_Bay
2026-10-09 23:00:11.925   Time stamp of our file: 2026-10-09 22:58:06.000
2026-10-09 23:00:11.925   Dest file exists.
2026-10-09 23:00:11.925   Time stamp of existing file: 2026-10-09 22:58:06.000
2026-10-09 23:00:11.925   Installing the file.
2026-10-09 23:00:11.925   Successfully installed the file.
2026-10-09 23:00:11.925   -- File entry --
2026-10-09 23:00:11.925   Dest filename: D:\a\_temp\agym-c64-38001250527-5872-u8q4q801\client\Recepcion\_internal\tzdata\zoneinfo\America\Tijuana
2026-10-09 23:00:11.925   Time stamp of our file: 2026-10-09 22:58:06.000
2026-10-09 23:00:11.925   Dest file exists.
2026-10-09 23:00:11.925   Time stamp of existing file: 2026-10-09 22:58:06.000
2026-10-09 23:00:11.925   Installing the file.
2026-10-09 23:00:11.925   Successfully installed the file.
2026-10-09 23:00:11.925   -- File entry --
2026-10-09 23:00:11.925   Dest filename: D:\a\_temp\agym-c64-38001250527-5872-u8q4q801\client\Recepcion\_internal\tzdata\zoneinfo\America\Toronto
2026-10-09 23:00:11.925   Time stamp of our file: 2026-10-09 22:58:06.000
2026-10-09 23:00:11.925   Dest file exists.
2026-10-09 23:00:11.925   Time stamp of existing file: 2026-10-09 22:58:06.000
2026-10-09 23:00:11.925   Installing the file.
2026-10-09 23:00:11.925   Successfully installed the file.
2026-10-09 23:00:11.925   -- File entry --
2026-10-09 23:00:11.925   Dest filename: D:\a\_temp\agym-c64-38001250527-5872-u8q4q801\client\Recepcion\_internal\tzdata\zoneinfo\America\Tortola
2026-10-09 23:00:11.925   Time stamp of our file: 2026-10-09 22:58:06.000
2026-10-09 23:00:11.925   Dest file exists.
2026-10-09 23:00:11.925   Time stamp of existing file: 2026-10-09 22:58:06.000
2026-10-09 23:00:11.925   Installing the file.
2026-10-09 23:00:11.925   Successfully installed the file.
2026-10-09 23:00:11.925   -- File entry --
2026-10-09 23:00:11.925   Dest filename: D:\a\_temp\agym-c64-38001250527-5872-u8q4q801\client\Recepcion\_internal\tzdata\zoneinfo\America\Vancouver
2026-10-09 23:00:11.925   Time stamp of our file: 2026-10-09 22:58:06.000
2026-10-09 23:00:11.925   Dest file exists.
2026-10-09 23:00:11.925   Time stamp of existing file: 2026-10-09 22:58:06.000
2026-10-09 23:00:11.925   Installing the file.
2026-10-09 23:00:11.925   Successfully installed the file.
2026-10-09 23:00:11.925   -- File entry --
2026-10-09 23:00:11.925   Dest filename: D:\a\_temp\agym-c64-38001250527-5872-u8q4q801\client\Recepcion\_internal\tzdata\zoneinfo\America\Virgin
2026-10-09 23:00:11.925   Time stamp of our file: 2026-10-09 22:58:06.000
2026-10-09 23:00:11.925   Dest file exists.
2026-10-09 23:00:11.925   Time stamp of existing file: 2026-10-09 22:58:06.000
2026-10-09 23:00:11.925   Installing the file.
2026-10-09 23:00:11.925   Successfully installed the file.
2026-10-09 23:00:11.925   -- File entry --
2026-10-09 23:00:11.925   Dest filename: D:\a\_temp\agym-c64-38001250527-5872-u8q4q801\client\Recepcion\_internal\tzdata\zoneinfo\America\Whitehorse
2026-10-09 23:00:11.925   Time stamp of our file: 2026-10-09 22:58:06.000
2026-10-09 23:00:11.925   Dest file exists.
2026-10-09 23:00:11.925   Time stamp of existing file: 2026-10-09 22:58:06.000
2026-10-09 23:00:11.925   Installing the file.
2026-10-09 23:00:11.925   Successfully installed the file.
2026-10-09 23:00:11.925   -- File entry --
2026-10-09 23:00:11.925   Dest filename: D:\a\_temp\agym-c64-38001250527-5872-u8q4q801\client\Recepcion\_internal\tzdata\zoneinfo\America\Winnipeg
2026-10-09 23:00:11.925   Time stamp of our file: 2026-10-09 22:58:06.000
2026-10-09 23:00:11.925   Dest file exists.
2026-10-09 23:00:11.925   Time stamp of existing file: 2026-10-09 22:58:06.000
2026-10-09 23:00:11.925   Installing the file.
2026-10-09 23:00:11.925   Successfully installed the file.
2026-10-09 23:00:11.925   -- File entry --
2026-10-09 23:00:11.925   Dest filename: D:\a\_temp\agym-c64-38001250527-5872-u8q4q801\client\Recepcion\_internal\tzdata\zoneinfo\America\Yakutat
2026-10-09 23:00:11.925   Time stamp of our file: 2026-10-09 22:58:06.000
2026-10-09 23:00:11.925   Dest file exists.
2026-10-09 23:00:11.925   Time stamp of existing file: 2026-10-09 22:58:06.000
2026-10-09 23:00:11.925   Installing the file.
2026-10-09 23:00:11.925   Successfully installed the file.
2026-10-09 23:00:11.925   -- File entry --
2026-10-09 23:00:11.925   Dest filename: D:\a\_temp\agym-c64-38001250527-5872-u8q4q801\client\Recepcion\_internal\tzdata\zoneinfo\America\Yellowknife
2026-10-09 23:00:11.925   Time stamp of our file: 2026-10-09 22:58:06.000
2026-10-09 23:00:11.925   Dest file exists.
2026-10-09 23:00:11.925   Time stamp of existing file: 2026-10-09 22:58:06.000
2026-10-09 23:00:11.925   Installing the file.
2026-10-09 23:00:11.925   Successfully installed the file.
2026-10-09 23:00:11.925   -- File entry --
2026-10-09 23:00:11.925   Dest filename: D:\a\_temp\agym-c64-38001250527-5872-u8q4q801\client\Recepcion\_internal\tzdata\zoneinfo\America\__init__.py
2026-10-09 23:00:11.925   Time stamp of our file: 2026-10-09 22:58:06.000
2026-10-09 23:00:11.925   Dest file exists.
2026-10-09 23:00:11.925   Time stamp of existing file: 2026-10-09 22:58:06.000
2026-10-09 23:00:11.925   Installing the file.
2026-10-09 23:00:11.925   Successfully installed the file.
2026-10-09 23:00:11.925   -- File entry --
2026-10-09 23:00:11.925   Dest filename: D:\a\_temp\agym-c64-38001250527-5872-u8q4q801\client\Recepcion\_internal\tzdata\zoneinfo\America\Argentina\Buenos_Aires
2026-10-09 23:00:11.925   Time stamp of our file: 2026-10-09 22:58:06.000
2026-10-09 23:00:11.925   Dest file exists.
2026-10-09 23:00:11.925   Time stamp of existing file: 2026-10-09 22:58:06.000
2026-10-09 23:00:11.925   Installing the file.
2026-10-09 23:00:11.925   Successfully installed the file.
2026-10-09 23:00:11.925   -- File entry --
2026-10-09 23:00:11.925   Dest filename: D:\a\_temp\agym-c64-38001250527-5872-u8q4q801\client\Recepcion\_internal\tzdata\zoneinfo\America\Argentina\Catamarca
2026-10-09 23:00:11.925   Time stamp of our file: 2026-10-09 22:58:06.000
2026-10-09 23:00:11.925   Dest file exists.
2026-10-09 23:00:11.925   Time stamp of existing file: 2026-10-09 22:58:06.000
2026-10-09 23:00:11.925   Installing the file.
2026-10-09 23:00:11.925   Successfully installed the file.
2026-10-09 23:00:11.925   -- File entry --
2026-10-09 23:00:11.925   Dest filename: D:\a\_temp\agym-c64-38001250527-5872-u8q4q801\client\Recepcion\_internal\tzdata\zoneinfo\America\Argentina\ComodRivadavia
2026-10-09 23:00:11.925   Time stamp of our file: 2026-10-09 22:58:06.000
2026-10-09 23:00:11.925   Dest file exists.
2026-10-09 23:00:11.925   Time stamp of existing file: 2026-10-09 22:58:06.000
2026-10-09 23:00:11.925   Installing the file.
2026-10-09 23:00:11.925   Successfully installed the file.
2026-10-09 23:00:11.925   -- File entry --
2026-10-09 23:00:11.925   Dest filename: D:\a\_temp\agym-c64-38001250527-5872-u8q4q801\client\Recepcion\_internal\tzdata\zoneinfo\America\Argentina\Cordoba
2026-10-09 23:00:11.925   Time stamp of our file: 2026-10-09 22:58:06.000
2026-10-09 23:00:11.925   Dest file exists.
2026-10-09 23:00:11.925   Time stamp of existing file: 2026-10-09 22:58:06.000
2026-10-09 23:00:11.925   Installing the file.
2026-10-09 23:00:11.941   Successfully installed the file.
2026-10-09 23:00:11.941   -- File entry --
2026-10-09 23:00:11.941   Dest filename: D:\a\_temp\agym-c64-38001250527-5872-u8q4q801\client\Recepcion\_internal\tzdata\zoneinfo\America\Argentina\Jujuy
2026-10-09 23:00:11.941   Time stamp of our file: 2026-10-09 22:58:06.000
2026-10-09 23:00:11.941   Dest file exists.
2026-10-09 23:00:11.941   Time stamp of existing file: 2026-10-09 22:58:06.000
2026-10-09 23:00:11.941   Installing the file.
2026-10-09 23:00:11.941   Successfully installed the file.
2026-10-09 23:00:11.941   -- File entry --
2026-10-09 23:00:11.941   Dest filename: D:\a\_temp\agym-c64-38001250527-5872-u8q4q801\client\Recepcion\_internal\tzdata\zoneinfo\America\Argentina\La_Rioja
2026-10-09 23:00:11.941   Time stamp of our file: 2026-10-09 22:58:06.000
2026-10-09 23:00:11.941   Dest file exists.
2026-10-09 23:00:11.941   Time stamp of existing file: 2026-10-09 22:58:06.000
2026-10-09 23:00:11.941   Installing the file.
2026-10-09 23:00:11.941   Successfully installed the file.
2026-10-09 23:00:11.941   -- File entry --
2026-10-09 23:00:11.941   Dest filename: D:\a\_temp\agym-c64-38001250527-5872-u8q4q801\client\Recepcion\_internal\tzdata\zoneinfo\America\Argentina\Mendoza
2026-10-09 23:00:11.941   Time stamp of our file: 2026-10-09 22:58:06.000
2026-10-09 23:00:11.941   Dest file exists.
2026-10-09 23:00:11.941   Time stamp of existing file: 2026-10-09 22:58:06.000
2026-10-09 23:00:11.941   Installing the file.
2026-10-09 23:00:11.941   Successfully installed the file.
2026-10-09 23:00:11.941   -- File entry --
2026-10-09 23:00:11.941   Dest filename: D:\a\_temp\agym-c64-38001250527-5872-u8q4q801\client\Recepcion\_internal\tzdata\zoneinfo\America\Argentina\Rio_Gallegos
2026-10-09 23:00:11.941   Time stamp of our file: 2026-10-09 22:58:06.000
2026-10-09 23:00:11.941   Dest file exists.
2026-10-09 23:00:11.941   Time stamp of existing file: 2026-10-09 22:58:06.000
2026-10-09 23:00:11.941   Installing the file.
2026-10-09 23:00:11.941   Successfully installed the file.
2026-10-09 23:00:11.941   -- File entry --
2026-10-09 23:00:11.941   Dest filename: D:\a\_temp\agym-c64-38001250527-5872-u8q4q801\client\Recepcion\_internal\tzdata\zoneinfo\America\Argentina\Salta
2026-10-09 23:00:11.941   Time stamp of our file: 2026-10-09 22:58:06.000
2026-10-09 23:00:11.941   Dest file exists.
2026-10-09 23:00:11.941   Time stamp of existing file: 2026-10-09 22:58:06.000
2026-10-09 23:00:11.941   Installing the file.
2026-10-09 23:00:11.941   Successfully installed the file.
2026-10-09 23:00:11.941   -- File entry --
2026-10-09 23:00:11.941   Dest filename: D:\a\_temp\agym-c64-38001250527-5872-u8q4q801\client\Recepcion\_internal\tzdata\zoneinfo\America\Argentina\San_Juan
2026-10-09 23:00:11.941   Time stamp of our file: 2026-10-09 22:58:06.000
2026-10-09 23:00:11.941   Dest file exists.
2026-10-09 23:00:11.941   Time stamp of existing file: 2026-10-09 22:58:06.000
2026-10-09 23:00:11.941   Installing the file.
2026-10-09 23:00:11.941   Successfully installed the file.
2026-10-09 23:00:11.941   -- File entry --
2026-10-09 23:00:11.941   Dest filename: D:\a\_temp\agym-c64-38001250527-5872-u8q4q801\client\Recepcion\_internal\tzdata\zoneinfo\America\Argentina\San_Luis
2026-10-09 23:00:11.941   Time stamp of our file: 2026-10-09 22:58:06.000
2026-10-09 23:00:11.941   Dest file exists.
2026-10-09 23:00:11.941   Time stamp of existing file: 2026-10-09 22:58:06.000
2026-10-09 23:00:11.941   Installing the file.
2026-10-09 23:00:11.941   Successfully installed the file.
2026-10-09 23:00:11.941   -- File entry --
2026-10-09 23:00:11.941   Dest filename: D:\a\_temp\agym-c64-38001250527-5872-u8q4q801\client\Recepcion\_internal\tzdata\zoneinfo\America\Argentina\Tucuman
2026-10-09 23:00:11.941   Time stamp of our file: 2026-10-09 22:58:06.000
2026-10-09 23:00:11.941   Dest file exists.
2026-10-09 23:00:11.941   Time stamp of existing file: 2026-10-09 22:58:06.000
2026-10-09 23:00:11.941   Installing the file.
2026-10-09 23:00:11.941   Successfully installed the file.
2026-10-09 23:00:11.941   -- File entry --
2026-10-09 23:00:11.941   Dest filename: D:\a\_temp\agym-c64-38001250527-5872-u8q4q801\client\Recepcion\_internal\tzdata\zoneinfo\America\Argentina\Ushuaia
2026-10-09 23:00:11.941   Time stamp of our file: 2026-10-09 22:58:06.000
2026-10-09 23:00:11.941   Dest file exists.
2026-10-09 23:00:11.941   Time stamp of existing file: 2026-10-09 22:58:06.000
2026-10-09 23:00:11.941   Installing the file.
2026-10-09 23:00:11.941   Successfully installed the file.
2026-10-09 23:00:11.941   -- File entry --
2026-10-09 23:00:11.941   Dest filename: D:\a\_temp\agym-c64-38001250527-5872-u8q4q801\client\Recepcion\_internal\tzdata\zoneinfo\America\Argentina\__init__.py
2026-10-09 23:00:11.941   Time stamp of our file: 2026-10-09 22:58:06.000
2026-10-09 23:00:11.941   Dest file exists.
2026-10-09 23:00:11.941   Time stamp of existing file: 2026-10-09 22:58:06.000
2026-10-09 23:00:11.941   Installing the file.
2026-10-09 23:00:11.941   Successfully installed the file.
2026-10-09 23:00:11.941   -- File entry --
2026-10-09 23:00:11.941   Dest filename: D:\a\_temp\agym-c64-38001250527-5872-u8q4q801\client\Recepcion\_internal\tzdata\zoneinfo\America\Indiana\Indianapolis
2026-10-09 23:00:11.941   Time stamp of our file: 2026-10-09 22:58:06.000
2026-10-09 23:00:11.941   Dest file exists.
2026-10-09 23:00:11.941   Time stamp of existing file: 2026-10-09 22:58:06.000
2026-10-09 23:00:11.941   Installing the file.
2026-10-09 23:00:11.941   Successfully installed the file.
2026-10-09 23:00:11.941   -- File entry --
2026-10-09 23:00:11.941   Dest filename: D:\a\_temp\agym-c64-38001250527-5872-u8q4q801\client\Recepcion\_internal\tzdata\zoneinfo\America\Indiana\Knox
2026-10-09 23:00:11.941   Time stamp of our file: 2026-10-09 22:58:06.000
2026-10-09 23:00:11.941   Dest file exists.
2026-10-09 23:00:11.941   Time stamp of existing file: 2026-10-09 22:58:06.000
2026-10-09 23:00:11.941   Installing the file.
2026-10-09 23:00:11.941   Successfully installed the file.
2026-10-09 23:00:11.941   -- File entry --
2026-10-09 23:00:11.941   Dest filename: D:\a\_temp\agym-c64-38001250527-5872-u8q4q801\client\Recepcion\_internal\tzdata\zoneinfo\America\Indiana\Marengo
2026-10-09 23:00:11.941   Time stamp of our file: 2026-10-09 22:58:06.000
2026-10-09 23:00:11.941   Dest file exists.
2026-10-09 23:00:11.941   Time stamp of existing file: 2026-10-09 22:58:06.000
2026-10-09 23:00:11.941   Installing the file.
2026-10-09 23:00:11.941   Successfully installed the file.
2026-10-09 23:00:11.941   -- File entry --
2026-10-09 23:00:11.941   Dest filename: D:\a\_temp\agym-c64-38001250527-5872-u8q4q801\client\Recepcion\_internal\tzdata\zoneinfo\America\Indiana\Petersburg
2026-10-09 23:00:11.941   Time stamp of our file: 2026-10-09 22:58:06.000
2026-10-09 23:00:11.941   Dest file exists.
2026-10-09 23:00:11.941   Time stamp of existing file: 2026-10-09 22:58:06.000
2026-10-09 23:00:11.941   Installing the file.
2026-10-09 23:00:11.941   Successfully installed the file.
2026-10-09 23:00:11.941   -- File entry --
2026-10-09 23:00:11.941   Dest filename: D:\a\_temp\agym-c64-38001250527-5872-u8q4q801\client\Recepcion\_internal\tzdata\zoneinfo\America\Indiana\Tell_City
2026-10-09 23:00:11.941   Time stamp of our file: 2026-10-09 22:58:06.000
2026-10-09 23:00:11.941   Dest file exists.
2026-10-09 23:00:11.941   Time stamp of existing file: 2026-10-09 22:58:06.000
2026-10-09 23:00:11.941   Installing the file.
2026-10-09 23:00:11.941   Successfully installed the file.
2026-10-09 23:00:11.941   -- File entry --
2026-10-09 23:00:11.941   Dest filename: D:\a\_temp\agym-c64-38001250527-5872-u8q4q801\client\Recepcion\_internal\tzdata\zoneinfo\America\Indiana\Vevay
2026-10-09 23:00:11.941   Time stamp of our file: 2026-10-09 22:58:06.000
2026-10-09 23:00:11.941   Dest file exists.
2026-10-09 23:00:11.941   Time stamp of existing file: 2026-10-09 22:58:06.000
2026-10-09 23:00:11.941   Installing the file.
2026-10-09 23:00:11.941   Successfully installed the file.
2026-10-09 23:00:11.941   -- File entry --
2026-10-09 23:00:11.941   Dest filename: D:\a\_temp\agym-c64-38001250527-5872-u8q4q801\client\Recepcion\_internal\tzdata\zoneinfo\America\Indiana\Vincennes
2026-10-09 23:00:11.941   Time stamp of our file: 2026-10-09 22:58:06.000
2026-10-09 23:00:11.941   Dest file exists.
2026-10-09 23:00:11.941   Time stamp of existing file: 2026-10-09 22:58:06.000
2026-10-09 23:00:11.941   Installing the file.
2026-10-09 23:00:11.941   Successfully installed the file.
2026-10-09 23:00:11.941   -- File entry --
2026-10-09 23:00:11.941   Dest filename: D:\a\_temp\agym-c64-38001250527-5872-u8q4q801\client\Recepcion\_internal\tzdata\zoneinfo\America\Indiana\Winamac
2026-10-09 23:00:11.941   Time stamp of our file: 2026-10-09 22:58:06.000
2026-10-09 23:00:11.941   Dest file exists.
2026-10-09 23:00:11.941   Time stamp of existing file: 2026-10-09 22:58:06.000
2026-10-09 23:00:11.941   Installing the file.
2026-10-09 23:00:11.941   Successfully installed the file.
2026-10-09 23:00:11.941   -- File entry --
2026-10-09 23:00:11.941   Dest filename: D:\a\_temp\agym-c64-38001250527-5872-u8q4q801\client\Recepcion\_internal\tzdata\zoneinfo\America\Indiana\__init__.py
2026-10-09 23:00:11.941   Time stamp of our file: 2026-10-09 22:58:06.000
2026-10-09 23:00:11.941   Dest file exists.
2026-10-09 23:00:11.941   Time stamp of existing file: 2026-10-09 22:58:06.000
2026-10-09 23:00:11.941   Installing the file.
2026-10-09 23:00:11.941   Successfully installed the file.
2026-10-09 23:00:11.941   -- File entry --
2026-10-09 23:00:11.941   Dest filename: D:\a\_temp\agym-c64-38001250527-5872-u8q4q801\client\Recepcion\_internal\tzdata\zoneinfo\America\Kentucky\Louisville
2026-10-09 23:00:11.941   Time stamp of our file: 2026-10-09 22:58:06.000
2026-10-09 23:00:11.941   Dest file exists.
2026-10-09 23:00:11.941   Time stamp of existing file: 2026-10-09 22:58:06.000
2026-10-09 23:00:11.941   Installing the file.
2026-10-09 23:00:11.941   Successfully installed the file.
2026-10-09 23:00:11.941   -- File entry --
2026-10-09 23:00:11.941   Dest filename: D:\a\_temp\agym-c64-38001250527-5872-u8q4q801\client\Recepcion\_internal\tzdata\zoneinfo\America\Kentucky\Monticello
2026-10-09 23:00:11.941   Time stamp of our file: 2026-10-09 22:58:06.000
2026-10-09 23:00:11.941   Dest file exists.
2026-10-09 23:00:11.941   Time stamp of existing file: 2026-10-09 22:58:06.000
2026-10-09 23:00:11.941   Installing the file.
2026-10-09 23:00:11.941   Successfully installed the file.
2026-10-09 23:00:11.941   -- File entry --
2026-10-09 23:00:11.941   Dest filename: D:\a\_temp\agym-c64-38001250527-5872-u8q4q801\client\Recepcion\_internal\tzdata\zoneinfo\America\Kentucky\__init__.py
2026-10-09 23:00:11.941   Time stamp of our file: 2026-10-09 22:58:06.000
2026-10-09 23:00:11.941   Dest file exists.
2026-10-09 23:00:11.941   Time stamp of existing file: 2026-10-09 22:58:06.000
2026-10-09 23:00:11.941   Installing the file.
2026-10-09 23:00:11.941   Successfully installed the file.
2026-10-09 23:00:11.941   -- File entry --
2026-10-09 23:00:11.941   Dest filename: D:\a\_temp\agym-c64-38001250527-5872-u8q4q801\client\Recepcion\_internal\tzdata\zoneinfo\America\North_Dakota\Beulah
2026-10-09 23:00:11.941   Time stamp of our file: 2026-10-09 22:58:06.000
2026-10-09 23:00:11.941   Dest file exists.
2026-10-09 23:00:11.941   Time stamp of existing file: 2026-10-09 22:58:06.000
2026-10-09 23:00:11.941   Installing the file.
2026-10-09 23:00:11.941   Successfully installed the file.
2026-10-09 23:00:11.941   -- File entry --
2026-10-09 23:00:11.941   Dest filename: D:\a\_temp\agym-c64-38001250527-5872-u8q4q801\client\Recepcion\_internal\tzdata\zoneinfo\America\North_Dakota\Center
2026-10-09 23:00:11.941   Time stamp of our file: 2026-10-09 22:58:06.000
2026-10-09 23:00:11.941   Dest file exists.
2026-10-09 23:00:11.941   Time stamp of existing file: 2026-10-09 22:58:06.000
2026-10-09 23:00:11.941   Installing the file.
2026-10-09 23:00:11.941   Successfully installed the file.
2026-10-09 23:00:11.941   -- File entry --
2026-10-09 23:00:11.941   Dest filename: D:\a\_temp\agym-c64-38001250527-5872-u8q4q801\client\Recepcion\_internal\tzdata\zoneinfo\America\North_Dakota\New_Salem
2026-10-09 23:00:11.941   Time stamp of our file: 2026-10-09 22:58:06.000
2026-10-09 23:00:11.941   Dest file exists.
2026-10-09 23:00:11.941   Time stamp of existing file: 2026-10-09 22:58:06.000
2026-10-09 23:00:11.941   Installing the file.
2026-10-09 23:00:11.941   Successfully installed the file.
2026-10-09 23:00:11.941   -- File entry --
2026-10-09 23:00:11.941   Dest filename: D:\a\_temp\agym-c64-38001250527-5872-u8q4q801\client\Recepcion\_internal\tzdata\zoneinfo\America\North_Dakota\__init__.py
2026-10-09 23:00:11.941   Time stamp of our file: 2026-10-09 22:58:06.000
2026-10-09 23:00:11.941   Dest file exists.
2026-10-09 23:00:11.941   Time stamp of existing file: 2026-10-09 22:58:06.000
2026-10-09 23:00:11.941   Installing the file.
2026-10-09 23:00:11.941   Successfully installed the file.
2026-10-09 23:00:11.941   -- File entry --
2026-10-09 23:00:11.941   Dest filename: D:\a\_temp\agym-c64-38001250527-5872-u8q4q801\client\Recepcion\_internal\tzdata\zoneinfo\Antarctica\Casey
2026-10-09 23:00:11.941   Time stamp of our file: 2026-10-09 22:58:06.000
2026-10-09 23:00:11.941   Dest file exists.
2026-10-09 23:00:11.941   Time stamp of existing file: 2026-10-09 22:58:06.000
2026-10-09 23:00:11.941   Installing the file.
2026-10-09 23:00:11.941   Successfully installed the file.
2026-10-09 23:00:11.941   -- File entry --
2026-10-09 23:00:11.941   Dest filename: D:\a\_temp\agym-c64-38001250527-5872-u8q4q801\client\Recepcion\_internal\tzdata\zoneinfo\Antarctica\Davis
2026-10-09 23:00:11.941   Time stamp of our file: 2026-10-09 22:58:06.000
2026-10-09 23:00:11.941   Dest file exists.
2026-10-09 23:00:11.941   Time stamp of existing file: 2026-10-09 22:58:06.000
2026-10-09 23:00:11.941   Installing the file.
2026-10-09 23:00:11.941   Successfully installed the file.
2026-10-09 23:00:11.941   -- File entry --
2026-10-09 23:00:11.941   Dest filename: D:\a\_temp\agym-c64-38001250527-5872-u8q4q801\client\Recepcion\_internal\tzdata\zoneinfo\Antarctica\DumontDUrville
2026-10-09 23:00:11.941   Time stamp of our file: 2026-10-09 22:58:06.000
2026-10-09 23:00:11.941   Dest file exists.
2026-10-09 23:00:11.941   Time stamp of existing file: 2026-10-09 22:58:06.000
2026-10-09 23:00:11.941   Installing the file.
2026-10-09 23:00:11.941   Successfully installed the file.
2026-10-09 23:00:11.941   -- File entry --
2026-10-09 23:00:11.941   Dest filename: D:\a\_temp\agym-c64-38001250527-5872-u8q4q801\client\Recepcion\_internal\tzdata\zoneinfo\Antarctica\Macquarie
2026-10-09 23:00:11.941   Time stamp of our file: 2026-10-09 22:58:06.000
2026-10-09 23:00:11.941   Dest file exists.
2026-10-09 23:00:11.941   Time stamp of existing file: 2026-10-09 22:58:06.000
2026-10-09 23:00:11.941   Installing the file.
2026-10-09 23:00:11.941   Successfully installed the file.
2026-10-09 23:00:11.956   -- File entry --
2026-10-09 23:00:11.956   Dest filename: D:\a\_temp\agym-c64-38001250527-5872-u8q4q801\client\Recepcion\_internal\tzdata\zoneinfo\Antarctica\Mawson
2026-10-09 23:00:11.956   Time stamp of our file: 2026-10-09 22:58:06.000
2026-10-09 23:00:11.956   Dest file exists.
2026-10-09 23:00:11.956   Time stamp of existing file: 2026-10-09 22:58:06.000
2026-10-09 23:00:11.956   Installing the file.
2026-10-09 23:00:11.956   Successfully installed the file.
2026-10-09 23:00:11.956   -- File entry --
2026-10-09 23:00:11.956   Dest filename: D:\a\_temp\agym-c64-38001250527-5872-u8q4q801\client\Recepcion\_internal\tzdata\zoneinfo\Antarctica\McMurdo
2026-10-09 23:00:11.956   Time stamp of our file: 2026-10-09 22:58:06.000
2026-10-09 23:00:11.956   Dest file exists.
2026-10-09 23:00:11.956   Time stamp of existing file: 2026-10-09 22:58:06.000
2026-10-09 23:00:11.956   Installing the file.
2026-10-09 23:00:11.956   Successfully installed the file.
2026-10-09 23:00:11.956   -- File entry --
2026-10-09 23:00:11.956   Dest filename: D:\a\_temp\agym-c64-38001250527-5872-u8q4q801\client\Recepcion\_internal\tzdata\zoneinfo\Antarctica\Palmer
2026-10-09 23:00:11.956   Time stamp of our file: 2026-10-09 22:58:06.000
2026-10-09 23:00:11.956   Dest file exists.
2026-10-09 23:00:11.956   Time stamp of existing file: 2026-10-09 22:58:06.000
2026-10-09 23:00:11.956   Installing the file.
2026-10-09 23:00:11.956   Successfully installed the file.
2026-10-09 23:00:11.956   -- File entry --
2026-10-09 23:00:11.956   Dest filename: D:\a\_temp\agym-c64-38001250527-5872-u8q4q801\client\Recepcion\_internal\tzdata\zoneinfo\Antarctica\Rothera
2026-10-09 23:00:11.956   Time stamp of our file: 2026-10-09 22:58:06.000
2026-10-09 23:00:11.956   Dest file exists.
2026-10-09 23:00:11.956   Time stamp of existing file: 2026-10-09 22:58:06.000
2026-10-09 23:00:11.956   Installing the file.
2026-10-09 23:00:11.956   Successfully installed the file.
2026-10-09 23:00:11.956   -- File entry --
2026-10-09 23:00:11.956   Dest filename: D:\a\_temp\agym-c64-38001250527-5872-u8q4q801\client\Recepcion\_internal\tzdata\zoneinfo\Antarctica\South_Pole
2026-10-09 23:00:11.956   Time stamp of our file: 2026-10-09 22:58:06.000
2026-10-09 23:00:11.956   Dest file exists.
2026-10-09 23:00:11.956   Time stamp of existing file: 2026-10-09 22:58:06.000
2026-10-09 23:00:11.956   Installing the file.
2026-10-09 23:00:11.956   Successfully installed the file.
2026-10-09 23:00:11.956   -- File entry --
2026-10-09 23:00:11.956   Dest filename: D:\a\_temp\agym-c64-38001250527-5872-u8q4q801\client\Recepcion\_internal\tzdata\zoneinfo\Antarctica\Syowa
2026-10-09 23:00:11.956   Time stamp of our file: 2026-10-09 22:58:06.000
2026-10-09 23:00:11.956   Dest file exists.
2026-10-09 23:00:11.956   Time stamp of existing file: 2026-10-09 22:58:06.000
2026-10-09 23:00:11.956   Installing the file.
2026-10-09 23:00:11.956   Successfully installed the file.
2026-10-09 23:00:11.956   -- File entry --
2026-10-09 23:00:11.956   Dest filename: D:\a\_temp\agym-c64-38001250527-5872-u8q4q801\client\Recepcion\_internal\tzdata\zoneinfo\Antarctica\Troll
2026-10-09 23:00:11.956   Time stamp of our file: 2026-10-09 22:58:06.000
2026-10-09 23:00:11.956   Dest file exists.
2026-10-09 23:00:11.956   Time stamp of existing file: 2026-10-09 22:58:06.000
2026-10-09 23:00:11.956   Installing the file.
2026-10-09 23:00:11.956   Successfully installed the file.
2026-10-09 23:00:11.956   -- File entry --
2026-10-09 23:00:11.956   Dest filename: D:\a\_temp\agym-c64-38001250527-5872-u8q4q801\client\Recepcion\_internal\tzdata\zoneinfo\Antarctica\Vostok
2026-10-09 23:00:11.956   Time stamp of our file: 2026-10-09 22:58:06.000
2026-10-09 23:00:11.956   Dest file exists.
2026-10-09 23:00:11.956   Time stamp of existing file: 2026-10-09 22:58:06.000
2026-10-09 23:00:11.956   Installing the file.
2026-10-09 23:00:11.956   Successfully installed the file.
2026-10-09 23:00:11.956   -- File entry --
2026-10-09 23:00:11.956   Dest filename: D:\a\_temp\agym-c64-38001250527-5872-u8q4q801\client\Recepcion\_internal\tzdata\zoneinfo\Antarctica\__init__.py
2026-10-09 23:00:11.956   Time stamp of our file: 2026-10-09 22:58:06.000
2026-10-09 23:00:11.956   Dest file exists.
2026-10-09 23:00:11.956   Time stamp of existing file: 2026-10-09 22:58:06.000
2026-10-09 23:00:11.956   Installing the file.
2026-10-09 23:00:11.956   Successfully installed the file.
2026-10-09 23:00:11.956   -- File entry --
2026-10-09 23:00:11.956   Dest filename: D:\a\_temp\agym-c64-38001250527-5872-u8q4q801\client\Recepcion\_internal\tzdata\zoneinfo\Arctic\Longyearbyen
2026-10-09 23:00:11.956   Time stamp of our file: 2026-10-09 22:58:06.000
2026-10-09 23:00:11.956   Dest file exists.
2026-10-09 23:00:11.956   Time stamp of existing file: 2026-10-09 22:58:06.000
2026-10-09 23:00:11.956   Installing the file.
2026-10-09 23:00:11.956   Successfully installed the file.
2026-10-09 23:00:11.956   -- File entry --
2026-10-09 23:00:11.956   Dest filename: D:\a\_temp\agym-c64-38001250527-5872-u8q4q801\client\Recepcion\_internal\tzdata\zoneinfo\Arctic\__init__.py
2026-10-09 23:00:11.956   Time stamp of our file: 2026-10-09 22:58:06.000
2026-10-09 23:00:11.956   Dest file exists.
2026-10-09 23:00:11.956   Time stamp of existing file: 2026-10-09 22:58:06.000
2026-10-09 23:00:11.956   Installing the file.
2026-10-09 23:00:11.956   Successfully installed the file.
2026-10-09 23:00:11.956   -- File entry --
2026-10-09 23:00:11.956   Dest filename: D:\a\_temp\agym-c64-38001250527-5872-u8q4q801\client\Recepcion\_internal\tzdata\zoneinfo\Asia\Aden
2026-10-09 23:00:11.956   Time stamp of our file: 2026-10-09 22:58:06.000
2026-10-09 23:00:11.956   Dest file exists.
2026-10-09 23:00:11.956   Time stamp of existing file: 2026-10-09 22:58:06.000
2026-10-09 23:00:11.956   Installing the file.
2026-10-09 23:00:11.956   Successfully installed the file.
2026-10-09 23:00:11.956   -- File entry --
2026-10-09 23:00:11.956   Dest filename: D:\a\_temp\agym-c64-38001250527-5872-u8q4q801\client\Recepcion\_internal\tzdata\zoneinfo\Asia\Almaty
2026-10-09 23:00:11.956   Time stamp of our file: 2026-10-09 22:58:06.000
2026-10-09 23:00:11.956   Dest file exists.
2026-10-09 23:00:11.956   Time stamp of existing file: 2026-10-09 22:58:06.000
2026-10-09 23:00:11.956   Installing the file.
2026-10-09 23:00:11.956   Successfully installed the file.
2026-10-09 23:00:11.956   -- File entry --
2026-10-09 23:00:11.956   Dest filename: D:\a\_temp\agym-c64-38001250527-5872-u8q4q801\client\Recepcion\_internal\tzdata\zoneinfo\Asia\Amman
2026-10-09 23:00:11.956   Time stamp of our file: 2026-10-09 22:58:06.000
2026-10-09 23:00:11.956   Dest file exists.
2026-10-09 23:00:11.956   Time stamp of existing file: 2026-10-09 22:58:06.000
2026-10-09 23:00:11.956   Installing the file.
2026-10-09 23:00:11.956   Successfully installed the file.
2026-10-09 23:00:11.956   -- File entry --
2026-10-09 23:00:11.956   Dest filename: D:\a\_temp\agym-c64-38001250527-5872-u8q4q801\client\Recepcion\_internal\tzdata\zoneinfo\Asia\Anadyr
2026-10-09 23:00:11.956   Time stamp of our file: 2026-10-09 22:58:06.000
2026-10-09 23:00:11.956   Dest file exists.
2026-10-09 23:00:11.956   Time stamp of existing file: 2026-10-09 22:58:06.000
2026-10-09 23:00:11.956   Installing the file.
2026-10-09 23:00:11.956   Successfully installed the file.
2026-10-09 23:00:11.956   -- File entry --
2026-10-09 23:00:11.956   Dest filename: D:\a\_temp\agym-c64-38001250527-5872-u8q4q801\client\Recepcion\_internal\tzdata\zoneinfo\Asia\Aqtau
2026-10-09 23:00:11.956   Time stamp of our file: 2026-10-09 22:58:06.000
2026-10-09 23:00:11.956   Dest file exists.
2026-10-09 23:00:11.956   Time stamp of existing file: 2026-10-09 22:58:06.000
2026-10-09 23:00:11.956   Installing the file.
2026-10-09 23:00:11.956   Successfully installed the file.
2026-10-09 23:00:11.956   -- File entry --
2026-10-09 23:00:11.956   Dest filename: D:\a\_temp\agym-c64-38001250527-5872-u8q4q801\client\Recepcion\_internal\tzdata\zoneinfo\Asia\Aqtobe
2026-10-09 23:00:11.956   Time stamp of our file: 2026-10-09 22:58:06.000
2026-10-09 23:00:11.956   Dest file exists.
2026-10-09 23:00:11.956   Time stamp of existing file: 2026-10-09 22:58:06.000
2026-10-09 23:00:11.956   Installing the file.
2026-10-09 23:00:11.956   Successfully installed the file.
2026-10-09 23:00:11.956   -- File entry --
2026-10-09 23:00:11.956   Dest filename: D:\a\_temp\agym-c64-38001250527-5872-u8q4q801\client\Recepcion\_internal\tzdata\zoneinfo\Asia\Ashgabat
2026-10-09 23:00:11.956   Time stamp of our file: 2026-10-09 22:58:06.000
2026-10-09 23:00:11.956   Dest file exists.
2026-10-09 23:00:11.956   Time stamp of existing file: 2026-10-09 22:58:06.000
2026-10-09 23:00:11.956   Installing the file.
2026-10-09 23:00:11.956   Successfully installed the file.
2026-10-09 23:00:11.956   -- File entry --
2026-10-09 23:00:11.956   Dest filename: D:\a\_temp\agym-c64-38001250527-5872-u8q4q801\client\Recepcion\_internal\tzdata\zoneinfo\Asia\Ashkhabad
2026-10-09 23:00:11.956   Time stamp of our file: 2026-10-09 22:58:06.000
2026-10-09 23:00:11.956   Dest file exists.
2026-10-09 23:00:11.956   Time stamp of existing file: 2026-10-09 22:58:06.000
2026-10-09 23:00:11.956   Installing the file.
2026-10-09 23:00:11.956   Successfully installed the file.
2026-10-09 23:00:11.956   -- File entry --
2026-10-09 23:00:11.956   Dest filename: D:\a\_temp\agym-c64-38001250527-5872-u8q4q801\client\Recepcion\_internal\tzdata\zoneinfo\Asia\Atyrau
2026-10-09 23:00:11.956   Time stamp of our file: 2026-10-09 22:58:06.000
2026-10-09 23:00:11.956   Dest file exists.
2026-10-09 23:00:11.956   Time stamp of existing file: 2026-10-09 22:58:06.000
2026-10-09 23:00:11.956   Installing the file.
2026-10-09 23:00:11.956   Successfully installed the file.
2026-10-09 23:00:11.956   -- File entry --
2026-10-09 23:00:11.956   Dest filename: D:\a\_temp\agym-c64-38001250527-5872-u8q4q801\client\Recepcion\_internal\tzdata\zoneinfo\Asia\Baghdad
2026-10-09 23:00:11.956   Time stamp of our file: 2026-10-09 22:58:06.000
2026-10-09 23:00:11.956   Dest file exists.
2026-10-09 23:00:11.956   Time stamp of existing file: 2026-10-09 22:58:06.000
2026-10-09 23:00:11.956   Installing the file.
2026-10-09 23:00:11.956   Successfully installed the file.
2026-10-09 23:00:11.956   -- File entry --
2026-10-09 23:00:11.956   Dest filename: D:\a\_temp\agym-c64-38001250527-5872-u8q4q801\client\Recepcion\_internal\tzdata\zoneinfo\Asia\Bahrain
2026-10-09 23:00:11.956   Time stamp of our file: 2026-10-09 22:58:06.000
2026-10-09 23:00:11.956   Dest file exists.
2026-10-09 23:00:11.956   Time stamp of existing file: 2026-10-09 22:58:06.000
2026-10-09 23:00:11.956   Installing the file.
2026-10-09 23:00:11.956   Successfully installed the file.
2026-10-09 23:00:11.956   -- File entry --
2026-10-09 23:00:11.956   Dest filename: D:\a\_temp\agym-c64-38001250527-5872-u8q4q801\client\Recepcion\_internal\tzdata\zoneinfo\Asia\Baku
2026-10-09 23:00:11.956   Time stamp of our file: 2026-10-09 22:58:06.000
2026-10-09 23:00:11.956   Dest file exists.
2026-10-09 23:00:11.956   Time stamp of existing file: 2026-10-09 22:58:06.000
2026-10-09 23:00:11.956   Installing the file.
2026-10-09 23:00:11.956   Successfully installed the file.
2026-10-09 23:00:11.956   -- File entry --
2026-10-09 23:00:11.956   Dest filename: D:\a\_temp\agym-c64-38001250527-5872-u8q4q801\client\Recepcion\_internal\tzdata\zoneinfo\Asia\Bangkok
2026-10-09 23:00:11.956   Time stamp of our file: 2026-10-09 22:58:06.000
2026-10-09 23:00:11.956   Dest file exists.
2026-10-09 23:00:11.956   Time stamp of existing file: 2026-10-09 22:58:06.000
2026-10-09 23:00:11.956   Installing the file.
2026-10-09 23:00:11.956   Successfully installed the file.
2026-10-09 23:00:11.956   -- File entry --
2026-10-09 23:00:11.956   Dest filename: D:\a\_temp\agym-c64-38001250527-5872-u8q4q801\client\Recepcion\_internal\tzdata\zoneinfo\Asia\Barnaul
2026-10-09 23:00:11.956   Time stamp of our file: 2026-10-09 22:58:06.000
2026-10-09 23:00:11.956   Dest file exists.
2026-10-09 23:00:11.956   Time stamp of existing file: 2026-10-09 22:58:06.000
2026-10-09 23:00:11.956   Installing the file.
2026-10-09 23:00:11.956   Successfully installed the file.
2026-10-09 23:00:11.956   -- File entry --
2026-10-09 23:00:11.956   Dest filename: D:\a\_temp\agym-c64-38001250527-5872-u8q4q801\client\Recepcion\_internal\tzdata\zoneinfo\Asia\Beirut
2026-10-09 23:00:11.956   Time stamp of our file: 2026-10-09 22:58:06.000
2026-10-09 23:00:11.956   Dest file exists.
2026-10-09 23:00:11.956   Time stamp of existing file: 2026-10-09 22:58:06.000
2026-10-09 23:00:11.956   Installing the file.
2026-10-09 23:00:11.956   Successfully installed the file.
2026-10-09 23:00:11.956   -- File entry --
2026-10-09 23:00:11.956   Dest filename: D:\a\_temp\agym-c64-38001250527-5872-u8q4q801\client\Recepcion\_internal\tzdata\zoneinfo\Asia\Bishkek
2026-10-09 23:00:11.956   Time stamp of our file: 2026-10-09 22:58:06.000
2026-10-09 23:00:11.956   Dest file exists.
2026-10-09 23:00:11.956   Time stamp of existing file: 2026-10-09 22:58:06.000
2026-10-09 23:00:11.956   Installing the file.
2026-10-09 23:00:11.956   Successfully installed the file.
2026-10-09 23:00:11.956   -- File entry --
2026-10-09 23:00:11.956   Dest filename: D:\a\_temp\agym-c64-38001250527-5872-u8q4q801\client\Recepcion\_internal\tzdata\zoneinfo\Asia\Brunei
2026-10-09 23:00:11.956   Time stamp of our file: 2026-10-09 22:58:06.000
2026-10-09 23:00:11.956   Dest file exists.
2026-10-09 23:00:11.956   Time stamp of existing file: 2026-10-09 22:58:06.000
2026-10-09 23:00:11.956   Installing the file.
2026-10-09 23:00:11.956   Successfully installed the file.
2026-10-09 23:00:11.956   -- File entry --
2026-10-09 23:00:11.956   Dest filename: D:\a\_temp\agym-c64-38001250527-5872-u8q4q801\client\Recepcion\_internal\tzdata\zoneinfo\Asia\Calcutta
2026-10-09 23:00:11.956   Time stamp of our file: 2026-10-09 22:58:06.000
2026-10-09 23:00:11.956   Dest file exists.
2026-10-09 23:00:11.956   Time stamp of existing file: 2026-10-09 22:58:06.000
2026-10-09 23:00:11.956   Installing the file.
2026-10-09 23:00:11.956   Successfully installed the file.
2026-10-09 23:00:11.956   -- File entry --
2026-10-09 23:00:11.956   Dest filename: D:\a\_temp\agym-c64-38001250527-5872-u8q4q801\client\Recepcion\_internal\tzdata\zoneinfo\Asia\Chita
2026-10-09 23:00:11.956   Time stamp of our file: 2026-10-09 22:58:06.000
2026-10-09 23:00:11.956   Dest file exists.
2026-10-09 23:00:11.956   Time stamp of existing file: 2026-10-09 22:58:06.000
2026-10-09 23:00:11.956   Installing the file.
2026-10-09 23:00:11.956   Successfully installed the file.
2026-10-09 23:00:11.956   -- File entry --
2026-10-09 23:00:11.972   Dest filename: D:\a\_temp\agym-c64-38001250527-5872-u8q4q801\client\Recepcion\_internal\tzdata\zoneinfo\Asia\Choibalsan
2026-10-09 23:00:11.972   Time stamp of our file: 2026-10-09 22:58:06.000
2026-10-09 23:00:11.972   Dest file exists.
2026-10-09 23:00:11.972   Time stamp of existing file: 2026-10-09 22:58:06.000
2026-10-09 23:00:11.972   Installing the file.
2026-10-09 23:00:11.972   Successfully installed the file.
2026-10-09 23:00:11.972   -- File entry --
2026-10-09 23:00:11.972   Dest filename: D:\a\_temp\agym-c64-38001250527-5872-u8q4q801\client\Recepcion\_internal\tzdata\zoneinfo\Asia\Chongqing
2026-10-09 23:00:11.972   Time stamp of our file: 2026-10-09 22:58:06.000
2026-10-09 23:00:11.972   Dest file exists.
2026-10-09 23:00:11.972   Time stamp of existing file: 2026-10-09 22:58:06.000
2026-10-09 23:00:11.972   Installing the file.
2026-10-09 23:00:11.972   Successfully installed the file.
2026-10-09 23:00:11.972   -- File entry --
2026-10-09 23:00:11.972   Dest filename: D:\a\_temp\agym-c64-38001250527-5872-u8q4q801\client\Recepcion\_internal\tzdata\zoneinfo\Asia\Chungking
2026-10-09 23:00:11.972   Time stamp of our file: 2026-10-09 22:58:06.000
2026-10-09 23:00:11.972   Dest file exists.
2026-10-09 23:00:11.972   Time stamp of existing file: 2026-10-09 22:58:06.000
2026-10-09 23:00:11.972   Installing the file.
2026-10-09 23:00:11.972   Successfully installed the file.
2026-10-09 23:00:11.972   -- File entry --
2026-10-09 23:00:11.972   Dest filename: D:\a\_temp\agym-c64-38001250527-5872-u8q4q801\client\Recepcion\_internal\tzdata\zoneinfo\Asia\Colombo
2026-10-09 23:00:11.972   Time stamp of our file: 2026-10-09 22:58:06.000
2026-10-09 23:00:11.972   Dest file exists.
2026-10-09 23:00:11.972   Time stamp of existing file: 2026-10-09 22:58:06.000
2026-10-09 23:00:11.972   Installing the file.
2026-10-09 23:00:11.972   Successfully installed the file.
2026-10-09 23:00:11.972   -- File entry --
2026-10-09 23:00:11.972   Dest filename: D:\a\_temp\agym-c64-38001250527-5872-u8q4q801\client\Recepcion\_internal\tzdata\zoneinfo\Asia\Dacca
2026-10-09 23:00:11.972   Time stamp of our file: 2026-10-09 22:58:06.000
2026-10-09 23:00:11.972   Dest file exists.
2026-10-09 23:00:11.972   Time stamp of existing file: 2026-10-09 22:58:06.000
2026-10-09 23:00:11.972   Installing the file.
2026-10-09 23:00:11.972   Successfully installed the file.
2026-10-09 23:00:11.972   -- File entry --
2026-10-09 23:00:11.972   Dest filename: D:\a\_temp\agym-c64-38001250527-5872-u8q4q801\client\Recepcion\_internal\tzdata\zoneinfo\Asia\Damascus
2026-10-09 23:00:11.972   Time stamp of our file: 2026-10-09 22:58:06.000
2026-10-09 23:00:11.972   Dest file exists.
2026-10-09 23:00:11.972   Time stamp of existing file: 2026-10-09 22:58:06.000
2026-10-09 23:00:11.972   Installing the file.
2026-10-09 23:00:11.972   Successfully installed the file.
2026-10-09 23:00:11.972   -- File entry --
2026-10-09 23:00:11.972   Dest filename: D:\a\_temp\agym-c64-38001250527-5872-u8q4q801\client\Recepcion\_internal\tzdata\zoneinfo\Asia\Dhaka
2026-10-09 23:00:11.972   Time stamp of our file: 2026-10-09 22:58:06.000
2026-10-09 23:00:11.972   Dest file exists.
2026-10-09 23:00:11.972   Time stamp of existing file: 2026-10-09 22:58:06.000
2026-10-09 23:00:11.972   Installing the file.
2026-10-09 23:00:11.972   Successfully installed the file.
2026-10-09 23:00:11.972   -- File entry --
2026-10-09 23:00:11.972   Dest filename: D:\a\_temp\agym-c64-38001250527-5872-u8q4q801\client\Recepcion\_internal\tzdata\zoneinfo\Asia\Dili
2026-10-09 23:00:11.972   Time stamp of our file: 2026-10-09 22:58:06.000
2026-10-09 23:00:11.972   Dest file exists.
2026-10-09 23:00:11.972   Time stamp of existing file: 2026-10-09 22:58:06.000
2026-10-09 23:00:11.972   Installing the file.
2026-10-09 23:00:11.972   Successfully installed the file.
2026-10-09 23:00:11.972   -- File entry --
2026-10-09 23:00:11.972   Dest filename: D:\a\_temp\agym-c64-38001250527-5872-u8q4q801\client\Recepcion\_internal\tzdata\zoneinfo\Asia\Dubai
2026-10-09 23:00:11.972   Time stamp of our file: 2026-10-09 22:58:06.000
2026-10-09 23:00:11.972   Dest file exists.
2026-10-09 23:00:11.972   Time stamp of existing file: 2026-10-09 22:58:06.000
2026-10-09 23:00:11.972   Installing the file.
2026-10-09 23:00:11.972   Successfully installed the file.
2026-10-09 23:00:11.972   -- File entry --
2026-10-09 23:00:11.972   Dest filename: D:\a\_temp\agym-c64-38001250527-5872-u8q4q801\client\Recepcion\_internal\tzdata\zoneinfo\Asia\Dushanbe
2026-10-09 23:00:11.972   Time stamp of our file: 2026-10-09 22:58:06.000
2026-10-09 23:00:11.972   Dest file exists.
2026-10-09 23:00:11.972   Time stamp of existing file: 2026-10-09 22:58:06.000
2026-10-09 23:00:11.972   Installing the file.
2026-10-09 23:00:11.972   Successfully installed the file.
2026-10-09 23:00:11.972   -- File entry --
2026-10-09 23:00:11.972   Dest filename: D:\a\_temp\agym-c64-38001250527-5872-u8q4q801\client\Recepcion\_internal\tzdata\zoneinfo\Asia\Famagusta
2026-10-09 23:00:11.972   Time stamp of our file: 2026-10-09 22:58:06.000
2026-10-09 23:00:11.972   Dest file exists.
2026-10-09 23:00:11.972   Time stamp of existing file: 2026-10-09 22:58:06.000
2026-10-09 23:00:11.972   Installing the file.
2026-10-09 23:00:11.972   Successfully installed the file.
2026-10-09 23:00:11.972   -- File entry --
2026-10-09 23:00:11.972   Dest filename: D:\a\_temp\agym-c64-38001250527-5872-u8q4q801\client\Recepcion\_internal\tzdata\zoneinfo\Asia\Gaza
2026-10-09 23:00:11.972   Time stamp of our file: 2026-10-09 22:58:06.000
2026-10-09 23:00:11.972   Dest file exists.
2026-10-09 23:00:11.972   Time stamp of existing file: 2026-10-09 22:58:06.000
2026-10-09 23:00:11.972   Installing the file.
2026-10-09 23:00:11.972   Successfully installed the file.
2026-10-09 23:00:11.972   -- File entry --
2026-10-09 23:00:11.972   Dest filename: D:\a\_temp\agym-c64-38001250527-5872-u8q4q801\client\Recepcion\_internal\tzdata\zoneinfo\Asia\Harbin
2026-10-09 23:00:11.972   Time stamp of our file: 2026-10-09 22:58:06.000
2026-10-09 23:00:11.972   Dest file exists.
2026-10-09 23:00:11.972   Time stamp of existing file: 2026-10-09 22:58:06.000
2026-10-09 23:00:11.972   Installing the file.
2026-10-09 23:00:11.972   Successfully installed the file.
2026-10-09 23:00:11.972   -- File entry --
2026-10-09 23:00:11.972   Dest filename: D:\a\_temp\agym-c64-38001250527-5872-u8q4q801\client\Recepcion\_internal\tzdata\zoneinfo\Asia\Hebron
2026-10-09 23:00:11.972   Time stamp of our file: 2026-10-09 22:58:06.000
2026-10-09 23:00:11.972   Dest file exists.
2026-10-09 23:00:11.972   Time stamp of existing file: 2026-10-09 22:58:06.000
2026-10-09 23:00:11.972   Installing the file.
2026-10-09 23:00:11.972   Successfully installed the file.
2026-10-09 23:00:11.972   -- File entry --
2026-10-09 23:00:11.972   Dest filename: D:\a\_temp\agym-c64-38001250527-5872-u8q4q801\client\Recepcion\_internal\tzdata\zoneinfo\Asia\Hong_Kong
2026-10-09 23:00:11.972   Time stamp of our file: 2026-10-09 22:58:06.000
2026-10-09 23:00:11.972   Dest file exists.
2026-10-09 23:00:11.972   Time stamp of existing file: 2026-10-09 22:58:06.000
2026-10-09 23:00:11.972   Installing the file.
2026-10-09 23:00:11.972   Successfully installed the file.
2026-10-09 23:00:11.972   -- File entry --
2026-10-09 23:00:11.972   Dest filename: D:\a\_temp\agym-c64-38001250527-5872-u8q4q801\client\Recepcion\_internal\tzdata\zoneinfo\Asia\Hovd
2026-10-09 23:00:11.972   Time stamp of our file: 2026-10-09 22:58:06.000
2026-10-09 23:00:11.972   Dest file exists.
2026-10-09 23:00:11.972   Time stamp of existing file: 2026-10-09 22:58:06.000
2026-10-09 23:00:11.972   Installing the file.
2026-10-09 23:00:11.972   Successfully installed the file.
2026-10-09 23:00:11.972   -- File entry --
2026-10-09 23:00:11.972   Dest filename: D:\a\_temp\agym-c64-38001250527-5872-u8q4q801\client\Recepcion\_internal\tzdata\zoneinfo\Asia\Ho_Chi_Minh
2026-10-09 23:00:11.972   Time stamp of our file: 2026-10-09 22:58:06.000
2026-10-09 23:00:11.972   Dest file exists.
2026-10-09 23:00:11.972   Time stamp of existing file: 2026-10-09 22:58:06.000
2026-10-09 23:00:11.972   Installing the file.
2026-10-09 23:00:11.972   Successfully installed the file.
2026-10-09 23:00:11.972   -- File entry --
2026-10-09 23:00:11.972   Dest filename: D:\a\_temp\agym-c64-38001250527-5872-u8q4q801\client\Recepcion\_internal\tzdata\zoneinfo\Asia\Irkutsk
2026-10-09 23:00:11.972   Time stamp of our file: 2026-10-09 22:58:06.000
2026-10-09 23:00:11.972   Dest file exists.
2026-10-09 23:00:11.972   Time stamp of existing file: 2026-10-09 22:58:06.000
2026-10-09 23:00:11.972   Installing the file.
2026-10-09 23:00:11.972   Successfully installed the file.
2026-10-09 23:00:11.972   -- File entry --
2026-10-09 23:00:11.972   Dest filename: D:\a\_temp\agym-c64-38001250527-5872-u8q4q801\client\Recepcion\_internal\tzdata\zoneinfo\Asia\Istanbul
2026-10-09 23:00:11.972   Time stamp of our file: 2026-10-09 22:58:06.000
2026-10-09 23:00:11.972   Dest file exists.
2026-10-09 23:00:11.972   Time stamp of existing file: 2026-10-09 22:58:06.000
2026-10-09 23:00:11.972   Installing the file.
2026-10-09 23:00:11.972   Successfully installed the file.
2026-10-09 23:00:11.972   -- File entry --
2026-10-09 23:00:11.972   Dest filename: D:\a\_temp\agym-c64-38001250527-5872-u8q4q801\client\Recepcion\_internal\tzdata\zoneinfo\Asia\Jakarta
2026-10-09 23:00:11.972   Time stamp of our file: 2026-10-09 22:58:06.000
2026-10-09 23:00:11.972   Dest file exists.
2026-10-09 23:00:11.972   Time stamp of existing file: 2026-10-09 22:58:06.000
2026-10-09 23:00:11.972   Installing the file.
2026-10-09 23:00:11.972   Successfully installed the file.
2026-10-09 23:00:11.972   -- File entry --
2026-10-09 23:00:11.972   Dest filename: D:\a\_temp\agym-c64-38001250527-5872-u8q4q801\client\Recepcion\_internal\tzdata\zoneinfo\Asia\Jayapura
2026-10-09 23:00:11.972   Time stamp of our file: 2026-10-09 22:58:06.000
2026-10-09 23:00:11.972   Dest file exists.
2026-10-09 23:00:11.972   Time stamp of existing file: 2026-10-09 22:58:06.000
2026-10-09 23:00:11.972   Installing the file.
2026-10-09 23:00:11.972   Successfully installed the file.
2026-10-09 23:00:11.972   -- File entry --
2026-10-09 23:00:11.972   Dest filename: D:\a\_temp\agym-c64-38001250527-5872-u8q4q801\client\Recepcion\_internal\tzdata\zoneinfo\Asia\Jerusalem
2026-10-09 23:00:11.972   Time stamp of our file: 2026-10-09 22:58:06.000
2026-10-09 23:00:11.972   Dest file exists.
2026-10-09 23:00:11.972   Time stamp of existing file: 2026-10-09 22:58:06.000
2026-10-09 23:00:11.972   Installing the file.
2026-10-09 23:00:11.972   Successfully installed the file.
2026-10-09 23:00:11.972   -- File entry --
2026-10-09 23:00:11.972   Dest filename: D:\a\_temp\agym-c64-38001250527-5872-u8q4q801\client\Recepcion\_internal\tzdata\zoneinfo\Asia\Kabul
2026-10-09 23:00:11.972   Time stamp of our file: 2026-10-09 22:58:06.000
2026-10-09 23:00:11.972   Dest file exists.
2026-10-09 23:00:11.972   Time stamp of existing file: 2026-10-09 22:58:06.000
2026-10-09 23:00:11.972   Installing the file.
2026-10-09 23:00:11.972   Successfully installed the file.
2026-10-09 23:00:11.972   -- File entry --
2026-10-09 23:00:11.972   Dest filename: D:\a\_temp\agym-c64-38001250527-5872-u8q4q801\client\Recepcion\_internal\tzdata\zoneinfo\Asia\Kamchatka
2026-10-09 23:00:11.972   Time stamp of our file: 2026-10-09 22:58:06.000
2026-10-09 23:00:11.972   Dest file exists.
2026-10-09 23:00:11.972   Time stamp of existing file: 2026-10-09 22:58:06.000
2026-10-09 23:00:11.972   Installing the file.
2026-10-09 23:00:11.972   Successfully installed the file.
2026-10-09 23:00:11.972   -- File entry --
2026-10-09 23:00:11.972   Dest filename: D:\a\_temp\agym-c64-38001250527-5872-u8q4q801\client\Recepcion\_internal\tzdata\zoneinfo\Asia\Karachi
2026-10-09 23:00:11.972   Time stamp of our file: 2026-10-09 22:58:06.000
2026-10-09 23:00:11.972   Dest file exists.
2026-10-09 23:00:11.972   Time stamp of existing file: 2026-10-09 22:58:06.000
2026-10-09 23:00:11.972   Installing the file.
2026-10-09 23:00:11.972   Successfully installed the file.
2026-10-09 23:00:11.972   -- File entry --
2026-10-09 23:00:11.972   Dest filename: D:\a\_temp\agym-c64-38001250527-5872-u8q4q801\client\Recepcion\_internal\tzdata\zoneinfo\Asia\Kashgar
2026-10-09 23:00:11.972   Time stamp of our file: 2026-10-09 22:58:06.000
2026-10-09 23:00:11.972   Dest file exists.
2026-10-09 23:00:11.972   Time stamp of existing file: 2026-10-09 22:58:06.000
2026-10-09 23:00:11.972   Installing the file.
2026-10-09 23:00:11.972   Successfully installed the file.
2026-10-09 23:00:11.972   -- File entry --
2026-10-09 23:00:11.972   Dest filename: D:\a\_temp\agym-c64-38001250527-5872-u8q4q801\client\Recepcion\_internal\tzdata\zoneinfo\Asia\Kathmandu
2026-10-09 23:00:11.972   Time stamp of our file: 2026-10-09 22:58:06.000
2026-10-09 23:00:11.972   Dest file exists.
2026-10-09 23:00:11.972   Time stamp of existing file: 2026-10-09 22:58:06.000
2026-10-09 23:00:11.972   Installing the file.
2026-10-09 23:00:11.972   Successfully installed the file.
2026-10-09 23:00:11.972   -- File entry --
2026-10-09 23:00:11.972   Dest filename: D:\a\_temp\agym-c64-38001250527-5872-u8q4q801\client\Recepcion\_internal\tzdata\zoneinfo\Asia\Katmandu
2026-10-09 23:00:11.972   Time stamp of our file: 2026-10-09 22:58:06.000
2026-10-09 23:00:11.972   Dest file exists.
2026-10-09 23:00:11.972   Time stamp of existing file: 2026-10-09 22:58:06.000
2026-10-09 23:00:11.972   Installing the file.
2026-10-09 23:00:11.972   Successfully installed the file.
2026-10-09 23:00:11.972   -- File entry --
2026-10-09 23:00:11.972   Dest filename: D:\a\_temp\agym-c64-38001250527-5872-u8q4q801\client\Recepcion\_internal\tzdata\zoneinfo\Asia\Khandyga
2026-10-09 23:00:11.972   Time stamp of our file: 2026-10-09 22:58:06.000
2026-10-09 23:00:11.972   Dest file exists.
2026-10-09 23:00:11.972   Time stamp of existing file: 2026-10-09 22:58:06.000
2026-10-09 23:00:11.972   Installing the file.
2026-10-09 23:00:11.972   Successfully installed the file.
2026-10-09 23:00:11.972   -- File entry --
2026-10-09 23:00:11.972   Dest filename: D:\a\_temp\agym-c64-38001250527-5872-u8q4q801\client\Recepcion\_internal\tzdata\zoneinfo\Asia\Kolkata
2026-10-09 23:00:11.987   Time stamp of our file: 2026-10-09 22:58:06.000
2026-10-09 23:00:11.987   Dest file exists.
2026-10-09 23:00:11.987   Time stamp of existing file: 2026-10-09 22:58:06.000
2026-10-09 23:00:11.987   Installing the file.
2026-10-09 23:00:11.987   Successfully installed the file.
2026-10-09 23:00:11.987   -- File entry --
2026-10-09 23:00:11.987   Dest filename: D:\a\_temp\agym-c64-38001250527-5872-u8q4q801\client\Recepcion\_internal\tzdata\zoneinfo\Asia\Krasnoyarsk
2026-10-09 23:00:11.987   Time stamp of our file: 2026-10-09 22:58:06.000
2026-10-09 23:00:11.987   Dest file exists.
2026-10-09 23:00:11.987   Time stamp of existing file: 2026-10-09 22:58:06.000
2026-10-09 23:00:11.987   Installing the file.
2026-10-09 23:00:11.987   Successfully installed the file.
2026-10-09 23:00:11.987   -- File entry --
2026-10-09 23:00:11.987   Dest filename: D:\a\_temp\agym-c64-38001250527-5872-u8q4q801\client\Recepcion\_internal\tzdata\zoneinfo\Asia\Kuala_Lumpur
2026-10-09 23:00:11.987   Time stamp of our file: 2026-10-09 22:58:06.000
2026-10-09 23:00:11.987   Dest file exists.
2026-10-09 23:00:11.987   Time stamp of existing file: 2026-10-09 22:58:06.000
2026-10-09 23:00:11.987   Installing the file.
2026-10-09 23:00:11.987   Successfully installed the file.
2026-10-09 23:00:11.987   -- File entry --
2026-10-09 23:00:11.987   Dest filename: D:\a\_temp\agym-c64-38001250527-5872-u8q4q801\client\Recepcion\_internal\tzdata\zoneinfo\Asia\Kuching
2026-10-09 23:00:11.987   Time stamp of our file: 2026-10-09 22:58:06.000
2026-10-09 23:00:11.987   Dest file exists.
2026-10-09 23:00:11.987   Time stamp of existing file: 2026-10-09 22:58:06.000
2026-10-09 23:00:11.987   Installing the file.
2026-10-09 23:00:11.987   Successfully installed the file.
2026-10-09 23:00:11.987   -- File entry --
2026-10-09 23:00:11.987   Dest filename: D:\a\_temp\agym-c64-38001250527-5872-u8q4q801\client\Recepcion\_internal\tzdata\zoneinfo\Asia\Kuwait
2026-10-09 23:00:11.987   Time stamp of our file: 2026-10-09 22:58:06.000
2026-10-09 23:00:11.987   Dest file exists.
2026-10-09 23:00:11.987   Time stamp of existing file: 2026-10-09 22:58:06.000
2026-10-09 23:00:11.987   Installing the file.
2026-10-09 23:00:11.987   Successfully installed the file.
2026-10-09 23:00:11.987   -- File entry --
2026-10-09 23:00:11.987   Dest filename: D:\a\_temp\agym-c64-38001250527-5872-u8q4q801\client\Recepcion\_internal\tzdata\zoneinfo\Asia\Macao
2026-10-09 23:00:11.987   Time stamp of our file: 2026-10-09 22:58:06.000
2026-10-09 23:00:11.987   Dest file exists.
2026-10-09 23:00:11.987   Time stamp of existing file: 2026-10-09 22:58:06.000
2026-10-09 23:00:11.987   Installing the file.
2026-10-09 23:00:11.987   Successfully installed the file.
2026-10-09 23:00:11.987   -- File entry --
2026-10-09 23:00:11.987   Dest filename: D:\a\_temp\agym-c64-38001250527-5872-u8q4q801\client\Recepcion\_internal\tzdata\zoneinfo\Asia\Macau
2026-10-09 23:00:11.987   Time stamp of our file: 2026-10-09 22:58:06.000
2026-10-09 23:00:11.987   Dest file exists.
2026-10-09 23:00:11.987   Time stamp of existing file: 2026-10-09 22:58:06.000
2026-10-09 23:00:11.987   Installing the file.
2026-10-09 23:00:11.987   Successfully installed the file.
2026-10-09 23:00:11.987   -- File entry --
2026-10-09 23:00:11.987   Dest filename: D:\a\_temp\agym-c64-38001250527-5872-u8q4q801\client\Recepcion\_internal\tzdata\zoneinfo\Asia\Magadan
2026-10-09 23:00:11.987   Time stamp of our file: 2026-10-09 22:58:06.000
2026-10-09 23:00:11.987   Dest file exists.
2026-10-09 23:00:11.987   Time stamp of existing file: 2026-10-09 22:58:06.000
2026-10-09 23:00:11.987   Installing the file.
2026-10-09 23:00:11.987   Successfully installed the file.
2026-10-09 23:00:11.987   -- File entry --
2026-10-09 23:00:11.987   Dest filename: D:\a\_temp\agym-c64-38001250527-5872-u8q4q801\client\Recepcion\_internal\tzdata\zoneinfo\Asia\Makassar
2026-10-09 23:00:11.987   Time stamp of our file: 2026-10-09 22:58:06.000
2026-10-09 23:00:11.987   Dest file exists.
2026-10-09 23:00:11.987   Time stamp of existing file: 2026-10-09 22:58:06.000
2026-10-09 23:00:11.987   Installing the file.
2026-10-09 23:00:11.987   Successfully installed the file.
2026-10-09 23:00:11.987   -- File entry --
2026-10-09 23:00:11.987   Dest filename: D:\a\_temp\agym-c64-38001250527-5872-u8q4q801\client\Recepcion\_internal\tzdata\zoneinfo\Asia\Manila
2026-10-09 23:00:11.987   Time stamp of our file: 2026-10-09 22:58:06.000
2026-10-09 23:00:11.987   Dest file exists.
2026-10-09 23:00:11.987   Time stamp of existing file: 2026-10-09 22:58:06.000
2026-10-09 23:00:11.987   Installing the file.
2026-10-09 23:00:11.987   Successfully installed the file.
2026-10-09 23:00:11.987   -- File entry --
2026-10-09 23:00:11.987   Dest filename: D:\a\_temp\agym-c64-38001250527-5872-u8q4q801\client\Recepcion\_internal\tzdata\zoneinfo\Asia\Muscat
2026-10-09 23:00:11.987   Time stamp of our file: 2026-10-09 22:58:06.000
2026-10-09 23:00:11.987   Dest file exists.
2026-10-09 23:00:11.987   Time stamp of existing file: 2026-10-09 22:58:06.000
2026-10-09 23:00:11.987   Installing the file.
2026-10-09 23:00:11.987   Successfully installed the file.
2026-10-09 23:00:11.987   -- File entry --
2026-10-09 23:00:11.987   Dest filename: D:\a\_temp\agym-c64-38001250527-5872-u8q4q801\client\Recepcion\_internal\tzdata\zoneinfo\Asia\Nicosia
2026-10-09 23:00:11.987   Time stamp of our file: 2026-10-09 22:58:06.000
2026-10-09 23:00:11.987   Dest file exists.
2026-10-09 23:00:11.987   Time stamp of existing file: 2026-10-09 22:58:06.000
2026-10-09 23:00:11.987   Installing the file.
2026-10-09 23:00:11.987   Successfully installed the file.
2026-10-09 23:00:11.987   -- File entry --
2026-10-09 23:00:11.987   Dest filename: D:\a\_temp\agym-c64-38001250527-5872-u8q4q801\client\Recepcion\_internal\tzdata\zoneinfo\Asia\Novokuznetsk
2026-10-09 23:00:11.987   Time stamp of our file: 2026-10-09 22:58:06.000
2026-10-09 23:00:11.987   Dest file exists.
2026-10-09 23:00:11.987   Time stamp of existing file: 2026-10-09 22:58:06.000
2026-10-09 23:00:11.987   Installing the file.
2026-10-09 23:00:11.987   Successfully installed the file.
2026-10-09 23:00:11.987   -- File entry --
2026-10-09 23:00:11.987   Dest filename: D:\a\_temp\agym-c64-38001250527-5872-u8q4q801\client\Recepcion\_internal\tzdata\zoneinfo\Asia\Novosibirsk
2026-10-09 23:00:11.987   Time stamp of our file: 2026-10-09 22:58:06.000
2026-10-09 23:00:11.987   Dest file exists.
2026-10-09 23:00:11.987   Time stamp of existing file: 2026-10-09 22:58:06.000
2026-10-09 23:00:11.987   Installing the file.
2026-10-09 23:00:11.987   Successfully installed the file.
2026-10-09 23:00:11.987   -- File entry --
2026-10-09 23:00:11.987   Dest filename: D:\a\_temp\agym-c64-38001250527-5872-u8q4q801\client\Recepcion\_internal\tzdata\zoneinfo\Asia\Omsk
2026-10-09 23:00:11.987   Time stamp of our file: 2026-10-09 22:58:06.000
2026-10-09 23:00:11.987   Dest file exists.
2026-10-09 23:00:11.987   Time stamp of existing file: 2026-10-09 22:58:06.000
2026-10-09 23:00:11.987   Installing the file.
2026-10-09 23:00:11.987   Successfully installed the file.
2026-10-09 23:00:11.987   -- File entry --
2026-10-09 23:00:11.987   Dest filename: D:\a\_temp\agym-c64-38001250527-5872-u8q4q801\client\Recepcion\_internal\tzdata\zoneinfo\Asia\Oral
2026-10-09 23:00:11.987   Time stamp of our file: 2026-10-09 22:58:06.000
2026-10-09 23:00:11.987   Dest file exists.
2026-10-09 23:00:11.987   Time stamp of existing file: 2026-10-09 22:58:06.000
2026-10-09 23:00:11.987   Installing the file.
2026-10-09 23:00:11.987   Successfully installed the file.
2026-10-09 23:00:11.987   -- File entry --
2026-10-09 23:00:11.987   Dest filename: D:\a\_temp\agym-c64-38001250527-5872-u8q4q801\client\Recepcion\_internal\tzdata\zoneinfo\Asia\Phnom_Penh
2026-10-09 23:00:11.987   Time stamp of our file: 2026-10-09 22:58:06.000
2026-10-09 23:00:11.987   Dest file exists.
2026-10-09 23:00:11.987   Time stamp of existing file: 2026-10-09 22:58:06.000
2026-10-09 23:00:11.987   Installing the file.
2026-10-09 23:00:11.987   Successfully installed the file.
2026-10-09 23:00:11.987   -- File entry --
2026-10-09 23:00:11.987   Dest filename: D:\a\_temp\agym-c64-38001250527-5872-u8q4q801\client\Recepcion\_internal\tzdata\zoneinfo\Asia\Pontianak
2026-10-09 23:00:11.987   Time stamp of our file: 2026-10-09 22:58:06.000
2026-10-09 23:00:11.987   Dest file exists.
2026-10-09 23:00:11.987   Time stamp of existing file: 2026-10-09 22:58:06.000
2026-10-09 23:00:11.987   Installing the file.
2026-10-09 23:00:11.987   Successfully installed the file.
2026-10-09 23:00:11.987   -- File entry --
2026-10-09 23:00:11.987   Dest filename: D:\a\_temp\agym-c64-38001250527-5872-u8q4q801\client\Recepcion\_internal\tzdata\zoneinfo\Asia\Pyongyang
2026-10-09 23:00:11.987   Time stamp of our file: 2026-10-09 22:58:06.000
2026-10-09 23:00:11.987   Dest file exists.
2026-10-09 23:00:11.987   Time stamp of existing file: 2026-10-09 22:58:06.000
2026-10-09 23:00:11.987   Installing the file.
2026-10-09 23:00:11.987   Successfully installed the file.
2026-10-09 23:00:11.987   -- File entry --
2026-10-09 23:00:11.987   Dest filename: D:\a\_temp\agym-c64-38001250527-5872-u8q4q801\client\Recepcion\_internal\tzdata\zoneinfo\Asia\Qatar
2026-10-09 23:00:11.987   Time stamp of our file: 2026-10-09 22:58:06.000
2026-10-09 23:00:11.987   Dest file exists.
2026-10-09 23:00:11.987   Time stamp of existing file: 2026-10-09 22:58:06.000
2026-10-09 23:00:11.987   Installing the file.
2026-10-09 23:00:11.987   Successfully installed the file.
2026-10-09 23:00:11.987   -- File entry --
2026-10-09 23:00:11.987   Dest filename: D:\a\_temp\agym-c64-38001250527-5872-u8q4q801\client\Recepcion\_internal\tzdata\zoneinfo\Asia\Qostanay
2026-10-09 23:00:11.987   Time stamp of our file: 2026-10-09 22:58:06.000
2026-10-09 23:00:11.987   Dest file exists.
2026-10-09 23:00:11.987   Time stamp of existing file: 2026-10-09 22:58:06.000
2026-10-09 23:00:11.987   Installing the file.
2026-10-09 23:00:11.987   Successfully installed the file.
2026-10-09 23:00:11.987   -- File entry --
2026-10-09 23:00:11.987   Dest filename: D:\a\_temp\agym-c64-38001250527-5872-u8q4q801\client\Recepcion\_internal\tzdata\zoneinfo\Asia\Qyzylorda
2026-10-09 23:00:11.987   Time stamp of our file: 2026-10-09 22:58:06.000
2026-10-09 23:00:11.987   Dest file exists.
2026-10-09 23:00:11.987   Time stamp of existing file: 2026-10-09 22:58:06.000
2026-10-09 23:00:11.987   Installing the file.
2026-10-09 23:00:11.987   Successfully installed the file.
2026-10-09 23:00:11.987   -- File entry --
2026-10-09 23:00:11.987   Dest filename: D:\a\_temp\agym-c64-38001250527-5872-u8q4q801\client\Recepcion\_internal\tzdata\zoneinfo\Asia\Rangoon
2026-10-09 23:00:11.987   Time stamp of our file: 2026-10-09 22:58:06.000
2026-10-09 23:00:11.987   Dest file exists.
2026-10-09 23:00:11.987   Time stamp of existing file: 2026-10-09 22:58:06.000
2026-10-09 23:00:11.987   Installing the file.
2026-10-09 23:00:11.987   Successfully installed the file.
2026-10-09 23:00:11.987   -- File entry --
2026-10-09 23:00:11.987   Dest filename: D:\a\_temp\agym-c64-38001250527-5872-u8q4q801\client\Recepcion\_internal\tzdata\zoneinfo\Asia\Riyadh
2026-10-09 23:00:11.987   Time stamp of our file: 2026-10-09 22:58:06.000
2026-10-09 23:00:11.987   Dest file exists.
2026-10-09 23:00:11.987   Time stamp of existing file: 2026-10-09 22:58:06.000
2026-10-09 23:00:11.987   Installing the file.
2026-10-09 23:00:11.987   Successfully installed the file.
2026-10-09 23:00:11.987   -- File entry --
2026-10-09 23:00:11.987   Dest filename: D:\a\_temp\agym-c64-38001250527-5872-u8q4q801\client\Recepcion\_internal\tzdata\zoneinfo\Asia\Saigon
2026-10-09 23:00:11.987   Time stamp of our file: 2026-10-09 22:58:06.000
2026-10-09 23:00:11.987   Dest file exists.
2026-10-09 23:00:11.987   Time stamp of existing file: 2026-10-09 22:58:06.000
2026-10-09 23:00:11.987   Installing the file.
2026-10-09 23:00:11.987   Successfully installed the file.
2026-10-09 23:00:11.987   -- File entry --
2026-10-09 23:00:11.987   Dest filename: D:\a\_temp\agym-c64-38001250527-5872-u8q4q801\client\Recepcion\_internal\tzdata\zoneinfo\Asia\Sakhalin
2026-10-09 23:00:11.987   Time stamp of our file: 2026-10-09 22:58:06.000
2026-10-09 23:00:11.987   Dest file exists.
2026-10-09 23:00:11.987   Time stamp of existing file: 2026-10-09 22:58:06.000
2026-10-09 23:00:11.987   Installing the file.
2026-10-09 23:00:11.987   Successfully installed the file.
2026-10-09 23:00:11.987   -- File entry --
2026-10-09 23:00:11.987   Dest filename: D:\a\_temp\agym-c64-38001250527-5872-u8q4q801\client\Recepcion\_internal\tzdata\zoneinfo\Asia\Samarkand
2026-10-09 23:00:11.987   Time stamp of our file: 2026-10-09 22:58:06.000
2026-10-09 23:00:11.987   Dest file exists.
2026-10-09 23:00:11.987   Time stamp of existing file: 2026-10-09 22:58:06.000
2026-10-09 23:00:11.987   Installing the file.
2026-10-09 23:00:11.987   Successfully installed the file.
2026-10-09 23:00:11.987   -- File entry --
2026-10-09 23:00:11.987   Dest filename: D:\a\_temp\agym-c64-38001250527-5872-u8q4q801\client\Recepcion\_internal\tzdata\zoneinfo\Asia\Seoul
2026-10-09 23:00:11.987   Time stamp of our file: 2026-10-09 22:58:06.000
2026-10-09 23:00:11.987   Dest file exists.
2026-10-09 23:00:11.987   Time stamp of existing file: 2026-10-09 22:58:06.000
2026-10-09 23:00:11.987   Installing the file.
2026-10-09 23:00:11.987   Successfully installed the file.
2026-10-09 23:00:11.987   -- File entry --
2026-10-09 23:00:11.987   Dest filename: D:\a\_temp\agym-c64-38001250527-5872-u8q4q801\client\Recepcion\_internal\tzdata\zoneinfo\Asia\Shanghai
2026-10-09 23:00:11.987   Time stamp of our file: 2026-10-09 22:58:06.000
2026-10-09 23:00:11.987   Dest file exists.
2026-10-09 23:00:11.987   Time stamp of existing file: 2026-10-09 22:58:06.000
2026-10-09 23:00:11.987   Installing the file.
2026-10-09 23:00:11.987   Successfully installed the file.
2026-10-09 23:00:11.987   -- File entry --
2026-10-09 23:00:11.987   Dest filename: D:\a\_temp\agym-c64-38001250527-5872-u8q4q801\client\Recepcion\_internal\tzdata\zoneinfo\Asia\Singapore
2026-10-09 23:00:11.987   Time stamp of our file: 2026-10-09 22:58:06.000
2026-10-09 23:00:11.987   Dest file exists.
2026-10-09 23:00:11.987   Time stamp of existing file: 2026-10-09 22:58:06.000
2026-10-09 23:00:11.987   Installing the file.
2026-10-09 23:00:12.003   Successfully installed the file.
2026-10-09 23:00:12.003   -- File entry --
2026-10-09 23:00:12.003   Dest filename: D:\a\_temp\agym-c64-38001250527-5872-u8q4q801\client\Recepcion\_internal\tzdata\zoneinfo\Asia\Srednekolymsk
2026-10-09 23:00:12.003   Time stamp of our file: 2026-10-09 22:58:06.000
2026-10-09 23:00:12.003   Dest file exists.
2026-10-09 23:00:12.003   Time stamp of existing file: 2026-10-09 22:58:06.000
2026-10-09 23:00:12.003   Installing the file.
2026-10-09 23:00:12.003   Successfully installed the file.
2026-10-09 23:00:12.003   -- File entry --
2026-10-09 23:00:12.003   Dest filename: D:\a\_temp\agym-c64-38001250527-5872-u8q4q801\client\Recepcion\_internal\tzdata\zoneinfo\Asia\Taipei
2026-10-09 23:00:12.003   Time stamp of our file: 2026-10-09 22:58:06.000
2026-10-09 23:00:12.003   Dest file exists.
2026-10-09 23:00:12.003   Time stamp of existing file: 2026-10-09 22:58:06.000
2026-10-09 23:00:12.003   Installing the file.
2026-10-09 23:00:12.003   Successfully installed the file.
2026-10-09 23:00:12.003   -- File entry --
2026-10-09 23:00:12.003   Dest filename: D:\a\_temp\agym-c64-38001250527-5872-u8q4q801\client\Recepcion\_internal\tzdata\zoneinfo\Asia\Tashkent
2026-10-09 23:00:12.003   Time stamp of our file: 2026-10-09 22:58:06.000
2026-10-09 23:00:12.003   Dest file exists.
2026-10-09 23:00:12.003   Time stamp of existing file: 2026-10-09 22:58:06.000
2026-10-09 23:00:12.003   Installing the file.
2026-10-09 23:00:12.003   Successfully installed the file.
2026-10-09 23:00:12.003   -- File entry --
2026-10-09 23:00:12.003   Dest filename: D:\a\_temp\agym-c64-38001250527-5872-u8q4q801\client\Recepcion\_internal\tzdata\zoneinfo\Asia\Tbilisi
2026-10-09 23:00:12.003   Time stamp of our file: 2026-10-09 22:58:06.000
2026-10-09 23:00:12.003   Dest file exists.
2026-10-09 23:00:12.003   Time stamp of existing file: 2026-10-09 22:58:06.000
2026-10-09 23:00:12.003   Installing the file.
2026-10-09 23:00:12.003   Successfully installed the file.
2026-10-09 23:00:12.003   -- File entry --
2026-10-09 23:00:12.003   Dest filename: D:\a\_temp\agym-c64-38001250527-5872-u8q4q801\client\Recepcion\_internal\tzdata\zoneinfo\Asia\Tehran
2026-10-09 23:00:12.003   Time stamp of our file: 2026-10-09 22:58:06.000
2026-10-09 23:00:12.003   Dest file exists.
2026-10-09 23:00:12.003   Time stamp of existing file: 2026-10-09 22:58:06.000
2026-10-09 23:00:12.003   Installing the file.
2026-10-09 23:00:12.003   Successfully installed the file.
2026-10-09 23:00:12.003   -- File entry --
2026-10-09 23:00:12.003   Dest filename: D:\a\_temp\agym-c64-38001250527-5872-u8q4q801\client\Recepcion\_internal\tzdata\zoneinfo\Asia\Tel_Aviv
2026-10-09 23:00:12.003   Time stamp of our file: 2026-10-09 22:58:06.000
2026-10-09 23:00:12.003   Dest file exists.
2026-10-09 23:00:12.003   Time stamp of existing file: 2026-10-09 22:58:06.000
2026-10-09 23:00:12.003   Installing the file.
2026-10-09 23:00:12.003   Successfully installed the file.
2026-10-09 23:00:12.003   -- File entry --
2026-10-09 23:00:12.003   Dest filename: D:\a\_temp\agym-c64-38001250527-5872-u8q4q801\client\Recepcion\_internal\tzdata\zoneinfo\Asia\Thimbu
2026-10-09 23:00:12.003   Time stamp of our file: 2026-10-09 22:58:06.000
2026-10-09 23:00:12.003   Dest file exists.
2026-10-09 23:00:12.003   Time stamp of existing file: 2026-10-09 22:58:06.000
2026-10-09 23:00:12.003   Installing the file.
2026-10-09 23:00:12.003   Successfully installed the file.
2026-10-09 23:00:12.003   -- File entry --
2026-10-09 23:00:12.003   Dest filename: D:\a\_temp\agym-c64-38001250527-5872-u8q4q801\client\Recepcion\_internal\tzdata\zoneinfo\Asia\Thimphu
2026-10-09 23:00:12.003   Time stamp of our file: 2026-10-09 22:58:06.000
2026-10-09 23:00:12.003   Dest file exists.
2026-10-09 23:00:12.003   Time stamp of existing file: 2026-10-09 22:58:06.000
2026-10-09 23:00:12.003   Installing the file.
2026-10-09 23:00:12.003   Successfully installed the file.
2026-10-09 23:00:12.003   -- File entry --
2026-10-09 23:00:12.003   Dest filename: D:\a\_temp\agym-c64-38001250527-5872-u8q4q801\client\Recepcion\_internal\tzdata\zoneinfo\Asia\Tokyo
2026-10-09 23:00:12.003   Time stamp of our file: 2026-10-09 22:58:06.000
2026-10-09 23:00:12.003   Dest file exists.
2026-10-09 23:00:12.003   Time stamp of existing file: 2026-10-09 22:58:06.000
2026-10-09 23:00:12.003   Installing the file.
2026-10-09 23:00:12.003   Successfully installed the file.
2026-10-09 23:00:12.003   -- File entry --
2026-10-09 23:00:12.003   Dest filename: D:\a\_temp\agym-c64-38001250527-5872-u8q4q801\client\Recepcion\_internal\tzdata\zoneinfo\Asia\Tomsk
2026-10-09 23:00:12.003   Time stamp of our file: 2026-10-09 22:58:06.000
2026-10-09 23:00:12.003   Dest file exists.
2026-10-09 23:00:12.003   Time stamp of existing file: 2026-10-09 22:58:06.000
2026-10-09 23:00:12.003   Installing the file.
2026-10-09 23:00:12.003   Successfully installed the file.
2026-10-09 23:00:12.003   -- File entry --
2026-10-09 23:00:12.003   Dest filename: D:\a\_temp\agym-c64-38001250527-5872-u8q4q801\client\Recepcion\_internal\tzdata\zoneinfo\Asia\Ujung_Pandang
2026-10-09 23:00:12.003   Time stamp of our file: 2026-10-09 22:58:06.000
2026-10-09 23:00:12.003   Dest file exists.
2026-10-09 23:00:12.003   Time stamp of existing file: 2026-10-09 22:58:06.000
2026-10-09 23:00:12.003   Installing the file.
2026-10-09 23:00:12.003   Successfully installed the file.
2026-10-09 23:00:12.003   -- File entry --
2026-10-09 23:00:12.003   Dest filename: D:\a\_temp\agym-c64-38001250527-5872-u8q4q801\client\Recepcion\_internal\tzdata\zoneinfo\Asia\Ulaanbaatar
2026-10-09 23:00:12.003   Time stamp of our file: 2026-10-09 22:58:06.000
2026-10-09 23:00:12.003   Dest file exists.
2026-10-09 23:00:12.003   Time stamp of existing file: 2026-10-09 22:58:06.000
2026-10-09 23:00:12.003   Installing the file.
2026-10-09 23:00:12.003   Successfully installed the file.
2026-10-09 23:00:12.003   -- File entry --
2026-10-09 23:00:12.003   Dest filename: D:\a\_temp\agym-c64-38001250527-5872-u8q4q801\client\Recepcion\_internal\tzdata\zoneinfo\Asia\Ulan_Bator
2026-10-09 23:00:12.003   Time stamp of our file: 2026-10-09 22:58:06.000
2026-10-09 23:00:12.003   Dest file exists.
2026-10-09 23:00:12.003   Time stamp of existing file: 2026-10-09 22:58:06.000
2026-10-09 23:00:12.003   Installing the file.
2026-10-09 23:00:12.003   Successfully installed the file.
2026-10-09 23:00:12.003   -- File entry --
2026-10-09 23:00:12.003   Dest filename: D:\a\_temp\agym-c64-38001250527-5872-u8q4q801\client\Recepcion\_internal\tzdata\zoneinfo\Asia\Urumqi
2026-10-09 23:00:12.003   Time stamp of our file: 2026-10-09 22:58:06.000
2026-10-09 23:00:12.003   Dest file exists.
2026-10-09 23:00:12.003   Time stamp of existing file: 2026-10-09 22:58:06.000
2026-10-09 23:00:12.003   Installing the file.
2026-10-09 23:00:12.003   Successfully installed the file.
2026-10-09 23:00:12.003   -- File entry --
2026-10-09 23:00:12.003   Dest filename: D:\a\_temp\agym-c64-38001250527-5872-u8q4q801\client\Recepcion\_internal\tzdata\zoneinfo\Asia\Ust-Nera
2026-10-09 23:00:12.003   Time stamp of our file: 2026-10-09 22:58:06.000
2026-10-09 23:00:12.003   Dest file exists.
2026-10-09 23:00:12.003   Time stamp of existing file: 2026-10-09 22:58:06.000
2026-10-09 23:00:12.003   Installing the file.
2026-10-09 23:00:12.003   Successfully installed the file.
2026-10-09 23:00:12.003   -- File entry --
2026-10-09 23:00:12.003   Dest filename: D:\a\_temp\agym-c64-38001250527-5872-u8q4q801\client\Recepcion\_internal\tzdata\zoneinfo\Asia\Vientiane
2026-10-09 23:00:12.003   Time stamp of our file: 2026-10-09 22:58:06.000
2026-10-09 23:00:12.003   Dest file exists.
2026-10-09 23:00:12.003   Time stamp of existing file: 2026-10-09 22:58:06.000
2026-10-09 23:00:12.003   Installing the file.
2026-10-09 23:00:12.003   Successfully installed the file.
2026-10-09 23:00:12.003   -- File entry --
2026-10-09 23:00:12.003   Dest filename: D:\a\_temp\agym-c64-38001250527-5872-u8q4q801\client\Recepcion\_internal\tzdata\zoneinfo\Asia\Vladivostok
2026-10-09 23:00:12.003   Time stamp of our file: 2026-10-09 22:58:06.000
2026-10-09 23:00:12.003   Dest file exists.
2026-10-09 23:00:12.003   Time stamp of existing file: 2026-10-09 22:58:06.000
2026-10-09 23:00:12.003   Installing the file.
2026-10-09 23:00:12.003   Successfully installed the file.
2026-10-09 23:00:12.003   -- File entry --
2026-10-09 23:00:12.003   Dest filename: D:\a\_temp\agym-c64-38001250527-5872-u8q4q801\client\Recepcion\_internal\tzdata\zoneinfo\Asia\Yakutsk
2026-10-09 23:00:12.003   Time stamp of our file: 2026-10-09 22:58:06.000
2026-10-09 23:00:12.003   Dest file exists.
2026-10-09 23:00:12.003   Time stamp of existing file: 2026-10-09 22:58:06.000
2026-10-09 23:00:12.003   Installing the file.
2026-10-09 23:00:12.003   Successfully installed the file.
2026-10-09 23:00:12.003   -- File entry --
2026-10-09 23:00:12.003   Dest filename: D:\a\_temp\agym-c64-38001250527-5872-u8q4q801\client\Recepcion\_internal\tzdata\zoneinfo\Asia\Yangon
2026-10-09 23:00:12.003   Time stamp of our file: 2026-10-09 22:58:06.000
2026-10-09 23:00:12.003   Dest file exists.
2026-10-09 23:00:12.003   Time stamp of existing file: 2026-10-09 22:58:06.000
2026-10-09 23:00:12.003   Installing the file.
2026-10-09 23:00:12.003   Successfully installed the file.
2026-10-09 23:00:12.003   -- File entry --
2026-10-09 23:00:12.003   Dest filename: D:\a\_temp\agym-c64-38001250527-5872-u8q4q801\client\Recepcion\_internal\tzdata\zoneinfo\Asia\Yekaterinburg
2026-10-09 23:00:12.003   Time stamp of our file: 2026-10-09 22:58:06.000
2026-10-09 23:00:12.003   Dest file exists.
2026-10-09 23:00:12.003   Time stamp of existing file: 2026-10-09 22:58:06.000
2026-10-09 23:00:12.003   Installing the file.
2026-10-09 23:00:12.003   Successfully installed the file.
2026-10-09 23:00:12.003   -- File entry --
2026-10-09 23:00:12.003   Dest filename: D:\a\_temp\agym-c64-38001250527-5872-u8q4q801\client\Recepcion\_internal\tzdata\zoneinfo\Asia\Yerevan
2026-10-09 23:00:12.003   Time stamp of our file: 2026-10-09 22:58:06.000
2026-10-09 23:00:12.003   Dest file exists.
2026-10-09 23:00:12.003   Time stamp of existing file: 2026-10-09 22:58:06.000
2026-10-09 23:00:12.003   Installing the file.
2026-10-09 23:00:12.003   Successfully installed the file.
2026-10-09 23:00:12.003   -- File entry --
2026-10-09 23:00:12.003   Dest filename: D:\a\_temp\agym-c64-38001250527-5872-u8q4q801\client\Recepcion\_internal\tzdata\zoneinfo\Asia\__init__.py
2026-10-09 23:00:12.003   Time stamp of our file: 2026-10-09 22:58:06.000
2026-10-09 23:00:12.003   Dest file exists.
2026-10-09 23:00:12.003   Time stamp of existing file: 2026-10-09 22:58:06.000
2026-10-09 23:00:12.003   Installing the file.
2026-10-09 23:00:12.003   Successfully installed the file.
2026-10-09 23:00:12.003   -- File entry --
2026-10-09 23:00:12.003   Dest filename: D:\a\_temp\agym-c64-38001250527-5872-u8q4q801\client\Recepcion\_internal\tzdata\zoneinfo\Atlantic\Azores
2026-10-09 23:00:12.003   Time stamp of our file: 2026-10-09 22:58:06.000
2026-10-09 23:00:12.003   Dest file exists.
2026-10-09 23:00:12.003   Time stamp of existing file: 2026-10-09 22:58:06.000
2026-10-09 23:00:12.003   Installing the file.
2026-10-09 23:00:12.003   Successfully installed the file.
2026-10-09 23:00:12.003   -- File entry --
2026-10-09 23:00:12.003   Dest filename: D:\a\_temp\agym-c64-38001250527-5872-u8q4q801\client\Recepcion\_internal\tzdata\zoneinfo\Atlantic\Bermuda
2026-10-09 23:00:12.003   Time stamp of our file: 2026-10-09 22:58:06.000
2026-10-09 23:00:12.003   Dest file exists.
2026-10-09 23:00:12.003   Time stamp of existing file: 2026-10-09 22:58:06.000
2026-10-09 23:00:12.003   Installing the file.
2026-10-09 23:00:12.003   Successfully installed the file.
2026-10-09 23:00:12.003   -- File entry --
2026-10-09 23:00:12.003   Dest filename: D:\a\_temp\agym-c64-38001250527-5872-u8q4q801\client\Recepcion\_internal\tzdata\zoneinfo\Atlantic\Canary
2026-10-09 23:00:12.003   Time stamp of our file: 2026-10-09 22:58:06.000
2026-10-09 23:00:12.003   Dest file exists.
2026-10-09 23:00:12.003   Time stamp of existing file: 2026-10-09 22:58:06.000
2026-10-09 23:00:12.003   Installing the file.
2026-10-09 23:00:12.003   Successfully installed the file.
2026-10-09 23:00:12.003   -- File entry --
2026-10-09 23:00:12.003   Dest filename: D:\a\_temp\agym-c64-38001250527-5872-u8q4q801\client\Recepcion\_internal\tzdata\zoneinfo\Atlantic\Cape_Verde
2026-10-09 23:00:12.003   Time stamp of our file: 2026-10-09 22:58:06.000
2026-10-09 23:00:12.003   Dest file exists.
2026-10-09 23:00:12.003   Time stamp of existing file: 2026-10-09 22:58:06.000
2026-10-09 23:00:12.003   Installing the file.
2026-10-09 23:00:12.003   Successfully installed the file.
2026-10-09 23:00:12.003   -- File entry --
2026-10-09 23:00:12.003   Dest filename: D:\a\_temp\agym-c64-38001250527-5872-u8q4q801\client\Recepcion\_internal\tzdata\zoneinfo\Atlantic\Faeroe
2026-10-09 23:00:12.003   Time stamp of our file: 2026-10-09 22:58:06.000
2026-10-09 23:00:12.003   Dest file exists.
2026-10-09 23:00:12.003   Time stamp of existing file: 2026-10-09 22:58:06.000
2026-10-09 23:00:12.003   Installing the file.
2026-10-09 23:00:12.003   Successfully installed the file.
2026-10-09 23:00:12.003   -- File entry --
2026-10-09 23:00:12.003   Dest filename: D:\a\_temp\agym-c64-38001250527-5872-u8q4q801\client\Recepcion\_internal\tzdata\zoneinfo\Atlantic\Faroe
2026-10-09 23:00:12.003   Time stamp of our file: 2026-10-09 22:58:06.000
2026-10-09 23:00:12.003   Dest file exists.
2026-10-09 23:00:12.003   Time stamp of existing file: 2026-10-09 22:58:06.000
2026-10-09 23:00:12.003   Installing the file.
2026-10-09 23:00:12.003   Successfully installed the file.
2026-10-09 23:00:12.003   -- File entry --
2026-10-09 23:00:12.003   Dest filename: D:\a\_temp\agym-c64-38001250527-5872-u8q4q801\client\Recepcion\_internal\tzdata\zoneinfo\Atlantic\Jan_Mayen
2026-10-09 23:00:12.003   Time stamp of our file: 2026-10-09 22:58:06.000
2026-10-09 23:00:12.003   Dest file exists.
2026-10-09 23:00:12.003   Time stamp of existing file: 2026-10-09 22:58:06.000
2026-10-09 23:00:12.003   Installing the file.
2026-10-09 23:00:12.019   Successfully installed the file.
2026-10-09 23:00:12.019   -- File entry --
2026-10-09 23:00:12.019   Dest filename: D:\a\_temp\agym-c64-38001250527-5872-u8q4q801\client\Recepcion\_internal\tzdata\zoneinfo\Atlantic\Madeira
2026-10-09 23:00:12.019   Time stamp of our file: 2026-10-09 22:58:06.000
2026-10-09 23:00:12.019   Dest file exists.
2026-10-09 23:00:12.019   Time stamp of existing file: 2026-10-09 22:58:06.000
2026-10-09 23:00:12.019   Installing the file.
2026-10-09 23:00:12.019   Successfully installed the file.
2026-10-09 23:00:12.019   -- File entry --
2026-10-09 23:00:12.019   Dest filename: D:\a\_temp\agym-c64-38001250527-5872-u8q4q801\client\Recepcion\_internal\tzdata\zoneinfo\Atlantic\Reykjavik
2026-10-09 23:00:12.019   Time stamp of our file: 2026-10-09 22:58:06.000
2026-10-09 23:00:12.019   Dest file exists.
2026-10-09 23:00:12.019   Time stamp of existing file: 2026-10-09 22:58:06.000
2026-10-09 23:00:12.019   Installing the file.
2026-10-09 23:00:12.019   Successfully installed the file.
2026-10-09 23:00:12.019   -- File entry --
2026-10-09 23:00:12.019   Dest filename: D:\a\_temp\agym-c64-38001250527-5872-u8q4q801\client\Recepcion\_internal\tzdata\zoneinfo\Atlantic\South_Georgia
2026-10-09 23:00:12.019   Time stamp of our file: 2026-10-09 22:58:06.000
2026-10-09 23:00:12.019   Dest file exists.
2026-10-09 23:00:12.019   Time stamp of existing file: 2026-10-09 22:58:06.000
2026-10-09 23:00:12.019   Installing the file.
2026-10-09 23:00:12.019   Successfully installed the file.
2026-10-09 23:00:12.019   -- File entry --
2026-10-09 23:00:12.019   Dest filename: D:\a\_temp\agym-c64-38001250527-5872-u8q4q801\client\Recepcion\_internal\tzdata\zoneinfo\Atlantic\Stanley
2026-10-09 23:00:12.019   Time stamp of our file: 2026-10-09 22:58:06.000
2026-10-09 23:00:12.019   Dest file exists.
2026-10-09 23:00:12.019   Time stamp of existing file: 2026-10-09 22:58:06.000
2026-10-09 23:00:12.019   Installing the file.
2026-10-09 23:00:12.019   Successfully installed the file.
2026-10-09 23:00:12.019   -- File entry --
2026-10-09 23:00:12.019   Dest filename: D:\a\_temp\agym-c64-38001250527-5872-u8q4q801\client\Recepcion\_internal\tzdata\zoneinfo\Atlantic\St_Helena
2026-10-09 23:00:12.019   Time stamp of our file: 2026-10-09 22:58:06.000
2026-10-09 23:00:12.019   Dest file exists.
2026-10-09 23:00:12.019   Time stamp of existing file: 2026-10-09 22:58:06.000
2026-10-09 23:00:12.019   Installing the file.
2026-10-09 23:00:12.019   Successfully installed the file.
2026-10-09 23:00:12.019   -- File entry --
2026-10-09 23:00:12.019   Dest filename: D:\a\_temp\agym-c64-38001250527-5872-u8q4q801\client\Recepcion\_internal\tzdata\zoneinfo\Atlantic\__init__.py
2026-10-09 23:00:12.019   Time stamp of our file: 2026-10-09 22:58:06.000
2026-10-09 23:00:12.019   Dest file exists.
2026-10-09 23:00:12.019   Time stamp of existing file: 2026-10-09 22:58:06.000
2026-10-09 23:00:12.019   Installing the file.
2026-10-09 23:00:12.019   Successfully installed the file.
2026-10-09 23:00:12.019   -- File entry --
2026-10-09 23:00:12.019   Dest filename: D:\a\_temp\agym-c64-38001250527-5872-u8q4q801\client\Recepcion\_internal\tzdata\zoneinfo\Australia\ACT
2026-10-09 23:00:12.019   Time stamp of our file: 2026-10-09 22:58:06.000
2026-10-09 23:00:12.019   Dest file exists.
2026-10-09 23:00:12.019   Time stamp of existing file: 2026-10-09 22:58:06.000
2026-10-09 23:00:12.019   Installing the file.
2026-10-09 23:00:12.019   Successfully installed the file.
2026-10-09 23:00:12.019   -- File entry --
2026-10-09 23:00:12.019   Dest filename: D:\a\_temp\agym-c64-38001250527-5872-u8q4q801\client\Recepcion\_internal\tzdata\zoneinfo\Australia\Adelaide
2026-10-09 23:00:12.019   Time stamp of our file: 2026-10-09 22:58:06.000
2026-10-09 23:00:12.019   Dest file exists.
2026-10-09 23:00:12.019   Time stamp of existing file: 2026-10-09 22:58:06.000
2026-10-09 23:00:12.019   Installing the file.
2026-10-09 23:00:12.019   Successfully installed the file.
2026-10-09 23:00:12.019   -- File entry --
2026-10-09 23:00:12.019   Dest filename: D:\a\_temp\agym-c64-38001250527-5872-u8q4q801\client\Recepcion\_internal\tzdata\zoneinfo\Australia\Brisbane
2026-10-09 23:00:12.019   Time stamp of our file: 2026-10-09 22:58:06.000
2026-10-09 23:00:12.019   Dest file exists.
2026-10-09 23:00:12.019   Time stamp of existing file: 2026-10-09 22:58:06.000
2026-10-09 23:00:12.019   Installing the file.
2026-10-09 23:00:12.019   Successfully installed the file.
2026-10-09 23:00:12.019   -- File entry --
2026-10-09 23:00:12.019   Dest filename: D:\a\_temp\agym-c64-38001250527-5872-u8q4q801\client\Recepcion\_internal\tzdata\zoneinfo\Australia\Broken_Hill
2026-10-09 23:00:12.019   Time stamp of our file: 2026-10-09 22:58:06.000
2026-10-09 23:00:12.019   Dest file exists.
2026-10-09 23:00:12.019   Time stamp of existing file: 2026-10-09 22:58:06.000
2026-10-09 23:00:12.019   Installing the file.
2026-10-09 23:00:12.019   Successfully installed the file.
2026-10-09 23:00:12.019   -- File entry --
2026-10-09 23:00:12.019   Dest filename: D:\a\_temp\agym-c64-38001250527-5872-u8q4q801\client\Recepcion\_internal\tzdata\zoneinfo\Australia\Canberra
2026-10-09 23:00:12.019   Time stamp of our file: 2026-10-09 22:58:06.000
2026-10-09 23:00:12.019   Dest file exists.
2026-10-09 23:00:12.019   Time stamp of existing file: 2026-10-09 22:58:06.000
2026-10-09 23:00:12.019   Installing the file.
2026-10-09 23:00:12.019   Successfully installed the file.
2026-10-09 23:00:12.019   -- File entry --
2026-10-09 23:00:12.019   Dest filename: D:\a\_temp\agym-c64-38001250527-5872-u8q4q801\client\Recepcion\_internal\tzdata\zoneinfo\Australia\Currie
2026-10-09 23:00:12.019   Time stamp of our file: 2026-10-09 22:58:06.000
2026-10-09 23:00:12.019   Dest file exists.
2026-10-09 23:00:12.019   Time stamp of existing file: 2026-10-09 22:58:06.000
2026-10-09 23:00:12.019   Installing the file.
2026-10-09 23:00:12.019   Successfully installed the file.
2026-10-09 23:00:12.019   -- File entry --
2026-10-09 23:00:12.019   Dest filename: D:\a\_temp\agym-c64-38001250527-5872-u8q4q801\client\Recepcion\_internal\tzdata\zoneinfo\Australia\Darwin
2026-10-09 23:00:12.019   Time stamp of our file: 2026-10-09 22:58:06.000
2026-10-09 23:00:12.019   Dest file exists.
2026-10-09 23:00:12.019   Time stamp of existing file: 2026-10-09 22:58:06.000
2026-10-09 23:00:12.019   Installing the file.
2026-10-09 23:00:12.019   Successfully installed the file.
2026-10-09 23:00:12.019   -- File entry --
2026-10-09 23:00:12.019   Dest filename: D:\a\_temp\agym-c64-38001250527-5872-u8q4q801\client\Recepcion\_internal\tzdata\zoneinfo\Australia\Eucla
2026-10-09 23:00:12.019   Time stamp of our file: 2026-10-09 22:58:06.000
2026-10-09 23:00:12.019   Dest file exists.
2026-10-09 23:00:12.019   Time stamp of existing file: 2026-10-09 22:58:06.000
2026-10-09 23:00:12.019   Installing the file.
2026-10-09 23:00:12.019   Successfully installed the file.
2026-10-09 23:00:12.019   -- File entry --
2026-10-09 23:00:12.019   Dest filename: D:\a\_temp\agym-c64-38001250527-5872-u8q4q801\client\Recepcion\_internal\tzdata\zoneinfo\Australia\Hobart
2026-10-09 23:00:12.019   Time stamp of our file: 2026-10-09 22:58:06.000
2026-10-09 23:00:12.019   Dest file exists.
2026-10-09 23:00:12.019   Time stamp of existing file: 2026-10-09 22:58:06.000
2026-10-09 23:00:12.019   Installing the file.
2026-10-09 23:00:12.019   Successfully installed the file.
2026-10-09 23:00:12.019   -- File entry --
2026-10-09 23:00:12.019   Dest filename: D:\a\_temp\agym-c64-38001250527-5872-u8q4q801\client\Recepcion\_internal\tzdata\zoneinfo\Australia\LHI
2026-10-09 23:00:12.019   Time stamp of our file: 2026-10-09 22:58:06.000
2026-10-09 23:00:12.019   Dest file exists.
2026-10-09 23:00:12.019   Time stamp of existing file: 2026-10-09 22:58:06.000
2026-10-09 23:00:12.019   Installing the file.
2026-10-09 23:00:12.019   Successfully installed the file.
2026-10-09 23:00:12.019   -- File entry --
2026-10-09 23:00:12.019   Dest filename: D:\a\_temp\agym-c64-38001250527-5872-u8q4q801\client\Recepcion\_internal\tzdata\zoneinfo\Australia\Lindeman
2026-10-09 23:00:12.019   Time stamp of our file: 2026-10-09 22:58:06.000
2026-10-09 23:00:12.019   Dest file exists.
2026-10-09 23:00:12.019   Time stamp of existing file: 2026-10-09 22:58:06.000
2026-10-09 23:00:12.019   Installing the file.
2026-10-09 23:00:12.019   Successfully installed the file.
2026-10-09 23:00:12.019   -- File entry --
2026-10-09 23:00:12.019   Dest filename: D:\a\_temp\agym-c64-38001250527-5872-u8q4q801\client\Recepcion\_internal\tzdata\zoneinfo\Australia\Lord_Howe
2026-10-09 23:00:12.019   Time stamp of our file: 2026-10-09 22:58:06.000
2026-10-09 23:00:12.019   Dest file exists.
2026-10-09 23:00:12.019   Time stamp of existing file: 2026-10-09 22:58:06.000
2026-10-09 23:00:12.019   Installing the file.
2026-10-09 23:00:12.019   Successfully installed the file.
2026-10-09 23:00:12.019   -- File entry --
2026-10-09 23:00:12.019   Dest filename: D:\a\_temp\agym-c64-38001250527-5872-u8q4q801\client\Recepcion\_internal\tzdata\zoneinfo\Australia\Melbourne
2026-10-09 23:00:12.019   Time stamp of our file: 2026-10-09 22:58:06.000
2026-10-09 23:00:12.019   Dest file exists.
2026-10-09 23:00:12.019   Time stamp of existing file: 2026-10-09 22:58:06.000
2026-10-09 23:00:12.019   Installing the file.
2026-10-09 23:00:12.019   Successfully installed the file.
2026-10-09 23:00:12.019   -- File entry --
2026-10-09 23:00:12.019   Dest filename: D:\a\_temp\agym-c64-38001250527-5872-u8q4q801\client\Recepcion\_internal\tzdata\zoneinfo\Australia\North
2026-10-09 23:00:12.019   Time stamp of our file: 2026-10-09 22:58:06.000
2026-10-09 23:00:12.019   Dest file exists.
2026-10-09 23:00:12.019   Time stamp of existing file: 2026-10-09 22:58:06.000
2026-10-09 23:00:12.019   Installing the file.
2026-10-09 23:00:12.019   Successfully installed the file.
2026-10-09 23:00:12.019   -- File entry --
2026-10-09 23:00:12.019   Dest filename: D:\a\_temp\agym-c64-38001250527-5872-u8q4q801\client\Recepcion\_internal\tzdata\zoneinfo\Australia\NSW
2026-10-09 23:00:12.019   Time stamp of our file: 2026-10-09 22:58:06.000
2026-10-09 23:00:12.019   Dest file exists.
2026-10-09 23:00:12.019   Time stamp of existing file: 2026-10-09 22:58:06.000
2026-10-09 23:00:12.019   Installing the file.
2026-10-09 23:00:12.019   Successfully installed the file.
2026-10-09 23:00:12.019   -- File entry --
2026-10-09 23:00:12.019   Dest filename: D:\a\_temp\agym-c64-38001250527-5872-u8q4q801\client\Recepcion\_internal\tzdata\zoneinfo\Australia\Perth
2026-10-09 23:00:12.019   Time stamp of our file: 2026-10-09 22:58:06.000
2026-10-09 23:00:12.019   Dest file exists.
2026-10-09 23:00:12.019   Time stamp of existing file: 2026-10-09 22:58:06.000
2026-10-09 23:00:12.019   Installing the file.
2026-10-09 23:00:12.019   Successfully installed the file.
2026-10-09 23:00:12.019   -- File entry --
2026-10-09 23:00:12.019   Dest filename: D:\a\_temp\agym-c64-38001250527-5872-u8q4q801\client\Recepcion\_internal\tzdata\zoneinfo\Australia\Queensland
2026-10-09 23:00:12.019   Time stamp of our file: 2026-10-09 22:58:06.000
2026-10-09 23:00:12.019   Dest file exists.
2026-10-09 23:00:12.019   Time stamp of existing file: 2026-10-09 22:58:06.000
2026-10-09 23:00:12.019   Installing the file.
2026-10-09 23:00:12.019   Successfully installed the file.
2026-10-09 23:00:12.019   -- File entry --
2026-10-09 23:00:12.019   Dest filename: D:\a\_temp\agym-c64-38001250527-5872-u8q4q801\client\Recepcion\_internal\tzdata\zoneinfo\Australia\South
2026-10-09 23:00:12.019   Time stamp of our file: 2026-10-09 22:58:06.000
2026-10-09 23:00:12.019   Dest file exists.
2026-10-09 23:00:12.019   Time stamp of existing file: 2026-10-09 22:58:06.000
2026-10-09 23:00:12.019   Installing the file.
2026-10-09 23:00:12.019   Successfully installed the file.
2026-10-09 23:00:12.019   -- File entry --
2026-10-09 23:00:12.019   Dest filename: D:\a\_temp\agym-c64-38001250527-5872-u8q4q801\client\Recepcion\_internal\tzdata\zoneinfo\Australia\Sydney
2026-10-09 23:00:12.019   Time stamp of our file: 2026-10-09 22:58:06.000
2026-10-09 23:00:12.019   Dest file exists.
2026-10-09 23:00:12.019   Time stamp of existing file: 2026-10-09 22:58:06.000
2026-10-09 23:00:12.019   Installing the file.
2026-10-09 23:00:12.019   Successfully installed the file.
2026-10-09 23:00:12.019   -- File entry --
2026-10-09 23:00:12.019   Dest filename: D:\a\_temp\agym-c64-38001250527-5872-u8q4q801\client\Recepcion\_internal\tzdata\zoneinfo\Australia\Tasmania
2026-10-09 23:00:12.019   Time stamp of our file: 2026-10-09 22:58:06.000
2026-10-09 23:00:12.019   Dest file exists.
2026-10-09 23:00:12.019   Time stamp of existing file: 2026-10-09 22:58:06.000
2026-10-09 23:00:12.019   Installing the file.
2026-10-09 23:00:12.019   Successfully installed the file.
2026-10-09 23:00:12.019   -- File entry --
2026-10-09 23:00:12.019   Dest filename: D:\a\_temp\agym-c64-38001250527-5872-u8q4q801\client\Recepcion\_internal\tzdata\zoneinfo\Australia\Victoria
2026-10-09 23:00:12.019   Time stamp of our file: 2026-10-09 22:58:06.000
2026-10-09 23:00:12.019   Dest file exists.
2026-10-09 23:00:12.019   Time stamp of existing file: 2026-10-09 22:58:06.000
2026-10-09 23:00:12.019   Installing the file.
2026-10-09 23:00:12.019   Successfully installed the file.
2026-10-09 23:00:12.019   -- File entry --
2026-10-09 23:00:12.019   Dest filename: D:\a\_temp\agym-c64-38001250527-5872-u8q4q801\client\Recepcion\_internal\tzdata\zoneinfo\Australia\West
2026-10-09 23:00:12.019   Time stamp of our file: 2026-10-09 22:58:06.000
2026-10-09 23:00:12.019   Dest file exists.
2026-10-09 23:00:12.019   Time stamp of existing file: 2026-10-09 22:58:06.000
2026-10-09 23:00:12.019   Installing the file.
2026-10-09 23:00:12.019   Successfully installed the file.
2026-10-09 23:00:12.019   -- File entry --
2026-10-09 23:00:12.019   Dest filename: D:\a\_temp\agym-c64-38001250527-5872-u8q4q801\client\Recepcion\_internal\tzdata\zoneinfo\Australia\Yancowinna
2026-10-09 23:00:12.019   Time stamp of our file: 2026-10-09 22:58:06.000
2026-10-09 23:00:12.019   Dest file exists.
2026-10-09 23:00:12.019   Time stamp of existing file: 2026-10-09 22:58:06.000
2026-10-09 23:00:12.019   Installing the file.
2026-10-09 23:00:12.019   Successfully installed the file.
2026-10-09 23:00:12.019   -- File entry --
2026-10-09 23:00:12.034   Dest filename: D:\a\_temp\agym-c64-38001250527-5872-u8q4q801\client\Recepcion\_internal\tzdata\zoneinfo\Australia\__init__.py
2026-10-09 23:00:12.034   Time stamp of our file: 2026-10-09 22:58:06.000
2026-10-09 23:00:12.034   Dest file exists.
2026-10-09 23:00:12.034   Time stamp of existing file: 2026-10-09 22:58:06.000
2026-10-09 23:00:12.034   Installing the file.
2026-10-09 23:00:12.034   Successfully installed the file.
2026-10-09 23:00:12.034   -- File entry --
2026-10-09 23:00:12.034   Dest filename: D:\a\_temp\agym-c64-38001250527-5872-u8q4q801\client\Recepcion\_internal\tzdata\zoneinfo\Brazil\Acre
2026-10-09 23:00:12.034   Time stamp of our file: 2026-10-09 22:58:06.000
2026-10-09 23:00:12.034   Dest file exists.
2026-10-09 23:00:12.034   Time stamp of existing file: 2026-10-09 22:58:06.000
2026-10-09 23:00:12.034   Installing the file.
2026-10-09 23:00:12.034   Successfully installed the file.
2026-10-09 23:00:12.034   -- File entry --
2026-10-09 23:00:12.034   Dest filename: D:\a\_temp\agym-c64-38001250527-5872-u8q4q801\client\Recepcion\_internal\tzdata\zoneinfo\Brazil\DeNoronha
2026-10-09 23:00:12.034   Time stamp of our file: 2026-10-09 22:58:06.000
2026-10-09 23:00:12.034   Dest file exists.
2026-10-09 23:00:12.034   Time stamp of existing file: 2026-10-09 22:58:06.000
2026-10-09 23:00:12.034   Installing the file.
2026-10-09 23:00:12.034   Successfully installed the file.
2026-10-09 23:00:12.034   -- File entry --
2026-10-09 23:00:12.034   Dest filename: D:\a\_temp\agym-c64-38001250527-5872-u8q4q801\client\Recepcion\_internal\tzdata\zoneinfo\Brazil\East
2026-10-09 23:00:12.034   Time stamp of our file: 2026-10-09 22:58:06.000
2026-10-09 23:00:12.034   Dest file exists.
2026-10-09 23:00:12.034   Time stamp of existing file: 2026-10-09 22:58:06.000
2026-10-09 23:00:12.034   Installing the file.
2026-10-09 23:00:12.034   Successfully installed the file.
2026-10-09 23:00:12.034   -- File entry --
2026-10-09 23:00:12.034   Dest filename: D:\a\_temp\agym-c64-38001250527-5872-u8q4q801\client\Recepcion\_internal\tzdata\zoneinfo\Brazil\West
2026-10-09 23:00:12.034   Time stamp of our file: 2026-10-09 22:58:06.000
2026-10-09 23:00:12.034   Dest file exists.
2026-10-09 23:00:12.034   Time stamp of existing file: 2026-10-09 22:58:06.000
2026-10-09 23:00:12.034   Installing the file.
2026-10-09 23:00:12.034   Successfully installed the file.
2026-10-09 23:00:12.034   -- File entry --
2026-10-09 23:00:12.034   Dest filename: D:\a\_temp\agym-c64-38001250527-5872-u8q4q801\client\Recepcion\_internal\tzdata\zoneinfo\Brazil\__init__.py
2026-10-09 23:00:12.034   Time stamp of our file: 2026-10-09 22:58:06.000
2026-10-09 23:00:12.034   Dest file exists.
2026-10-09 23:00:12.034   Time stamp of existing file: 2026-10-09 22:58:06.000
2026-10-09 23:00:12.034   Installing the file.
2026-10-09 23:00:12.034   Successfully installed the file.
2026-10-09 23:00:12.034   -- File entry --
2026-10-09 23:00:12.034   Dest filename: D:\a\_temp\agym-c64-38001250527-5872-u8q4q801\client\Recepcion\_internal\tzdata\zoneinfo\Canada\Atlantic
2026-10-09 23:00:12.034   Time stamp of our file: 2026-10-09 22:58:06.000
2026-10-09 23:00:12.034   Dest file exists.
2026-10-09 23:00:12.034   Time stamp of existing file: 2026-10-09 22:58:06.000
2026-10-09 23:00:12.034   Installing the file.
2026-10-09 23:00:12.034   Successfully installed the file.
2026-10-09 23:00:12.034   -- File entry --
2026-10-09 23:00:12.034   Dest filename: D:\a\_temp\agym-c64-38001250527-5872-u8q4q801\client\Recepcion\_internal\tzdata\zoneinfo\Canada\Central
2026-10-09 23:00:12.034   Time stamp of our file: 2026-10-09 22:58:06.000
2026-10-09 23:00:12.034   Dest file exists.
2026-10-09 23:00:12.034   Time stamp of existing file: 2026-10-09 22:58:06.000
2026-10-09 23:00:12.034   Installing the file.
2026-10-09 23:00:12.034   Successfully installed the file.
2026-10-09 23:00:12.034   -- File entry --
2026-10-09 23:00:12.034   Dest filename: D:\a\_temp\agym-c64-38001250527-5872-u8q4q801\client\Recepcion\_internal\tzdata\zoneinfo\Canada\Eastern
2026-10-09 23:00:12.034   Time stamp of our file: 2026-10-09 22:58:06.000
2026-10-09 23:00:12.034   Dest file exists.
2026-10-09 23:00:12.034   Time stamp of existing file: 2026-10-09 22:58:06.000
2026-10-09 23:00:12.034   Installing the file.
2026-10-09 23:00:12.034   Successfully installed the file.
2026-10-09 23:00:12.034   -- File entry --
2026-10-09 23:00:12.034   Dest filename: D:\a\_temp\agym-c64-38001250527-5872-u8q4q801\client\Recepcion\_internal\tzdata\zoneinfo\Canada\Mountain
2026-10-09 23:00:12.034   Time stamp of our file: 2026-10-09 22:58:06.000
2026-10-09 23:00:12.034   Dest file exists.
2026-10-09 23:00:12.034   Time stamp of existing file: 2026-10-09 22:58:06.000
2026-10-09 23:00:12.034   Installing the file.
2026-10-09 23:00:12.034   Successfully installed the file.
2026-10-09 23:00:12.034   -- File entry --
2026-10-09 23:00:12.034   Dest filename: D:\a\_temp\agym-c64-38001250527-5872-u8q4q801\client\Recepcion\_internal\tzdata\zoneinfo\Canada\Newfoundland
2026-10-09 23:00:12.034   Time stamp of our file: 2026-10-09 22:58:06.000
2026-10-09 23:00:12.034   Dest file exists.
2026-10-09 23:00:12.034   Time stamp of existing file: 2026-10-09 22:58:06.000
2026-10-09 23:00:12.034   Installing the file.
2026-10-09 23:00:12.034   Successfully installed the file.
2026-10-09 23:00:12.034   -- File entry --
2026-10-09 23:00:12.034   Dest filename: D:\a\_temp\agym-c64-38001250527-5872-u8q4q801\client\Recepcion\_internal\tzdata\zoneinfo\Canada\Pacific
2026-10-09 23:00:12.034   Time stamp of our file: 2026-10-09 22:58:06.000
2026-10-09 23:00:12.034   Dest file exists.
2026-10-09 23:00:12.034   Time stamp of existing file: 2026-10-09 22:58:06.000
2026-10-09 23:00:12.034   Installing the file.
2026-10-09 23:00:12.034   Successfully installed the file.
2026-10-09 23:00:12.034   -- File entry --
2026-10-09 23:00:12.034   Dest filename: D:\a\_temp\agym-c64-38001250527-5872-u8q4q801\client\Recepcion\_internal\tzdata\zoneinfo\Canada\Saskatchewan
2026-10-09 23:00:12.034   Time stamp of our file: 2026-10-09 22:58:06.000
2026-10-09 23:00:12.034   Dest file exists.
2026-10-09 23:00:12.034   Time stamp of existing file: 2026-10-09 22:58:06.000
2026-10-09 23:00:12.034   Installing the file.
2026-10-09 23:00:12.034   Successfully installed the file.
2026-10-09 23:00:12.034   -- File entry --
2026-10-09 23:00:12.034   Dest filename: D:\a\_temp\agym-c64-38001250527-5872-u8q4q801\client\Recepcion\_internal\tzdata\zoneinfo\Canada\Yukon
2026-10-09 23:00:12.034   Time stamp of our file: 2026-10-09 22:58:06.000
2026-10-09 23:00:12.034   Dest file exists.
2026-10-09 23:00:12.034   Time stamp of existing file: 2026-10-09 22:58:06.000
2026-10-09 23:00:12.034   Installing the file.
2026-10-09 23:00:12.034   Successfully installed the file.
2026-10-09 23:00:12.034   -- File entry --
2026-10-09 23:00:12.034   Dest filename: D:\a\_temp\agym-c64-38001250527-5872-u8q4q801\client\Recepcion\_internal\tzdata\zoneinfo\Canada\__init__.py
2026-10-09 23:00:12.034   Time stamp of our file: 2026-10-09 22:58:06.000
2026-10-09 23:00:12.034   Dest file exists.
2026-10-09 23:00:12.034   Time stamp of existing file: 2026-10-09 22:58:06.000
2026-10-09 23:00:12.034   Installing the file.
2026-10-09 23:00:12.034   Successfully installed the file.
2026-10-09 23:00:12.034   -- File entry --
2026-10-09 23:00:12.034   Dest filename: D:\a\_temp\agym-c64-38001250527-5872-u8q4q801\client\Recepcion\_internal\tzdata\zoneinfo\Chile\Continental
2026-10-09 23:00:12.034   Time stamp of our file: 2026-10-09 22:58:06.000
2026-10-09 23:00:12.034   Dest file exists.
2026-10-09 23:00:12.034   Time stamp of existing file: 2026-10-09 22:58:06.000
2026-10-09 23:00:12.034   Installing the file.
2026-10-09 23:00:12.034   Successfully installed the file.
2026-10-09 23:00:12.034   -- File entry --
2026-10-09 23:00:12.034   Dest filename: D:\a\_temp\agym-c64-38001250527-5872-u8q4q801\client\Recepcion\_internal\tzdata\zoneinfo\Chile\EasterIsland
2026-10-09 23:00:12.034   Time stamp of our file: 2026-10-09 22:58:06.000
2026-10-09 23:00:12.034   Dest file exists.
2026-10-09 23:00:12.034   Time stamp of existing file: 2026-10-09 22:58:06.000
2026-10-09 23:00:12.034   Installing the file.
2026-10-09 23:00:12.034   Successfully installed the file.
2026-10-09 23:00:12.034   -- File entry --
2026-10-09 23:00:12.034   Dest filename: D:\a\_temp\agym-c64-38001250527-5872-u8q4q801\client\Recepcion\_internal\tzdata\zoneinfo\Chile\__init__.py
2026-10-09 23:00:12.034   Time stamp of our file: 2026-10-09 22:58:06.000
2026-10-09 23:00:12.034   Dest file exists.
2026-10-09 23:00:12.034   Time stamp of existing file: 2026-10-09 22:58:06.000
2026-10-09 23:00:12.034   Installing the file.
2026-10-09 23:00:12.034   Successfully installed the file.
2026-10-09 23:00:12.034   -- File entry --
2026-10-09 23:00:12.034   Dest filename: D:\a\_temp\agym-c64-38001250527-5872-u8q4q801\client\Recepcion\_internal\tzdata\zoneinfo\Etc\GMT
2026-10-09 23:00:12.034   Time stamp of our file: 2026-10-09 22:58:06.000
2026-10-09 23:00:12.034   Dest file exists.
2026-10-09 23:00:12.034   Time stamp of existing file: 2026-10-09 22:58:06.000
2026-10-09 23:00:12.034   Installing the file.
2026-10-09 23:00:12.034   Successfully installed the file.
2026-10-09 23:00:12.034   -- File entry --
2026-10-09 23:00:12.034   Dest filename: D:\a\_temp\agym-c64-38001250527-5872-u8q4q801\client\Recepcion\_internal\tzdata\zoneinfo\Etc\GMT+0
2026-10-09 23:00:12.034   Time stamp of our file: 2026-10-09 22:58:06.000
2026-10-09 23:00:12.034   Dest file exists.
2026-10-09 23:00:12.034   Time stamp of existing file: 2026-10-09 22:58:06.000
2026-10-09 23:00:12.034   Installing the file.
2026-10-09 23:00:12.034   Successfully installed the file.
2026-10-09 23:00:12.034   -- File entry --
2026-10-09 23:00:12.034   Dest filename: D:\a\_temp\agym-c64-38001250527-5872-u8q4q801\client\Recepcion\_internal\tzdata\zoneinfo\Etc\GMT+1
2026-10-09 23:00:12.034   Time stamp of our file: 2026-10-09 22:58:06.000
2026-10-09 23:00:12.034   Dest file exists.
2026-10-09 23:00:12.034   Time stamp of existing file: 2026-10-09 22:58:06.000
2026-10-09 23:00:12.034   Installing the file.
2026-10-09 23:00:12.034   Successfully installed the file.
2026-10-09 23:00:12.034   -- File entry --
2026-10-09 23:00:12.034   Dest filename: D:\a\_temp\agym-c64-38001250527-5872-u8q4q801\client\Recepcion\_internal\tzdata\zoneinfo\Etc\GMT+10
2026-10-09 23:00:12.034   Time stamp of our file: 2026-10-09 22:58:06.000
2026-10-09 23:00:12.034   Dest file exists.
2026-10-09 23:00:12.034   Time stamp of existing file: 2026-10-09 22:58:06.000
2026-10-09 23:00:12.034   Installing the file.
2026-10-09 23:00:12.034   Successfully installed the file.
2026-10-09 23:00:12.034   -- File entry --
2026-10-09 23:00:12.034   Dest filename: D:\a\_temp\agym-c64-38001250527-5872-u8q4q801\client\Recepcion\_internal\tzdata\zoneinfo\Etc\GMT+11
2026-10-09 23:00:12.034   Time stamp of our file: 2026-10-09 22:58:06.000
2026-10-09 23:00:12.034   Dest file exists.
2026-10-09 23:00:12.034   Time stamp of existing file: 2026-10-09 22:58:06.000
2026-10-09 23:00:12.034   Installing the file.
2026-10-09 23:00:12.034   Successfully installed the file.
2026-10-09 23:00:12.034   -- File entry --
2026-10-09 23:00:12.034   Dest filename: D:\a\_temp\agym-c64-38001250527-5872-u8q4q801\client\Recepcion\_internal\tzdata\zoneinfo\Etc\GMT+12
2026-10-09 23:00:12.034   Time stamp of our file: 2026-10-09 22:58:06.000
2026-10-09 23:00:12.034   Dest file exists.
2026-10-09 23:00:12.034   Time stamp of existing file: 2026-10-09 22:58:06.000
2026-10-09 23:00:12.034   Installing the file.
2026-10-09 23:00:12.034   Successfully installed the file.
2026-10-09 23:00:12.034   -- File entry --
2026-10-09 23:00:12.034   Dest filename: D:\a\_temp\agym-c64-38001250527-5872-u8q4q801\client\Recepcion\_internal\tzdata\zoneinfo\Etc\GMT+2
2026-10-09 23:00:12.034   Time stamp of our file: 2026-10-09 22:58:06.000
2026-10-09 23:00:12.034   Dest file exists.
2026-10-09 23:00:12.034   Time stamp of existing file: 2026-10-09 22:58:06.000
2026-10-09 23:00:12.034   Installing the file.
2026-10-09 23:00:12.034   Successfully installed the file.
2026-10-09 23:00:12.034   -- File entry --
2026-10-09 23:00:12.034   Dest filename: D:\a\_temp\agym-c64-38001250527-5872-u8q4q801\client\Recepcion\_internal\tzdata\zoneinfo\Etc\GMT+3
2026-10-09 23:00:12.034   Time stamp of our file: 2026-10-09 22:58:06.000
2026-10-09 23:00:12.034   Dest file exists.
2026-10-09 23:00:12.034   Time stamp of existing file: 2026-10-09 22:58:06.000
2026-10-09 23:00:12.034   Installing the file.
2026-10-09 23:00:12.034   Successfully installed the file.
2026-10-09 23:00:12.034   -- File entry --
2026-10-09 23:00:12.034   Dest filename: D:\a\_temp\agym-c64-38001250527-5872-u8q4q801\client\Recepcion\_internal\tzdata\zoneinfo\Etc\GMT+4
2026-10-09 23:00:12.034   Time stamp of our file: 2026-10-09 22:58:06.000
2026-10-09 23:00:12.034   Dest file exists.
2026-10-09 23:00:12.034   Time stamp of existing file: 2026-10-09 22:58:06.000
2026-10-09 23:00:12.034   Installing the file.
2026-10-09 23:00:12.034   Successfully installed the file.
2026-10-09 23:00:12.034   -- File entry --
2026-10-09 23:00:12.034   Dest filename: D:\a\_temp\agym-c64-38001250527-5872-u8q4q801\client\Recepcion\_internal\tzdata\zoneinfo\Etc\GMT+5
2026-10-09 23:00:12.034   Time stamp of our file: 2026-10-09 22:58:06.000
2026-10-09 23:00:12.034   Dest file exists.
2026-10-09 23:00:12.034   Time stamp of existing file: 2026-10-09 22:58:06.000
2026-10-09 23:00:12.034   Installing the file.
2026-10-09 23:00:12.034   Successfully installed the file.
2026-10-09 23:00:12.034   -- File entry --
2026-10-09 23:00:12.034   Dest filename: D:\a\_temp\agym-c64-38001250527-5872-u8q4q801\client\Recepcion\_internal\tzdata\zoneinfo\Etc\GMT+6
2026-10-09 23:00:12.034   Time stamp of our file: 2026-10-09 22:58:06.000
2026-10-09 23:00:12.034   Dest file exists.
2026-10-09 23:00:12.034   Time stamp of existing file: 2026-10-09 22:58:06.000
2026-10-09 23:00:12.034   Installing the file.
2026-10-09 23:00:12.034   Successfully installed the file.
2026-10-09 23:00:12.034   -- File entry --
2026-10-09 23:00:12.034   Dest filename: D:\a\_temp\agym-c64-38001250527-5872-u8q4q801\client\Recepcion\_internal\tzdata\zoneinfo\Etc\GMT+7
2026-10-09 23:00:12.034   Time stamp of our file: 2026-10-09 22:58:06.000
2026-10-09 23:00:12.034   Dest file exists.
2026-10-09 23:00:12.034   Time stamp of existing file: 2026-10-09 22:58:06.000
2026-10-09 23:00:12.034   Installing the file.
2026-10-09 23:00:12.034   Successfully installed the file.
2026-10-09 23:00:12.034   -- File entry --
2026-10-09 23:00:12.034   Dest filename: D:\a\_temp\agym-c64-38001250527-5872-u8q4q801\client\Recepcion\_internal\tzdata\zoneinfo\Etc\GMT+8
2026-10-09 23:00:12.034   Time stamp of our file: 2026-10-09 22:58:06.000
2026-10-09 23:00:12.034   Dest file exists.
2026-10-09 23:00:12.034   Time stamp of existing file: 2026-10-09 22:58:06.000
2026-10-09 23:00:12.034   Installing the file.
2026-10-09 23:00:12.050   Successfully installed the file.
2026-10-09 23:00:12.050   -- File entry --
2026-10-09 23:00:12.050   Dest filename: D:\a\_temp\agym-c64-38001250527-5872-u8q4q801\client\Recepcion\_internal\tzdata\zoneinfo\Etc\GMT+9
2026-10-09 23:00:12.050   Time stamp of our file: 2026-10-09 22:58:06.000
2026-10-09 23:00:12.050   Dest file exists.
2026-10-09 23:00:12.050   Time stamp of existing file: 2026-10-09 22:58:06.000
2026-10-09 23:00:12.050   Installing the file.
2026-10-09 23:00:12.050   Successfully installed the file.
2026-10-09 23:00:12.050   -- File entry --
2026-10-09 23:00:12.050   Dest filename: D:\a\_temp\agym-c64-38001250527-5872-u8q4q801\client\Recepcion\_internal\tzdata\zoneinfo\Etc\GMT-0
2026-10-09 23:00:12.050   Time stamp of our file: 2026-10-09 22:58:06.000
2026-10-09 23:00:12.050   Dest file exists.
2026-10-09 23:00:12.050   Time stamp of existing file: 2026-10-09 22:58:06.000
2026-10-09 23:00:12.050   Installing the file.
2026-10-09 23:00:12.050   Successfully installed the file.
2026-10-09 23:00:12.050   -- File entry --
2026-10-09 23:00:12.050   Dest filename: D:\a\_temp\agym-c64-38001250527-5872-u8q4q801\client\Recepcion\_internal\tzdata\zoneinfo\Etc\GMT-1
2026-10-09 23:00:12.050   Time stamp of our file: 2026-10-09 22:58:06.000
2026-10-09 23:00:12.050   Dest file exists.
2026-10-09 23:00:12.050   Time stamp of existing file: 2026-10-09 22:58:06.000
2026-10-09 23:00:12.050   Installing the file.
2026-10-09 23:00:12.050   Successfully installed the file.
2026-10-09 23:00:12.050   -- File entry --
2026-10-09 23:00:12.050   Dest filename: D:\a\_temp\agym-c64-38001250527-5872-u8q4q801\client\Recepcion\_internal\tzdata\zoneinfo\Etc\GMT-10
2026-10-09 23:00:12.050   Time stamp of our file: 2026-10-09 22:58:06.000
2026-10-09 23:00:12.050   Dest file exists.
2026-10-09 23:00:12.050   Time stamp of existing file: 2026-10-09 22:58:06.000
2026-10-09 23:00:12.050   Installing the file.
2026-10-09 23:00:12.050   Successfully installed the file.
2026-10-09 23:00:12.050   -- File entry --
2026-10-09 23:00:12.050   Dest filename: D:\a\_temp\agym-c64-38001250527-5872-u8q4q801\client\Recepcion\_internal\tzdata\zoneinfo\Etc\GMT-11
2026-10-09 23:00:12.050   Time stamp of our file: 2026-10-09 22:58:06.000
2026-10-09 23:00:12.050   Dest file exists.
2026-10-09 23:00:12.050   Time stamp of existing file: 2026-10-09 22:58:06.000
2026-10-09 23:00:12.050   Installing the file.
2026-10-09 23:00:12.050   Successfully installed the file.
2026-10-09 23:00:12.050   -- File entry --
2026-10-09 23:00:12.050   Dest filename: D:\a\_temp\agym-c64-38001250527-5872-u8q4q801\client\Recepcion\_internal\tzdata\zoneinfo\Etc\GMT-12
2026-10-09 23:00:12.050   Time stamp of our file: 2026-10-09 22:58:06.000
2026-10-09 23:00:12.050   Dest file exists.
2026-10-09 23:00:12.050   Time stamp of existing file: 2026-10-09 22:58:06.000
2026-10-09 23:00:12.050   Installing the file.
2026-10-09 23:00:12.050   Successfully installed the file.
2026-10-09 23:00:12.050   -- File entry --
2026-10-09 23:00:12.050   Dest filename: D:\a\_temp\agym-c64-38001250527-5872-u8q4q801\client\Recepcion\_internal\tzdata\zoneinfo\Etc\GMT-13
2026-10-09 23:00:12.050   Time stamp of our file: 2026-10-09 22:58:06.000
2026-10-09 23:00:12.050   Dest file exists.
2026-10-09 23:00:12.050   Time stamp of existing file: 2026-10-09 22:58:06.000
2026-10-09 23:00:12.050   Installing the file.
2026-10-09 23:00:12.050   Successfully installed the file.
2026-10-09 23:00:12.050   -- File entry --
2026-10-09 23:00:12.050   Dest filename: D:\a\_temp\agym-c64-38001250527-5872-u8q4q801\client\Recepcion\_internal\tzdata\zoneinfo\Etc\GMT-14
2026-10-09 23:00:12.050   Time stamp of our file: 2026-10-09 22:58:06.000
2026-10-09 23:00:12.050   Dest file exists.
2026-10-09 23:00:12.050   Time stamp of existing file: 2026-10-09 22:58:06.000
2026-10-09 23:00:12.050   Installing the file.
2026-10-09 23:00:12.050   Successfully installed the file.
2026-10-09 23:00:12.050   -- File entry --
2026-10-09 23:00:12.050   Dest filename: D:\a\_temp\agym-c64-38001250527-5872-u8q4q801\client\Recepcion\_internal\tzdata\zoneinfo\Etc\GMT-2
2026-10-09 23:00:12.050   Time stamp of our file: 2026-10-09 22:58:06.000
2026-10-09 23:00:12.050   Dest file exists.
2026-10-09 23:00:12.050   Time stamp of existing file: 2026-10-09 22:58:06.000
2026-10-09 23:00:12.050   Installing the file.
2026-10-09 23:00:12.050   Successfully installed the file.
2026-10-09 23:00:12.050   -- File entry --
2026-10-09 23:00:12.050   Dest filename: D:\a\_temp\agym-c64-38001250527-5872-u8q4q801\client\Recepcion\_internal\tzdata\zoneinfo\Etc\GMT-3
2026-10-09 23:00:12.050   Time stamp of our file: 2026-10-09 22:58:06.000
2026-10-09 23:00:12.050   Dest file exists.
2026-10-09 23:00:12.050   Time stamp of existing file: 2026-10-09 22:58:06.000
2026-10-09 23:00:12.050   Installing the file.
2026-10-09 23:00:12.050   Successfully installed the file.
2026-10-09 23:00:12.050   -- File entry --
2026-10-09 23:00:12.050   Dest filename: D:\a\_temp\agym-c64-38001250527-5872-u8q4q801\client\Recepcion\_internal\tzdata\zoneinfo\Etc\GMT-4
2026-10-09 23:00:12.050   Time stamp of our file: 2026-10-09 22:58:06.000
2026-10-09 23:00:12.050   Dest file exists.
2026-10-09 23:00:12.050   Time stamp of existing file: 2026-10-09 22:58:06.000
2026-10-09 23:00:12.050   Installing the file.
2026-10-09 23:00:12.050   Successfully installed the file.
2026-10-09 23:00:12.050   -- File entry --
2026-10-09 23:00:12.050   Dest filename: D:\a\_temp\agym-c64-38001250527-5872-u8q4q801\client\Recepcion\_internal\tzdata\zoneinfo\Etc\GMT-5
2026-10-09 23:00:12.050   Time stamp of our file: 2026-10-09 22:58:06.000
2026-10-09 23:00:12.050   Dest file exists.
2026-10-09 23:00:12.050   Time stamp of existing file: 2026-10-09 22:58:06.000
2026-10-09 23:00:12.050   Installing the file.
2026-10-09 23:00:12.050   Successfully installed the file.
2026-10-09 23:00:12.050   -- File entry --
2026-10-09 23:00:12.050   Dest filename: D:\a\_temp\agym-c64-38001250527-5872-u8q4q801\client\Recepcion\_internal\tzdata\zoneinfo\Etc\GMT-6
2026-10-09 23:00:12.050   Time stamp of our file: 2026-10-09 22:58:06.000
2026-10-09 23:00:12.050   Dest file exists.
2026-10-09 23:00:12.050   Time stamp of existing file: 2026-10-09 22:58:06.000
2026-10-09 23:00:12.050   Installing the file.
2026-10-09 23:00:12.050   Successfully installed the file.
2026-10-09 23:00:12.050   -- File entry --
2026-10-09 23:00:12.050   Dest filename: D:\a\_temp\agym-c64-38001250527-5872-u8q4q801\client\Recepcion\_internal\tzdata\zoneinfo\Etc\GMT-7
2026-10-09 23:00:12.050   Time stamp of our file: 2026-10-09 22:58:06.000
2026-10-09 23:00:12.050   Dest file exists.
2026-10-09 23:00:12.050   Time stamp of existing file: 2026-10-09 22:58:06.000
2026-10-09 23:00:12.050   Installing the file.
2026-10-09 23:00:12.050   Successfully installed the file.
2026-10-09 23:00:12.050   -- File entry --
2026-10-09 23:00:12.050   Dest filename: D:\a\_temp\agym-c64-38001250527-5872-u8q4q801\client\Recepcion\_internal\tzdata\zoneinfo\Etc\GMT-8
2026-10-09 23:00:12.050   Time stamp of our file: 2026-10-09 22:58:06.000
2026-10-09 23:00:12.050   Dest file exists.
2026-10-09 23:00:12.050   Time stamp of existing file: 2026-10-09 22:58:06.000
2026-10-09 23:00:12.050   Installing the file.
2026-10-09 23:00:12.050   Successfully installed the file.
2026-10-09 23:00:12.050   -- File entry --
2026-10-09 23:00:12.050   Dest filename: D:\a\_temp\agym-c64-38001250527-5872-u8q4q801\client\Recepcion\_internal\tzdata\zoneinfo\Etc\GMT-9
2026-10-09 23:00:12.050   Time stamp of our file: 2026-10-09 22:58:06.000
2026-10-09 23:00:12.050   Dest file exists.
2026-10-09 23:00:12.050   Time stamp of existing file: 2026-10-09 22:58:06.000
2026-10-09 23:00:12.050   Installing the file.
2026-10-09 23:00:12.050   Successfully installed the file.
2026-10-09 23:00:12.050   -- File entry --
2026-10-09 23:00:12.050   Dest filename: D:\a\_temp\agym-c64-38001250527-5872-u8q4q801\client\Recepcion\_internal\tzdata\zoneinfo\Etc\GMT0
2026-10-09 23:00:12.050   Time stamp of our file: 2026-10-09 22:58:06.000
2026-10-09 23:00:12.050   Dest file exists.
2026-10-09 23:00:12.050   Time stamp of existing file: 2026-10-09 22:58:06.000
2026-10-09 23:00:12.050   Installing the file.
2026-10-09 23:00:12.050   Successfully installed the file.
2026-10-09 23:00:12.050   -- File entry --
2026-10-09 23:00:12.050   Dest filename: D:\a\_temp\agym-c64-38001250527-5872-u8q4q801\client\Recepcion\_internal\tzdata\zoneinfo\Etc\Greenwich
2026-10-09 23:00:12.050   Time stamp of our file: 2026-10-09 22:58:06.000
2026-10-09 23:00:12.050   Dest file exists.
2026-10-09 23:00:12.050   Time stamp of existing file: 2026-10-09 22:58:06.000
2026-10-09 23:00:12.050   Installing the file.
2026-10-09 23:00:12.050   Successfully installed the file.
2026-10-09 23:00:12.050   -- File entry --
2026-10-09 23:00:12.050   Dest filename: D:\a\_temp\agym-c64-38001250527-5872-u8q4q801\client\Recepcion\_internal\tzdata\zoneinfo\Etc\UCT
2026-10-09 23:00:12.050   Time stamp of our file: 2026-10-09 22:58:06.000
2026-10-09 23:00:12.050   Dest file exists.
2026-10-09 23:00:12.050   Time stamp of existing file: 2026-10-09 22:58:06.000
2026-10-09 23:00:12.050   Installing the file.
2026-10-09 23:00:12.050   Successfully installed the file.
2026-10-09 23:00:12.050   -- File entry --
2026-10-09 23:00:12.050   Dest filename: D:\a\_temp\agym-c64-38001250527-5872-u8q4q801\client\Recepcion\_internal\tzdata\zoneinfo\Etc\Universal
2026-10-09 23:00:12.050   Time stamp of our file: 2026-10-09 22:58:06.000
2026-10-09 23:00:12.050   Dest file exists.
2026-10-09 23:00:12.050   Time stamp of existing file: 2026-10-09 22:58:06.000
2026-10-09 23:00:12.050   Installing the file.
2026-10-09 23:00:12.050   Successfully installed the file.
2026-10-09 23:00:12.050   -- File entry --
2026-10-09 23:00:12.050   Dest filename: D:\a\_temp\agym-c64-38001250527-5872-u8q4q801\client\Recepcion\_internal\tzdata\zoneinfo\Etc\UTC
2026-10-09 23:00:12.050   Time stamp of our file: 2026-10-09 22:58:06.000
2026-10-09 23:00:12.050   Dest file exists.
2026-10-09 23:00:12.050   Time stamp of existing file: 2026-10-09 22:58:06.000
2026-10-09 23:00:12.050   Installing the file.
2026-10-09 23:00:12.050   Successfully installed the file.
2026-10-09 23:00:12.050   -- File entry --
2026-10-09 23:00:12.050   Dest filename: D:\a\_temp\agym-c64-38001250527-5872-u8q4q801\client\Recepcion\_internal\tzdata\zoneinfo\Etc\Zulu
2026-10-09 23:00:12.050   Time stamp of our file: 2026-10-09 22:58:06.000
2026-10-09 23:00:12.050   Dest file exists.
2026-10-09 23:00:12.050   Time stamp of existing file: 2026-10-09 22:58:06.000
2026-10-09 23:00:12.050   Installing the file.
2026-10-09 23:00:12.050   Successfully installed the file.
2026-10-09 23:00:12.050   -- File entry --
2026-10-09 23:00:12.050   Dest filename: D:\a\_temp\agym-c64-38001250527-5872-u8q4q801\client\Recepcion\_internal\tzdata\zoneinfo\Etc\__init__.py
2026-10-09 23:00:12.050   Time stamp of our file: 2026-10-09 22:58:06.000
2026-10-09 23:00:12.050   Dest file exists.
2026-10-09 23:00:12.050   Time stamp of existing file: 2026-10-09 22:58:06.000
2026-10-09 23:00:12.050   Installing the file.
2026-10-09 23:00:12.050   Successfully installed the file.
2026-10-09 23:00:12.050   -- File entry --
2026-10-09 23:00:12.050   Dest filename: D:\a\_temp\agym-c64-38001250527-5872-u8q4q801\client\Recepcion\_internal\tzdata\zoneinfo\Europe\Amsterdam
2026-10-09 23:00:12.050   Time stamp of our file: 2026-10-09 22:58:06.000
2026-10-09 23:00:12.050   Dest file exists.
2026-10-09 23:00:12.050   Time stamp of existing file: 2026-10-09 22:58:06.000
2026-10-09 23:00:12.050   Installing the file.
2026-10-09 23:00:12.050   Successfully installed the file.
2026-10-09 23:00:12.050   -- File entry --
2026-10-09 23:00:12.050   Dest filename: D:\a\_temp\agym-c64-38001250527-5872-u8q4q801\client\Recepcion\_internal\tzdata\zoneinfo\Europe\Andorra
2026-10-09 23:00:12.050   Time stamp of our file: 2026-10-09 22:58:06.000
2026-10-09 23:00:12.050   Dest file exists.
2026-10-09 23:00:12.050   Time stamp of existing file: 2026-10-09 22:58:06.000
2026-10-09 23:00:12.050   Installing the file.
2026-10-09 23:00:12.050   Successfully installed the file.
2026-10-09 23:00:12.050   -- File entry --
2026-10-09 23:00:12.050   Dest filename: D:\a\_temp\agym-c64-38001250527-5872-u8q4q801\client\Recepcion\_internal\tzdata\zoneinfo\Europe\Astrakhan
2026-10-09 23:00:12.050   Time stamp of our file: 2026-10-09 22:58:06.000
2026-10-09 23:00:12.050   Dest file exists.
2026-10-09 23:00:12.050   Time stamp of existing file: 2026-10-09 22:58:06.000
2026-10-09 23:00:12.050   Installing the file.
2026-10-09 23:00:12.050   Successfully installed the file.
2026-10-09 23:00:12.050   -- File entry --
2026-10-09 23:00:12.050   Dest filename: D:\a\_temp\agym-c64-38001250527-5872-u8q4q801\client\Recepcion\_internal\tzdata\zoneinfo\Europe\Athens
2026-10-09 23:00:12.050   Time stamp of our file: 2026-10-09 22:58:06.000
2026-10-09 23:00:12.050   Dest file exists.
2026-10-09 23:00:12.050   Time stamp of existing file: 2026-10-09 22:58:06.000
2026-10-09 23:00:12.050   Installing the file.
2026-10-09 23:00:12.050   Successfully installed the file.
2026-10-09 23:00:12.050   -- File entry --
2026-10-09 23:00:12.050   Dest filename: D:\a\_temp\agym-c64-38001250527-5872-u8q4q801\client\Recepcion\_internal\tzdata\zoneinfo\Europe\Belfast
2026-10-09 23:00:12.050   Time stamp of our file: 2026-10-09 22:58:06.000
2026-10-09 23:00:12.050   Dest file exists.
2026-10-09 23:00:12.050   Time stamp of existing file: 2026-10-09 22:58:06.000
2026-10-09 23:00:12.050   Installing the file.
2026-10-09 23:00:12.050   Successfully installed the file.
2026-10-09 23:00:12.050   -- File entry --
2026-10-09 23:00:12.050   Dest filename: D:\a\_temp\agym-c64-38001250527-5872-u8q4q801\client\Recepcion\_internal\tzdata\zoneinfo\Europe\Belgrade
2026-10-09 23:00:12.050   Time stamp of our file: 2026-10-09 22:58:06.000
2026-10-09 23:00:12.050   Dest file exists.
2026-10-09 23:00:12.050   Time stamp of existing file: 2026-10-09 22:58:06.000
2026-10-09 23:00:12.050   Installing the file.
2026-10-09 23:00:12.050   Successfully installed the file.
2026-10-09 23:00:12.050   -- File entry --
2026-10-09 23:00:12.066   Dest filename: D:\a\_temp\agym-c64-38001250527-5872-u8q4q801\client\Recepcion\_internal\tzdata\zoneinfo\Europe\Berlin
2026-10-09 23:00:12.066   Time stamp of our file: 2026-10-09 22:58:06.000
2026-10-09 23:00:12.066   Dest file exists.
2026-10-09 23:00:12.066   Time stamp of existing file: 2026-10-09 22:58:06.000
2026-10-09 23:00:12.066   Installing the file.
2026-10-09 23:00:12.066   Successfully installed the file.
2026-10-09 23:00:12.066   -- File entry --
2026-10-09 23:00:12.066   Dest filename: D:\a\_temp\agym-c64-38001250527-5872-u8q4q801\client\Recepcion\_internal\tzdata\zoneinfo\Europe\Bratislava
2026-10-09 23:00:12.066   Time stamp of our file: 2026-10-09 22:58:06.000
2026-10-09 23:00:12.066   Dest file exists.
2026-10-09 23:00:12.066   Time stamp of existing file: 2026-10-09 22:58:06.000
2026-10-09 23:00:12.066   Installing the file.
2026-10-09 23:00:12.066   Successfully installed the file.
2026-10-09 23:00:12.066   -- File entry --
2026-10-09 23:00:12.066   Dest filename: D:\a\_temp\agym-c64-38001250527-5872-u8q4q801\client\Recepcion\_internal\tzdata\zoneinfo\Europe\Brussels
2026-10-09 23:00:12.066   Time stamp of our file: 2026-10-09 22:58:06.000
2026-10-09 23:00:12.066   Dest file exists.
2026-10-09 23:00:12.066   Time stamp of existing file: 2026-10-09 22:58:06.000
2026-10-09 23:00:12.066   Installing the file.
2026-10-09 23:00:12.066   Successfully installed the file.
2026-10-09 23:00:12.066   -- File entry --
2026-10-09 23:00:12.066   Dest filename: D:\a\_temp\agym-c64-38001250527-5872-u8q4q801\client\Recepcion\_internal\tzdata\zoneinfo\Europe\Bucharest
2026-10-09 23:00:12.066   Time stamp of our file: 2026-10-09 22:58:06.000
2026-10-09 23:00:12.066   Dest file exists.
2026-10-09 23:00:12.066   Time stamp of existing file: 2026-10-09 22:58:06.000
2026-10-09 23:00:12.066   Installing the file.
2026-10-09 23:00:12.066   Successfully installed the file.
2026-10-09 23:00:12.066   -- File entry --
2026-10-09 23:00:12.066   Dest filename: D:\a\_temp\agym-c64-38001250527-5872-u8q4q801\client\Recepcion\_internal\tzdata\zoneinfo\Europe\Budapest
2026-10-09 23:00:12.066   Time stamp of our file: 2026-10-09 22:58:06.000
2026-10-09 23:00:12.066   Dest file exists.
2026-10-09 23:00:12.066   Time stamp of existing file: 2026-10-09 22:58:06.000
2026-10-09 23:00:12.066   Installing the file.
2026-10-09 23:00:12.066   Successfully installed the file.
2026-10-09 23:00:12.066   -- File entry --
2026-10-09 23:00:12.066   Dest filename: D:\a\_temp\agym-c64-38001250527-5872-u8q4q801\client\Recepcion\_internal\tzdata\zoneinfo\Europe\Busingen
2026-10-09 23:00:12.066   Time stamp of our file: 2026-10-09 22:58:06.000
2026-10-09 23:00:12.066   Dest file exists.
2026-10-09 23:00:12.066   Time stamp of existing file: 2026-10-09 22:58:06.000
2026-10-09 23:00:12.066   Installing the file.
2026-10-09 23:00:12.066   Successfully installed the file.
2026-10-09 23:00:12.066   -- File entry --
2026-10-09 23:00:12.066   Dest filename: D:\a\_temp\agym-c64-38001250527-5872-u8q4q801\client\Recepcion\_internal\tzdata\zoneinfo\Europe\Chisinau
2026-10-09 23:00:12.066   Time stamp of our file: 2026-10-09 22:58:06.000
2026-10-09 23:00:12.066   Dest file exists.
2026-10-09 23:00:12.066   Time stamp of existing file: 2026-10-09 22:58:06.000
2026-10-09 23:00:12.066   Installing the file.
2026-10-09 23:00:12.066   Successfully installed the file.
2026-10-09 23:00:12.066   -- File entry --
2026-10-09 23:00:12.066   Dest filename: D:\a\_temp\agym-c64-38001250527-5872-u8q4q801\client\Recepcion\_internal\tzdata\zoneinfo\Europe\Copenhagen
2026-10-09 23:00:12.066   Time stamp of our file: 2026-10-09 22:58:06.000
2026-10-09 23:00:12.066   Dest file exists.
2026-10-09 23:00:12.066   Time stamp of existing file: 2026-10-09 22:58:06.000
2026-10-09 23:00:12.066   Installing the file.
2026-10-09 23:00:12.066   Successfully installed the file.
2026-10-09 23:00:12.066   -- File entry --
2026-10-09 23:00:12.066   Dest filename: D:\a\_temp\agym-c64-38001250527-5872-u8q4q801\client\Recepcion\_internal\tzdata\zoneinfo\Europe\Dublin
2026-10-09 23:00:12.066   Time stamp of our file: 2026-10-09 22:58:06.000
2026-10-09 23:00:12.066   Dest file exists.
2026-10-09 23:00:12.066   Time stamp of existing file: 2026-10-09 22:58:06.000
2026-10-09 23:00:12.066   Installing the file.
2026-10-09 23:00:12.066   Successfully installed the file.
2026-10-09 23:00:12.066   -- File entry --
2026-10-09 23:00:12.066   Dest filename: D:\a\_temp\agym-c64-38001250527-5872-u8q4q801\client\Recepcion\_internal\tzdata\zoneinfo\Europe\Gibraltar
2026-10-09 23:00:12.066   Time stamp of our file: 2026-10-09 22:58:06.000
2026-10-09 23:00:12.066   Dest file exists.
2026-10-09 23:00:12.066   Time stamp of existing file: 2026-10-09 22:58:06.000
2026-10-09 23:00:12.066   Installing the file.
2026-10-09 23:00:12.066   Successfully installed the file.
2026-10-09 23:00:12.066   -- File entry --
2026-10-09 23:00:12.066   Dest filename: D:\a\_temp\agym-c64-38001250527-5872-u8q4q801\client\Recepcion\_internal\tzdata\zoneinfo\Europe\Guernsey
2026-10-09 23:00:12.066   Time stamp of our file: 2026-10-09 22:58:06.000
2026-10-09 23:00:12.066   Dest file exists.
2026-10-09 23:00:12.066   Time stamp of existing file: 2026-10-09 22:58:06.000
2026-10-09 23:00:12.066   Installing the file.
2026-10-09 23:00:12.066   Successfully installed the file.
2026-10-09 23:00:12.066   -- File entry --
2026-10-09 23:00:12.066   Dest filename: D:\a\_temp\agym-c64-38001250527-5872-u8q4q801\client\Recepcion\_internal\tzdata\zoneinfo\Europe\Helsinki
2026-10-09 23:00:12.066   Time stamp of our file: 2026-10-09 22:58:06.000
2026-10-09 23:00:12.066   Dest file exists.
2026-10-09 23:00:12.066   Time stamp of existing file: 2026-10-09 22:58:06.000
2026-10-09 23:00:12.066   Installing the file.
2026-10-09 23:00:12.066   Successfully installed the file.
2026-10-09 23:00:12.066   -- File entry --
2026-10-09 23:00:12.066   Dest filename: D:\a\_temp\agym-c64-38001250527-5872-u8q4q801\client\Recepcion\_internal\tzdata\zoneinfo\Europe\Isle_of_Man
2026-10-09 23:00:12.066   Time stamp of our file: 2026-10-09 22:58:06.000
2026-10-09 23:00:12.066   Dest file exists.
2026-10-09 23:00:12.066   Time stamp of existing file: 2026-10-09 22:58:06.000
2026-10-09 23:00:12.066   Installing the file.
2026-10-09 23:00:12.066   Successfully installed the file.
2026-10-09 23:00:12.066   -- File entry --
2026-10-09 23:00:12.066   Dest filename: D:\a\_temp\agym-c64-38001250527-5872-u8q4q801\client\Recepcion\_internal\tzdata\zoneinfo\Europe\Istanbul
2026-10-09 23:00:12.066   Time stamp of our file: 2026-10-09 22:58:06.000
2026-10-09 23:00:12.066   Dest file exists.
2026-10-09 23:00:12.066   Time stamp of existing file: 2026-10-09 22:58:06.000
2026-10-09 23:00:12.066   Installing the file.
2026-10-09 23:00:12.066   Successfully installed the file.
2026-10-09 23:00:12.066   -- File entry --
2026-10-09 23:00:12.066   Dest filename: D:\a\_temp\agym-c64-38001250527-5872-u8q4q801\client\Recepcion\_internal\tzdata\zoneinfo\Europe\Jersey
2026-10-09 23:00:12.066   Time stamp of our file: 2026-10-09 22:58:06.000
2026-10-09 23:00:12.066   Dest file exists.
2026-10-09 23:00:12.066   Time stamp of existing file: 2026-10-09 22:58:06.000
2026-10-09 23:00:12.066   Installing the file.
2026-10-09 23:00:12.066   Successfully installed the file.
2026-10-09 23:00:12.066   -- File entry --
2026-10-09 23:00:12.066   Dest filename: D:\a\_temp\agym-c64-38001250527-5872-u8q4q801\client\Recepcion\_internal\tzdata\zoneinfo\Europe\Kaliningrad
2026-10-09 23:00:12.066   Time stamp of our file: 2026-10-09 22:58:06.000
2026-10-09 23:00:12.066   Dest file exists.
2026-10-09 23:00:12.066   Time stamp of existing file: 2026-10-09 22:58:06.000
2026-10-09 23:00:12.066   Installing the file.
2026-10-09 23:00:12.066   Successfully installed the file.
2026-10-09 23:00:12.066   -- File entry --
2026-10-09 23:00:12.066   Dest filename: D:\a\_temp\agym-c64-38001250527-5872-u8q4q801\client\Recepcion\_internal\tzdata\zoneinfo\Europe\Kiev
2026-10-09 23:00:12.066   Time stamp of our file: 2026-10-09 22:58:06.000
2026-10-09 23:00:12.066   Dest file exists.
2026-10-09 23:00:12.066   Time stamp of existing file: 2026-10-09 22:58:06.000
2026-10-09 23:00:12.066   Installing the file.
2026-10-09 23:00:12.066   Successfully installed the file.
2026-10-09 23:00:12.066   -- File entry --
2026-10-09 23:00:12.066   Dest filename: D:\a\_temp\agym-c64-38001250527-5872-u8q4q801\client\Recepcion\_internal\tzdata\zoneinfo\Europe\Kirov
2026-10-09 23:00:12.066   Time stamp of our file: 2026-10-09 22:58:06.000
2026-10-09 23:00:12.066   Dest file exists.
2026-10-09 23:00:12.066   Time stamp of existing file: 2026-10-09 22:58:06.000
2026-10-09 23:00:12.066   Installing the file.
2026-10-09 23:00:12.066   Successfully installed the file.
2026-10-09 23:00:12.081   -- File entry --
2026-10-09 23:00:12.081   Dest filename: D:\a\_temp\agym-c64-38001250527-5872-u8q4q801\client\Recepcion\_internal\tzdata\zoneinfo\Europe\Kyiv
2026-10-09 23:00:12.081   Time stamp of our file: 2026-10-09 22:58:06.000
2026-10-09 23:00:12.081   Dest file exists.
2026-10-09 23:00:12.081   Time stamp of existing file: 2026-10-09 22:58:06.000
2026-10-09 23:00:12.081   Installing the file.
2026-10-09 23:00:12.081   Successfully installed the file.
2026-10-09 23:00:12.081   -- File entry --
2026-10-09 23:00:12.081   Dest filename: D:\a\_temp\agym-c64-38001250527-5872-u8q4q801\client\Recepcion\_internal\tzdata\zoneinfo\Europe\Lisbon
2026-10-09 23:00:12.081   Time stamp of our file: 2026-10-09 22:58:06.000
2026-10-09 23:00:12.081   Dest file exists.
2026-10-09 23:00:12.081   Time stamp of existing file: 2026-10-09 22:58:06.000
2026-10-09 23:00:12.081   Installing the file.
2026-10-09 23:00:12.081   Successfully installed the file.
2026-10-09 23:00:12.081   -- File entry --
2026-10-09 23:00:12.081   Dest filename: D:\a\_temp\agym-c64-38001250527-5872-u8q4q801\client\Recepcion\_internal\tzdata\zoneinfo\Europe\Ljubljana
2026-10-09 23:00:12.081   Time stamp of our file: 2026-10-09 22:58:06.000
2026-10-09 23:00:12.081   Dest file exists.
2026-10-09 23:00:12.081   Time stamp of existing file: 2026-10-09 22:58:06.000
2026-10-09 23:00:12.081   Installing the file.
2026-10-09 23:00:12.081   Successfully installed the file.
2026-10-09 23:00:12.081   -- File entry --
2026-10-09 23:00:12.081   Dest filename: D:\a\_temp\agym-c64-38001250527-5872-u8q4q801\client\Recepcion\_internal\tzdata\zoneinfo\Europe\London
2026-10-09 23:00:12.081   Time stamp of our file: 2026-10-09 22:58:06.000
2026-10-09 23:00:12.081   Dest file exists.
2026-10-09 23:00:12.081   Time stamp of existing file: 2026-10-09 22:58:06.000
2026-10-09 23:00:12.081   Installing the file.
2026-10-09 23:00:12.081   Successfully installed the file.
2026-10-09 23:00:12.081   -- File entry --
2026-10-09 23:00:12.081   Dest filename: D:\a\_temp\agym-c64-38001250527-5872-u8q4q801\client\Recepcion\_internal\tzdata\zoneinfo\Europe\Luxembourg
2026-10-09 23:00:12.081   Time stamp of our file: 2026-10-09 22:58:06.000
2026-10-09 23:00:12.081   Dest file exists.
2026-10-09 23:00:12.081   Time stamp of existing file: 2026-10-09 22:58:06.000
2026-10-09 23:00:12.081   Installing the file.
2026-10-09 23:00:12.081   Successfully installed the file.
2026-10-09 23:00:12.081   -- File entry --
2026-10-09 23:00:12.081   Dest filename: D:\a\_temp\agym-c64-38001250527-5872-u8q4q801\client\Recepcion\_internal\tzdata\zoneinfo\Europe\Madrid
2026-10-09 23:00:12.081   Time stamp of our file: 2026-10-09 22:58:06.000
2026-10-09 23:00:12.081   Dest file exists.
2026-10-09 23:00:12.081   Time stamp of existing file: 2026-10-09 22:58:06.000
2026-10-09 23:00:12.081   Installing the file.
2026-10-09 23:00:12.081   Successfully installed the file.
2026-10-09 23:00:12.081   -- File entry --
2026-10-09 23:00:12.081   Dest filename: D:\a\_temp\agym-c64-38001250527-5872-u8q4q801\client\Recepcion\_internal\tzdata\zoneinfo\Europe\Malta
2026-10-09 23:00:12.081   Time stamp of our file: 2026-10-09 22:58:06.000
2026-10-09 23:00:12.081   Dest file exists.
2026-10-09 23:00:12.081   Time stamp of existing file: 2026-10-09 22:58:06.000
2026-10-09 23:00:12.081   Installing the file.
2026-10-09 23:00:12.081   Successfully installed the file.
2026-10-09 23:00:12.081   -- File entry --
2026-10-09 23:00:12.081   Dest filename: D:\a\_temp\agym-c64-38001250527-5872-u8q4q801\client\Recepcion\_internal\tzdata\zoneinfo\Europe\Mariehamn
2026-10-09 23:00:12.081   Time stamp of our file: 2026-10-09 22:58:06.000
2026-10-09 23:00:12.081   Dest file exists.
2026-10-09 23:00:12.081   Time stamp of existing file: 2026-10-09 22:58:06.000
2026-10-09 23:00:12.081   Installing the file.
2026-10-09 23:00:12.081   Successfully installed the file.
2026-10-09 23:00:12.081   -- File entry --
2026-10-09 23:00:12.081   Dest filename: D:\a\_temp\agym-c64-38001250527-5872-u8q4q801\client\Recepcion\_internal\tzdata\zoneinfo\Europe\Minsk
2026-10-09 23:00:12.081   Time stamp of our file: 2026-10-09 22:58:06.000
2026-10-09 23:00:12.081   Dest file exists.
2026-10-09 23:00:12.081   Time stamp of existing file: 2026-10-09 22:58:06.000
2026-10-09 23:00:12.081   Installing the file.
2026-10-09 23:00:12.081   Successfully installed the file.
2026-10-09 23:00:12.081   -- File entry --
2026-10-09 23:00:12.081   Dest filename: D:\a\_temp\agym-c64-38001250527-5872-u8q4q801\client\Recepcion\_internal\tzdata\zoneinfo\Europe\Monaco
2026-10-09 23:00:12.081   Time stamp of our file: 2026-10-09 22:58:06.000
2026-10-09 23:00:12.081   Dest file exists.
2026-10-09 23:00:12.081   Time stamp of existing file: 2026-10-09 22:58:06.000
2026-10-09 23:00:12.081   Installing the file.
2026-10-09 23:00:12.081   Successfully installed the file.
2026-10-09 23:00:12.081   -- File entry --
2026-10-09 23:00:12.081   Dest filename: D:\a\_temp\agym-c64-38001250527-5872-u8q4q801\client\Recepcion\_internal\tzdata\zoneinfo\Europe\Moscow
2026-10-09 23:00:12.081   Time stamp of our file: 2026-10-09 22:58:06.000
2026-10-09 23:00:12.081   Dest file exists.
2026-10-09 23:00:12.081   Time stamp of existing file: 2026-10-09 22:58:06.000
2026-10-09 23:00:12.081   Installing the file.
2026-10-09 23:00:12.081   Successfully installed the file.
2026-10-09 23:00:12.081   -- File entry --
2026-10-09 23:00:12.081   Dest filename: D:\a\_temp\agym-c64-38001250527-5872-u8q4q801\client\Recepcion\_internal\tzdata\zoneinfo\Europe\Nicosia
2026-10-09 23:00:12.081   Time stamp of our file: 2026-10-09 22:58:06.000
2026-10-09 23:00:12.081   Dest file exists.
2026-10-09 23:00:12.081   Time stamp of existing file: 2026-10-09 22:58:06.000
2026-10-09 23:00:12.081   Installing the file.
2026-10-09 23:00:12.081   Successfully installed the file.
2026-10-09 23:00:12.081   -- File entry --
2026-10-09 23:00:12.081   Dest filename: D:\a\_temp\agym-c64-38001250527-5872-u8q4q801\client\Recepcion\_internal\tzdata\zoneinfo\Europe\Oslo
2026-10-09 23:00:12.081   Time stamp of our file: 2026-10-09 22:58:06.000
2026-10-09 23:00:12.081   Dest file exists.
2026-10-09 23:00:12.081   Time stamp of existing file: 2026-10-09 22:58:06.000
2026-10-09 23:00:12.081   Installing the file.
2026-10-09 23:00:12.081   Successfully installed the file.
2026-10-09 23:00:12.081   -- File entry --
2026-10-09 23:00:12.081   Dest filename: D:\a\_temp\agym-c64-38001250527-5872-u8q4q801\client\Recepcion\_internal\tzdata\zoneinfo\Europe\Paris
2026-10-09 23:00:12.081   Time stamp of our file: 2026-10-09 22:58:06.000
2026-10-09 23:00:12.081   Dest file exists.
2026-10-09 23:00:12.081   Time stamp of existing file: 2026-10-09 22:58:06.000
2026-10-09 23:00:12.081   Installing the file.
2026-10-09 23:00:12.081   Successfully installed the file.
2026-10-09 23:00:12.081   -- File entry --
2026-10-09 23:00:12.081   Dest filename: D:\a\_temp\agym-c64-38001250527-5872-u8q4q801\client\Recepcion\_internal\tzdata\zoneinfo\Europe\Podgorica
2026-10-09 23:00:12.081   Time stamp of our file: 2026-10-09 22:58:06.000
2026-10-09 23:00:12.081   Dest file exists.
2026-10-09 23:00:12.081   Time stamp of existing file: 2026-10-09 22:58:06.000
2026-10-09 23:00:12.081   Installing the file.
2026-10-09 23:00:12.081   Successfully installed the file.
2026-10-09 23:00:12.081   -- File entry --
2026-10-09 23:00:12.081   Dest filename: D:\a\_temp\agym-c64-38001250527-5872-u8q4q801\client\Recepcion\_internal\tzdata\zoneinfo\Europe\Prague
2026-10-09 23:00:12.081   Time stamp of our file: 2026-10-09 22:58:06.000
2026-10-09 23:00:12.081   Dest file exists.
2026-10-09 23:00:12.081   Time stamp of existing file: 2026-10-09 22:58:06.000
2026-10-09 23:00:12.081   Installing the file.
2026-10-09 23:00:12.081   Successfully installed the file.
2026-10-09 23:00:12.081   -- File entry --
2026-10-09 23:00:12.081   Dest filename: D:\a\_temp\agym-c64-38001250527-5872-u8q4q801\client\Recepcion\_internal\tzdata\zoneinfo\Europe\Riga
2026-10-09 23:00:12.081   Time stamp of our file: 2026-10-09 22:58:06.000
2026-10-09 23:00:12.081   Dest file exists.
2026-10-09 23:00:12.081   Time stamp of existing file: 2026-10-09 22:58:06.000
2026-10-09 23:00:12.081   Installing the file.
2026-10-09 23:00:12.081   Successfully installed the file.
2026-10-09 23:00:12.081   -- File entry --
2026-10-09 23:00:12.081   Dest filename: D:\a\_temp\agym-c64-38001250527-5872-u8q4q801\client\Recepcion\_internal\tzdata\zoneinfo\Europe\Rome
2026-10-09 23:00:12.081   Time stamp of our file: 2026-10-09 22:58:06.000
2026-10-09 23:00:12.081   Dest file exists.
2026-10-09 23:00:12.081   Time stamp of existing file: 2026-10-09 22:58:06.000
2026-10-09 23:00:12.081   Installing the file.
2026-10-09 23:00:12.081   Successfully installed the file.
2026-10-09 23:00:12.081   -- File entry --
2026-10-09 23:00:12.081   Dest filename: D:\a\_temp\agym-c64-38001250527-5872-u8q4q801\client\Recepcion\_internal\tzdata\zoneinfo\Europe\Samara
2026-10-09 23:00:12.081   Time stamp of our file: 2026-10-09 22:58:06.000
2026-10-09 23:00:12.081   Dest file exists.
2026-10-09 23:00:12.081   Time stamp of existing file: 2026-10-09 22:58:06.000
2026-10-09 23:00:12.081   Installing the file.
2026-10-09 23:00:12.081   Successfully installed the file.
2026-10-09 23:00:12.081   -- File entry --
2026-10-09 23:00:12.081   Dest filename: D:\a\_temp\agym-c64-38001250527-5872-u8q4q801\client\Recepcion\_internal\tzdata\zoneinfo\Europe\San_Marino
2026-10-09 23:00:12.081   Time stamp of our file: 2026-10-09 22:58:06.000
2026-10-09 23:00:12.081   Dest file exists.
2026-10-09 23:00:12.081   Time stamp of existing file: 2026-10-09 22:58:06.000
2026-10-09 23:00:12.081   Installing the file.
2026-10-09 23:00:12.081   Successfully installed the file.
2026-10-09 23:00:12.081   -- File entry --
2026-10-09 23:00:12.081   Dest filename: D:\a\_temp\agym-c64-38001250527-5872-u8q4q801\client\Recepcion\_internal\tzdata\zoneinfo\Europe\Sarajevo
2026-10-09 23:00:12.081   Time stamp of our file: 2026-10-09 22:58:06.000
2026-10-09 23:00:12.081   Dest file exists.
2026-10-09 23:00:12.081   Time stamp of existing file: 2026-10-09 22:58:06.000
2026-10-09 23:00:12.081   Installing the file.
2026-10-09 23:00:12.081   Successfully installed the file.
2026-10-09 23:00:12.081   -- File entry --
2026-10-09 23:00:12.081   Dest filename: D:\a\_temp\agym-c64-38001250527-5872-u8q4q801\client\Recepcion\_internal\tzdata\zoneinfo\Europe\Saratov
2026-10-09 23:00:12.081   Time stamp of our file: 2026-10-09 22:58:06.000
2026-10-09 23:00:12.081   Dest file exists.
2026-10-09 23:00:12.081   Time stamp of existing file: 2026-10-09 22:58:06.000
2026-10-09 23:00:12.081   Installing the file.
2026-10-09 23:00:12.081   Successfully installed the file.
2026-10-09 23:00:12.081   -- File entry --
2026-10-09 23:00:12.081   Dest filename: D:\a\_temp\agym-c64-38001250527-5872-u8q4q801\client\Recepcion\_internal\tzdata\zoneinfo\Europe\Simferopol
2026-10-09 23:00:12.081   Time stamp of our file: 2026-10-09 22:58:06.000
2026-10-09 23:00:12.081   Dest file exists.
2026-10-09 23:00:12.081   Time stamp of existing file: 2026-10-09 22:58:06.000
2026-10-09 23:00:12.081   Installing the file.
2026-10-09 23:00:12.081   Successfully installed the file.
2026-10-09 23:00:12.081   -- File entry --
2026-10-09 23:00:12.081   Dest filename: D:\a\_temp\agym-c64-38001250527-5872-u8q4q801\client\Recepcion\_internal\tzdata\zoneinfo\Europe\Skopje
2026-10-09 23:00:12.081   Time stamp of our file: 2026-10-09 22:58:06.000
2026-10-09 23:00:12.081   Dest file exists.
2026-10-09 23:00:12.081   Time stamp of existing file: 2026-10-09 22:58:06.000
2026-10-09 23:00:12.081   Installing the file.
2026-10-09 23:00:12.081   Successfully installed the file.
2026-10-09 23:00:12.081   -- File entry --
2026-10-09 23:00:12.081   Dest filename: D:\a\_temp\agym-c64-38001250527-5872-u8q4q801\client\Recepcion\_internal\tzdata\zoneinfo\Europe\Sofia
2026-10-09 23:00:12.081   Time stamp of our file: 2026-10-09 22:58:06.000
2026-10-09 23:00:12.081   Dest file exists.
2026-10-09 23:00:12.081   Time stamp of existing file: 2026-10-09 22:58:06.000
2026-10-09 23:00:12.081   Installing the file.
2026-10-09 23:00:12.081   Successfully installed the file.
2026-10-09 23:00:12.081   -- File entry --
2026-10-09 23:00:12.081   Dest filename: D:\a\_temp\agym-c64-38001250527-5872-u8q4q801\client\Recepcion\_internal\tzdata\zoneinfo\Europe\Stockholm
2026-10-09 23:00:12.081   Time stamp of our file: 2026-10-09 22:58:06.000
2026-10-09 23:00:12.081   Dest file exists.
2026-10-09 23:00:12.081   Time stamp of existing file: 2026-10-09 22:58:06.000
2026-10-09 23:00:12.081   Installing the file.
2026-10-09 23:00:12.081   Successfully installed the file.
2026-10-09 23:00:12.081   -- File entry --
2026-10-09 23:00:12.081   Dest filename: D:\a\_temp\agym-c64-38001250527-5872-u8q4q801\client\Recepcion\_internal\tzdata\zoneinfo\Europe\Tallinn
2026-10-09 23:00:12.081   Time stamp of our file: 2026-10-09 22:58:06.000
2026-10-09 23:00:12.081   Dest file exists.
2026-10-09 23:00:12.081   Time stamp of existing file: 2026-10-09 22:58:06.000
2026-10-09 23:00:12.081   Installing the file.
2026-10-09 23:00:12.081   Successfully installed the file.
2026-10-09 23:00:12.081   -- File entry --
2026-10-09 23:00:12.081   Dest filename: D:\a\_temp\agym-c64-38001250527-5872-u8q4q801\client\Recepcion\_internal\tzdata\zoneinfo\Europe\Tirane
2026-10-09 23:00:12.081   Time stamp of our file: 2026-10-09 22:58:06.000
2026-10-09 23:00:12.081   Dest file exists.
2026-10-09 23:00:12.081   Time stamp of existing file: 2026-10-09 22:58:06.000
2026-10-09 23:00:12.081   Installing the file.
2026-10-09 23:00:12.081   Successfully installed the file.
2026-10-09 23:00:12.081   -- File entry --
2026-10-09 23:00:12.081   Dest filename: D:\a\_temp\agym-c64-38001250527-5872-u8q4q801\client\Recepcion\_internal\tzdata\zoneinfo\Europe\Tiraspol
2026-10-09 23:00:12.097   Time stamp of our file: 2026-10-09 22:58:06.000
2026-10-09 23:00:12.097   Dest file exists.
2026-10-09 23:00:12.097   Time stamp of existing file: 2026-10-09 22:58:06.000
2026-10-09 23:00:12.097   Installing the file.
2026-10-09 23:00:12.097   Successfully installed the file.
2026-10-09 23:00:12.097   -- File entry --
2026-10-09 23:00:12.097   Dest filename: D:\a\_temp\agym-c64-38001250527-5872-u8q4q801\client\Recepcion\_internal\tzdata\zoneinfo\Europe\Ulyanovsk
2026-10-09 23:00:12.097   Time stamp of our file: 2026-10-09 22:58:06.000
2026-10-09 23:00:12.097   Dest file exists.
2026-10-09 23:00:12.097   Time stamp of existing file: 2026-10-09 22:58:06.000
2026-10-09 23:00:12.097   Installing the file.
2026-10-09 23:00:12.097   Successfully installed the file.
2026-10-09 23:00:12.097   -- File entry --
2026-10-09 23:00:12.097   Dest filename: D:\a\_temp\agym-c64-38001250527-5872-u8q4q801\client\Recepcion\_internal\tzdata\zoneinfo\Europe\Uzhgorod
2026-10-09 23:00:12.097   Time stamp of our file: 2026-10-09 22:58:06.000
2026-10-09 23:00:12.097   Dest file exists.
2026-10-09 23:00:12.097   Time stamp of existing file: 2026-10-09 22:58:06.000
2026-10-09 23:00:12.097   Installing the file.
2026-10-09 23:00:12.097   Successfully installed the file.
2026-10-09 23:00:12.097   -- File entry --
2026-10-09 23:00:12.097   Dest filename: D:\a\_temp\agym-c64-38001250527-5872-u8q4q801\client\Recepcion\_internal\tzdata\zoneinfo\Europe\Vaduz
2026-10-09 23:00:12.097   Time stamp of our file: 2026-10-09 22:58:06.000
2026-10-09 23:00:12.097   Dest file exists.
2026-10-09 23:00:12.097   Time stamp of existing file: 2026-10-09 22:58:06.000
2026-10-09 23:00:12.097   Installing the file.
2026-10-09 23:00:12.097   Successfully installed the file.
2026-10-09 23:00:12.097   -- File entry --
2026-10-09 23:00:12.097   Dest filename: D:\a\_temp\agym-c64-38001250527-5872-u8q4q801\client\Recepcion\_internal\tzdata\zoneinfo\Europe\Vatican
2026-10-09 23:00:12.097   Time stamp of our file: 2026-10-09 22:58:06.000
2026-10-09 23:00:12.097   Dest file exists.
2026-10-09 23:00:12.097   Time stamp of existing file: 2026-10-09 22:58:06.000
2026-10-09 23:00:12.097   Installing the file.
2026-10-09 23:00:12.097   Successfully installed the file.
2026-10-09 23:00:12.097   -- File entry --
2026-10-09 23:00:12.097   Dest filename: D:\a\_temp\agym-c64-38001250527-5872-u8q4q801\client\Recepcion\_internal\tzdata\zoneinfo\Europe\Vienna
2026-10-09 23:00:12.097   Time stamp of our file: 2026-10-09 22:58:06.000
2026-10-09 23:00:12.097   Dest file exists.
2026-10-09 23:00:12.097   Time stamp of existing file: 2026-10-09 22:58:06.000
2026-10-09 23:00:12.097   Installing the file.
2026-10-09 23:00:12.097   Successfully installed the file.
2026-10-09 23:00:12.097   -- File entry --
2026-10-09 23:00:12.097   Dest filename: D:\a\_temp\agym-c64-38001250527-5872-u8q4q801\client\Recepcion\_internal\tzdata\zoneinfo\Europe\Vilnius
2026-10-09 23:00:12.097   Time stamp of our file: 2026-10-09 22:58:06.000
2026-10-09 23:00:12.097   Dest file exists.
2026-10-09 23:00:12.097   Time stamp of existing file: 2026-10-09 22:58:06.000
2026-10-09 23:00:12.097   Installing the file.
2026-10-09 23:00:12.097   Successfully installed the file.
2026-10-09 23:00:12.097   -- File entry --
2026-10-09 23:00:12.097   Dest filename: D:\a\_temp\agym-c64-38001250527-5872-u8q4q801\client\Recepcion\_internal\tzdata\zoneinfo\Europe\Volgograd
2026-10-09 23:00:12.097   Time stamp of our file: 2026-10-09 22:58:06.000
2026-10-09 23:00:12.097   Dest file exists.
2026-10-09 23:00:12.097   Time stamp of existing file: 2026-10-09 22:58:06.000
2026-10-09 23:00:12.097   Installing the file.
2026-10-09 23:00:12.097   Successfully installed the file.
2026-10-09 23:00:12.097   -- File entry --
2026-10-09 23:00:12.097   Dest filename: D:\a\_temp\agym-c64-38001250527-5872-u8q4q801\client\Recepcion\_internal\tzdata\zoneinfo\Europe\Warsaw
2026-10-09 23:00:12.097   Time stamp of our file: 2026-10-09 22:58:06.000
2026-10-09 23:00:12.097   Dest file exists.
2026-10-09 23:00:12.097   Time stamp of existing file: 2026-10-09 22:58:06.000
2026-10-09 23:00:12.097   Installing the file.
2026-10-09 23:00:12.097   Successfully installed the file.
2026-10-09 23:00:12.097   -- File entry --
2026-10-09 23:00:12.097   Dest filename: D:\a\_temp\agym-c64-38001250527-5872-u8q4q801\client\Recepcion\_internal\tzdata\zoneinfo\Europe\Zagreb
2026-10-09 23:00:12.097   Time stamp of our file: 2026-10-09 22:58:06.000
2026-10-09 23:00:12.097   Dest file exists.
2026-10-09 23:00:12.097   Time stamp of existing file: 2026-10-09 22:58:06.000
2026-10-09 23:00:12.097   Installing the file.
2026-10-09 23:00:12.097   Successfully installed the file.
2026-10-09 23:00:12.097   -- File entry --
2026-10-09 23:00:12.097   Dest filename: D:\a\_temp\agym-c64-38001250527-5872-u8q4q801\client\Recepcion\_internal\tzdata\zoneinfo\Europe\Zaporozhye
2026-10-09 23:00:12.097   Time stamp of our file: 2026-10-09 22:58:06.000
2026-10-09 23:00:12.097   Dest file exists.
2026-10-09 23:00:12.097   Time stamp of existing file: 2026-10-09 22:58:06.000
2026-10-09 23:00:12.097   Installing the file.
2026-10-09 23:00:12.097   Successfully installed the file.
2026-10-09 23:00:12.097   -- File entry --
2026-10-09 23:00:12.097   Dest filename: D:\a\_temp\agym-c64-38001250527-5872-u8q4q801\client\Recepcion\_internal\tzdata\zoneinfo\Europe\Zurich
2026-10-09 23:00:12.097   Time stamp of our file: 2026-10-09 22:58:06.000
2026-10-09 23:00:12.097   Dest file exists.
2026-10-09 23:00:12.097   Time stamp of existing file: 2026-10-09 22:58:06.000
2026-10-09 23:00:12.097   Installing the file.
2026-10-09 23:00:12.097   Successfully installed the file.
2026-10-09 23:00:12.097   -- File entry --
2026-10-09 23:00:12.097   Dest filename: D:\a\_temp\agym-c64-38001250527-5872-u8q4q801\client\Recepcion\_internal\tzdata\zoneinfo\Europe\__init__.py
2026-10-09 23:00:12.097   Time stamp of our file: 2026-10-09 22:58:06.000
2026-10-09 23:00:12.097   Dest file exists.
2026-10-09 23:00:12.097   Time stamp of existing file: 2026-10-09 22:58:06.000
2026-10-09 23:00:12.097   Installing the file.
2026-10-09 23:00:12.097   Successfully installed the file.
2026-10-09 23:00:12.097   -- File entry --
2026-10-09 23:00:12.097   Dest filename: D:\a\_temp\agym-c64-38001250527-5872-u8q4q801\client\Recepcion\_internal\tzdata\zoneinfo\Indian\Antananarivo
2026-10-09 23:00:12.097   Time stamp of our file: 2026-10-09 22:58:06.000
2026-10-09 23:00:12.097   Dest file exists.
2026-10-09 23:00:12.097   Time stamp of existing file: 2026-10-09 22:58:06.000
2026-10-09 23:00:12.097   Installing the file.
2026-10-09 23:00:12.097   Successfully installed the file.
2026-10-09 23:00:12.097   -- File entry --
2026-10-09 23:00:12.097   Dest filename: D:\a\_temp\agym-c64-38001250527-5872-u8q4q801\client\Recepcion\_internal\tzdata\zoneinfo\Indian\Chagos
2026-10-09 23:00:12.097   Time stamp of our file: 2026-10-09 22:58:06.000
2026-10-09 23:00:12.097   Dest file exists.
2026-10-09 23:00:12.097   Time stamp of existing file: 2026-10-09 22:58:06.000
2026-10-09 23:00:12.097   Installing the file.
2026-10-09 23:00:12.097   Successfully installed the file.
2026-10-09 23:00:12.097   -- File entry --
2026-10-09 23:00:12.097   Dest filename: D:\a\_temp\agym-c64-38001250527-5872-u8q4q801\client\Recepcion\_internal\tzdata\zoneinfo\Indian\Christmas
2026-10-09 23:00:12.097   Time stamp of our file: 2026-10-09 22:58:06.000
2026-10-09 23:00:12.097   Dest file exists.
2026-10-09 23:00:12.097   Time stamp of existing file: 2026-10-09 22:58:06.000
2026-10-09 23:00:12.097   Installing the file.
2026-10-09 23:00:12.097   Successfully installed the file.
2026-10-09 23:00:12.097   -- File entry --
2026-10-09 23:00:12.097   Dest filename: D:\a\_temp\agym-c64-38001250527-5872-u8q4q801\client\Recepcion\_internal\tzdata\zoneinfo\Indian\Cocos
2026-10-09 23:00:12.097   Time stamp of our file: 2026-10-09 22:58:06.000
2026-10-09 23:00:12.097   Dest file exists.
2026-10-09 23:00:12.097   Time stamp of existing file: 2026-10-09 22:58:06.000
2026-10-09 23:00:12.097   Installing the file.
2026-10-09 23:00:12.097   Successfully installed the file.
2026-10-09 23:00:12.097   -- File entry --
2026-10-09 23:00:12.097   Dest filename: D:\a\_temp\agym-c64-38001250527-5872-u8q4q801\client\Recepcion\_internal\tzdata\zoneinfo\Indian\Comoro
2026-10-09 23:00:12.097   Time stamp of our file: 2026-10-09 22:58:06.000
2026-10-09 23:00:12.097   Dest file exists.
2026-10-09 23:00:12.097   Time stamp of existing file: 2026-10-09 22:58:06.000
2026-10-09 23:00:12.097   Installing the file.
2026-10-09 23:00:12.097   Successfully installed the file.
2026-10-09 23:00:12.097   -- File entry --
2026-10-09 23:00:12.097   Dest filename: D:\a\_temp\agym-c64-38001250527-5872-u8q4q801\client\Recepcion\_internal\tzdata\zoneinfo\Indian\Kerguelen
2026-10-09 23:00:12.097   Time stamp of our file: 2026-10-09 22:58:06.000
2026-10-09 23:00:12.097   Dest file exists.
2026-10-09 23:00:12.097   Time stamp of existing file: 2026-10-09 22:58:06.000
2026-10-09 23:00:12.097   Installing the file.
2026-10-09 23:00:12.097   Successfully installed the file.
2026-10-09 23:00:12.097   -- File entry --
2026-10-09 23:00:12.097   Dest filename: D:\a\_temp\agym-c64-38001250527-5872-u8q4q801\client\Recepcion\_internal\tzdata\zoneinfo\Indian\Mahe
2026-10-09 23:00:12.097   Time stamp of our file: 2026-10-09 22:58:06.000
2026-10-09 23:00:12.097   Dest file exists.
2026-10-09 23:00:12.097   Time stamp of existing file: 2026-10-09 22:58:06.000
2026-10-09 23:00:12.097   Installing the file.
2026-10-09 23:00:12.097   Successfully installed the file.
2026-10-09 23:00:12.097   -- File entry --
2026-10-09 23:00:12.097   Dest filename: D:\a\_temp\agym-c64-38001250527-5872-u8q4q801\client\Recepcion\_internal\tzdata\zoneinfo\Indian\Maldives
2026-10-09 23:00:12.097   Time stamp of our file: 2026-10-09 22:58:06.000
2026-10-09 23:00:12.097   Dest file exists.
2026-10-09 23:00:12.097   Time stamp of existing file: 2026-10-09 22:58:06.000
2026-10-09 23:00:12.097   Installing the file.
2026-10-09 23:00:12.097   Successfully installed the file.
2026-10-09 23:00:12.097   -- File entry --
2026-10-09 23:00:12.097   Dest filename: D:\a\_temp\agym-c64-38001250527-5872-u8q4q801\client\Recepcion\_internal\tzdata\zoneinfo\Indian\Mauritius
2026-10-09 23:00:12.097   Time stamp of our file: 2026-10-09 22:58:06.000
2026-10-09 23:00:12.097   Dest file exists.
2026-10-09 23:00:12.097   Time stamp of existing file: 2026-10-09 22:58:06.000
2026-10-09 23:00:12.097   Installing the file.
2026-10-09 23:00:12.097   Successfully installed the file.
2026-10-09 23:00:12.097   -- File entry --
2026-10-09 23:00:12.097   Dest filename: D:\a\_temp\agym-c64-38001250527-5872-u8q4q801\client\Recepcion\_internal\tzdata\zoneinfo\Indian\Mayotte
2026-10-09 23:00:12.097   Time stamp of our file: 2026-10-09 22:58:06.000
2026-10-09 23:00:12.097   Dest file exists.
2026-10-09 23:00:12.097   Time stamp of existing file: 2026-10-09 22:58:06.000
2026-10-09 23:00:12.097   Installing the file.
2026-10-09 23:00:12.097   Successfully installed the file.
2026-10-09 23:00:12.097   -- File entry --
2026-10-09 23:00:12.097   Dest filename: D:\a\_temp\agym-c64-38001250527-5872-u8q4q801\client\Recepcion\_internal\tzdata\zoneinfo\Indian\Reunion
2026-10-09 23:00:12.097   Time stamp of our file: 2026-10-09 22:58:06.000
2026-10-09 23:00:12.097   Dest file exists.
2026-10-09 23:00:12.097   Time stamp of existing file: 2026-10-09 22:58:06.000
2026-10-09 23:00:12.097   Installing the file.
2026-10-09 23:00:12.097   Successfully installed the file.
2026-10-09 23:00:12.097   -- File entry --
2026-10-09 23:00:12.097   Dest filename: D:\a\_temp\agym-c64-38001250527-5872-u8q4q801\client\Recepcion\_internal\tzdata\zoneinfo\Indian\__init__.py
2026-10-09 23:00:12.097   Time stamp of our file: 2026-10-09 22:58:06.000
2026-10-09 23:00:12.097   Dest file exists.
2026-10-09 23:00:12.097   Time stamp of existing file: 2026-10-09 22:58:06.000
2026-10-09 23:00:12.097   Installing the file.
2026-10-09 23:00:12.097   Successfully installed the file.
2026-10-09 23:00:12.097   -- File entry --
2026-10-09 23:00:12.097   Dest filename: D:\a\_temp\agym-c64-38001250527-5872-u8q4q801\client\Recepcion\_internal\tzdata\zoneinfo\Mexico\BajaNorte
2026-10-09 23:00:12.097   Time stamp of our file: 2026-10-09 22:58:06.000
2026-10-09 23:00:12.097   Dest file exists.
2026-10-09 23:00:12.097   Time stamp of existing file: 2026-10-09 22:58:06.000
2026-10-09 23:00:12.097   Installing the file.
2026-10-09 23:00:12.097   Successfully installed the file.
2026-10-09 23:00:12.097   -- File entry --
2026-10-09 23:00:12.097   Dest filename: D:\a\_temp\agym-c64-38001250527-5872-u8q4q801\client\Recepcion\_internal\tzdata\zoneinfo\Mexico\BajaSur
2026-10-09 23:00:12.097   Time stamp of our file: 2026-10-09 22:58:06.000
2026-10-09 23:00:12.097   Dest file exists.
2026-10-09 23:00:12.097   Time stamp of existing file: 2026-10-09 22:58:06.000
2026-10-09 23:00:12.097   Installing the file.
2026-10-09 23:00:12.097   Successfully installed the file.
2026-10-09 23:00:12.097   -- File entry --
2026-10-09 23:00:12.097   Dest filename: D:\a\_temp\agym-c64-38001250527-5872-u8q4q801\client\Recepcion\_internal\tzdata\zoneinfo\Mexico\General
2026-10-09 23:00:12.097   Time stamp of our file: 2026-10-09 22:58:06.000
2026-10-09 23:00:12.097   Dest file exists.
2026-10-09 23:00:12.097   Time stamp of existing file: 2026-10-09 22:58:06.000
2026-10-09 23:00:12.097   Installing the file.
2026-10-09 23:00:12.097   Successfully installed the file.
2026-10-09 23:00:12.097   -- File entry --
2026-10-09 23:00:12.097   Dest filename: D:\a\_temp\agym-c64-38001250527-5872-u8q4q801\client\Recepcion\_internal\tzdata\zoneinfo\Mexico\__init__.py
2026-10-09 23:00:12.097   Time stamp of our file: 2026-10-09 22:58:06.000
2026-10-09 23:00:12.097   Dest file exists.
2026-10-09 23:00:12.097   Time stamp of existing file: 2026-10-09 22:58:06.000
2026-10-09 23:00:12.097   Installing the file.
2026-10-09 23:00:12.097   Successfully installed the file.
2026-10-09 23:00:12.097   -- File entry --
2026-10-09 23:00:12.097   Dest filename: D:\a\_temp\agym-c64-38001250527-5872-u8q4q801\client\Recepcion\_internal\tzdata\zoneinfo\Pacific\Apia
2026-10-09 23:00:12.097   Time stamp of our file: 2026-10-09 22:58:06.000
2026-10-09 23:00:12.097   Dest file exists.
2026-10-09 23:00:12.097   Time stamp of existing file: 2026-10-09 22:58:06.000
2026-10-09 23:00:12.097   Installing the file.
2026-10-09 23:00:12.097   Successfully installed the file.
2026-10-09 23:00:12.097   -- File entry --
2026-10-09 23:00:12.097   Dest filename: D:\a\_temp\agym-c64-38001250527-5872-u8q4q801\client\Recepcion\_internal\tzdata\zoneinfo\Pacific\Auckland
2026-10-09 23:00:12.097   Time stamp of our file: 2026-10-09 22:58:06.000
2026-10-09 23:00:12.097   Dest file exists.
2026-10-09 23:00:12.097   Time stamp of existing file: 2026-10-09 22:58:06.000
2026-10-09 23:00:12.097   Installing the file.
2026-10-09 23:00:12.112   Successfully installed the file.
2026-10-09 23:00:12.112   -- File entry --
2026-10-09 23:00:12.112   Dest filename: D:\a\_temp\agym-c64-38001250527-5872-u8q4q801\client\Recepcion\_internal\tzdata\zoneinfo\Pacific\Bougainville
2026-10-09 23:00:12.112   Time stamp of our file: 2026-10-09 22:58:06.000
2026-10-09 23:00:12.112   Dest file exists.
2026-10-09 23:00:12.112   Time stamp of existing file: 2026-10-09 22:58:06.000
2026-10-09 23:00:12.112   Installing the file.
2026-10-09 23:00:12.112   Successfully installed the file.
2026-10-09 23:00:12.112   -- File entry --
2026-10-09 23:00:12.112   Dest filename: D:\a\_temp\agym-c64-38001250527-5872-u8q4q801\client\Recepcion\_internal\tzdata\zoneinfo\Pacific\Chatham
2026-10-09 23:00:12.112   Time stamp of our file: 2026-10-09 22:58:06.000
2026-10-09 23:00:12.112   Dest file exists.
2026-10-09 23:00:12.112   Time stamp of existing file: 2026-10-09 22:58:06.000
2026-10-09 23:00:12.112   Installing the file.
2026-10-09 23:00:12.112   Successfully installed the file.
2026-10-09 23:00:12.112   -- File entry --
2026-10-09 23:00:12.112   Dest filename: D:\a\_temp\agym-c64-38001250527-5872-u8q4q801\client\Recepcion\_internal\tzdata\zoneinfo\Pacific\Chuuk
2026-10-09 23:00:12.112   Time stamp of our file: 2026-10-09 22:58:06.000
2026-10-09 23:00:12.112   Dest file exists.
2026-10-09 23:00:12.112   Time stamp of existing file: 2026-10-09 22:58:06.000
2026-10-09 23:00:12.112   Installing the file.
2026-10-09 23:00:12.112   Successfully installed the file.
2026-10-09 23:00:12.112   -- File entry --
2026-10-09 23:00:12.112   Dest filename: D:\a\_temp\agym-c64-38001250527-5872-u8q4q801\client\Recepcion\_internal\tzdata\zoneinfo\Pacific\Easter
2026-10-09 23:00:12.112   Time stamp of our file: 2026-10-09 22:58:06.000
2026-10-09 23:00:12.112   Dest file exists.
2026-10-09 23:00:12.112   Time stamp of existing file: 2026-10-09 22:58:06.000
2026-10-09 23:00:12.112   Installing the file.
2026-10-09 23:00:12.112   Successfully installed the file.
2026-10-09 23:00:12.112   -- File entry --
2026-10-09 23:00:12.112   Dest filename: D:\a\_temp\agym-c64-38001250527-5872-u8q4q801\client\Recepcion\_internal\tzdata\zoneinfo\Pacific\Efate
2026-10-09 23:00:12.112   Time stamp of our file: 2026-10-09 22:58:06.000
2026-10-09 23:00:12.112   Dest file exists.
2026-10-09 23:00:12.112   Time stamp of existing file: 2026-10-09 22:58:06.000
2026-10-09 23:00:12.112   Installing the file.
2026-10-09 23:00:12.112   Successfully installed the file.
2026-10-09 23:00:12.112   -- File entry --
2026-10-09 23:00:12.112   Dest filename: D:\a\_temp\agym-c64-38001250527-5872-u8q4q801\client\Recepcion\_internal\tzdata\zoneinfo\Pacific\Enderbury
2026-10-09 23:00:12.112   Time stamp of our file: 2026-10-09 22:58:06.000
2026-10-09 23:00:12.112   Dest file exists.
2026-10-09 23:00:12.112   Time stamp of existing file: 2026-10-09 22:58:06.000
2026-10-09 23:00:12.112   Installing the file.
2026-10-09 23:00:12.112   Successfully installed the file.
2026-10-09 23:00:12.112   -- File entry --
2026-10-09 23:00:12.112   Dest filename: D:\a\_temp\agym-c64-38001250527-5872-u8q4q801\client\Recepcion\_internal\tzdata\zoneinfo\Pacific\Fakaofo
2026-10-09 23:00:12.112   Time stamp of our file: 2026-10-09 22:58:06.000
2026-10-09 23:00:12.112   Dest file exists.
2026-10-09 23:00:12.112   Time stamp of existing file: 2026-10-09 22:58:06.000
2026-10-09 23:00:12.112   Installing the file.
2026-10-09 23:00:12.112   Successfully installed the file.
2026-10-09 23:00:12.112   -- File entry --
2026-10-09 23:00:12.112   Dest filename: D:\a\_temp\agym-c64-38001250527-5872-u8q4q801\client\Recepcion\_internal\tzdata\zoneinfo\Pacific\Fiji
2026-10-09 23:00:12.112   Time stamp of our file: 2026-10-09 22:58:06.000
2026-10-09 23:00:12.112   Dest file exists.
2026-10-09 23:00:12.112   Time stamp of existing file: 2026-10-09 22:58:06.000
2026-10-09 23:00:12.112   Installing the file.
2026-10-09 23:00:12.112   Successfully installed the file.
2026-10-09 23:00:12.112   -- File entry --
2026-10-09 23:00:12.112   Dest filename: D:\a\_temp\agym-c64-38001250527-5872-u8q4q801\client\Recepcion\_internal\tzdata\zoneinfo\Pacific\Funafuti
2026-10-09 23:00:12.112   Time stamp of our file: 2026-10-09 22:58:06.000
2026-10-09 23:00:12.112   Dest file exists.
2026-10-09 23:00:12.112   Time stamp of existing file: 2026-10-09 22:58:06.000
2026-10-09 23:00:12.112   Installing the file.
2026-10-09 23:00:12.112   Successfully installed the file.
2026-10-09 23:00:12.112   -- File entry --
2026-10-09 23:00:12.112   Dest filename: D:\a\_temp\agym-c64-38001250527-5872-u8q4q801\client\Recepcion\_internal\tzdata\zoneinfo\Pacific\Galapagos
2026-10-09 23:00:12.112   Time stamp of our file: 2026-10-09 22:58:06.000
2026-10-09 23:00:12.112   Dest file exists.
2026-10-09 23:00:12.112   Time stamp of existing file: 2026-10-09 22:58:06.000
2026-10-09 23:00:12.112   Installing the file.
2026-10-09 23:00:12.112   Successfully installed the file.
2026-10-09 23:00:12.112   -- File entry --
2026-10-09 23:00:12.112   Dest filename: D:\a\_temp\agym-c64-38001250527-5872-u8q4q801\client\Recepcion\_internal\tzdata\zoneinfo\Pacific\Gambier
2026-10-09 23:00:12.112   Time stamp of our file: 2026-10-09 22:58:06.000
2026-10-09 23:00:12.112   Dest file exists.
2026-10-09 23:00:12.112   Time stamp of existing file: 2026-10-09 22:58:06.000
2026-10-09 23:00:12.112   Installing the file.
2026-10-09 23:00:12.112   Successfully installed the file.
2026-10-09 23:00:12.112   -- File entry --
2026-10-09 23:00:12.112   Dest filename: D:\a\_temp\agym-c64-38001250527-5872-u8q4q801\client\Recepcion\_internal\tzdata\zoneinfo\Pacific\Guadalcanal
2026-10-09 23:00:12.112   Time stamp of our file: 2026-10-09 22:58:06.000
2026-10-09 23:00:12.112   Dest file exists.
2026-10-09 23:00:12.112   Time stamp of existing file: 2026-10-09 22:58:06.000
2026-10-09 23:00:12.112   Installing the file.
2026-10-09 23:00:12.112   Successfully installed the file.
2026-10-09 23:00:12.112   -- File entry --
2026-10-09 23:00:12.112   Dest filename: D:\a\_temp\agym-c64-38001250527-5872-u8q4q801\client\Recepcion\_internal\tzdata\zoneinfo\Pacific\Guam
2026-10-09 23:00:12.112   Time stamp of our file: 2026-10-09 22:58:06.000
2026-10-09 23:00:12.112   Dest file exists.
2026-10-09 23:00:12.112   Time stamp of existing file: 2026-10-09 22:58:06.000
2026-10-09 23:00:12.112   Installing the file.
2026-10-09 23:00:12.112   Successfully installed the file.
2026-10-09 23:00:12.112   -- File entry --
2026-10-09 23:00:12.112   Dest filename: D:\a\_temp\agym-c64-38001250527-5872-u8q4q801\client\Recepcion\_internal\tzdata\zoneinfo\Pacific\Honolulu
2026-10-09 23:00:12.112   Time stamp of our file: 2026-10-09 22:58:06.000
2026-10-09 23:00:12.112   Dest file exists.
2026-10-09 23:00:12.112   Time stamp of existing file: 2026-10-09 22:58:06.000
2026-10-09 23:00:12.112   Installing the file.
2026-10-09 23:00:12.112   Successfully installed the file.
2026-10-09 23:00:12.112   -- File entry --
2026-10-09 23:00:12.112   Dest filename: D:\a\_temp\agym-c64-38001250527-5872-u8q4q801\client\Recepcion\_internal\tzdata\zoneinfo\Pacific\Johnston
2026-10-09 23:00:12.112   Time stamp of our file: 2026-10-09 22:58:06.000
2026-10-09 23:00:12.112   Dest file exists.
2026-10-09 23:00:12.112   Time stamp of existing file: 2026-10-09 22:58:06.000
2026-10-09 23:00:12.112   Installing the file.
2026-10-09 23:00:12.112   Successfully installed the file.
2026-10-09 23:00:12.112   -- File entry --
2026-10-09 23:00:12.112   Dest filename: D:\a\_temp\agym-c64-38001250527-5872-u8q4q801\client\Recepcion\_internal\tzdata\zoneinfo\Pacific\Kanton
2026-10-09 23:00:12.112   Time stamp of our file: 2026-10-09 22:58:06.000
2026-10-09 23:00:12.112   Dest file exists.
2026-10-09 23:00:12.112   Time stamp of existing file: 2026-10-09 22:58:06.000
2026-10-09 23:00:12.112   Installing the file.
2026-10-09 23:00:12.112   Successfully installed the file.
2026-10-09 23:00:12.112   -- File entry --
2026-10-09 23:00:12.112   Dest filename: D:\a\_temp\agym-c64-38001250527-5872-u8q4q801\client\Recepcion\_internal\tzdata\zoneinfo\Pacific\Kiritimati
2026-10-09 23:00:12.112   Time stamp of our file: 2026-10-09 22:58:06.000
2026-10-09 23:00:12.112   Dest file exists.
2026-10-09 23:00:12.112   Time stamp of existing file: 2026-10-09 22:58:06.000
2026-10-09 23:00:12.112   Installing the file.
2026-10-09 23:00:12.112   Successfully installed the file.
2026-10-09 23:00:12.112   -- File entry --
2026-10-09 23:00:12.112   Dest filename: D:\a\_temp\agym-c64-38001250527-5872-u8q4q801\client\Recepcion\_internal\tzdata\zoneinfo\Pacific\Kosrae
2026-10-09 23:00:12.112   Time stamp of our file: 2026-10-09 22:58:06.000
2026-10-09 23:00:12.112   Dest file exists.
2026-10-09 23:00:12.112   Time stamp of existing file: 2026-10-09 22:58:06.000
2026-10-09 23:00:12.112   Installing the file.
2026-10-09 23:00:12.112   Successfully installed the file.
2026-10-09 23:00:12.112   -- File entry --
2026-10-09 23:00:12.112   Dest filename: D:\a\_temp\agym-c64-38001250527-5872-u8q4q801\client\Recepcion\_internal\tzdata\zoneinfo\Pacific\Kwajalein
2026-10-09 23:00:12.112   Time stamp of our file: 2026-10-09 22:58:06.000
2026-10-09 23:00:12.112   Dest file exists.
2026-10-09 23:00:12.112   Time stamp of existing file: 2026-10-09 22:58:06.000
2026-10-09 23:00:12.112   Installing the file.
2026-10-09 23:00:12.112   Successfully installed the file.
2026-10-09 23:00:12.112   -- File entry --
2026-10-09 23:00:12.112   Dest filename: D:\a\_temp\agym-c64-38001250527-5872-u8q4q801\client\Recepcion\_internal\tzdata\zoneinfo\Pacific\Majuro
2026-10-09 23:00:12.112   Time stamp of our file: 2026-10-09 22:58:06.000
2026-10-09 23:00:12.112   Dest file exists.
2026-10-09 23:00:12.112   Time stamp of existing file: 2026-10-09 22:58:06.000
2026-10-09 23:00:12.112   Installing the file.
2026-10-09 23:00:12.112   Successfully installed the file.
2026-10-09 23:00:12.112   -- File entry --
2026-10-09 23:00:12.112   Dest filename: D:\a\_temp\agym-c64-38001250527-5872-u8q4q801\client\Recepcion\_internal\tzdata\zoneinfo\Pacific\Marquesas
2026-10-09 23:00:12.112   Time stamp of our file: 2026-10-09 22:58:06.000
2026-10-09 23:00:12.112   Dest file exists.
2026-10-09 23:00:12.112   Time stamp of existing file: 2026-10-09 22:58:06.000
2026-10-09 23:00:12.112   Installing the file.
2026-10-09 23:00:12.112   Successfully installed the file.
2026-10-09 23:00:12.112   -- File entry --
2026-10-09 23:00:12.112   Dest filename: D:\a\_temp\agym-c64-38001250527-5872-u8q4q801\client\Recepcion\_internal\tzdata\zoneinfo\Pacific\Midway
2026-10-09 23:00:12.112   Time stamp of our file: 2026-10-09 22:58:06.000
2026-10-09 23:00:12.112   Dest file exists.
2026-10-09 23:00:12.112   Time stamp of existing file: 2026-10-09 22:58:06.000
2026-10-09 23:00:12.112   Installing the file.
2026-10-09 23:00:12.112   Successfully installed the file.
2026-10-09 23:00:12.112   -- File entry --
2026-10-09 23:00:12.112   Dest filename: D:\a\_temp\agym-c64-38001250527-5872-u8q4q801\client\Recepcion\_internal\tzdata\zoneinfo\Pacific\Nauru
2026-10-09 23:00:12.112   Time stamp of our file: 2026-10-09 22:58:06.000
2026-10-09 23:00:12.112   Dest file exists.
2026-10-09 23:00:12.112   Time stamp of existing file: 2026-10-09 22:58:06.000
2026-10-09 23:00:12.112   Installing the file.
2026-10-09 23:00:12.112   Successfully installed the file.
2026-10-09 23:00:12.112   -- File entry --
2026-10-09 23:00:12.112   Dest filename: D:\a\_temp\agym-c64-38001250527-5872-u8q4q801\client\Recepcion\_internal\tzdata\zoneinfo\Pacific\Niue
2026-10-09 23:00:12.112   Time stamp of our file: 2026-10-09 22:58:06.000
2026-10-09 23:00:12.112   Dest file exists.
2026-10-09 23:00:12.112   Time stamp of existing file: 2026-10-09 22:58:06.000
2026-10-09 23:00:12.112   Installing the file.
2026-10-09 23:00:12.112   Successfully installed the file.
2026-10-09 23:00:12.112   -- File entry --
2026-10-09 23:00:12.112   Dest filename: D:\a\_temp\agym-c64-38001250527-5872-u8q4q801\client\Recepcion\_internal\tzdata\zoneinfo\Pacific\Norfolk
2026-10-09 23:00:12.112   Time stamp of our file: 2026-10-09 22:58:06.000
2026-10-09 23:00:12.112   Dest file exists.
2026-10-09 23:00:12.112   Time stamp of existing file: 2026-10-09 22:58:06.000
2026-10-09 23:00:12.112   Installing the file.
2026-10-09 23:00:12.112   Successfully installed the file.
2026-10-09 23:00:12.112   -- File entry --
2026-10-09 23:00:12.112   Dest filename: D:\a\_temp\agym-c64-38001250527-5872-u8q4q801\client\Recepcion\_internal\tzdata\zoneinfo\Pacific\Noumea
2026-10-09 23:00:12.112   Time stamp of our file: 2026-10-09 22:58:06.000
2026-10-09 23:00:12.112   Dest file exists.
2026-10-09 23:00:12.112   Time stamp of existing file: 2026-10-09 22:58:06.000
2026-10-09 23:00:12.112   Installing the file.
2026-10-09 23:00:12.112   Successfully installed the file.
2026-10-09 23:00:12.112   -- File entry --
2026-10-09 23:00:12.112   Dest filename: D:\a\_temp\agym-c64-38001250527-5872-u8q4q801\client\Recepcion\_internal\tzdata\zoneinfo\Pacific\Pago_Pago
2026-10-09 23:00:12.112   Time stamp of our file: 2026-10-09 22:58:06.000
2026-10-09 23:00:12.112   Dest file exists.
2026-10-09 23:00:12.112   Time stamp of existing file: 2026-10-09 22:58:06.000
2026-10-09 23:00:12.112   Installing the file.
2026-10-09 23:00:12.112   Successfully installed the file.
2026-10-09 23:00:12.112   -- File entry --
2026-10-09 23:00:12.112   Dest filename: D:\a\_temp\agym-c64-38001250527-5872-u8q4q801\client\Recepcion\_internal\tzdata\zoneinfo\Pacific\Palau
2026-10-09 23:00:12.112   Time stamp of our file: 2026-10-09 22:58:06.000
2026-10-09 23:00:12.112   Dest file exists.
2026-10-09 23:00:12.112   Time stamp of existing file: 2026-10-09 22:58:06.000
2026-10-09 23:00:12.112   Installing the file.
2026-10-09 23:00:12.112   Successfully installed the file.
2026-10-09 23:00:12.112   -- File entry --
2026-10-09 23:00:12.112   Dest filename: D:\a\_temp\agym-c64-38001250527-5872-u8q4q801\client\Recepcion\_internal\tzdata\zoneinfo\Pacific\Pitcairn
2026-10-09 23:00:12.112   Time stamp of our file: 2026-10-09 22:58:06.000
2026-10-09 23:00:12.112   Dest file exists.
2026-10-09 23:00:12.112   Time stamp of existing file: 2026-10-09 22:58:06.000
2026-10-09 23:00:12.112   Installing the file.
2026-10-09 23:00:12.128   Successfully installed the file.
2026-10-09 23:00:12.128   -- File entry --
2026-10-09 23:00:12.128   Dest filename: D:\a\_temp\agym-c64-38001250527-5872-u8q4q801\client\Recepcion\_internal\tzdata\zoneinfo\Pacific\Pohnpei
2026-10-09 23:00:12.128   Time stamp of our file: 2026-10-09 22:58:06.000
2026-10-09 23:00:12.128   Dest file exists.
2026-10-09 23:00:12.128   Time stamp of existing file: 2026-10-09 22:58:06.000
2026-10-09 23:00:12.128   Installing the file.
2026-10-09 23:00:12.128   Successfully installed the file.
2026-10-09 23:00:12.128   -- File entry --
2026-10-09 23:00:12.128   Dest filename: D:\a\_temp\agym-c64-38001250527-5872-u8q4q801\client\Recepcion\_internal\tzdata\zoneinfo\Pacific\Ponape
2026-10-09 23:00:12.128   Time stamp of our file: 2026-10-09 22:58:06.000
2026-10-09 23:00:12.128   Dest file exists.
2026-10-09 23:00:12.128   Time stamp of existing file: 2026-10-09 22:58:06.000
2026-10-09 23:00:12.128   Installing the file.
2026-10-09 23:00:12.128   Successfully installed the file.
2026-10-09 23:00:12.128   -- File entry --
2026-10-09 23:00:12.128   Dest filename: D:\a\_temp\agym-c64-38001250527-5872-u8q4q801\client\Recepcion\_internal\tzdata\zoneinfo\Pacific\Port_Moresby
2026-10-09 23:00:12.128   Time stamp of our file: 2026-10-09 22:58:06.000
2026-10-09 23:00:12.128   Dest file exists.
2026-10-09 23:00:12.128   Time stamp of existing file: 2026-10-09 22:58:06.000
2026-10-09 23:00:12.128   Installing the file.
2026-10-09 23:00:12.128   Successfully installed the file.
2026-10-09 23:00:12.128   -- File entry --
2026-10-09 23:00:12.128   Dest filename: D:\a\_temp\agym-c64-38001250527-5872-u8q4q801\client\Recepcion\_internal\tzdata\zoneinfo\Pacific\Rarotonga
2026-10-09 23:00:12.128   Time stamp of our file: 2026-10-09 22:58:06.000
2026-10-09 23:00:12.128   Dest file exists.
2026-10-09 23:00:12.128   Time stamp of existing file: 2026-10-09 22:58:06.000
2026-10-09 23:00:12.128   Installing the file.
2026-10-09 23:00:12.128   Successfully installed the file.
2026-10-09 23:00:12.128   -- File entry --
2026-10-09 23:00:12.128   Dest filename: D:\a\_temp\agym-c64-38001250527-5872-u8q4q801\client\Recepcion\_internal\tzdata\zoneinfo\Pacific\Saipan
2026-10-09 23:00:12.128   Time stamp of our file: 2026-10-09 22:58:06.000
2026-10-09 23:00:12.128   Dest file exists.
2026-10-09 23:00:12.128   Time stamp of existing file: 2026-10-09 22:58:06.000
2026-10-09 23:00:12.128   Installing the file.
2026-10-09 23:00:12.128   Successfully installed the file.
2026-10-09 23:00:12.128   -- File entry --
2026-10-09 23:00:12.128   Dest filename: D:\a\_temp\agym-c64-38001250527-5872-u8q4q801\client\Recepcion\_internal\tzdata\zoneinfo\Pacific\Samoa
2026-10-09 23:00:12.128   Time stamp of our file: 2026-10-09 22:58:06.000
2026-10-09 23:00:12.128   Dest file exists.
2026-10-09 23:00:12.128   Time stamp of existing file: 2026-10-09 22:58:06.000
2026-10-09 23:00:12.128   Installing the file.
2026-10-09 23:00:12.128   Successfully installed the file.
2026-10-09 23:00:12.128   -- File entry --
2026-10-09 23:00:12.128   Dest filename: D:\a\_temp\agym-c64-38001250527-5872-u8q4q801\client\Recepcion\_internal\tzdata\zoneinfo\Pacific\Tahiti
2026-10-09 23:00:12.128   Time stamp of our file: 2026-10-09 22:58:06.000
2026-10-09 23:00:12.128   Dest file exists.
2026-10-09 23:00:12.128   Time stamp of existing file: 2026-10-09 22:58:06.000
2026-10-09 23:00:12.128   Installing the file.
2026-10-09 23:00:12.128   Successfully installed the file.
2026-10-09 23:00:12.128   -- File entry --
2026-10-09 23:00:12.128   Dest filename: D:\a\_temp\agym-c64-38001250527-5872-u8q4q801\client\Recepcion\_internal\tzdata\zoneinfo\Pacific\Tarawa
2026-10-09 23:00:12.128   Time stamp of our file: 2026-10-09 22:58:06.000
2026-10-09 23:00:12.128   Dest file exists.
2026-10-09 23:00:12.128   Time stamp of existing file: 2026-10-09 22:58:06.000
2026-10-09 23:00:12.128   Installing the file.
2026-10-09 23:00:12.128   Successfully installed the file.
2026-10-09 23:00:12.128   -- File entry --
2026-10-09 23:00:12.128   Dest filename: D:\a\_temp\agym-c64-38001250527-5872-u8q4q801\client\Recepcion\_internal\tzdata\zoneinfo\Pacific\Tongatapu
2026-10-09 23:00:12.128   Time stamp of our file: 2026-10-09 22:58:06.000
2026-10-09 23:00:12.128   Dest file exists.
2026-10-09 23:00:12.128   Time stamp of existing file: 2026-10-09 22:58:06.000
2026-10-09 23:00:12.128   Installing the file.
2026-10-09 23:00:12.128   Successfully installed the file.
2026-10-09 23:00:12.128   -- File entry --
2026-10-09 23:00:12.128   Dest filename: D:\a\_temp\agym-c64-38001250527-5872-u8q4q801\client\Recepcion\_internal\tzdata\zoneinfo\Pacific\Truk
2026-10-09 23:00:12.128   Time stamp of our file: 2026-10-09 22:58:06.000
2026-10-09 23:00:12.128   Dest file exists.
2026-10-09 23:00:12.128   Time stamp of existing file: 2026-10-09 22:58:06.000
2026-10-09 23:00:12.128   Installing the file.
2026-10-09 23:00:12.128   Successfully installed the file.
2026-10-09 23:00:12.128   -- File entry --
2026-10-09 23:00:12.128   Dest filename: D:\a\_temp\agym-c64-38001250527-5872-u8q4q801\client\Recepcion\_internal\tzdata\zoneinfo\Pacific\Wake
2026-10-09 23:00:12.128   Time stamp of our file: 2026-10-09 22:58:06.000
2026-10-09 23:00:12.128   Dest file exists.
2026-10-09 23:00:12.128   Time stamp of existing file: 2026-10-09 22:58:06.000
2026-10-09 23:00:12.128   Installing the file.
2026-10-09 23:00:12.128   Successfully installed the file.
2026-10-09 23:00:12.128   -- File entry --
2026-10-09 23:00:12.128   Dest filename: D:\a\_temp\agym-c64-38001250527-5872-u8q4q801\client\Recepcion\_internal\tzdata\zoneinfo\Pacific\Wallis
2026-10-09 23:00:12.128   Time stamp of our file: 2026-10-09 22:58:06.000
2026-10-09 23:00:12.128   Dest file exists.
2026-10-09 23:00:12.128   Time stamp of existing file: 2026-10-09 22:58:06.000
2026-10-09 23:00:12.128   Installing the file.
2026-10-09 23:00:12.128   Successfully installed the file.
2026-10-09 23:00:12.128   -- File entry --
2026-10-09 23:00:12.128   Dest filename: D:\a\_temp\agym-c64-38001250527-5872-u8q4q801\client\Recepcion\_internal\tzdata\zoneinfo\Pacific\Yap
2026-10-09 23:00:12.128   Time stamp of our file: 2026-10-09 22:58:06.000
2026-10-09 23:00:12.128   Dest file exists.
2026-10-09 23:00:12.128   Time stamp of existing file: 2026-10-09 22:58:06.000
2026-10-09 23:00:12.128   Installing the file.
2026-10-09 23:00:12.128   Successfully installed the file.
2026-10-09 23:00:12.128   -- File entry --
2026-10-09 23:00:12.128   Dest filename: D:\a\_temp\agym-c64-38001250527-5872-u8q4q801\client\Recepcion\_internal\tzdata\zoneinfo\Pacific\__init__.py
2026-10-09 23:00:12.128   Time stamp of our file: 2026-10-09 22:58:06.000
2026-10-09 23:00:12.128   Dest file exists.
2026-10-09 23:00:12.128   Time stamp of existing file: 2026-10-09 22:58:06.000
2026-10-09 23:00:12.128   Installing the file.
2026-10-09 23:00:12.128   Successfully installed the file.
2026-10-09 23:00:12.128   -- File entry --
2026-10-09 23:00:12.128   Dest filename: D:\a\_temp\agym-c64-38001250527-5872-u8q4q801\client\Recepcion\_internal\tzdata\zoneinfo\US\Alaska
2026-10-09 23:00:12.128   Time stamp of our file: 2026-10-09 22:58:06.000
2026-10-09 23:00:12.128   Dest file exists.
2026-10-09 23:00:12.128   Time stamp of existing file: 2026-10-09 22:58:06.000
2026-10-09 23:00:12.128   Installing the file.
2026-10-09 23:00:12.128   Successfully installed the file.
2026-10-09 23:00:12.128   -- File entry --
2026-10-09 23:00:12.128   Dest filename: D:\a\_temp\agym-c64-38001250527-5872-u8q4q801\client\Recepcion\_internal\tzdata\zoneinfo\US\Aleutian
2026-10-09 23:00:12.128   Time stamp of our file: 2026-10-09 22:58:06.000
2026-10-09 23:00:12.128   Dest file exists.
2026-10-09 23:00:12.128   Time stamp of existing file: 2026-10-09 22:58:06.000
2026-10-09 23:00:12.128   Installing the file.
2026-10-09 23:00:12.128   Successfully installed the file.
2026-10-09 23:00:12.128   -- File entry --
2026-10-09 23:00:12.128   Dest filename: D:\a\_temp\agym-c64-38001250527-5872-u8q4q801\client\Recepcion\_internal\tzdata\zoneinfo\US\Arizona
2026-10-09 23:00:12.128   Time stamp of our file: 2026-10-09 22:58:06.000
2026-10-09 23:00:12.128   Dest file exists.
2026-10-09 23:00:12.128   Time stamp of existing file: 2026-10-09 22:58:06.000
2026-10-09 23:00:12.128   Installing the file.
2026-10-09 23:00:12.128   Successfully installed the file.
2026-10-09 23:00:12.128   -- File entry --
2026-10-09 23:00:12.128   Dest filename: D:\a\_temp\agym-c64-38001250527-5872-u8q4q801\client\Recepcion\_internal\tzdata\zoneinfo\US\Central
2026-10-09 23:00:12.128   Time stamp of our file: 2026-10-09 22:58:06.000
2026-10-09 23:00:12.128   Dest file exists.
2026-10-09 23:00:12.128   Time stamp of existing file: 2026-10-09 22:58:06.000
2026-10-09 23:00:12.128   Installing the file.
2026-10-09 23:00:12.128   Successfully installed the file.
2026-10-09 23:00:12.128   -- File entry --
2026-10-09 23:00:12.128   Dest filename: D:\a\_temp\agym-c64-38001250527-5872-u8q4q801\client\Recepcion\_internal\tzdata\zoneinfo\US\East-Indiana
2026-10-09 23:00:12.128   Time stamp of our file: 2026-10-09 22:58:06.000
2026-10-09 23:00:12.128   Dest file exists.
2026-10-09 23:00:12.128   Time stamp of existing file: 2026-10-09 22:58:06.000
2026-10-09 23:00:12.128   Installing the file.
2026-10-09 23:00:12.128   Successfully installed the file.
2026-10-09 23:00:12.128   -- File entry --
2026-10-09 23:00:12.128   Dest filename: D:\a\_temp\agym-c64-38001250527-5872-u8q4q801\client\Recepcion\_internal\tzdata\zoneinfo\US\Eastern
2026-10-09 23:00:12.128   Time stamp of our file: 2026-10-09 22:58:06.000
2026-10-09 23:00:12.128   Dest file exists.
2026-10-09 23:00:12.128   Time stamp of existing file: 2026-10-09 22:58:06.000
2026-10-09 23:00:12.128   Installing the file.
2026-10-09 23:00:12.128   Successfully installed the file.
2026-10-09 23:00:12.128   -- File entry --
2026-10-09 23:00:12.128   Dest filename: D:\a\_temp\agym-c64-38001250527-5872-u8q4q801\client\Recepcion\_internal\tzdata\zoneinfo\US\Hawaii
2026-10-09 23:00:12.128   Time stamp of our file: 2026-10-09 22:58:06.000
2026-10-09 23:00:12.128   Dest file exists.
2026-10-09 23:00:12.128   Time stamp of existing file: 2026-10-09 22:58:06.000
2026-10-09 23:00:12.128   Installing the file.
2026-10-09 23:00:12.128   Successfully installed the file.
2026-10-09 23:00:12.128   -- File entry --
2026-10-09 23:00:12.128   Dest filename: D:\a\_temp\agym-c64-38001250527-5872-u8q4q801\client\Recepcion\_internal\tzdata\zoneinfo\US\Indiana-Starke
2026-10-09 23:00:12.128   Time stamp of our file: 2026-10-09 22:58:06.000
2026-10-09 23:00:12.128   Dest file exists.
2026-10-09 23:00:12.128   Time stamp of existing file: 2026-10-09 22:58:06.000
2026-10-09 23:00:12.128   Installing the file.
2026-10-09 23:00:12.128   Successfully installed the file.
2026-10-09 23:00:12.128   -- File entry --
2026-10-09 23:00:12.128   Dest filename: D:\a\_temp\agym-c64-38001250527-5872-u8q4q801\client\Recepcion\_internal\tzdata\zoneinfo\US\Michigan
2026-10-09 23:00:12.128   Time stamp of our file: 2026-10-09 22:58:06.000
2026-10-09 23:00:12.128   Dest file exists.
2026-10-09 23:00:12.128   Time stamp of existing file: 2026-10-09 22:58:06.000
2026-10-09 23:00:12.128   Installing the file.
2026-10-09 23:00:12.128   Successfully installed the file.
2026-10-09 23:00:12.128   -- File entry --
2026-10-09 23:00:12.128   Dest filename: D:\a\_temp\agym-c64-38001250527-5872-u8q4q801\client\Recepcion\_internal\tzdata\zoneinfo\US\Mountain
2026-10-09 23:00:12.128   Time stamp of our file: 2026-10-09 22:58:06.000
2026-10-09 23:00:12.128   Dest file exists.
2026-10-09 23:00:12.128   Time stamp of existing file: 2026-10-09 22:58:06.000
2026-10-09 23:00:12.128   Installing the file.
2026-10-09 23:00:12.128   Successfully installed the file.
2026-10-09 23:00:12.128   -- File entry --
2026-10-09 23:00:12.128   Dest filename: D:\a\_temp\agym-c64-38001250527-5872-u8q4q801\client\Recepcion\_internal\tzdata\zoneinfo\US\Pacific
2026-10-09 23:00:12.128   Time stamp of our file: 2026-10-09 22:58:06.000
2026-10-09 23:00:12.128   Dest file exists.
2026-10-09 23:00:12.128   Time stamp of existing file: 2026-10-09 22:58:06.000
2026-10-09 23:00:12.128   Installing the file.
2026-10-09 23:00:12.128   Successfully installed the file.
2026-10-09 23:00:12.128   -- File entry --
2026-10-09 23:00:12.128   Dest filename: D:\a\_temp\agym-c64-38001250527-5872-u8q4q801\client\Recepcion\_internal\tzdata\zoneinfo\US\Samoa
2026-10-09 23:00:12.128   Time stamp of our file: 2026-10-09 22:58:06.000
2026-10-09 23:00:12.128   Dest file exists.
2026-10-09 23:00:12.128   Time stamp of existing file: 2026-10-09 22:58:06.000
2026-10-09 23:00:12.128   Installing the file.
2026-10-09 23:00:12.128   Successfully installed the file.
2026-10-09 23:00:12.128   -- File entry --
2026-10-09 23:00:12.128   Dest filename: D:\a\_temp\agym-c64-38001250527-5872-u8q4q801\client\Recepcion\_internal\tzdata\zoneinfo\US\__init__.py
2026-10-09 23:00:12.128   Time stamp of our file: 2026-10-09 22:58:06.000
2026-10-09 23:00:12.128   Dest file exists.
2026-10-09 23:00:12.128   Time stamp of existing file: 2026-10-09 22:58:06.000
2026-10-09 23:00:12.128   Installing the file.
2026-10-09 23:00:12.128   Successfully installed the file.
2026-10-09 23:00:12.128   -- File entry --
2026-10-09 23:00:12.128   Dest filename: D:\a\_temp\agym-c64-38001250527-5872-u8q4q801\client\Recepcion\_internal\tzdata-2026.3.dist-info\INSTALLER
2026-10-09 23:00:12.128   Time stamp of our file: 2026-10-09 22:58:06.000
2026-10-09 23:00:12.128   Dest file exists.
2026-10-09 23:00:12.128   Time stamp of existing file: 2026-10-09 22:58:06.000
2026-10-09 23:00:12.128   Installing the file.
2026-10-09 23:00:12.144   Successfully installed the file.
2026-10-09 23:00:12.144   -- File entry --
2026-10-09 23:00:12.144   Dest filename: D:\a\_temp\agym-c64-38001250527-5872-u8q4q801\client\Recepcion\_internal\tzdata-2026.3.dist-info\METADATA
2026-10-09 23:00:12.144   Time stamp of our file: 2026-10-09 22:58:06.000
2026-10-09 23:00:12.144   Dest file exists.
2026-10-09 23:00:12.144   Time stamp of existing file: 2026-10-09 22:58:06.000
2026-10-09 23:00:12.144   Installing the file.
2026-10-09 23:00:12.144   Successfully installed the file.
2026-10-09 23:00:12.144   -- File entry --
2026-10-09 23:00:12.144   Dest filename: D:\a\_temp\agym-c64-38001250527-5872-u8q4q801\client\Recepcion\_internal\tzdata-2026.3.dist-info\RECORD
2026-10-09 23:00:12.144   Time stamp of our file: 2026-10-09 22:58:06.000
2026-10-09 23:00:12.144   Dest file exists.
2026-10-09 23:00:12.144   Time stamp of existing file: 2026-10-09 22:58:06.000
2026-10-09 23:00:12.144   Installing the file.
2026-10-09 23:00:12.144   Successfully installed the file.
2026-10-09 23:00:12.144   -- File entry --
2026-10-09 23:00:12.144   Dest filename: D:\a\_temp\agym-c64-38001250527-5872-u8q4q801\client\Recepcion\_internal\tzdata-2026.3.dist-info\REQUESTED
2026-10-09 23:00:12.144   Time stamp of our file: 2026-10-09 22:58:06.000
2026-10-09 23:00:12.144   Dest file exists.
2026-10-09 23:00:12.144   Time stamp of existing file: 2026-10-09 22:58:06.000
2026-10-09 23:00:12.144   Installing the file.
2026-10-09 23:00:12.144   Successfully installed the file.
2026-10-09 23:00:12.144   -- File entry --
2026-10-09 23:00:12.144   Dest filename: D:\a\_temp\agym-c64-38001250527-5872-u8q4q801\client\Recepcion\_internal\tzdata-2026.3.dist-info\top_level.txt
2026-10-09 23:00:12.144   Time stamp of our file: 2026-10-09 22:58:06.000
2026-10-09 23:00:12.144   Dest file exists.
2026-10-09 23:00:12.144   Time stamp of existing file: 2026-10-09 22:58:06.000
2026-10-09 23:00:12.144   Installing the file.
2026-10-09 23:00:12.144   Successfully installed the file.
2026-10-09 23:00:12.144   -- File entry --
2026-10-09 23:00:12.144   Dest filename: D:\a\_temp\agym-c64-38001250527-5872-u8q4q801\client\Recepcion\_internal\tzdata-2026.3.dist-info\WHEEL
2026-10-09 23:00:12.144   Time stamp of our file: 2026-10-09 22:58:06.000
2026-10-09 23:00:12.144   Dest file exists.
2026-10-09 23:00:12.144   Time stamp of existing file: 2026-10-09 22:58:06.000
2026-10-09 23:00:12.144   Installing the file.
2026-10-09 23:00:12.144   Successfully installed the file.
2026-10-09 23:00:12.144   -- File entry --
2026-10-09 23:00:12.144   Dest filename: D:\a\_temp\agym-c64-38001250527-5872-u8q4q801\client\Recepcion\_internal\tzdata-2026.3.dist-info\licenses\LICENSE
2026-10-09 23:00:12.144   Time stamp of our file: 2026-10-09 22:58:06.000
2026-10-09 23:00:12.144   Dest file exists.
2026-10-09 23:00:12.144   Time stamp of existing file: 2026-10-09 22:58:06.000
2026-10-09 23:00:12.144   Installing the file.
2026-10-09 23:00:12.144   Successfully installed the file.
2026-10-09 23:00:12.144   -- File entry --
2026-10-09 23:00:12.144   Dest filename: D:\a\_temp\agym-c64-38001250527-5872-u8q4q801\client\Recepcion\_internal\tzdata-2026.3.dist-info\licenses\licenses\LICENSE_APACHE
2026-10-09 23:00:12.144   Time stamp of our file: 2026-10-09 22:58:06.000
2026-10-09 23:00:12.144   Dest file exists.
2026-10-09 23:00:12.144   Time stamp of existing file: 2026-10-09 22:58:06.000
2026-10-09 23:00:12.144   Installing the file.
2026-10-09 23:00:12.144   Successfully installed the file.
2026-10-09 23:00:12.144   -- File entry --
2026-10-09 23:00:12.144   Dest filename: D:\a\_temp\agym-c64-38001250527-5872-u8q4q801\client\Recepcion\_internal\websockets-15.0.1.dist-info\entry_points.txt
2026-10-09 23:00:12.144   Time stamp of our file: 2026-10-09 22:58:06.000
2026-10-09 23:00:12.144   Dest file exists.
2026-10-09 23:00:12.144   Time stamp of existing file: 2026-10-09 22:58:06.000
2026-10-09 23:00:12.144   Installing the file.
2026-10-09 23:00:12.144   Successfully installed the file.
2026-10-09 23:00:12.144   -- File entry --
2026-10-09 23:00:12.144   Dest filename: D:\a\_temp\agym-c64-38001250527-5872-u8q4q801\client\Recepcion\_internal\websockets-15.0.1.dist-info\INSTALLER
2026-10-09 23:00:12.144   Time stamp of our file: 2026-10-09 22:58:06.000
2026-10-09 23:00:12.144   Dest file exists.
2026-10-09 23:00:12.144   Time stamp of existing file: 2026-10-09 22:58:06.000
2026-10-09 23:00:12.144   Installing the file.
2026-10-09 23:00:12.144   Successfully installed the file.
2026-10-09 23:00:12.144   -- File entry --
2026-10-09 23:00:12.144   Dest filename: D:\a\_temp\agym-c64-38001250527-5872-u8q4q801\client\Recepcion\_internal\websockets-15.0.1.dist-info\LICENSE
2026-10-09 23:00:12.144   Time stamp of our file: 2026-10-09 22:58:06.000
2026-10-09 23:00:12.144   Dest file exists.
2026-10-09 23:00:12.144   Time stamp of existing file: 2026-10-09 22:58:06.000
2026-10-09 23:00:12.144   Installing the file.
2026-10-09 23:00:12.144   Successfully installed the file.
2026-10-09 23:00:12.144   -- File entry --
2026-10-09 23:00:12.144   Dest filename: D:\a\_temp\agym-c64-38001250527-5872-u8q4q801\client\Recepcion\_internal\websockets-15.0.1.dist-info\METADATA
2026-10-09 23:00:12.144   Time stamp of our file: 2026-10-09 22:58:06.000
2026-10-09 23:00:12.144   Dest file exists.
2026-10-09 23:00:12.144   Time stamp of existing file: 2026-10-09 22:58:06.000
2026-10-09 23:00:12.144   Installing the file.
2026-10-09 23:00:12.144   Successfully installed the file.
2026-10-09 23:00:12.144   -- File entry --
2026-10-09 23:00:12.144   Dest filename: D:\a\_temp\agym-c64-38001250527-5872-u8q4q801\client\Recepcion\_internal\websockets-15.0.1.dist-info\RECORD
2026-10-09 23:00:12.144   Time stamp of our file: 2026-10-09 22:58:06.000
2026-10-09 23:00:12.144   Dest file exists.
2026-10-09 23:00:12.144   Time stamp of existing file: 2026-10-09 22:58:06.000
2026-10-09 23:00:12.144   Installing the file.
2026-10-09 23:00:12.144   Successfully installed the file.
2026-10-09 23:00:12.144   -- File entry --
2026-10-09 23:00:12.144   Dest filename: D:\a\_temp\agym-c64-38001250527-5872-u8q4q801\client\Recepcion\_internal\websockets-15.0.1.dist-info\top_level.txt
2026-10-09 23:00:12.144   Time stamp of our file: 2026-10-09 22:58:06.000
2026-10-09 23:00:12.144   Dest file exists.
2026-10-09 23:00:12.144   Time stamp of existing file: 2026-10-09 22:58:06.000
2026-10-09 23:00:12.144   Installing the file.
2026-10-09 23:00:12.144   Successfully installed the file.
2026-10-09 23:00:12.144   -- File entry --
2026-10-09 23:00:12.144   Dest filename: D:\a\_temp\agym-c64-38001250527-5872-u8q4q801\client\Recepcion\_internal\websockets-15.0.1.dist-info\WHEEL
2026-10-09 23:00:12.144   Time stamp of our file: 2026-10-09 22:58:06.000
2026-10-09 23:00:12.144   Dest file exists.
2026-10-09 23:00:12.144   Time stamp of existing file: 2026-10-09 22:58:06.000
2026-10-09 23:00:12.144   Installing the file.
2026-10-09 23:00:12.144   Successfully installed the file.
2026-10-09 23:00:12.144   -- File entry --
2026-10-09 23:00:12.144   Dest filename: D:\a\_temp\agym-c64-38001250527-5872-u8q4q801\client\Recepcion\_internal\yarl\_quoting_c.cp314-win_amd64.pyd
2026-10-09 23:00:12.144   Time stamp of our file: 2026-10-09 22:58:06.000
2026-10-09 23:00:12.144   Dest file exists.
2026-10-09 23:00:12.144   Time stamp of existing file: 2026-10-09 22:58:06.000
2026-10-09 23:00:12.144   Installing the file.
2026-10-09 23:00:12.144   Successfully installed the file.
2026-10-09 23:00:12.144   -- File entry --
2026-10-09 23:00:12.144   Dest filename: D:\a\_temp\agym-c64-38001250527-5872-u8q4q801\client\Admin\icono.ico
2026-10-09 23:00:12.144   Time stamp of our file: 2026-10-09 22:49:24.000
2026-10-09 23:00:12.144   Dest file exists.
2026-10-09 23:00:12.144   Time stamp of existing file: 2026-10-09 22:49:24.000
2026-10-09 23:00:12.144   Installing the file.
2026-10-09 23:00:12.144   Successfully installed the file.
2026-10-09 23:00:12.144   -- File entry --
2026-10-09 23:00:12.144   Dest filename: D:\a\_temp\agym-c64-38001250527-5872-u8q4q801\client\Recepcion\icono_recepcion.ico
2026-10-09 23:00:12.144   Time stamp of our file: 2026-10-09 22:49:24.000
2026-10-09 23:00:12.144   Dest file exists.
2026-10-09 23:00:12.144   Time stamp of existing file: 2026-10-09 22:49:24.000
2026-10-09 23:00:12.144   Installing the file.
2026-10-09 23:00:12.159   Successfully installed the file.
2026-10-09 23:00:12.159   -- File entry --
2026-10-09 23:00:12.159   Dest filename: D:\a\_temp\agym-c64-38001250527-5872-u8q4q801\client\GymSoft-Recepcion-3.6.0.ico
2026-10-09 23:00:12.159   Time stamp of our file: 2026-10-09 22:49:24.000
2026-10-09 23:00:12.159   Dest file exists.
2026-10-09 23:00:12.159   Time stamp of existing file: 2026-10-09 22:49:24.000
2026-10-09 23:00:12.159   Installing the file.
2026-10-09 23:00:12.159   Successfully installed the file.
2026-10-09 23:00:12.159   -- File entry --
2026-10-09 23:00:12.159   Dest filename: D:\a\_temp\agym-c64-38001250527-5872-u8q4q801\client\Recepcion\icono.ico
2026-10-09 23:00:12.159   Time stamp of our file: 2026-10-09 22:49:24.000
2026-10-09 23:00:12.159   Dest file exists.
2026-10-09 23:00:12.159   Time stamp of existing file: 2026-10-09 22:49:24.000
2026-10-09 23:00:12.159   Installing the file.
2026-10-09 23:00:12.159   Successfully installed the file.
2026-10-09 23:00:12.159   -- File entry --
2026-10-09 23:00:12.159   Dest filename: D:\a\_temp\agym-c64-38001250527-5872-u8q4q801\client\GymSoft-3.6.0.ico
2026-10-09 23:00:12.159   Time stamp of our file: 2026-10-09 22:49:24.000
2026-10-09 23:00:12.159   Dest file exists.
2026-10-09 23:00:12.159   Time stamp of existing file: 2026-10-09 22:49:24.000
2026-10-09 23:00:12.159   Installing the file.
2026-10-09 23:00:12.159   Successfully installed the file.
2026-10-09 23:00:12.159   -- File entry --
2026-10-09 23:00:12.159   Dest filename: D:\a\_temp\agym-c64-38001250527-5872-u8q4q801\client\COPYRIGHT.txt
2026-10-09 23:00:12.159   Time stamp of our file: 2026-10-09 22:49:24.000
2026-10-09 23:00:12.159   Dest file exists.
2026-10-09 23:00:12.159   Time stamp of existing file: 2026-10-09 22:49:24.000
2026-10-09 23:00:12.159   Installing the file.
2026-10-09 23:00:12.159   Successfully installed the file.
2026-10-09 23:00:12.159   -- Icon entry --
2026-10-09 23:00:12.159   Dest filename: C:\Users\runneradmin\AppData\Roaming\Microsoft\Windows\Start Menu\Programs\Gym soft\Atlantic Gym Administrador.lnk
2026-10-09 23:00:12.159   Creating the icon.
2026-10-09 23:00:12.175   Successfully created the icon.
2026-10-09 23:00:12.191   -- Icon entry --
2026-10-09 23:00:12.191   Dest filename: C:\Users\runneradmin\AppData\Roaming\Microsoft\Windows\Start Menu\Programs\Gym soft\Atlantic Gym Recepción.lnk
2026-10-09 23:00:12.191   Creating the icon.
2026-10-09 23:00:12.191   Successfully created the icon.
2026-10-09 23:00:12.191   -- Icon entry --
2026-10-09 23:00:12.191   Dest filename: C:\Users\runneradmin\Desktop\Atlantic Gym Administrador.lnk
2026-10-09 23:00:12.191   Creating the icon.
2026-10-09 23:00:12.206   Successfully created the icon.
2026-10-09 23:00:12.206   -- Icon entry --
2026-10-09 23:00:12.206   Dest filename: C:\Users\runneradmin\Desktop\Atlantic Gym Recepción.lnk
2026-10-09 23:00:12.206   Creating the icon.
2026-10-09 23:00:12.206   Successfully created the icon.
2026-10-09 23:00:12.237   Saving uninstall information.
2026-10-09 23:00:12.237   Renaming uninstaller.
2026-10-09 23:00:12.237   Deleting uninstall key left over from previous non administrative install.
2026-10-09 23:00:12.237   Creating new uninstall key: HKEY_CURRENT_USER\Software\Microsoft\Windows\CurrentVersion\Uninstall\{6C58E8B8-C2ED-4B60-A080-EEA57BB407C2}_is1
2026-10-09 23:00:12.237   Writing uninstall key values.
2026-10-09 23:00:12.237   Detected previous administrative 64-bit install? No
2026-10-09 23:00:12.237   Detected previous administrative 32-bit install? No
2026-10-09 23:00:12.237   Installation process succeeded.
2026-10-09 23:00:12.237   Need to restart Windows? No
2026-10-09 23:00:12.253   Deinitializing Setup.
2026-10-09 23:00:12.253   Log closed.
