2026-10-09 22:59:28.778   Log opened. (Time zone: UTC+00:00)
2026-10-09 22:59:28.778   Setup version: Inno Setup version 6.7.1
2026-10-09 22:59:28.778   Original Setup EXE: D:\a\Atlantic-Software\Atlantic-Software\GymSoft_Comercial_3.6.0\salida\validacion\paquete-tecnico\ejecuciones\20261009T225044Z-2856\instaladores\VALIDACION_NO_FINAL_GymSoft_Instalar_o_Actualizar_3.6.0.exe
2026-10-09 22:59:28.778   Setup command line: /SL5="$270786,93161196,936448,D:\a\Atlantic-Software\Atlantic-Software\GymSoft_Comercial_3.6.0\salida\validacion\paquete-tecnico\ejecuciones\20261009T225044Z-2856\instaladores\VALIDACION_NO_FINAL_GymSoft_Instalar_o_Actualizar_3.6.0.exe" /VERYSILENT /SUPPRESSMSGBOXES /NORESTART /DIR=D:\a\_temp\agym-c64-38001250527-5872-u8q4q801\client /LOG=D:\a\Atlantic-Software\Atlantic-Software\GymSoft_Comercial_3.6.0\salida\validacion\instalacion-tecnica\ejecuciones\20261009T225922Z-5872\instalar-client.log
2026-10-09 22:59:28.778   Windows version: 10.0.20348
2026-10-09 22:59:28.778   Windows architecture: x64 (64-bit)
2026-10-09 22:59:28.778   Machine types supported by system: x86 x64
2026-10-09 22:59:28.778   User privileges: Administrative
2026-10-09 22:59:28.778   Administrative install mode: No
2026-10-09 22:59:28.778   Install mode root key: HKEY_CURRENT_USER
2026-10-09 22:59:28.778   64-bit install mode: Yes
2026-10-09 22:59:28.778   RedirectionGuard status for current process: Enabled in enforcing mode
2026-10-09 22:59:28.778   Created protected temporary directory: C:\Users\RUNNER~1\AppData\Local\Temp\is-OBVPOTL6BD.tmp
2026-10-09 22:59:28.871   -- DLL function import --
2026-10-09 22:59:28.871   Function and DLL name: SHChangeNotify@shell32.dll
2026-10-09 22:59:28.871   Importing the DLL function. Dest DLL name: shell32.dll
2026-10-09 22:59:28.871   Successfully imported the DLL function. Delay loaded? No
2026-10-09 22:59:29.936   Found 116 files to register with RestartManager.
2026-10-09 22:59:29.936   Calling RestartManager's RmGetList.
2026-10-09 22:59:29.967   RmGetList finished successfully.
2026-10-09 22:59:29.967   RestartManager found no applications using one of our files.
2026-10-09 22:59:29.967   Starting the installation process.
2026-10-09 22:59:29.967   Creating directory: D:\a\_temp\agym-c64-38001250527-5872-u8q4q801\client
2026-10-09 22:59:29.982   Directory for uninstall files: D:\a\_temp\agym-c64-38001250527-5872-u8q4q801\client
2026-10-09 22:59:29.982   Creating new uninstall log: D:\a\_temp\agym-c64-38001250527-5872-u8q4q801\client\unins000.dat
2026-10-09 22:59:30.061   -- File entry --
2026-10-09 22:59:30.061   Dest filename: D:\a\_temp\agym-c64-38001250527-5872-u8q4q801\client\unins000.exe
2026-10-09 22:59:30.061   Non-default bitness: 32-bit
2026-10-09 22:59:30.186   Time stamp of our file: 2026-10-09 22:59:28.418
2026-10-09 22:59:30.186   Installing the file.
2026-10-09 22:59:30.201   Successfully installed the file.
2026-10-09 22:59:30.201   -- File entry --
2026-10-09 22:59:30.201   Dest filename: D:\a\_temp\agym-c64-38001250527-5872-u8q4q801\client\DigitalPersonaRuntime\.gitignore
2026-10-09 22:59:30.201   Time stamp of our file: 2026-10-09 22:49:24.000
2026-10-09 22:59:30.201   Installing the file.
2026-10-09 22:59:30.201   Creating directory: D:\a\_temp\agym-c64-38001250527-5872-u8q4q801\client\DigitalPersonaRuntime
2026-10-09 22:59:30.201   Successfully installed the file.
2026-10-09 22:59:30.201   -- File entry --
2026-10-09 22:59:30.201   Dest filename: D:\a\_temp\agym-c64-38001250527-5872-u8q4q801\client\DigitalPersonaRuntime\0x0409.ini
2026-10-09 22:59:30.201   Time stamp of our file: 2026-10-09 22:50:42.000
2026-10-09 22:59:30.201   Installing the file.
2026-10-09 22:59:30.201   Successfully installed the file.
2026-10-09 22:59:30.201   -- File entry --
2026-10-09 22:59:30.201   Dest filename: D:\a\_temp\agym-c64-38001250527-5872-u8q4q801\client\DigitalPersonaRuntime\Data1.cab
2026-10-09 22:59:30.201   Time stamp of our file: 2026-10-09 22:50:42.000
2026-10-09 22:59:30.201   Installing the file.
2026-10-09 22:59:30.529   Successfully installed the file.
2026-10-09 22:59:30.529   -- File entry --
2026-10-09 22:59:30.529   Dest filename: D:\a\_temp\agym-c64-38001250527-5872-u8q4q801\client\DigitalPersonaRuntime\InstallOnly.bat
2026-10-09 22:59:30.529   Time stamp of our file: 2026-10-09 22:50:42.000
2026-10-09 22:59:30.529   Installing the file.
2026-10-09 22:59:30.529   Successfully installed the file.
2026-10-09 22:59:30.529   -- File entry --
2026-10-09 22:59:30.529   Dest filename: D:\a\_temp\agym-c64-38001250527-5872-u8q4q801\client\DigitalPersonaRuntime\MANIFEST.json
2026-10-09 22:59:30.529   Time stamp of our file: 2026-10-09 22:49:24.000
2026-10-09 22:59:30.529   Installing the file.
2026-10-09 22:59:30.529   Successfully installed the file.
2026-10-09 22:59:30.529   -- File entry --
2026-10-09 22:59:30.529   Dest filename: D:\a\_temp\agym-c64-38001250527-5872-u8q4q801\client\DigitalPersonaRuntime\README.md
2026-10-09 22:59:30.529   Time stamp of our file: 2026-10-09 22:49:24.000
2026-10-09 22:59:30.529   Installing the file.
2026-10-09 22:59:30.529   Successfully installed the file.
2026-10-09 22:59:30.529   -- File entry --
2026-10-09 22:59:30.529   Dest filename: D:\a\_temp\agym-c64-38001250527-5872-u8q4q801\client\DigitalPersonaRuntime\setup.exe
2026-10-09 22:59:30.529   Time stamp of our file: 2026-10-09 22:50:42.000
2026-10-09 22:59:30.529   Installing the file.
2026-10-09 22:59:30.561   Successfully installed the file.
2026-10-09 22:59:30.561   -- File entry --
2026-10-09 22:59:30.561   Dest filename: D:\a\_temp\agym-c64-38001250527-5872-u8q4q801\client\DigitalPersonaRuntime\Setup.ini
2026-10-09 22:59:30.561   Time stamp of our file: 2026-10-09 22:50:42.000
2026-10-09 22:59:30.561   Installing the file.
2026-10-09 22:59:30.561   Successfully installed the file.
2026-10-09 22:59:30.561   -- File entry --
2026-10-09 22:59:30.561   Dest filename: D:\a\_temp\agym-c64-38001250527-5872-u8q4q801\client\DigitalPersonaRuntime\setup.msi
2026-10-09 22:59:30.561   Time stamp of our file: 2026-10-09 22:50:42.000
2026-10-09 22:59:30.561   Installing the file.
2026-10-09 22:59:30.639   Successfully installed the file.
2026-10-09 22:59:30.639   -- File entry --
2026-10-09 22:59:30.639   Dest filename: D:\a\_temp\agym-c64-38001250527-5872-u8q4q801\client\DigitalPersonaRuntime\UninstallOnly.bat
2026-10-09 22:59:30.639   Time stamp of our file: 2026-10-09 22:50:42.000
2026-10-09 22:59:30.639   Installing the file.
2026-10-09 22:59:30.639   Successfully installed the file.
2026-10-09 22:59:30.639   -- File entry --
2026-10-09 22:59:30.639   Dest filename: D:\a\_temp\agym-c64-38001250527-5872-u8q4q801\client\DigitalPersonaRuntime\ISSetupPrerequisites\{5193621C-1E00-428D-8F59-9220277BE61E}\LumiDvcSvcWin10_x64_v7.0.34450.exe
2026-10-09 22:59:30.639   Time stamp of our file: 2026-10-09 22:50:42.000
2026-10-09 22:59:30.639   Installing the file.
2026-10-09 22:59:30.639   Creating directory: D:\a\_temp\agym-c64-38001250527-5872-u8q4q801\client\DigitalPersonaRuntime\ISSetupPrerequisites
2026-10-09 22:59:30.639   Creating directory: D:\a\_temp\agym-c64-38001250527-5872-u8q4q801\client\DigitalPersonaRuntime\ISSetupPrerequisites\{5193621C-1E00-428D-8F59-9220277BE61E}
2026-10-09 22:59:30.858   Successfully installed the file.
2026-10-09 22:59:30.858   -- File entry --
2026-10-09 22:59:30.858   Dest filename: D:\a\_temp\agym-c64-38001250527-5872-u8q4q801\client\DigitalPersonaRuntime\Licenses\EULA SDK.rtf
2026-10-09 22:59:30.858   Time stamp of our file: 2026-10-09 22:49:24.000
2026-10-09 22:59:30.858   Installing the file.
2026-10-09 22:59:30.858   Creating directory: D:\a\_temp\agym-c64-38001250527-5872-u8q4q801\client\DigitalPersonaRuntime\Licenses
2026-10-09 22:59:30.873   Successfully installed the file.
2026-10-09 22:59:30.873   -- File entry --
2026-10-09 22:59:30.873   Dest filename: D:\a\_temp\agym-c64-38001250527-5872-u8q4q801\client\Admin\GymSoftAdmin.exe
2026-10-09 22:59:30.873   Time stamp of our file: 2026-10-09 22:57:36.000
2026-10-09 22:59:30.873   Installing the file.
2026-10-09 22:59:30.873   Creating directory: D:\a\_temp\agym-c64-38001250527-5872-u8q4q801\client\Admin
2026-10-09 22:59:31.030   Successfully installed the file.
2026-10-09 22:59:31.030   -- File entry --
2026-10-09 22:59:31.030   Dest filename: D:\a\_temp\agym-c64-38001250527-5872-u8q4q801\client\Admin\_internal\api-ms-win-core-console-l1-1-0.dll
2026-10-09 22:59:31.030   Time stamp of our file: 2026-10-09 22:57:36.000
2026-10-09 22:59:31.030   Installing the file.
2026-10-09 22:59:31.030   Creating directory: D:\a\_temp\agym-c64-38001250527-5872-u8q4q801\client\Admin\_internal
2026-10-09 22:59:31.030   Successfully installed the file.
2026-10-09 22:59:31.030   -- File entry --
2026-10-09 22:59:31.030   Dest filename: D:\a\_temp\agym-c64-38001250527-5872-u8q4q801\client\Admin\_internal\api-ms-win-core-datetime-l1-1-0.dll
2026-10-09 22:59:31.030   Time stamp of our file: 2026-10-09 22:57:36.000
2026-10-09 22:59:31.030   Installing the file.
2026-10-09 22:59:31.030   Successfully installed the file.
2026-10-09 22:59:31.030   -- File entry --
2026-10-09 22:59:31.030   Dest filename: D:\a\_temp\agym-c64-38001250527-5872-u8q4q801\client\Admin\_internal\api-ms-win-core-debug-l1-1-0.dll
2026-10-09 22:59:31.030   Time stamp of our file: 2026-10-09 22:57:36.000
2026-10-09 22:59:31.030   Installing the file.
2026-10-09 22:59:31.030   Successfully installed the file.
2026-10-09 22:59:31.030   -- File entry --
2026-10-09 22:59:31.030   Dest filename: D:\a\_temp\agym-c64-38001250527-5872-u8q4q801\client\Admin\_internal\api-ms-win-core-errorhandling-l1-1-0.dll
2026-10-09 22:59:31.030   Time stamp of our file: 2026-10-09 22:57:36.000
2026-10-09 22:59:31.030   Installing the file.
2026-10-09 22:59:31.030   Successfully installed the file.
2026-10-09 22:59:31.030   -- File entry --
2026-10-09 22:59:31.030   Dest filename: D:\a\_temp\agym-c64-38001250527-5872-u8q4q801\client\Admin\_internal\api-ms-win-core-fibers-l1-1-0.dll
2026-10-09 22:59:31.030   Time stamp of our file: 2026-10-09 22:57:36.000
2026-10-09 22:59:31.030   Installing the file.
2026-10-09 22:59:31.030   Successfully installed the file.
2026-10-09 22:59:31.030   -- File entry --
2026-10-09 22:59:31.030   Dest filename: D:\a\_temp\agym-c64-38001250527-5872-u8q4q801\client\Admin\_internal\api-ms-win-core-fibers-l1-1-1.dll
2026-10-09 22:59:31.030   Time stamp of our file: 2026-10-09 22:57:36.000
2026-10-09 22:59:31.030   Installing the file.
2026-10-09 22:59:31.030   Successfully installed the file.
2026-10-09 22:59:31.030   -- File entry --
2026-10-09 22:59:31.030   Dest filename: D:\a\_temp\agym-c64-38001250527-5872-u8q4q801\client\Admin\_internal\api-ms-win-core-file-l1-1-0.dll
2026-10-09 22:59:31.030   Time stamp of our file: 2026-10-09 22:57:36.000
2026-10-09 22:59:31.030   Installing the file.
2026-10-09 22:59:31.030   Successfully installed the file.
2026-10-09 22:59:31.030   -- File entry --
2026-10-09 22:59:31.030   Dest filename: D:\a\_temp\agym-c64-38001250527-5872-u8q4q801\client\Admin\_internal\api-ms-win-core-file-l1-2-0.dll
2026-10-09 22:59:31.030   Time stamp of our file: 2026-10-09 22:57:36.000
2026-10-09 22:59:31.030   Installing the file.
2026-10-09 22:59:31.030   Successfully installed the file.
2026-10-09 22:59:31.030   -- File entry --
2026-10-09 22:59:31.030   Dest filename: D:\a\_temp\agym-c64-38001250527-5872-u8q4q801\client\Admin\_internal\api-ms-win-core-file-l2-1-0.dll
2026-10-09 22:59:31.030   Time stamp of our file: 2026-10-09 22:57:36.000
2026-10-09 22:59:31.030   Installing the file.
2026-10-09 22:59:31.030   Successfully installed the file.
2026-10-09 22:59:31.030   -- File entry --
2026-10-09 22:59:31.030   Dest filename: D:\a\_temp\agym-c64-38001250527-5872-u8q4q801\client\Admin\_internal\api-ms-win-core-handle-l1-1-0.dll
2026-10-09 22:59:31.030   Time stamp of our file: 2026-10-09 22:57:36.000
2026-10-09 22:59:31.030   Installing the file.
2026-10-09 22:59:31.030   Successfully installed the file.
2026-10-09 22:59:31.030   -- File entry --
2026-10-09 22:59:31.030   Dest filename: D:\a\_temp\agym-c64-38001250527-5872-u8q4q801\client\Admin\_internal\api-ms-win-core-heap-l1-1-0.dll
2026-10-09 22:59:31.030   Time stamp of our file: 2026-10-09 22:57:36.000
2026-10-09 22:59:31.030   Installing the file.
2026-10-09 22:59:31.030   Successfully installed the file.
2026-10-09 22:59:31.030   -- File entry --
2026-10-09 22:59:31.030   Dest filename: D:\a\_temp\agym-c64-38001250527-5872-u8q4q801\client\Admin\_internal\api-ms-win-core-interlocked-l1-1-0.dll
2026-10-09 22:59:31.030   Time stamp of our file: 2026-10-09 22:57:36.000
2026-10-09 22:59:31.030   Installing the file.
2026-10-09 22:59:31.046   Successfully installed the file.
2026-10-09 22:59:31.046   -- File entry --
2026-10-09 22:59:31.046   Dest filename: D:\a\_temp\agym-c64-38001250527-5872-u8q4q801\client\Admin\_internal\api-ms-win-core-kernel32-legacy-l1-1-1.dll
2026-10-09 22:59:31.046   Time stamp of our file: 2026-10-09 22:57:36.000
2026-10-09 22:59:31.046   Installing the file.
2026-10-09 22:59:31.046   Successfully installed the file.
2026-10-09 22:59:31.046   -- File entry --
2026-10-09 22:59:31.046   Dest filename: D:\a\_temp\agym-c64-38001250527-5872-u8q4q801\client\Admin\_internal\api-ms-win-core-libraryloader-l1-1-0.dll
2026-10-09 22:59:31.046   Time stamp of our file: 2026-10-09 22:57:36.000
2026-10-09 22:59:31.046   Installing the file.
2026-10-09 22:59:31.046   Successfully installed the file.
2026-10-09 22:59:31.046   -- File entry --
2026-10-09 22:59:31.046   Dest filename: D:\a\_temp\agym-c64-38001250527-5872-u8q4q801\client\Admin\_internal\api-ms-win-core-localization-l1-2-0.dll
2026-10-09 22:59:31.046   Time stamp of our file: 2026-10-09 22:57:36.000
2026-10-09 22:59:31.046   Installing the file.
2026-10-09 22:59:31.046   Successfully installed the file.
2026-10-09 22:59:31.046   -- File entry --
2026-10-09 22:59:31.046   Dest filename: D:\a\_temp\agym-c64-38001250527-5872-u8q4q801\client\Admin\_internal\api-ms-win-core-memory-l1-1-0.dll
2026-10-09 22:59:31.046   Time stamp of our file: 2026-10-09 22:57:36.000
2026-10-09 22:59:31.046   Installing the file.
2026-10-09 22:59:31.046   Successfully installed the file.
2026-10-09 22:59:31.046   -- File entry --
2026-10-09 22:59:31.046   Dest filename: D:\a\_temp\agym-c64-38001250527-5872-u8q4q801\client\Admin\_internal\api-ms-win-core-namedpipe-l1-1-0.dll
2026-10-09 22:59:31.046   Time stamp of our file: 2026-10-09 22:57:36.000
2026-10-09 22:59:31.046   Installing the file.
2026-10-09 22:59:31.046   Successfully installed the file.
2026-10-09 22:59:31.046   -- File entry --
2026-10-09 22:59:31.046   Dest filename: D:\a\_temp\agym-c64-38001250527-5872-u8q4q801\client\Admin\_internal\api-ms-win-core-processenvironment-l1-1-0.dll
2026-10-09 22:59:31.046   Time stamp of our file: 2026-10-09 22:57:36.000
2026-10-09 22:59:31.046   Installing the file.
2026-10-09 22:59:31.046   Successfully installed the file.
2026-10-09 22:59:31.046   -- File entry --
2026-10-09 22:59:31.046   Dest filename: D:\a\_temp\agym-c64-38001250527-5872-u8q4q801\client\Admin\_internal\api-ms-win-core-processthreads-l1-1-0.dll
2026-10-09 22:59:31.046   Time stamp of our file: 2026-10-09 22:57:36.000
2026-10-09 22:59:31.046   Installing the file.
2026-10-09 22:59:31.046   Successfully installed the file.
2026-10-09 22:59:31.046   -- File entry --
2026-10-09 22:59:31.046   Dest filename: D:\a\_temp\agym-c64-38001250527-5872-u8q4q801\client\Admin\_internal\api-ms-win-core-processthreads-l1-1-1.dll
2026-10-09 22:59:31.046   Time stamp of our file: 2026-10-09 22:57:36.000
2026-10-09 22:59:31.046   Installing the file.
2026-10-09 22:59:31.046   Successfully installed the file.
2026-10-09 22:59:31.046   -- File entry --
2026-10-09 22:59:31.046   Dest filename: D:\a\_temp\agym-c64-38001250527-5872-u8q4q801\client\Admin\_internal\api-ms-win-core-profile-l1-1-0.dll
2026-10-09 22:59:31.046   Time stamp of our file: 2026-10-09 22:57:36.000
2026-10-09 22:59:31.046   Installing the file.
2026-10-09 22:59:31.046   Successfully installed the file.
2026-10-09 22:59:31.046   -- File entry --
2026-10-09 22:59:31.046   Dest filename: D:\a\_temp\agym-c64-38001250527-5872-u8q4q801\client\Admin\_internal\api-ms-win-core-rtlsupport-l1-1-0.dll
2026-10-09 22:59:31.046   Time stamp of our file: 2026-10-09 22:57:36.000
2026-10-09 22:59:31.046   Installing the file.
2026-10-09 22:59:31.046   Successfully installed the file.
2026-10-09 22:59:31.046   -- File entry --
2026-10-09 22:59:31.046   Dest filename: D:\a\_temp\agym-c64-38001250527-5872-u8q4q801\client\Admin\_internal\api-ms-win-core-string-l1-1-0.dll
2026-10-09 22:59:31.046   Time stamp of our file: 2026-10-09 22:57:36.000
2026-10-09 22:59:31.046   Installing the file.
2026-10-09 22:59:31.046   Successfully installed the file.
2026-10-09 22:59:31.046   -- File entry --
2026-10-09 22:59:31.046   Dest filename: D:\a\_temp\agym-c64-38001250527-5872-u8q4q801\client\Admin\_internal\api-ms-win-core-synch-l1-1-0.dll
2026-10-09 22:59:31.046   Time stamp of our file: 2026-10-09 22:57:36.000
2026-10-09 22:59:31.046   Installing the file.
2026-10-09 22:59:31.046   Successfully installed the file.
2026-10-09 22:59:31.046   -- File entry --
2026-10-09 22:59:31.046   Dest filename: D:\a\_temp\agym-c64-38001250527-5872-u8q4q801\client\Admin\_internal\api-ms-win-core-synch-l1-2-0.dll
2026-10-09 22:59:31.046   Time stamp of our file: 2026-10-09 22:57:36.000
2026-10-09 22:59:31.046   Installing the file.
2026-10-09 22:59:31.046   Successfully installed the file.
2026-10-09 22:59:31.046   -- File entry --
2026-10-09 22:59:31.046   Dest filename: D:\a\_temp\agym-c64-38001250527-5872-u8q4q801\client\Admin\_internal\api-ms-win-core-sysinfo-l1-1-0.dll
2026-10-09 22:59:31.046   Time stamp of our file: 2026-10-09 22:57:36.000
2026-10-09 22:59:31.046   Installing the file.
2026-10-09 22:59:31.046   Successfully installed the file.
2026-10-09 22:59:31.046   -- File entry --
2026-10-09 22:59:31.046   Dest filename: D:\a\_temp\agym-c64-38001250527-5872-u8q4q801\client\Admin\_internal\api-ms-win-core-sysinfo-l1-2-0.dll
2026-10-09 22:59:31.046   Time stamp of our file: 2026-10-09 22:57:36.000
2026-10-09 22:59:31.046   Installing the file.
2026-10-09 22:59:31.046   Successfully installed the file.
2026-10-09 22:59:31.046   -- File entry --
2026-10-09 22:59:31.046   Dest filename: D:\a\_temp\agym-c64-38001250527-5872-u8q4q801\client\Admin\_internal\api-ms-win-core-timezone-l1-1-0.dll
2026-10-09 22:59:31.046   Time stamp of our file: 2026-10-09 22:57:36.000
2026-10-09 22:59:31.046   Installing the file.
2026-10-09 22:59:31.046   Successfully installed the file.
2026-10-09 22:59:31.046   -- File entry --
2026-10-09 22:59:31.046   Dest filename: D:\a\_temp\agym-c64-38001250527-5872-u8q4q801\client\Admin\_internal\api-ms-win-core-util-l1-1-0.dll
2026-10-09 22:59:31.046   Time stamp of our file: 2026-10-09 22:57:36.000
2026-10-09 22:59:31.046   Installing the file.
2026-10-09 22:59:31.046   Successfully installed the file.
2026-10-09 22:59:31.046   -- File entry --
2026-10-09 22:59:31.046   Dest filename: D:\a\_temp\agym-c64-38001250527-5872-u8q4q801\client\Admin\_internal\api-ms-win-crt-conio-l1-1-0.dll
2026-10-09 22:59:31.046   Time stamp of our file: 2026-10-09 22:57:36.000
2026-10-09 22:59:31.046   Installing the file.
2026-10-09 22:59:31.046   Successfully installed the file.
2026-10-09 22:59:31.046   -- File entry --
2026-10-09 22:59:31.046   Dest filename: D:\a\_temp\agym-c64-38001250527-5872-u8q4q801\client\Admin\_internal\api-ms-win-crt-convert-l1-1-0.dll
2026-10-09 22:59:31.061   Time stamp of our file: 2026-10-09 22:57:36.000
2026-10-09 22:59:31.061   Installing the file.
2026-10-09 22:59:31.061   Successfully installed the file.
2026-10-09 22:59:31.061   -- File entry --
2026-10-09 22:59:31.061   Dest filename: D:\a\_temp\agym-c64-38001250527-5872-u8q4q801\client\Admin\_internal\api-ms-win-crt-environment-l1-1-0.dll
2026-10-09 22:59:31.061   Time stamp of our file: 2026-10-09 22:57:36.000
2026-10-09 22:59:31.061   Installing the file.
2026-10-09 22:59:31.061   Successfully installed the file.
2026-10-09 22:59:31.061   -- File entry --
2026-10-09 22:59:31.061   Dest filename: D:\a\_temp\agym-c64-38001250527-5872-u8q4q801\client\Admin\_internal\api-ms-win-crt-filesystem-l1-1-0.dll
2026-10-09 22:59:31.061   Time stamp of our file: 2026-10-09 22:57:36.000
2026-10-09 22:59:31.061   Installing the file.
2026-10-09 22:59:31.061   Successfully installed the file.
2026-10-09 22:59:31.061   -- File entry --
2026-10-09 22:59:31.061   Dest filename: D:\a\_temp\agym-c64-38001250527-5872-u8q4q801\client\Admin\_internal\api-ms-win-crt-heap-l1-1-0.dll
2026-10-09 22:59:31.061   Time stamp of our file: 2026-10-09 22:57:36.000
2026-10-09 22:59:31.061   Installing the file.
2026-10-09 22:59:31.061   Successfully installed the file.
2026-10-09 22:59:31.061   -- File entry --
2026-10-09 22:59:31.061   Dest filename: D:\a\_temp\agym-c64-38001250527-5872-u8q4q801\client\Admin\_internal\api-ms-win-crt-locale-l1-1-0.dll
2026-10-09 22:59:31.061   Time stamp of our file: 2026-10-09 22:57:36.000
2026-10-09 22:59:31.061   Installing the file.
2026-10-09 22:59:31.061   Successfully installed the file.
2026-10-09 22:59:31.061   -- File entry --
2026-10-09 22:59:31.061   Dest filename: D:\a\_temp\agym-c64-38001250527-5872-u8q4q801\client\Admin\_internal\api-ms-win-crt-math-l1-1-0.dll
2026-10-09 22:59:31.061   Time stamp of our file: 2026-10-09 22:57:36.000
2026-10-09 22:59:31.061   Installing the file.
2026-10-09 22:59:31.061   Successfully installed the file.
2026-10-09 22:59:31.061   -- File entry --
2026-10-09 22:59:31.061   Dest filename: D:\a\_temp\agym-c64-38001250527-5872-u8q4q801\client\Admin\_internal\api-ms-win-crt-private-l1-1-0.dll
2026-10-09 22:59:31.061   Time stamp of our file: 2026-10-09 22:57:36.000
2026-10-09 22:59:31.061   Installing the file.
2026-10-09 22:59:31.061   Successfully installed the file.
2026-10-09 22:59:31.061   -- File entry --
2026-10-09 22:59:31.061   Dest filename: D:\a\_temp\agym-c64-38001250527-5872-u8q4q801\client\Admin\_internal\api-ms-win-crt-process-l1-1-0.dll
2026-10-09 22:59:31.061   Time stamp of our file: 2026-10-09 22:57:36.000
2026-10-09 22:59:31.061   Installing the file.
2026-10-09 22:59:31.061   Successfully installed the file.
2026-10-09 22:59:31.061   -- File entry --
2026-10-09 22:59:31.061   Dest filename: D:\a\_temp\agym-c64-38001250527-5872-u8q4q801\client\Admin\_internal\api-ms-win-crt-runtime-l1-1-0.dll
2026-10-09 22:59:31.061   Time stamp of our file: 2026-10-09 22:57:36.000
2026-10-09 22:59:31.061   Installing the file.
2026-10-09 22:59:31.061   Successfully installed the file.
2026-10-09 22:59:31.061   -- File entry --
2026-10-09 22:59:31.061   Dest filename: D:\a\_temp\agym-c64-38001250527-5872-u8q4q801\client\Admin\_internal\api-ms-win-crt-stdio-l1-1-0.dll
2026-10-09 22:59:31.061   Time stamp of our file: 2026-10-09 22:57:36.000
2026-10-09 22:59:31.061   Installing the file.
2026-10-09 22:59:31.061   Successfully installed the file.
2026-10-09 22:59:31.061   -- File entry --
2026-10-09 22:59:31.061   Dest filename: D:\a\_temp\agym-c64-38001250527-5872-u8q4q801\client\Admin\_internal\api-ms-win-crt-string-l1-1-0.dll
2026-10-09 22:59:31.061   Time stamp of our file: 2026-10-09 22:57:36.000
2026-10-09 22:59:31.061   Installing the file.
2026-10-09 22:59:31.061   Successfully installed the file.
2026-10-09 22:59:31.061   -- File entry --
2026-10-09 22:59:31.061   Dest filename: D:\a\_temp\agym-c64-38001250527-5872-u8q4q801\client\Admin\_internal\api-ms-win-crt-time-l1-1-0.dll
2026-10-09 22:59:31.061   Time stamp of our file: 2026-10-09 22:57:36.000
2026-10-09 22:59:31.061   Installing the file.
2026-10-09 22:59:31.061   Successfully installed the file.
2026-10-09 22:59:31.061   -- File entry --
2026-10-09 22:59:31.061   Dest filename: D:\a\_temp\agym-c64-38001250527-5872-u8q4q801\client\Admin\_internal\api-ms-win-crt-utility-l1-1-0.dll
2026-10-09 22:59:31.061   Time stamp of our file: 2026-10-09 22:57:36.000
2026-10-09 22:59:31.061   Installing the file.
2026-10-09 22:59:31.061   Successfully installed the file.
2026-10-09 22:59:31.061   -- File entry --
2026-10-09 22:59:31.061   Dest filename: D:\a\_temp\agym-c64-38001250527-5872-u8q4q801\client\Admin\_internal\base_library.zip
2026-10-09 22:59:31.061   Time stamp of our file: 2026-10-09 22:57:36.000
2026-10-09 22:59:31.061   Installing the file.
2026-10-09 22:59:31.092   Successfully installed the file.
2026-10-09 22:59:31.092   -- File entry --
2026-10-09 22:59:31.092   Dest filename: D:\a\_temp\agym-c64-38001250527-5872-u8q4q801\client\Admin\_internal\gymsoft_config.json
2026-10-09 22:59:31.092   Time stamp of our file: 2026-10-09 22:57:36.000
2026-10-09 22:59:31.092   Installing the file.
2026-10-09 22:59:31.092   Successfully installed the file.
2026-10-09 22:59:31.092   -- File entry --
2026-10-09 22:59:31.092   Dest filename: D:\a\_temp\agym-c64-38001250527-5872-u8q4q801\client\Admin\_internal\icono.ico
2026-10-09 22:59:31.092   Time stamp of our file: 2026-10-09 22:57:36.000
2026-10-09 22:59:31.092   Installing the file.
2026-10-09 22:59:31.108   Successfully installed the file.
2026-10-09 22:59:31.108   -- File entry --
2026-10-09 22:59:31.108   Dest filename: D:\a\_temp\agym-c64-38001250527-5872-u8q4q801\client\Admin\_internal\icono_recepcion.ico
2026-10-09 22:59:31.108   Time stamp of our file: 2026-10-09 22:57:36.000
2026-10-09 22:59:31.108   Installing the file.
2026-10-09 22:59:31.108   Successfully installed the file.
2026-10-09 22:59:31.108   -- File entry --
2026-10-09 22:59:31.108   Dest filename: D:\a\_temp\agym-c64-38001250527-5872-u8q4q801\client\Admin\_internal\libcrypto-3.dll
2026-10-09 22:59:31.108   Time stamp of our file: 2026-10-09 22:57:36.000
2026-10-09 22:59:31.108   Installing the file.
2026-10-09 22:59:31.249   Successfully installed the file.
2026-10-09 22:59:31.249   -- File entry --
2026-10-09 22:59:31.249   Dest filename: D:\a\_temp\agym-c64-38001250527-5872-u8q4q801\client\Admin\_internal\libffi-8.dll
2026-10-09 22:59:31.249   Time stamp of our file: 2026-10-09 22:57:36.000
2026-10-09 22:59:31.249   Installing the file.
2026-10-09 22:59:31.249   Successfully installed the file.
2026-10-09 22:59:31.249   -- File entry --
2026-10-09 22:59:31.249   Dest filename: D:\a\_temp\agym-c64-38001250527-5872-u8q4q801\client\Admin\_internal\libssl-3.dll
2026-10-09 22:59:31.249   Time stamp of our file: 2026-10-09 22:57:36.000
2026-10-09 22:59:31.249   Installing the file.
2026-10-09 22:59:31.280   Successfully installed the file.
2026-10-09 22:59:31.280   -- File entry --
2026-10-09 22:59:31.280   Dest filename: D:\a\_temp\agym-c64-38001250527-5872-u8q4q801\client\Admin\_internal\libtommath.dll
2026-10-09 22:59:31.296   Time stamp of our file: 2026-10-09 22:57:36.000
2026-10-09 22:59:31.296   Installing the file.
2026-10-09 22:59:31.296   Successfully installed the file.
2026-10-09 22:59:31.296   -- File entry --
2026-10-09 22:59:31.296   Dest filename: D:\a\_temp\agym-c64-38001250527-5872-u8q4q801\client\Admin\_internal\pyexpat.pyd
2026-10-09 22:59:31.296   Time stamp of our file: 2026-10-09 22:57:36.000
2026-10-09 22:59:31.296   Installing the file.
2026-10-09 22:59:31.296   Successfully installed the file.
2026-10-09 22:59:31.296   -- File entry --
2026-10-09 22:59:31.296   Dest filename: D:\a\_temp\agym-c64-38001250527-5872-u8q4q801\client\Admin\_internal\python3.dll
2026-10-09 22:59:31.296   Time stamp of our file: 2026-10-09 22:57:36.000
2026-10-09 22:59:31.296   Installing the file.
2026-10-09 22:59:31.296   Successfully installed the file.
2026-10-09 22:59:31.296   -- File entry --
2026-10-09 22:59:31.296   Dest filename: D:\a\_temp\agym-c64-38001250527-5872-u8q4q801\client\Admin\_internal\python314.dll
2026-10-09 22:59:31.296   Time stamp of our file: 2026-10-09 22:57:36.000
2026-10-09 22:59:31.296   Installing the file.
2026-10-09 22:59:31.483   Successfully installed the file.
2026-10-09 22:59:31.483   -- File entry --
2026-10-09 22:59:31.483   Dest filename: D:\a\_temp\agym-c64-38001250527-5872-u8q4q801\client\Admin\_internal\select.pyd
2026-10-09 22:59:31.483   Time stamp of our file: 2026-10-09 22:57:36.000
2026-10-09 22:59:31.483   Installing the file.
2026-10-09 22:59:31.483   Successfully installed the file.
2026-10-09 22:59:31.483   -- File entry --
2026-10-09 22:59:31.483   Dest filename: D:\a\_temp\agym-c64-38001250527-5872-u8q4q801\client\Admin\_internal\sqlite3.dll
2026-10-09 22:59:31.483   Time stamp of our file: 2026-10-09 22:57:36.000
2026-10-09 22:59:31.483   Installing the file.
2026-10-09 22:59:31.530   Successfully installed the file.
2026-10-09 22:59:31.530   -- File entry --
2026-10-09 22:59:31.530   Dest filename: D:\a\_temp\agym-c64-38001250527-5872-u8q4q801\client\Admin\_internal\tcl90.dll
2026-10-09 22:59:31.530   Time stamp of our file: 2026-10-09 22:57:36.000
2026-10-09 22:59:31.530   Installing the file.
2026-10-09 22:59:31.655   Successfully installed the file.
2026-10-09 22:59:31.655   -- File entry --
2026-10-09 22:59:31.655   Dest filename: D:\a\_temp\agym-c64-38001250527-5872-u8q4q801\client\Admin\_internal\tcl9tk90.dll
2026-10-09 22:59:31.655   Time stamp of our file: 2026-10-09 22:57:36.000
2026-10-09 22:59:31.655   Installing the file.
2026-10-09 22:59:31.718   Successfully installed the file.
2026-10-09 22:59:31.718   -- File entry --
2026-10-09 22:59:31.718   Dest filename: D:\a\_temp\agym-c64-38001250527-5872-u8q4q801\client\Admin\_internal\ucrtbase.dll
2026-10-09 22:59:31.718   Time stamp of our file: 2026-10-09 22:57:36.000
2026-10-09 22:59:31.718   Installing the file.
2026-10-09 22:59:31.749   Successfully installed the file.
2026-10-09 22:59:31.749   -- File entry --
2026-10-09 22:59:31.749   Dest filename: D:\a\_temp\agym-c64-38001250527-5872-u8q4q801\client\Admin\_internal\unicodedata.pyd
2026-10-09 22:59:31.749   Time stamp of our file: 2026-10-09 22:57:36.000
2026-10-09 22:59:31.749   Installing the file.
2026-10-09 22:59:31.780   Successfully installed the file.
2026-10-09 22:59:31.780   -- File entry --
2026-10-09 22:59:31.780   Dest filename: D:\a\_temp\agym-c64-38001250527-5872-u8q4q801\client\Admin\_internal\VCRUNTIME140.dll
2026-10-09 22:59:31.780   Time stamp of our file: 2026-10-09 22:57:36.000
2026-10-09 22:59:31.780   Installing the file.
2026-10-09 22:59:31.780   Successfully installed the file.
2026-10-09 22:59:31.780   -- File entry --
2026-10-09 22:59:31.780   Dest filename: D:\a\_temp\agym-c64-38001250527-5872-u8q4q801\client\Admin\_internal\VCRUNTIME140_1.dll
2026-10-09 22:59:31.780   Time stamp of our file: 2026-10-09 22:57:36.000
2026-10-09 22:59:31.780   Installing the file.
2026-10-09 22:59:31.780   Successfully installed the file.
2026-10-09 22:59:31.780   -- File entry --
2026-10-09 22:59:31.780   Dest filename: D:\a\_temp\agym-c64-38001250527-5872-u8q4q801\client\Admin\_internal\zlib1.dll
2026-10-09 22:59:31.780   Time stamp of our file: 2026-10-09 22:57:36.000
2026-10-09 22:59:31.780   Installing the file.
2026-10-09 22:59:31.796   Successfully installed the file.
2026-10-09 22:59:31.796   -- File entry --
2026-10-09 22:59:31.796   Dest filename: D:\a\_temp\agym-c64-38001250527-5872-u8q4q801\client\Admin\_internal\_asyncio.pyd
2026-10-09 22:59:31.796   Time stamp of our file: 2026-10-09 22:57:36.000
2026-10-09 22:59:31.796   Installing the file.
2026-10-09 22:59:31.796   Successfully installed the file.
2026-10-09 22:59:31.796   -- File entry --
2026-10-09 22:59:31.796   Dest filename: D:\a\_temp\agym-c64-38001250527-5872-u8q4q801\client\Admin\_internal\_bz2.pyd
2026-10-09 22:59:31.796   Time stamp of our file: 2026-10-09 22:57:36.000
2026-10-09 22:59:31.796   Installing the file.
2026-10-09 22:59:31.796   Successfully installed the file.
2026-10-09 22:59:31.796   -- File entry --
2026-10-09 22:59:31.796   Dest filename: D:\a\_temp\agym-c64-38001250527-5872-u8q4q801\client\Admin\_internal\_cffi_backend.cp314-win_amd64.pyd
2026-10-09 22:59:31.796   Time stamp of our file: 2026-10-09 22:57:36.000
2026-10-09 22:59:31.796   Installing the file.
2026-10-09 22:59:31.796   Successfully installed the file.
2026-10-09 22:59:31.796   -- File entry --
2026-10-09 22:59:31.796   Dest filename: D:\a\_temp\agym-c64-38001250527-5872-u8q4q801\client\Admin\_internal\_ctypes.pyd
2026-10-09 22:59:31.796   Time stamp of our file: 2026-10-09 22:57:36.000
2026-10-09 22:59:31.796   Installing the file.
2026-10-09 22:59:31.811   Successfully installed the file.
2026-10-09 22:59:31.811   -- File entry --
2026-10-09 22:59:31.811   Dest filename: D:\a\_temp\agym-c64-38001250527-5872-u8q4q801\client\Admin\_internal\_decimal.pyd
2026-10-09 22:59:31.811   Time stamp of our file: 2026-10-09 22:57:36.000
2026-10-09 22:59:31.811   Installing the file.
2026-10-09 22:59:31.811   Successfully installed the file.
2026-10-09 22:59:31.811   -- File entry --
2026-10-09 22:59:31.811   Dest filename: D:\a\_temp\agym-c64-38001250527-5872-u8q4q801\client\Admin\_internal\_elementtree.pyd
2026-10-09 22:59:31.811   Time stamp of our file: 2026-10-09 22:57:36.000
2026-10-09 22:59:31.811   Installing the file.
2026-10-09 22:59:31.811   Successfully installed the file.
2026-10-09 22:59:31.811   -- File entry --
2026-10-09 22:59:31.811   Dest filename: D:\a\_temp\agym-c64-38001250527-5872-u8q4q801\client\Admin\_internal\_hashlib.pyd
2026-10-09 22:59:31.811   Time stamp of our file: 2026-10-09 22:57:36.000
2026-10-09 22:59:31.827   Installing the file.
2026-10-09 22:59:31.827   Successfully installed the file.
2026-10-09 22:59:31.827   -- File entry --
2026-10-09 22:59:31.827   Dest filename: D:\a\_temp\agym-c64-38001250527-5872-u8q4q801\client\Admin\_internal\_lzma.pyd
2026-10-09 22:59:31.827   Time stamp of our file: 2026-10-09 22:57:36.000
2026-10-09 22:59:31.827   Installing the file.
2026-10-09 22:59:31.827   Successfully installed the file.
2026-10-09 22:59:31.827   -- File entry --
2026-10-09 22:59:31.827   Dest filename: D:\a\_temp\agym-c64-38001250527-5872-u8q4q801\client\Admin\_internal\_multiprocessing.pyd
2026-10-09 22:59:31.827   Time stamp of our file: 2026-10-09 22:57:36.000
2026-10-09 22:59:31.827   Installing the file.
2026-10-09 22:59:31.827   Successfully installed the file.
2026-10-09 22:59:31.827   -- File entry --
2026-10-09 22:59:31.827   Dest filename: D:\a\_temp\agym-c64-38001250527-5872-u8q4q801\client\Admin\_internal\_overlapped.pyd
2026-10-09 22:59:31.827   Time stamp of our file: 2026-10-09 22:57:36.000
2026-10-09 22:59:31.827   Installing the file.
2026-10-09 22:59:31.827   Successfully installed the file.
2026-10-09 22:59:31.827   -- File entry --
2026-10-09 22:59:31.827   Dest filename: D:\a\_temp\agym-c64-38001250527-5872-u8q4q801\client\Admin\_internal\_queue.pyd
2026-10-09 22:59:31.827   Time stamp of our file: 2026-10-09 22:57:36.000
2026-10-09 22:59:31.827   Installing the file.
2026-10-09 22:59:31.827   Successfully installed the file.
2026-10-09 22:59:31.827   -- File entry --
2026-10-09 22:59:31.827   Dest filename: D:\a\_temp\agym-c64-38001250527-5872-u8q4q801\client\Admin\_internal\_socket.pyd
2026-10-09 22:59:31.827   Time stamp of our file: 2026-10-09 22:57:36.000
2026-10-09 22:59:31.827   Installing the file.
2026-10-09 22:59:31.827   Successfully installed the file.
2026-10-09 22:59:31.827   -- File entry --
2026-10-09 22:59:31.827   Dest filename: D:\a\_temp\agym-c64-38001250527-5872-u8q4q801\client\Admin\_internal\_sqlite3.pyd
2026-10-09 22:59:31.827   Time stamp of our file: 2026-10-09 22:57:36.000
2026-10-09 22:59:31.827   Installing the file.
2026-10-09 22:59:31.843   Successfully installed the file.
2026-10-09 22:59:31.843   -- File entry --
2026-10-09 22:59:31.843   Dest filename: D:\a\_temp\agym-c64-38001250527-5872-u8q4q801\client\Admin\_internal\_ssl.pyd
2026-10-09 22:59:31.843   Time stamp of our file: 2026-10-09 22:57:36.000
2026-10-09 22:59:31.843   Installing the file.
2026-10-09 22:59:31.843   Successfully installed the file.
2026-10-09 22:59:31.843   -- File entry --
2026-10-09 22:59:31.843   Dest filename: D:\a\_temp\agym-c64-38001250527-5872-u8q4q801\client\Admin\_internal\_tkinter.pyd
2026-10-09 22:59:31.843   Time stamp of our file: 2026-10-09 22:57:36.000
2026-10-09 22:59:31.843   Installing the file.
2026-10-09 22:59:31.843   Successfully installed the file.
2026-10-09 22:59:31.843   -- File entry --
2026-10-09 22:59:31.843   Dest filename: D:\a\_temp\agym-c64-38001250527-5872-u8q4q801\client\Admin\_internal\_uuid.pyd
2026-10-09 22:59:31.843   Time stamp of our file: 2026-10-09 22:57:36.000
2026-10-09 22:59:31.843   Installing the file.
2026-10-09 22:59:31.843   Successfully installed the file.
2026-10-09 22:59:31.843   -- File entry --
2026-10-09 22:59:31.843   Dest filename: D:\a\_temp\agym-c64-38001250527-5872-u8q4q801\client\Admin\_internal\_wmi.pyd
2026-10-09 22:59:31.843   Time stamp of our file: 2026-10-09 22:57:36.000
2026-10-09 22:59:31.843   Installing the file.
2026-10-09 22:59:31.843   Successfully installed the file.
2026-10-09 22:59:31.843   -- File entry --
2026-10-09 22:59:31.843   Dest filename: D:\a\_temp\agym-c64-38001250527-5872-u8q4q801\client\Admin\_internal\_zoneinfo.pyd
2026-10-09 22:59:31.843   Time stamp of our file: 2026-10-09 22:57:36.000
2026-10-09 22:59:31.843   Installing the file.
2026-10-09 22:59:31.843   Successfully installed the file.
2026-10-09 22:59:31.843   -- File entry --
2026-10-09 22:59:31.843   Dest filename: D:\a\_temp\agym-c64-38001250527-5872-u8q4q801\client\Admin\_internal\_zstd.pyd
2026-10-09 22:59:31.843   Time stamp of our file: 2026-10-09 22:57:36.000
2026-10-09 22:59:31.843   Installing the file.
2026-10-09 22:59:31.858   Successfully installed the file.
2026-10-09 22:59:31.858   -- File entry --
2026-10-09 22:59:31.858   Dest filename: D:\a\_temp\agym-c64-38001250527-5872-u8q4q801\client\Admin\_internal\certifi\cacert.pem
2026-10-09 22:59:31.858   Time stamp of our file: 2026-10-09 22:57:36.000
2026-10-09 22:59:31.858   Installing the file.
2026-10-09 22:59:31.858   Creating directory: D:\a\_temp\agym-c64-38001250527-5872-u8q4q801\client\Admin\_internal\certifi
2026-10-09 22:59:31.874   Successfully installed the file.
2026-10-09 22:59:31.874   -- File entry --
2026-10-09 22:59:31.874   Dest filename: D:\a\_temp\agym-c64-38001250527-5872-u8q4q801\client\Admin\_internal\certifi\py.typed
2026-10-09 22:59:31.874   Time stamp of our file: 2026-10-09 22:57:36.000
2026-10-09 22:59:31.874   Installing the file.
2026-10-09 22:59:31.874   Successfully installed the file.
2026-10-09 22:59:31.874   -- File entry --
2026-10-09 22:59:31.874   Dest filename: D:\a\_temp\agym-c64-38001250527-5872-u8q4q801\client\Admin\_internal\cryptography\hazmat\bindings\_rust.pyd
2026-10-09 22:59:31.874   Time stamp of our file: 2026-10-09 22:57:36.000
2026-10-09 22:59:31.874   Installing the file.
2026-10-09 22:59:31.874   Creating directory: D:\a\_temp\agym-c64-38001250527-5872-u8q4q801\client\Admin\_internal\cryptography
2026-10-09 22:59:31.874   Creating directory: D:\a\_temp\agym-c64-38001250527-5872-u8q4q801\client\Admin\_internal\cryptography\hazmat
2026-10-09 22:59:31.874   Creating directory: D:\a\_temp\agym-c64-38001250527-5872-u8q4q801\client\Admin\_internal\cryptography\hazmat\bindings
2026-10-09 22:59:32.108   Successfully installed the file.
2026-10-09 22:59:32.108   -- File entry --
2026-10-09 22:59:32.108   Dest filename: D:\a\_temp\agym-c64-38001250527-5872-u8q4q801\client\Admin\_internal\cryptography-50.0.2.dist-info\INSTALLER
2026-10-09 22:59:32.108   Time stamp of our file: 2026-10-09 22:57:36.000
2026-10-09 22:59:32.108   Installing the file.
2026-10-09 22:59:32.108   Creating directory: D:\a\_temp\agym-c64-38001250527-5872-u8q4q801\client\Admin\_internal\cryptography-50.0.2.dist-info
2026-10-09 22:59:32.108   Successfully installed the file.
2026-10-09 22:59:32.108   -- File entry --
2026-10-09 22:59:32.108   Dest filename: D:\a\_temp\agym-c64-38001250527-5872-u8q4q801\client\Admin\_internal\cryptography-50.0.2.dist-info\METADATA
2026-10-09 22:59:32.108   Time stamp of our file: 2026-10-09 22:57:36.000
2026-10-09 22:59:32.108   Installing the file.
2026-10-09 22:59:32.108   Successfully installed the file.
2026-10-09 22:59:32.108   -- File entry --
2026-10-09 22:59:32.108   Dest filename: D:\a\_temp\agym-c64-38001250527-5872-u8q4q801\client\Admin\_internal\cryptography-50.0.2.dist-info\RECORD
2026-10-09 22:59:32.108   Time stamp of our file: 2026-10-09 22:57:36.000
2026-10-09 22:59:32.108   Installing the file.
2026-10-09 22:59:32.108   Successfully installed the file.
2026-10-09 22:59:32.108   -- File entry --
2026-10-09 22:59:32.108   Dest filename: D:\a\_temp\agym-c64-38001250527-5872-u8q4q801\client\Admin\_internal\cryptography-50.0.2.dist-info\WHEEL
2026-10-09 22:59:32.108   Time stamp of our file: 2026-10-09 22:57:36.000
2026-10-09 22:59:32.108   Installing the file.
2026-10-09 22:59:32.108   Successfully installed the file.
2026-10-09 22:59:32.108   -- File entry --
2026-10-09 22:59:32.108   Dest filename: D:\a\_temp\agym-c64-38001250527-5872-u8q4q801\client\Admin\_internal\cryptography-50.0.2.dist-info\licenses\LICENSE
2026-10-09 22:59:32.108   Time stamp of our file: 2026-10-09 22:57:36.000
2026-10-09 22:59:32.108   Installing the file.
2026-10-09 22:59:32.108   Creating directory: D:\a\_temp\agym-c64-38001250527-5872-u8q4q801\client\Admin\_internal\cryptography-50.0.2.dist-info\licenses
2026-10-09 22:59:32.108   Successfully installed the file.
2026-10-09 22:59:32.108   -- File entry --
2026-10-09 22:59:32.108   Dest filename: D:\a\_temp\agym-c64-38001250527-5872-u8q4q801\client\Admin\_internal\cryptography-50.0.2.dist-info\licenses\LICENSE.APACHE
2026-10-09 22:59:32.108   Time stamp of our file: 2026-10-09 22:57:36.000
2026-10-09 22:59:32.108   Installing the file.
2026-10-09 22:59:32.108   Successfully installed the file.
2026-10-09 22:59:32.108   -- File entry --
2026-10-09 22:59:32.108   Dest filename: D:\a\_temp\agym-c64-38001250527-5872-u8q4q801\client\Admin\_internal\cryptography-50.0.2.dist-info\licenses\LICENSE.BSD
2026-10-09 22:59:32.108   Time stamp of our file: 2026-10-09 22:57:36.000
2026-10-09 22:59:32.108   Installing the file.
2026-10-09 22:59:32.108   Successfully installed the file.
2026-10-09 22:59:32.108   -- File entry --
2026-10-09 22:59:32.108   Dest filename: D:\a\_temp\agym-c64-38001250527-5872-u8q4q801\client\Admin\_internal\cryptography-50.0.2.dist-info\sboms\cryptography-rust.cyclonedx.json
2026-10-09 22:59:32.108   Time stamp of our file: 2026-10-09 22:57:36.000
2026-10-09 22:59:32.108   Installing the file.
2026-10-09 22:59:32.108   Creating directory: D:\a\_temp\agym-c64-38001250527-5872-u8q4q801\client\Admin\_internal\cryptography-50.0.2.dist-info\sboms
2026-10-09 22:59:32.124   Successfully installed the file.
2026-10-09 22:59:32.124   -- File entry --
2026-10-09 22:59:32.124   Dest filename: D:\a\_temp\agym-c64-38001250527-5872-u8q4q801\client\Admin\_internal\cryptography-50.0.2.dist-info\sboms\sbom.json
2026-10-09 22:59:32.124   Time stamp of our file: 2026-10-09 22:57:36.000
2026-10-09 22:59:32.124   Installing the file.
2026-10-09 22:59:32.124   Successfully installed the file.
2026-10-09 22:59:32.124   -- File entry --
2026-10-09 22:59:32.124   Dest filename: D:\a\_temp\agym-c64-38001250527-5872-u8q4q801\client\Admin\_internal\multidict\_multidict.cp314-win_amd64.pyd
2026-10-09 22:59:32.124   Time stamp of our file: 2026-10-09 22:57:36.000
2026-10-09 22:59:32.124   Installing the file.
2026-10-09 22:59:32.124   Creating directory: D:\a\_temp\agym-c64-38001250527-5872-u8q4q801\client\Admin\_internal\multidict
2026-10-09 22:59:32.124   Successfully installed the file.
2026-10-09 22:59:32.124   -- File entry --
2026-10-09 22:59:32.124   Dest filename: D:\a\_temp\agym-c64-38001250527-5872-u8q4q801\client\Admin\_internal\PIL\_avif.cp314-win_amd64.pyd
2026-10-09 22:59:32.124   Time stamp of our file: 2026-10-09 22:57:36.000
2026-10-09 22:59:32.124   Installing the file.
2026-10-09 22:59:32.124   Creating directory: D:\a\_temp\agym-c64-38001250527-5872-u8q4q801\client\Admin\_internal\PIL
2026-10-09 22:59:32.311   Successfully installed the file.
2026-10-09 22:59:32.311   -- File entry --
2026-10-09 22:59:32.311   Dest filename: D:\a\_temp\agym-c64-38001250527-5872-u8q4q801\client\Admin\_internal\PIL\_imaging.cp314-win_amd64.pyd
2026-10-09 22:59:32.311   Time stamp of our file: 2026-10-09 22:57:36.000
2026-10-09 22:59:32.311   Installing the file.
2026-10-09 22:59:32.374   Successfully installed the file.
2026-10-09 22:59:32.374   -- File entry --
2026-10-09 22:59:32.374   Dest filename: D:\a\_temp\agym-c64-38001250527-5872-u8q4q801\client\Admin\_internal\PIL\_imagingcms.cp314-win_amd64.pyd
2026-10-09 22:59:32.374   Time stamp of our file: 2026-10-09 22:57:36.000
2026-10-09 22:59:32.374   Installing the file.
2026-10-09 22:59:32.389   Successfully installed the file.
2026-10-09 22:59:32.389   -- File entry --
2026-10-09 22:59:32.389   Dest filename: D:\a\_temp\agym-c64-38001250527-5872-u8q4q801\client\Admin\_internal\PIL\_imagingft.cp314-win_amd64.pyd
2026-10-09 22:59:32.389   Time stamp of our file: 2026-10-09 22:57:36.000
2026-10-09 22:59:32.389   Installing the file.
2026-10-09 22:59:32.460   Successfully installed the file.
2026-10-09 22:59:32.460   -- File entry --
2026-10-09 22:59:32.460   Dest filename: D:\a\_temp\agym-c64-38001250527-5872-u8q4q801\client\Admin\_internal\PIL\_imagingmath.cp314-win_amd64.pyd
2026-10-09 22:59:32.460   Time stamp of our file: 2026-10-09 22:57:36.000
2026-10-09 22:59:32.460   Installing the file.
2026-10-09 22:59:32.460   Successfully installed the file.
2026-10-09 22:59:32.460   -- File entry --
2026-10-09 22:59:32.460   Dest filename: D:\a\_temp\agym-c64-38001250527-5872-u8q4q801\client\Admin\_internal\PIL\_imagingtk.cp314-win_amd64.pyd
2026-10-09 22:59:32.460   Time stamp of our file: 2026-10-09 22:57:36.000
2026-10-09 22:59:32.460   Installing the file.
2026-10-09 22:59:32.460   Successfully installed the file.
2026-10-09 22:59:32.460   -- File entry --
2026-10-09 22:59:32.460   Dest filename: D:\a\_temp\agym-c64-38001250527-5872-u8q4q801\client\Admin\_internal\PIL\_webp.cp314-win_amd64.pyd
2026-10-09 22:59:32.460   Time stamp of our file: 2026-10-09 22:57:36.000
2026-10-09 22:59:32.460   Installing the file.
2026-10-09 22:59:32.468   Successfully installed the file.
2026-10-09 22:59:32.468   -- File entry --
2026-10-09 22:59:32.468   Dest filename: D:\a\_temp\agym-c64-38001250527-5872-u8q4q801\client\Admin\_internal\postgrest\base_client.py
2026-10-09 22:59:32.468   Time stamp of our file: 2026-10-09 22:57:36.000
2026-10-09 22:59:32.468   Installing the file.
2026-10-09 22:59:32.468   Creating directory: D:\a\_temp\agym-c64-38001250527-5872-u8q4q801\client\Admin\_internal\postgrest
2026-10-09 22:59:32.468   Successfully installed the file.
2026-10-09 22:59:32.468   -- File entry --
2026-10-09 22:59:32.468   Dest filename: D:\a\_temp\agym-c64-38001250527-5872-u8q4q801\client\Admin\_internal\postgrest\base_request_builder.py
2026-10-09 22:59:32.468   Time stamp of our file: 2026-10-09 22:57:36.000
2026-10-09 22:59:32.468   Installing the file.
2026-10-09 22:59:32.468   Successfully installed the file.
2026-10-09 22:59:32.468   -- File entry --
2026-10-09 22:59:32.468   Dest filename: D:\a\_temp\agym-c64-38001250527-5872-u8q4q801\client\Admin\_internal\postgrest\constants.py
2026-10-09 22:59:32.468   Time stamp of our file: 2026-10-09 22:57:36.000
2026-10-09 22:59:32.468   Installing the file.
2026-10-09 22:59:32.468   Successfully installed the file.
2026-10-09 22:59:32.468   -- File entry --
2026-10-09 22:59:32.468   Dest filename: D:\a\_temp\agym-c64-38001250527-5872-u8q4q801\client\Admin\_internal\postgrest\exceptions.py
2026-10-09 22:59:32.468   Time stamp of our file: 2026-10-09 22:57:36.000
2026-10-09 22:59:32.468   Installing the file.
2026-10-09 22:59:32.468   Successfully installed the file.
2026-10-09 22:59:32.468   -- File entry --
2026-10-09 22:59:32.468   Dest filename: D:\a\_temp\agym-c64-38001250527-5872-u8q4q801\client\Admin\_internal\postgrest\py.typed
2026-10-09 22:59:32.468   Time stamp of our file: 2026-10-09 22:57:36.000
2026-10-09 22:59:32.468   Installing the file.
2026-10-09 22:59:32.468   Successfully installed the file.
2026-10-09 22:59:32.468   -- File entry --
2026-10-09 22:59:32.468   Dest filename: D:\a\_temp\agym-c64-38001250527-5872-u8q4q801\client\Admin\_internal\postgrest\types.py
2026-10-09 22:59:32.468   Time stamp of our file: 2026-10-09 22:57:36.000
2026-10-09 22:59:32.468   Installing the file.
2026-10-09 22:59:32.468   Successfully installed the file.
2026-10-09 22:59:32.468   -- File entry --
2026-10-09 22:59:32.468   Dest filename: D:\a\_temp\agym-c64-38001250527-5872-u8q4q801\client\Admin\_internal\postgrest\utils.py
2026-10-09 22:59:32.468   Time stamp of our file: 2026-10-09 22:57:36.000
2026-10-09 22:59:32.468   Installing the file.
2026-10-09 22:59:32.468   Successfully installed the file.
2026-10-09 22:59:32.468   -- File entry --
2026-10-09 22:59:32.468   Dest filename: D:\a\_temp\agym-c64-38001250527-5872-u8q4q801\client\Admin\_internal\postgrest\version.py
2026-10-09 22:59:32.468   Time stamp of our file: 2026-10-09 22:57:36.000
2026-10-09 22:59:32.468   Installing the file.
2026-10-09 22:59:32.468   Successfully installed the file.
2026-10-09 22:59:32.468   -- File entry --
2026-10-09 22:59:32.468   Dest filename: D:\a\_temp\agym-c64-38001250527-5872-u8q4q801\client\Admin\_internal\postgrest\__init__.py
2026-10-09 22:59:32.468   Time stamp of our file: 2026-10-09 22:57:36.000
2026-10-09 22:59:32.468   Installing the file.
2026-10-09 22:59:32.468   Successfully installed the file.
2026-10-09 22:59:32.468   -- File entry --
2026-10-09 22:59:32.468   Dest filename: D:\a\_temp\agym-c64-38001250527-5872-u8q4q801\client\Admin\_internal\postgrest\_async\client.py
2026-10-09 22:59:32.468   Time stamp of our file: 2026-10-09 22:57:36.000
2026-10-09 22:59:32.468   Installing the file.
2026-10-09 22:59:32.468   Creating directory: D:\a\_temp\agym-c64-38001250527-5872-u8q4q801\client\Admin\_internal\postgrest\_async
2026-10-09 22:59:32.468   Successfully installed the file.
2026-10-09 22:59:32.468   -- File entry --
2026-10-09 22:59:32.468   Dest filename: D:\a\_temp\agym-c64-38001250527-5872-u8q4q801\client\Admin\_internal\postgrest\_async\request_builder.py
2026-10-09 22:59:32.468   Time stamp of our file: 2026-10-09 22:57:36.000
2026-10-09 22:59:32.468   Installing the file.
2026-10-09 22:59:32.468   Successfully installed the file.
2026-10-09 22:59:32.468   -- File entry --
2026-10-09 22:59:32.468   Dest filename: D:\a\_temp\agym-c64-38001250527-5872-u8q4q801\client\Admin\_internal\postgrest\_async\__init__.py
2026-10-09 22:59:32.468   Time stamp of our file: 2026-10-09 22:57:36.000
2026-10-09 22:59:32.468   Installing the file.
2026-10-09 22:59:32.468   Successfully installed the file.
2026-10-09 22:59:32.468   -- File entry --
2026-10-09 22:59:32.468   Dest filename: D:\a\_temp\agym-c64-38001250527-5872-u8q4q801\client\Admin\_internal\postgrest\_sync\client.py
2026-10-09 22:59:32.468   Time stamp of our file: 2026-10-09 22:57:36.000
2026-10-09 22:59:32.468   Installing the file.
2026-10-09 22:59:32.468   Creating directory: D:\a\_temp\agym-c64-38001250527-5872-u8q4q801\client\Admin\_internal\postgrest\_sync
2026-10-09 22:59:32.468   Successfully installed the file.
2026-10-09 22:59:32.468   -- File entry --
2026-10-09 22:59:32.468   Dest filename: D:\a\_temp\agym-c64-38001250527-5872-u8q4q801\client\Admin\_internal\postgrest\_sync\request_builder.py
2026-10-09 22:59:32.468   Time stamp of our file: 2026-10-09 22:57:36.000
2026-10-09 22:59:32.468   Installing the file.
2026-10-09 22:59:32.468   Successfully installed the file.
2026-10-09 22:59:32.468   -- File entry --
2026-10-09 22:59:32.468   Dest filename: D:\a\_temp\agym-c64-38001250527-5872-u8q4q801\client\Admin\_internal\postgrest\_sync\__init__.py
2026-10-09 22:59:32.468   Time stamp of our file: 2026-10-09 22:57:36.000
2026-10-09 22:59:32.468   Installing the file.
2026-10-09 22:59:32.468   Successfully installed the file.
2026-10-09 22:59:32.468   -- File entry --
2026-10-09 22:59:32.468   Dest filename: D:\a\_temp\agym-c64-38001250527-5872-u8q4q801\client\Admin\_internal\postgrest-2.31.0.dist-info\INSTALLER
2026-10-09 22:59:32.468   Time stamp of our file: 2026-10-09 22:57:36.000
2026-10-09 22:59:32.468   Installing the file.
2026-10-09 22:59:32.468   Creating directory: D:\a\_temp\agym-c64-38001250527-5872-u8q4q801\client\Admin\_internal\postgrest-2.31.0.dist-info
2026-10-09 22:59:32.468   Successfully installed the file.
2026-10-09 22:59:32.468   -- File entry --
2026-10-09 22:59:32.468   Dest filename: D:\a\_temp\agym-c64-38001250527-5872-u8q4q801\client\Admin\_internal\postgrest-2.31.0.dist-info\METADATA
2026-10-09 22:59:32.468   Time stamp of our file: 2026-10-09 22:57:36.000
2026-10-09 22:59:32.468   Installing the file.
2026-10-09 22:59:32.468   Successfully installed the file.
2026-10-09 22:59:32.468   -- File entry --
2026-10-09 22:59:32.468   Dest filename: D:\a\_temp\agym-c64-38001250527-5872-u8q4q801\client\Admin\_internal\postgrest-2.31.0.dist-info\RECORD
2026-10-09 22:59:32.468   Time stamp of our file: 2026-10-09 22:57:36.000
2026-10-09 22:59:32.468   Installing the file.
2026-10-09 22:59:32.468   Successfully installed the file.
2026-10-09 22:59:32.468   -- File entry --
2026-10-09 22:59:32.468   Dest filename: D:\a\_temp\agym-c64-38001250527-5872-u8q4q801\client\Admin\_internal\postgrest-2.31.0.dist-info\WHEEL
2026-10-09 22:59:32.468   Time stamp of our file: 2026-10-09 22:57:36.000
2026-10-09 22:59:32.468   Installing the file.
2026-10-09 22:59:32.468   Successfully installed the file.
2026-10-09 22:59:32.468   -- File entry --
2026-10-09 22:59:32.468   Dest filename: D:\a\_temp\agym-c64-38001250527-5872-u8q4q801\client\Admin\_internal\propcache\_helpers_c.cp314-win_amd64.pyd
2026-10-09 22:59:32.468   Time stamp of our file: 2026-10-09 22:57:36.000
2026-10-09 22:59:32.468   Installing the file.
2026-10-09 22:59:32.468   Creating directory: D:\a\_temp\agym-c64-38001250527-5872-u8q4q801\client\Admin\_internal\propcache
2026-10-09 22:59:32.483   Successfully installed the file.
2026-10-09 22:59:32.483   -- File entry --
2026-10-09 22:59:32.483   Dest filename: D:\a\_temp\agym-c64-38001250527-5872-u8q4q801\client\Admin\_internal\pydantic-2.14.0.dist-info\INSTALLER
2026-10-09 22:59:32.483   Time stamp of our file: 2026-10-09 22:57:36.000
2026-10-09 22:59:32.483   Installing the file.
2026-10-09 22:59:32.483   Creating directory: D:\a\_temp\agym-c64-38001250527-5872-u8q4q801\client\Admin\_internal\pydantic-2.14.0.dist-info
2026-10-09 22:59:32.483   Successfully installed the file.
2026-10-09 22:59:32.483   -- File entry --
2026-10-09 22:59:32.483   Dest filename: D:\a\_temp\agym-c64-38001250527-5872-u8q4q801\client\Admin\_internal\pydantic-2.14.0.dist-info\METADATA
2026-10-09 22:59:32.483   Time stamp of our file: 2026-10-09 22:57:36.000
2026-10-09 22:59:32.483   Installing the file.
2026-10-09 22:59:32.483   Successfully installed the file.
2026-10-09 22:59:32.483   -- File entry --
2026-10-09 22:59:32.483   Dest filename: D:\a\_temp\agym-c64-38001250527-5872-u8q4q801\client\Admin\_internal\pydantic-2.14.0.dist-info\RECORD
2026-10-09 22:59:32.483   Time stamp of our file: 2026-10-09 22:57:36.000
2026-10-09 22:59:32.483   Installing the file.
2026-10-09 22:59:32.483   Successfully installed the file.
2026-10-09 22:59:32.483   -- File entry --
2026-10-09 22:59:32.483   Dest filename: D:\a\_temp\agym-c64-38001250527-5872-u8q4q801\client\Admin\_internal\pydantic-2.14.0.dist-info\WHEEL
2026-10-09 22:59:32.483   Time stamp of our file: 2026-10-09 22:57:36.000
2026-10-09 22:59:32.483   Installing the file.
2026-10-09 22:59:32.483   Successfully installed the file.
2026-10-09 22:59:32.483   -- File entry --
2026-10-09 22:59:32.483   Dest filename: D:\a\_temp\agym-c64-38001250527-5872-u8q4q801\client\Admin\_internal\pydantic-2.14.0.dist-info\licenses\LICENSE
2026-10-09 22:59:32.483   Time stamp of our file: 2026-10-09 22:57:36.000
2026-10-09 22:59:32.483   Installing the file.
2026-10-09 22:59:32.483   Creating directory: D:\a\_temp\agym-c64-38001250527-5872-u8q4q801\client\Admin\_internal\pydantic-2.14.0.dist-info\licenses
2026-10-09 22:59:32.483   Successfully installed the file.
2026-10-09 22:59:32.483   -- File entry --
2026-10-09 22:59:32.483   Dest filename: D:\a\_temp\agym-c64-38001250527-5872-u8q4q801\client\Admin\_internal\pydantic_core\_pydantic_core.cp314-win_amd64.pyd
2026-10-09 22:59:32.483   Time stamp of our file: 2026-10-09 22:57:36.000
2026-10-09 22:59:32.483   Installing the file.
2026-10-09 22:59:32.483   Creating directory: D:\a\_temp\agym-c64-38001250527-5872-u8q4q801\client\Admin\_internal\pydantic_core
2026-10-09 22:59:32.624   Successfully installed the file.
2026-10-09 22:59:32.624   -- File entry --
2026-10-09 22:59:32.624   Dest filename: D:\a\_temp\agym-c64-38001250527-5872-u8q4q801\client\Admin\_internal\realtime\exceptions.py
2026-10-09 22:59:32.624   Time stamp of our file: 2026-10-09 22:57:36.000
2026-10-09 22:59:32.624   Installing the file.
2026-10-09 22:59:32.624   Creating directory: D:\a\_temp\agym-c64-38001250527-5872-u8q4q801\client\Admin\_internal\realtime
2026-10-09 22:59:32.624   Successfully installed the file.
2026-10-09 22:59:32.624   -- File entry --
2026-10-09 22:59:32.624   Dest filename: D:\a\_temp\agym-c64-38001250527-5872-u8q4q801\client\Admin\_internal\realtime\message.py
2026-10-09 22:59:32.624   Time stamp of our file: 2026-10-09 22:57:36.000
2026-10-09 22:59:32.624   Installing the file.
2026-10-09 22:59:32.624   Successfully installed the file.
2026-10-09 22:59:32.624   -- File entry --
2026-10-09 22:59:32.624   Dest filename: D:\a\_temp\agym-c64-38001250527-5872-u8q4q801\client\Admin\_internal\realtime\py.typed
2026-10-09 22:59:32.624   Time stamp of our file: 2026-10-09 22:57:36.000
2026-10-09 22:59:32.624   Installing the file.
2026-10-09 22:59:32.624   Successfully installed the file.
2026-10-09 22:59:32.624   -- File entry --
2026-10-09 22:59:32.624   Dest filename: D:\a\_temp\agym-c64-38001250527-5872-u8q4q801\client\Admin\_internal\realtime\transformers.py
2026-10-09 22:59:32.624   Time stamp of our file: 2026-10-09 22:57:36.000
2026-10-09 22:59:32.624   Installing the file.
2026-10-09 22:59:32.624   Successfully installed the file.
2026-10-09 22:59:32.624   -- File entry --
2026-10-09 22:59:32.624   Dest filename: D:\a\_temp\agym-c64-38001250527-5872-u8q4q801\client\Admin\_internal\realtime\types.py
2026-10-09 22:59:32.624   Time stamp of our file: 2026-10-09 22:57:36.000
2026-10-09 22:59:32.624   Installing the file.
2026-10-09 22:59:32.624   Successfully installed the file.
2026-10-09 22:59:32.624   -- File entry --
2026-10-09 22:59:32.624   Dest filename: D:\a\_temp\agym-c64-38001250527-5872-u8q4q801\client\Admin\_internal\realtime\utils.py
2026-10-09 22:59:32.624   Time stamp of our file: 2026-10-09 22:57:36.000
2026-10-09 22:59:32.624   Installing the file.
2026-10-09 22:59:32.624   Successfully installed the file.
2026-10-09 22:59:32.624   -- File entry --
2026-10-09 22:59:32.624   Dest filename: D:\a\_temp\agym-c64-38001250527-5872-u8q4q801\client\Admin\_internal\realtime\version.py
2026-10-09 22:59:32.624   Time stamp of our file: 2026-10-09 22:57:36.000
2026-10-09 22:59:32.624   Installing the file.
2026-10-09 22:59:32.624   Successfully installed the file.
2026-10-09 22:59:32.624   -- File entry --
2026-10-09 22:59:32.624   Dest filename: D:\a\_temp\agym-c64-38001250527-5872-u8q4q801\client\Admin\_internal\realtime\__init__.py
2026-10-09 22:59:32.624   Time stamp of our file: 2026-10-09 22:57:36.000
2026-10-09 22:59:32.624   Installing the file.
2026-10-09 22:59:32.624   Successfully installed the file.
2026-10-09 22:59:32.624   -- File entry --
2026-10-09 22:59:32.624   Dest filename: D:\a\_temp\agym-c64-38001250527-5872-u8q4q801\client\Admin\_internal\realtime\_async\channel.py
2026-10-09 22:59:32.624   Time stamp of our file: 2026-10-09 22:57:36.000
2026-10-09 22:59:32.624   Installing the file.
2026-10-09 22:59:32.624   Creating directory: D:\a\_temp\agym-c64-38001250527-5872-u8q4q801\client\Admin\_internal\realtime\_async
2026-10-09 22:59:32.624   Successfully installed the file.
2026-10-09 22:59:32.624   -- File entry --
2026-10-09 22:59:32.624   Dest filename: D:\a\_temp\agym-c64-38001250527-5872-u8q4q801\client\Admin\_internal\realtime\_async\client.py
2026-10-09 22:59:32.624   Time stamp of our file: 2026-10-09 22:57:36.000
2026-10-09 22:59:32.624   Installing the file.
2026-10-09 22:59:32.624   Successfully installed the file.
2026-10-09 22:59:32.624   -- File entry --
2026-10-09 22:59:32.624   Dest filename: D:\a\_temp\agym-c64-38001250527-5872-u8q4q801\client\Admin\_internal\realtime\_async\presence.py
2026-10-09 22:59:32.624   Time stamp of our file: 2026-10-09 22:57:36.000
2026-10-09 22:59:32.624   Installing the file.
2026-10-09 22:59:32.624   Successfully installed the file.
2026-10-09 22:59:32.624   -- File entry --
2026-10-09 22:59:32.624   Dest filename: D:\a\_temp\agym-c64-38001250527-5872-u8q4q801\client\Admin\_internal\realtime\_async\push.py
2026-10-09 22:59:32.624   Time stamp of our file: 2026-10-09 22:57:36.000
2026-10-09 22:59:32.624   Installing the file.
2026-10-09 22:59:32.624   Successfully installed the file.
2026-10-09 22:59:32.624   -- File entry --
2026-10-09 22:59:32.624   Dest filename: D:\a\_temp\agym-c64-38001250527-5872-u8q4q801\client\Admin\_internal\realtime\_async\timer.py
2026-10-09 22:59:32.624   Time stamp of our file: 2026-10-09 22:57:36.000
2026-10-09 22:59:32.624   Installing the file.
2026-10-09 22:59:32.624   Successfully installed the file.
2026-10-09 22:59:32.624   -- File entry --
2026-10-09 22:59:32.624   Dest filename: D:\a\_temp\agym-c64-38001250527-5872-u8q4q801\client\Admin\_internal\realtime\_async\__init__.py
2026-10-09 22:59:32.624   Time stamp of our file: 2026-10-09 22:57:36.000
2026-10-09 22:59:32.624   Installing the file.
2026-10-09 22:59:32.624   Successfully installed the file.
2026-10-09 22:59:32.624   -- File entry --
2026-10-09 22:59:32.624   Dest filename: D:\a\_temp\agym-c64-38001250527-5872-u8q4q801\client\Admin\_internal\realtime\_sync\channel.py
2026-10-09 22:59:32.624   Time stamp of our file: 2026-10-09 22:57:36.000
2026-10-09 22:59:32.624   Installing the file.
2026-10-09 22:59:32.624   Creating directory: D:\a\_temp\agym-c64-38001250527-5872-u8q4q801\client\Admin\_internal\realtime\_sync
2026-10-09 22:59:32.624   Successfully installed the file.
2026-10-09 22:59:32.624   -- File entry --
2026-10-09 22:59:32.624   Dest filename: D:\a\_temp\agym-c64-38001250527-5872-u8q4q801\client\Admin\_internal\realtime\_sync\client.py
2026-10-09 22:59:32.624   Time stamp of our file: 2026-10-09 22:57:36.000
2026-10-09 22:59:32.624   Installing the file.
2026-10-09 22:59:32.624   Successfully installed the file.
2026-10-09 22:59:32.624   -- File entry --
2026-10-09 22:59:32.624   Dest filename: D:\a\_temp\agym-c64-38001250527-5872-u8q4q801\client\Admin\_internal\realtime\_sync\presence.py
2026-10-09 22:59:32.624   Time stamp of our file: 2026-10-09 22:57:36.000
2026-10-09 22:59:32.624   Installing the file.
2026-10-09 22:59:32.624   Successfully installed the file.
2026-10-09 22:59:32.624   -- File entry --
2026-10-09 22:59:32.624   Dest filename: D:\a\_temp\agym-c64-38001250527-5872-u8q4q801\client\Admin\_internal\realtime\_sync\__init__.py
2026-10-09 22:59:32.624   Time stamp of our file: 2026-10-09 22:57:36.000
2026-10-09 22:59:32.624   Installing the file.
2026-10-09 22:59:32.624   Successfully installed the file.
2026-10-09 22:59:32.624   -- File entry --
2026-10-09 22:59:32.624   Dest filename: D:\a\_temp\agym-c64-38001250527-5872-u8q4q801\client\Admin\_internal\realtime-2.31.0.dist-info\INSTALLER
2026-10-09 22:59:32.624   Time stamp of our file: 2026-10-09 22:57:36.000
2026-10-09 22:59:32.624   Installing the file.
2026-10-09 22:59:32.624   Creating directory: D:\a\_temp\agym-c64-38001250527-5872-u8q4q801\client\Admin\_internal\realtime-2.31.0.dist-info
2026-10-09 22:59:32.624   Successfully installed the file.
2026-10-09 22:59:32.640   -- File entry --
2026-10-09 22:59:32.640   Dest filename: D:\a\_temp\agym-c64-38001250527-5872-u8q4q801\client\Admin\_internal\realtime-2.31.0.dist-info\METADATA
2026-10-09 22:59:32.640   Time stamp of our file: 2026-10-09 22:57:36.000
2026-10-09 22:59:32.640   Installing the file.
2026-10-09 22:59:32.640   Successfully installed the file.
2026-10-09 22:59:32.640   -- File entry --
2026-10-09 22:59:32.640   Dest filename: D:\a\_temp\agym-c64-38001250527-5872-u8q4q801\client\Admin\_internal\realtime-2.31.0.dist-info\RECORD
2026-10-09 22:59:32.640   Time stamp of our file: 2026-10-09 22:57:36.000
2026-10-09 22:59:32.640   Installing the file.
2026-10-09 22:59:32.640   Successfully installed the file.
2026-10-09 22:59:32.640   -- File entry --
2026-10-09 22:59:32.640   Dest filename: D:\a\_temp\agym-c64-38001250527-5872-u8q4q801\client\Admin\_internal\realtime-2.31.0.dist-info\WHEEL
2026-10-09 22:59:32.640   Time stamp of our file: 2026-10-09 22:57:36.000
2026-10-09 22:59:32.640   Installing the file.
2026-10-09 22:59:32.640   Successfully installed the file.
2026-10-09 22:59:32.640   -- File entry --
2026-10-09 22:59:32.640   Dest filename: D:\a\_temp\agym-c64-38001250527-5872-u8q4q801\client\Admin\_internal\setuptools\_vendor\jaraco\text\Lorem ipsum.txt
2026-10-09 22:59:32.640   Time stamp of our file: 2026-10-09 22:57:36.000
2026-10-09 22:59:32.640   Installing the file.
2026-10-09 22:59:32.640   Creating directory: D:\a\_temp\agym-c64-38001250527-5872-u8q4q801\client\Admin\_internal\setuptools
2026-10-09 22:59:32.640   Creating directory: D:\a\_temp\agym-c64-38001250527-5872-u8q4q801\client\Admin\_internal\setuptools\_vendor
2026-10-09 22:59:32.640   Creating directory: D:\a\_temp\agym-c64-38001250527-5872-u8q4q801\client\Admin\_internal\setuptools\_vendor\jaraco
2026-10-09 22:59:32.640   Creating directory: D:\a\_temp\agym-c64-38001250527-5872-u8q4q801\client\Admin\_internal\setuptools\_vendor\jaraco\text
2026-10-09 22:59:32.640   Successfully installed the file.
2026-10-09 22:59:32.640   -- File entry --
2026-10-09 22:59:32.640   Dest filename: D:\a\_temp\agym-c64-38001250527-5872-u8q4q801\client\Admin\_internal\supabase\client.py
2026-10-09 22:59:32.640   Time stamp of our file: 2026-10-09 22:57:36.000
2026-10-09 22:59:32.640   Installing the file.
2026-10-09 22:59:32.640   Creating directory: D:\a\_temp\agym-c64-38001250527-5872-u8q4q801\client\Admin\_internal\supabase
2026-10-09 22:59:32.640   Successfully installed the file.
2026-10-09 22:59:32.640   -- File entry --
2026-10-09 22:59:32.640   Dest filename: D:\a\_temp\agym-c64-38001250527-5872-u8q4q801\client\Admin\_internal\supabase\py.typed
2026-10-09 22:59:32.640   Time stamp of our file: 2026-10-09 22:57:36.000
2026-10-09 22:59:32.640   Installing the file.
2026-10-09 22:59:32.640   Successfully installed the file.
2026-10-09 22:59:32.640   -- File entry --
2026-10-09 22:59:32.640   Dest filename: D:\a\_temp\agym-c64-38001250527-5872-u8q4q801\client\Admin\_internal\supabase\types.py
2026-10-09 22:59:32.640   Time stamp of our file: 2026-10-09 22:57:36.000
2026-10-09 22:59:32.640   Installing the file.
2026-10-09 22:59:32.640   Successfully installed the file.
2026-10-09 22:59:32.640   -- File entry --
2026-10-09 22:59:32.640   Dest filename: D:\a\_temp\agym-c64-38001250527-5872-u8q4q801\client\Admin\_internal\supabase\version.py
2026-10-09 22:59:32.640   Time stamp of our file: 2026-10-09 22:57:36.000
2026-10-09 22:59:32.640   Installing the file.
2026-10-09 22:59:32.640   Successfully installed the file.
2026-10-09 22:59:32.640   -- File entry --
2026-10-09 22:59:32.640   Dest filename: D:\a\_temp\agym-c64-38001250527-5872-u8q4q801\client\Admin\_internal\supabase\__init__.py
2026-10-09 22:59:32.640   Time stamp of our file: 2026-10-09 22:57:36.000
2026-10-09 22:59:32.640   Installing the file.
2026-10-09 22:59:32.640   Successfully installed the file.
2026-10-09 22:59:32.640   -- File entry --
2026-10-09 22:59:32.640   Dest filename: D:\a\_temp\agym-c64-38001250527-5872-u8q4q801\client\Admin\_internal\supabase\lib\client_options.py
2026-10-09 22:59:32.640   Time stamp of our file: 2026-10-09 22:57:36.000
2026-10-09 22:59:32.640   Installing the file.
2026-10-09 22:59:32.640   Creating directory: D:\a\_temp\agym-c64-38001250527-5872-u8q4q801\client\Admin\_internal\supabase\lib
2026-10-09 22:59:32.640   Successfully installed the file.
2026-10-09 22:59:32.640   -- File entry --
2026-10-09 22:59:32.640   Dest filename: D:\a\_temp\agym-c64-38001250527-5872-u8q4q801\client\Admin\_internal\supabase\lib\__init__.py
2026-10-09 22:59:32.640   Time stamp of our file: 2026-10-09 22:57:36.000
2026-10-09 22:59:32.640   Installing the file.
2026-10-09 22:59:32.640   Successfully installed the file.
2026-10-09 22:59:32.640   -- File entry --
2026-10-09 22:59:32.640   Dest filename: D:\a\_temp\agym-c64-38001250527-5872-u8q4q801\client\Admin\_internal\supabase\_async\auth_client.py
2026-10-09 22:59:32.640   Time stamp of our file: 2026-10-09 22:57:36.000
2026-10-09 22:59:32.640   Installing the file.
2026-10-09 22:59:32.640   Creating directory: D:\a\_temp\agym-c64-38001250527-5872-u8q4q801\client\Admin\_internal\supabase\_async
2026-10-09 22:59:32.640   Successfully installed the file.
2026-10-09 22:59:32.640   -- File entry --
2026-10-09 22:59:32.640   Dest filename: D:\a\_temp\agym-c64-38001250527-5872-u8q4q801\client\Admin\_internal\supabase\_async\client.py
2026-10-09 22:59:32.640   Time stamp of our file: 2026-10-09 22:57:36.000
2026-10-09 22:59:32.640   Installing the file.
2026-10-09 22:59:32.640   Successfully installed the file.
2026-10-09 22:59:32.640   -- File entry --
2026-10-09 22:59:32.640   Dest filename: D:\a\_temp\agym-c64-38001250527-5872-u8q4q801\client\Admin\_internal\supabase\_async\__init__.py
2026-10-09 22:59:32.640   Time stamp of our file: 2026-10-09 22:57:36.000
2026-10-09 22:59:32.640   Installing the file.
2026-10-09 22:59:32.640   Successfully installed the file.
2026-10-09 22:59:32.640   -- File entry --
2026-10-09 22:59:32.640   Dest filename: D:\a\_temp\agym-c64-38001250527-5872-u8q4q801\client\Admin\_internal\supabase\_sync\auth_client.py
2026-10-09 22:59:32.640   Time stamp of our file: 2026-10-09 22:57:36.000
2026-10-09 22:59:32.640   Installing the file.
2026-10-09 22:59:32.640   Creating directory: D:\a\_temp\agym-c64-38001250527-5872-u8q4q801\client\Admin\_internal\supabase\_sync
2026-10-09 22:59:32.640   Successfully installed the file.
2026-10-09 22:59:32.640   -- File entry --
2026-10-09 22:59:32.640   Dest filename: D:\a\_temp\agym-c64-38001250527-5872-u8q4q801\client\Admin\_internal\supabase\_sync\client.py
2026-10-09 22:59:32.640   Time stamp of our file: 2026-10-09 22:57:36.000
2026-10-09 22:59:32.640   Installing the file.
2026-10-09 22:59:32.640   Successfully installed the file.
2026-10-09 22:59:32.640   -- File entry --
2026-10-09 22:59:32.640   Dest filename: D:\a\_temp\agym-c64-38001250527-5872-u8q4q801\client\Admin\_internal\supabase\_sync\__init__.py
2026-10-09 22:59:32.640   Time stamp of our file: 2026-10-09 22:57:36.000
2026-10-09 22:59:32.640   Installing the file.
2026-10-09 22:59:32.640   Successfully installed the file.
2026-10-09 22:59:32.640   -- File entry --
2026-10-09 22:59:32.640   Dest filename: D:\a\_temp\agym-c64-38001250527-5872-u8q4q801\client\Admin\_internal\supabase-2.31.0.dist-info\INSTALLER
2026-10-09 22:59:32.640   Time stamp of our file: 2026-10-09 22:57:36.000
2026-10-09 22:59:32.640   Installing the file.
2026-10-09 22:59:32.640   Creating directory: D:\a\_temp\agym-c64-38001250527-5872-u8q4q801\client\Admin\_internal\supabase-2.31.0.dist-info
2026-10-09 22:59:32.640   Successfully installed the file.
2026-10-09 22:59:32.640   -- File entry --
2026-10-09 22:59:32.640   Dest filename: D:\a\_temp\agym-c64-38001250527-5872-u8q4q801\client\Admin\_internal\supabase-2.31.0.dist-info\METADATA
2026-10-09 22:59:32.640   Time stamp of our file: 2026-10-09 22:57:36.000
2026-10-09 22:59:32.640   Installing the file.
2026-10-09 22:59:32.640   Successfully installed the file.
2026-10-09 22:59:32.640   -- File entry --
2026-10-09 22:59:32.640   Dest filename: D:\a\_temp\agym-c64-38001250527-5872-u8q4q801\client\Admin\_internal\supabase-2.31.0.dist-info\RECORD
2026-10-09 22:59:32.640   Time stamp of our file: 2026-10-09 22:57:36.000
2026-10-09 22:59:32.640   Installing the file.
2026-10-09 22:59:32.640   Successfully installed the file.
2026-10-09 22:59:32.640   -- File entry --
2026-10-09 22:59:32.640   Dest filename: D:\a\_temp\agym-c64-38001250527-5872-u8q4q801\client\Admin\_internal\supabase-2.31.0.dist-info\REQUESTED
2026-10-09 22:59:32.640   Time stamp of our file: 2026-10-09 22:57:36.000
2026-10-09 22:59:32.640   Installing the file.
2026-10-09 22:59:32.640   Successfully installed the file.
2026-10-09 22:59:32.640   -- File entry --
2026-10-09 22:59:32.640   Dest filename: D:\a\_temp\agym-c64-38001250527-5872-u8q4q801\client\Admin\_internal\supabase-2.31.0.dist-info\WHEEL
2026-10-09 22:59:32.640   Time stamp of our file: 2026-10-09 22:57:36.000
2026-10-09 22:59:32.640   Installing the file.
2026-10-09 22:59:32.640   Successfully installed the file.
2026-10-09 22:59:32.640   -- File entry --
2026-10-09 22:59:32.640   Dest filename: D:\a\_temp\agym-c64-38001250527-5872-u8q4q801\client\Admin\_internal\supabase-2.31.0.dist-info\licenses\LICENSE
2026-10-09 22:59:32.640   Time stamp of our file: 2026-10-09 22:57:36.000
2026-10-09 22:59:32.640   Installing the file.
2026-10-09 22:59:32.640   Creating directory: D:\a\_temp\agym-c64-38001250527-5872-u8q4q801\client\Admin\_internal\supabase-2.31.0.dist-info\licenses
2026-10-09 22:59:32.640   Successfully installed the file.
2026-10-09 22:59:32.640   -- File entry --
2026-10-09 22:59:32.640   Dest filename: D:\a\_temp\agym-c64-38001250527-5872-u8q4q801\client\Admin\_internal\supabase_auth\constants.py
2026-10-09 22:59:32.640   Time stamp of our file: 2026-10-09 22:57:36.000
2026-10-09 22:59:32.640   Installing the file.
2026-10-09 22:59:32.640   Creating directory: D:\a\_temp\agym-c64-38001250527-5872-u8q4q801\client\Admin\_internal\supabase_auth
2026-10-09 22:59:32.640   Successfully installed the file.
2026-10-09 22:59:32.640   -- File entry --
2026-10-09 22:59:32.640   Dest filename: D:\a\_temp\agym-c64-38001250527-5872-u8q4q801\client\Admin\_internal\supabase_auth\errors.py
2026-10-09 22:59:32.640   Time stamp of our file: 2026-10-09 22:57:36.000
2026-10-09 22:59:32.640   Installing the file.
2026-10-09 22:59:32.640   Successfully installed the file.
2026-10-09 22:59:32.640   -- File entry --
2026-10-09 22:59:32.640   Dest filename: D:\a\_temp\agym-c64-38001250527-5872-u8q4q801\client\Admin\_internal\supabase_auth\helpers.py
2026-10-09 22:59:32.640   Time stamp of our file: 2026-10-09 22:57:36.000
2026-10-09 22:59:32.640   Installing the file.
2026-10-09 22:59:32.640   Successfully installed the file.
2026-10-09 22:59:32.640   -- File entry --
2026-10-09 22:59:32.640   Dest filename: D:\a\_temp\agym-c64-38001250527-5872-u8q4q801\client\Admin\_internal\supabase_auth\py.typed
2026-10-09 22:59:32.640   Time stamp of our file: 2026-10-09 22:57:36.000
2026-10-09 22:59:32.640   Installing the file.
2026-10-09 22:59:32.640   Successfully installed the file.
2026-10-09 22:59:32.640   -- File entry --
2026-10-09 22:59:32.640   Dest filename: D:\a\_temp\agym-c64-38001250527-5872-u8q4q801\client\Admin\_internal\supabase_auth\timer.py
2026-10-09 22:59:32.640   Time stamp of our file: 2026-10-09 22:57:36.000
2026-10-09 22:59:32.640   Installing the file.
2026-10-09 22:59:32.640   Successfully installed the file.
2026-10-09 22:59:32.640   -- File entry --
2026-10-09 22:59:32.640   Dest filename: D:\a\_temp\agym-c64-38001250527-5872-u8q4q801\client\Admin\_internal\supabase_auth\types.py
2026-10-09 22:59:32.640   Time stamp of our file: 2026-10-09 22:57:36.000
2026-10-09 22:59:32.640   Installing the file.
2026-10-09 22:59:32.640   Successfully installed the file.
2026-10-09 22:59:32.640   -- File entry --
2026-10-09 22:59:32.640   Dest filename: D:\a\_temp\agym-c64-38001250527-5872-u8q4q801\client\Admin\_internal\supabase_auth\version.py
2026-10-09 22:59:32.640   Time stamp of our file: 2026-10-09 22:57:36.000
2026-10-09 22:59:32.640   Installing the file.
2026-10-09 22:59:32.655   Successfully installed the file.
2026-10-09 22:59:32.655   -- File entry --
2026-10-09 22:59:32.655   Dest filename: D:\a\_temp\agym-c64-38001250527-5872-u8q4q801\client\Admin\_internal\supabase_auth\__init__.py
2026-10-09 22:59:32.655   Time stamp of our file: 2026-10-09 22:57:36.000
2026-10-09 22:59:32.655   Installing the file.
2026-10-09 22:59:32.655   Successfully installed the file.
2026-10-09 22:59:32.655   -- File entry --
2026-10-09 22:59:32.655   Dest filename: D:\a\_temp\agym-c64-38001250527-5872-u8q4q801\client\Admin\_internal\supabase_auth\_async\gotrue_admin_api.py
2026-10-09 22:59:32.655   Time stamp of our file: 2026-10-09 22:57:36.000
2026-10-09 22:59:32.655   Installing the file.
2026-10-09 22:59:32.655   Creating directory: D:\a\_temp\agym-c64-38001250527-5872-u8q4q801\client\Admin\_internal\supabase_auth\_async
2026-10-09 22:59:32.655   Successfully installed the file.
2026-10-09 22:59:32.655   -- File entry --
2026-10-09 22:59:32.655   Dest filename: D:\a\_temp\agym-c64-38001250527-5872-u8q4q801\client\Admin\_internal\supabase_auth\_async\gotrue_admin_mfa_api.py
2026-10-09 22:59:32.655   Time stamp of our file: 2026-10-09 22:57:36.000
2026-10-09 22:59:32.655   Installing the file.
2026-10-09 22:59:32.655   Successfully installed the file.
2026-10-09 22:59:32.655   -- File entry --
2026-10-09 22:59:32.655   Dest filename: D:\a\_temp\agym-c64-38001250527-5872-u8q4q801\client\Admin\_internal\supabase_auth\_async\gotrue_admin_oauth_api.py
2026-10-09 22:59:32.655   Time stamp of our file: 2026-10-09 22:57:36.000
2026-10-09 22:59:32.655   Installing the file.
2026-10-09 22:59:32.655   Successfully installed the file.
2026-10-09 22:59:32.655   -- File entry --
2026-10-09 22:59:32.655   Dest filename: D:\a\_temp\agym-c64-38001250527-5872-u8q4q801\client\Admin\_internal\supabase_auth\_async\gotrue_base_api.py
2026-10-09 22:59:32.655   Time stamp of our file: 2026-10-09 22:57:36.000
2026-10-09 22:59:32.655   Installing the file.
2026-10-09 22:59:32.655   Successfully installed the file.
2026-10-09 22:59:32.655   -- File entry --
2026-10-09 22:59:32.655   Dest filename: D:\a\_temp\agym-c64-38001250527-5872-u8q4q801\client\Admin\_internal\supabase_auth\_async\gotrue_client.py
2026-10-09 22:59:32.655   Time stamp of our file: 2026-10-09 22:57:36.000
2026-10-09 22:59:32.655   Installing the file.
2026-10-09 22:59:32.655   Successfully installed the file.
2026-10-09 22:59:32.655   -- File entry --
2026-10-09 22:59:32.655   Dest filename: D:\a\_temp\agym-c64-38001250527-5872-u8q4q801\client\Admin\_internal\supabase_auth\_async\gotrue_mfa_api.py
2026-10-09 22:59:32.655   Time stamp of our file: 2026-10-09 22:57:36.000
2026-10-09 22:59:32.655   Installing the file.
2026-10-09 22:59:32.655   Successfully installed the file.
2026-10-09 22:59:32.655   -- File entry --
2026-10-09 22:59:32.655   Dest filename: D:\a\_temp\agym-c64-38001250527-5872-u8q4q801\client\Admin\_internal\supabase_auth\_async\storage.py
2026-10-09 22:59:32.655   Time stamp of our file: 2026-10-09 22:57:36.000
2026-10-09 22:59:32.655   Installing the file.
2026-10-09 22:59:32.655   Successfully installed the file.
2026-10-09 22:59:32.655   -- File entry --
2026-10-09 22:59:32.655   Dest filename: D:\a\_temp\agym-c64-38001250527-5872-u8q4q801\client\Admin\_internal\supabase_auth\_async\__init__.py
2026-10-09 22:59:32.655   Time stamp of our file: 2026-10-09 22:57:36.000
2026-10-09 22:59:32.655   Installing the file.
2026-10-09 22:59:32.655   Successfully installed the file.
2026-10-09 22:59:32.655   -- File entry --
2026-10-09 22:59:32.655   Dest filename: D:\a\_temp\agym-c64-38001250527-5872-u8q4q801\client\Admin\_internal\supabase_auth\_sync\gotrue_admin_api.py
2026-10-09 22:59:32.655   Time stamp of our file: 2026-10-09 22:57:36.000
2026-10-09 22:59:32.655   Installing the file.
2026-10-09 22:59:32.655   Creating directory: D:\a\_temp\agym-c64-38001250527-5872-u8q4q801\client\Admin\_internal\supabase_auth\_sync
2026-10-09 22:59:32.655   Successfully installed the file.
2026-10-09 22:59:32.655   -- File entry --
2026-10-09 22:59:32.655   Dest filename: D:\a\_temp\agym-c64-38001250527-5872-u8q4q801\client\Admin\_internal\supabase_auth\_sync\gotrue_admin_mfa_api.py
2026-10-09 22:59:32.655   Time stamp of our file: 2026-10-09 22:57:36.000
2026-10-09 22:59:32.655   Installing the file.
2026-10-09 22:59:32.655   Successfully installed the file.
2026-10-09 22:59:32.655   -- File entry --
2026-10-09 22:59:32.655   Dest filename: D:\a\_temp\agym-c64-38001250527-5872-u8q4q801\client\Admin\_internal\supabase_auth\_sync\gotrue_admin_oauth_api.py
2026-10-09 22:59:32.655   Time stamp of our file: 2026-10-09 22:57:36.000
2026-10-09 22:59:32.655   Installing the file.
2026-10-09 22:59:32.655   Successfully installed the file.
2026-10-09 22:59:32.655   -- File entry --
2026-10-09 22:59:32.655   Dest filename: D:\a\_temp\agym-c64-38001250527-5872-u8q4q801\client\Admin\_internal\supabase_auth\_sync\gotrue_base_api.py
2026-10-09 22:59:32.655   Time stamp of our file: 2026-10-09 22:57:36.000
2026-10-09 22:59:32.655   Installing the file.
2026-10-09 22:59:32.655   Successfully installed the file.
2026-10-09 22:59:32.655   -- File entry --
2026-10-09 22:59:32.655   Dest filename: D:\a\_temp\agym-c64-38001250527-5872-u8q4q801\client\Admin\_internal\supabase_auth\_sync\gotrue_client.py
2026-10-09 22:59:32.655   Time stamp of our file: 2026-10-09 22:57:36.000
2026-10-09 22:59:32.655   Installing the file.
2026-10-09 22:59:32.655   Successfully installed the file.
2026-10-09 22:59:32.655   -- File entry --
2026-10-09 22:59:32.655   Dest filename: D:\a\_temp\agym-c64-38001250527-5872-u8q4q801\client\Admin\_internal\supabase_auth\_sync\gotrue_mfa_api.py
2026-10-09 22:59:32.655   Time stamp of our file: 2026-10-09 22:57:36.000
2026-10-09 22:59:32.655   Installing the file.
2026-10-09 22:59:32.655   Successfully installed the file.
2026-10-09 22:59:32.655   -- File entry --
2026-10-09 22:59:32.655   Dest filename: D:\a\_temp\agym-c64-38001250527-5872-u8q4q801\client\Admin\_internal\supabase_auth\_sync\storage.py
2026-10-09 22:59:32.655   Time stamp of our file: 2026-10-09 22:57:36.000
2026-10-09 22:59:32.655   Installing the file.
2026-10-09 22:59:32.655   Successfully installed the file.
2026-10-09 22:59:32.655   -- File entry --
2026-10-09 22:59:32.655   Dest filename: D:\a\_temp\agym-c64-38001250527-5872-u8q4q801\client\Admin\_internal\supabase_auth\_sync\__init__.py
2026-10-09 22:59:32.655   Time stamp of our file: 2026-10-09 22:57:36.000
2026-10-09 22:59:32.655   Installing the file.
2026-10-09 22:59:32.655   Successfully installed the file.
2026-10-09 22:59:32.655   -- File entry --
2026-10-09 22:59:32.655   Dest filename: D:\a\_temp\agym-c64-38001250527-5872-u8q4q801\client\Admin\_internal\supabase_auth-2.31.0.dist-info\INSTALLER
2026-10-09 22:59:32.655   Time stamp of our file: 2026-10-09 22:57:36.000
2026-10-09 22:59:32.655   Installing the file.
2026-10-09 22:59:32.655   Creating directory: D:\a\_temp\agym-c64-38001250527-5872-u8q4q801\client\Admin\_internal\supabase_auth-2.31.0.dist-info
2026-10-09 22:59:32.655   Successfully installed the file.
2026-10-09 22:59:32.655   -- File entry --
2026-10-09 22:59:32.655   Dest filename: D:\a\_temp\agym-c64-38001250527-5872-u8q4q801\client\Admin\_internal\supabase_auth-2.31.0.dist-info\METADATA
2026-10-09 22:59:32.655   Time stamp of our file: 2026-10-09 22:57:36.000
2026-10-09 22:59:32.655   Installing the file.
2026-10-09 22:59:32.655   Successfully installed the file.
2026-10-09 22:59:32.655   -- File entry --
2026-10-09 22:59:32.655   Dest filename: D:\a\_temp\agym-c64-38001250527-5872-u8q4q801\client\Admin\_internal\supabase_auth-2.31.0.dist-info\RECORD
2026-10-09 22:59:32.655   Time stamp of our file: 2026-10-09 22:57:36.000
2026-10-09 22:59:32.655   Installing the file.
2026-10-09 22:59:32.655   Successfully installed the file.
2026-10-09 22:59:32.655   -- File entry --
2026-10-09 22:59:32.655   Dest filename: D:\a\_temp\agym-c64-38001250527-5872-u8q4q801\client\Admin\_internal\supabase_auth-2.31.0.dist-info\WHEEL
2026-10-09 22:59:32.655   Time stamp of our file: 2026-10-09 22:57:36.000
2026-10-09 22:59:32.655   Installing the file.
2026-10-09 22:59:32.655   Successfully installed the file.
2026-10-09 22:59:32.655   -- File entry --
2026-10-09 22:59:32.655   Dest filename: D:\a\_temp\agym-c64-38001250527-5872-u8q4q801\client\Admin\_internal\tzdata\zones
2026-10-09 22:59:32.655   Time stamp of our file: 2026-10-09 22:57:36.000
2026-10-09 22:59:32.655   Installing the file.
2026-10-09 22:59:32.655   Creating directory: D:\a\_temp\agym-c64-38001250527-5872-u8q4q801\client\Admin\_internal\tzdata
2026-10-09 22:59:32.655   Successfully installed the file.
2026-10-09 22:59:32.655   -- File entry --
2026-10-09 22:59:32.655   Dest filename: D:\a\_temp\agym-c64-38001250527-5872-u8q4q801\client\Admin\_internal\tzdata\__init__.py
2026-10-09 22:59:32.655   Time stamp of our file: 2026-10-09 22:57:36.000
2026-10-09 22:59:32.655   Installing the file.
2026-10-09 22:59:32.655   Successfully installed the file.
2026-10-09 22:59:32.655   -- File entry --
2026-10-09 22:59:32.655   Dest filename: D:\a\_temp\agym-c64-38001250527-5872-u8q4q801\client\Admin\_internal\tzdata\zoneinfo\CET
2026-10-09 22:59:32.655   Time stamp of our file: 2026-10-09 22:57:36.000
2026-10-09 22:59:32.655   Installing the file.
2026-10-09 22:59:32.655   Creating directory: D:\a\_temp\agym-c64-38001250527-5872-u8q4q801\client\Admin\_internal\tzdata\zoneinfo
2026-10-09 22:59:32.655   Successfully installed the file.
2026-10-09 22:59:32.655   -- File entry --
2026-10-09 22:59:32.655   Dest filename: D:\a\_temp\agym-c64-38001250527-5872-u8q4q801\client\Admin\_internal\tzdata\zoneinfo\CST6CDT
2026-10-09 22:59:32.655   Time stamp of our file: 2026-10-09 22:57:36.000
2026-10-09 22:59:32.655   Installing the file.
2026-10-09 22:59:32.655   Successfully installed the file.
2026-10-09 22:59:32.655   -- File entry --
2026-10-09 22:59:32.655   Dest filename: D:\a\_temp\agym-c64-38001250527-5872-u8q4q801\client\Admin\_internal\tzdata\zoneinfo\Cuba
2026-10-09 22:59:32.655   Time stamp of our file: 2026-10-09 22:57:36.000
2026-10-09 22:59:32.655   Installing the file.
2026-10-09 22:59:32.655   Successfully installed the file.
2026-10-09 22:59:32.655   -- File entry --
2026-10-09 22:59:32.655   Dest filename: D:\a\_temp\agym-c64-38001250527-5872-u8q4q801\client\Admin\_internal\tzdata\zoneinfo\EET
2026-10-09 22:59:32.655   Time stamp of our file: 2026-10-09 22:57:36.000
2026-10-09 22:59:32.655   Installing the file.
2026-10-09 22:59:32.655   Successfully installed the file.
2026-10-09 22:59:32.655   -- File entry --
2026-10-09 22:59:32.655   Dest filename: D:\a\_temp\agym-c64-38001250527-5872-u8q4q801\client\Admin\_internal\tzdata\zoneinfo\Egypt
2026-10-09 22:59:32.655   Time stamp of our file: 2026-10-09 22:57:36.000
2026-10-09 22:59:32.655   Installing the file.
2026-10-09 22:59:32.671   Successfully installed the file.
2026-10-09 22:59:32.671   -- File entry --
2026-10-09 22:59:32.671   Dest filename: D:\a\_temp\agym-c64-38001250527-5872-u8q4q801\client\Admin\_internal\tzdata\zoneinfo\Eire
2026-10-09 22:59:32.671   Time stamp of our file: 2026-10-09 22:57:36.000
2026-10-09 22:59:32.671   Installing the file.
2026-10-09 22:59:32.671   Successfully installed the file.
2026-10-09 22:59:32.671   -- File entry --
2026-10-09 22:59:32.671   Dest filename: D:\a\_temp\agym-c64-38001250527-5872-u8q4q801\client\Admin\_internal\tzdata\zoneinfo\EST
2026-10-09 22:59:32.671   Time stamp of our file: 2026-10-09 22:57:36.000
2026-10-09 22:59:32.671   Installing the file.
2026-10-09 22:59:32.671   Successfully installed the file.
2026-10-09 22:59:32.671   -- File entry --
2026-10-09 22:59:32.671   Dest filename: D:\a\_temp\agym-c64-38001250527-5872-u8q4q801\client\Admin\_internal\tzdata\zoneinfo\EST5EDT
2026-10-09 22:59:32.671   Time stamp of our file: 2026-10-09 22:57:36.000
2026-10-09 22:59:32.671   Installing the file.
2026-10-09 22:59:32.671   Successfully installed the file.
2026-10-09 22:59:32.671   -- File entry --
2026-10-09 22:59:32.671   Dest filename: D:\a\_temp\agym-c64-38001250527-5872-u8q4q801\client\Admin\_internal\tzdata\zoneinfo\Factory
2026-10-09 22:59:32.671   Time stamp of our file: 2026-10-09 22:57:36.000
2026-10-09 22:59:32.671   Installing the file.
2026-10-09 22:59:32.671   Successfully installed the file.
2026-10-09 22:59:32.671   -- File entry --
2026-10-09 22:59:32.671   Dest filename: D:\a\_temp\agym-c64-38001250527-5872-u8q4q801\client\Admin\_internal\tzdata\zoneinfo\GB
2026-10-09 22:59:32.671   Time stamp of our file: 2026-10-09 22:57:36.000
2026-10-09 22:59:32.671   Installing the file.
2026-10-09 22:59:32.671   Successfully installed the file.
2026-10-09 22:59:32.671   -- File entry --
2026-10-09 22:59:32.671   Dest filename: D:\a\_temp\agym-c64-38001250527-5872-u8q4q801\client\Admin\_internal\tzdata\zoneinfo\GB-Eire
2026-10-09 22:59:32.671   Time stamp of our file: 2026-10-09 22:57:36.000
2026-10-09 22:59:32.671   Installing the file.
2026-10-09 22:59:32.671   Successfully installed the file.
2026-10-09 22:59:32.671   -- File entry --
2026-10-09 22:59:32.671   Dest filename: D:\a\_temp\agym-c64-38001250527-5872-u8q4q801\client\Admin\_internal\tzdata\zoneinfo\GMT
2026-10-09 22:59:32.671   Time stamp of our file: 2026-10-09 22:57:36.000
2026-10-09 22:59:32.671   Installing the file.
2026-10-09 22:59:32.671   Successfully installed the file.
2026-10-09 22:59:32.671   -- File entry --
2026-10-09 22:59:32.671   Dest filename: D:\a\_temp\agym-c64-38001250527-5872-u8q4q801\client\Admin\_internal\tzdata\zoneinfo\GMT+0
2026-10-09 22:59:32.671   Time stamp of our file: 2026-10-09 22:57:36.000
2026-10-09 22:59:32.671   Installing the file.
2026-10-09 22:59:32.671   Successfully installed the file.
2026-10-09 22:59:32.671   -- File entry --
2026-10-09 22:59:32.671   Dest filename: D:\a\_temp\agym-c64-38001250527-5872-u8q4q801\client\Admin\_internal\tzdata\zoneinfo\GMT-0
2026-10-09 22:59:32.671   Time stamp of our file: 2026-10-09 22:57:36.000
2026-10-09 22:59:32.671   Installing the file.
2026-10-09 22:59:32.671   Successfully installed the file.
2026-10-09 22:59:32.671   -- File entry --
2026-10-09 22:59:32.671   Dest filename: D:\a\_temp\agym-c64-38001250527-5872-u8q4q801\client\Admin\_internal\tzdata\zoneinfo\GMT0
2026-10-09 22:59:32.671   Time stamp of our file: 2026-10-09 22:57:36.000
2026-10-09 22:59:32.671   Installing the file.
2026-10-09 22:59:32.671   Successfully installed the file.
2026-10-09 22:59:32.671   -- File entry --
2026-10-09 22:59:32.671   Dest filename: D:\a\_temp\agym-c64-38001250527-5872-u8q4q801\client\Admin\_internal\tzdata\zoneinfo\Greenwich
2026-10-09 22:59:32.671   Time stamp of our file: 2026-10-09 22:57:36.000
2026-10-09 22:59:32.671   Installing the file.
2026-10-09 22:59:32.671   Successfully installed the file.
2026-10-09 22:59:32.671   -- File entry --
2026-10-09 22:59:32.671   Dest filename: D:\a\_temp\agym-c64-38001250527-5872-u8q4q801\client\Admin\_internal\tzdata\zoneinfo\Hongkong
2026-10-09 22:59:32.671   Time stamp of our file: 2026-10-09 22:57:36.000
2026-10-09 22:59:32.671   Installing the file.
2026-10-09 22:59:32.671   Successfully installed the file.
2026-10-09 22:59:32.671   -- File entry --
2026-10-09 22:59:32.671   Dest filename: D:\a\_temp\agym-c64-38001250527-5872-u8q4q801\client\Admin\_internal\tzdata\zoneinfo\HST
2026-10-09 22:59:32.671   Time stamp of our file: 2026-10-09 22:57:36.000
2026-10-09 22:59:32.671   Installing the file.
2026-10-09 22:59:32.671   Successfully installed the file.
2026-10-09 22:59:32.671   -- File entry --
2026-10-09 22:59:32.671   Dest filename: D:\a\_temp\agym-c64-38001250527-5872-u8q4q801\client\Admin\_internal\tzdata\zoneinfo\Iceland
2026-10-09 22:59:32.671   Time stamp of our file: 2026-10-09 22:57:36.000
2026-10-09 22:59:32.671   Installing the file.
2026-10-09 22:59:32.671   Successfully installed the file.
2026-10-09 22:59:32.671   -- File entry --
2026-10-09 22:59:32.671   Dest filename: D:\a\_temp\agym-c64-38001250527-5872-u8q4q801\client\Admin\_internal\tzdata\zoneinfo\Iran
2026-10-09 22:59:32.671   Time stamp of our file: 2026-10-09 22:57:36.000
2026-10-09 22:59:32.671   Installing the file.
2026-10-09 22:59:32.671   Successfully installed the file.
2026-10-09 22:59:32.671   -- File entry --
2026-10-09 22:59:32.671   Dest filename: D:\a\_temp\agym-c64-38001250527-5872-u8q4q801\client\Admin\_internal\tzdata\zoneinfo\iso3166.tab
2026-10-09 22:59:32.671   Time stamp of our file: 2026-10-09 22:57:36.000
2026-10-09 22:59:32.671   Installing the file.
2026-10-09 22:59:32.671   Successfully installed the file.
2026-10-09 22:59:32.671   -- File entry --
2026-10-09 22:59:32.671   Dest filename: D:\a\_temp\agym-c64-38001250527-5872-u8q4q801\client\Admin\_internal\tzdata\zoneinfo\Israel
2026-10-09 22:59:32.671   Time stamp of our file: 2026-10-09 22:57:36.000
2026-10-09 22:59:32.671   Installing the file.
2026-10-09 22:59:32.671   Successfully installed the file.
2026-10-09 22:59:32.671   -- File entry --
2026-10-09 22:59:32.671   Dest filename: D:\a\_temp\agym-c64-38001250527-5872-u8q4q801\client\Admin\_internal\tzdata\zoneinfo\Jamaica
2026-10-09 22:59:32.671   Time stamp of our file: 2026-10-09 22:57:36.000
2026-10-09 22:59:32.671   Installing the file.
2026-10-09 22:59:32.671   Successfully installed the file.
2026-10-09 22:59:32.671   -- File entry --
2026-10-09 22:59:32.671   Dest filename: D:\a\_temp\agym-c64-38001250527-5872-u8q4q801\client\Admin\_internal\tzdata\zoneinfo\Japan
2026-10-09 22:59:32.671   Time stamp of our file: 2026-10-09 22:57:36.000
2026-10-09 22:59:32.671   Installing the file.
2026-10-09 22:59:32.671   Successfully installed the file.
2026-10-09 22:59:32.671   -- File entry --
2026-10-09 22:59:32.671   Dest filename: D:\a\_temp\agym-c64-38001250527-5872-u8q4q801\client\Admin\_internal\tzdata\zoneinfo\Kwajalein
2026-10-09 22:59:32.671   Time stamp of our file: 2026-10-09 22:57:36.000
2026-10-09 22:59:32.671   Installing the file.
2026-10-09 22:59:32.671   Successfully installed the file.
2026-10-09 22:59:32.671   -- File entry --
2026-10-09 22:59:32.671   Dest filename: D:\a\_temp\agym-c64-38001250527-5872-u8q4q801\client\Admin\_internal\tzdata\zoneinfo\leapseconds
2026-10-09 22:59:32.671   Time stamp of our file: 2026-10-09 22:57:36.000
2026-10-09 22:59:32.671   Installing the file.
2026-10-09 22:59:32.671   Successfully installed the file.
2026-10-09 22:59:32.671   -- File entry --
2026-10-09 22:59:32.671   Dest filename: D:\a\_temp\agym-c64-38001250527-5872-u8q4q801\client\Admin\_internal\tzdata\zoneinfo\Libya
2026-10-09 22:59:32.671   Time stamp of our file: 2026-10-09 22:57:36.000
2026-10-09 22:59:32.671   Installing the file.
2026-10-09 22:59:32.671   Successfully installed the file.
2026-10-09 22:59:32.671   -- File entry --
2026-10-09 22:59:32.671   Dest filename: D:\a\_temp\agym-c64-38001250527-5872-u8q4q801\client\Admin\_internal\tzdata\zoneinfo\MET
2026-10-09 22:59:32.671   Time stamp of our file: 2026-10-09 22:57:36.000
2026-10-09 22:59:32.671   Installing the file.
2026-10-09 22:59:32.671   Successfully installed the file.
2026-10-09 22:59:32.671   -- File entry --
2026-10-09 22:59:32.671   Dest filename: D:\a\_temp\agym-c64-38001250527-5872-u8q4q801\client\Admin\_internal\tzdata\zoneinfo\MST
2026-10-09 22:59:32.671   Time stamp of our file: 2026-10-09 22:57:36.000
2026-10-09 22:59:32.671   Installing the file.
2026-10-09 22:59:32.671   Successfully installed the file.
2026-10-09 22:59:32.671   -- File entry --
2026-10-09 22:59:32.671   Dest filename: D:\a\_temp\agym-c64-38001250527-5872-u8q4q801\client\Admin\_internal\tzdata\zoneinfo\MST7MDT
2026-10-09 22:59:32.671   Time stamp of our file: 2026-10-09 22:57:36.000
2026-10-09 22:59:32.671   Installing the file.
2026-10-09 22:59:32.671   Successfully installed the file.
2026-10-09 22:59:32.671   -- File entry --
2026-10-09 22:59:32.671   Dest filename: D:\a\_temp\agym-c64-38001250527-5872-u8q4q801\client\Admin\_internal\tzdata\zoneinfo\Navajo
2026-10-09 22:59:32.671   Time stamp of our file: 2026-10-09 22:57:36.000
2026-10-09 22:59:32.671   Installing the file.
2026-10-09 22:59:32.671   Successfully installed the file.
2026-10-09 22:59:32.671   -- File entry --
2026-10-09 22:59:32.671   Dest filename: D:\a\_temp\agym-c64-38001250527-5872-u8q4q801\client\Admin\_internal\tzdata\zoneinfo\NZ
2026-10-09 22:59:32.671   Time stamp of our file: 2026-10-09 22:57:36.000
2026-10-09 22:59:32.671   Installing the file.
2026-10-09 22:59:32.671   Successfully installed the file.
2026-10-09 22:59:32.671   -- File entry --
2026-10-09 22:59:32.671   Dest filename: D:\a\_temp\agym-c64-38001250527-5872-u8q4q801\client\Admin\_internal\tzdata\zoneinfo\NZ-CHAT
2026-10-09 22:59:32.671   Time stamp of our file: 2026-10-09 22:57:36.000
2026-10-09 22:59:32.671   Installing the file.
2026-10-09 22:59:32.671   Successfully installed the file.
2026-10-09 22:59:32.671   -- File entry --
2026-10-09 22:59:32.671   Dest filename: D:\a\_temp\agym-c64-38001250527-5872-u8q4q801\client\Admin\_internal\tzdata\zoneinfo\Poland
2026-10-09 22:59:32.671   Time stamp of our file: 2026-10-09 22:57:36.000
2026-10-09 22:59:32.671   Installing the file.
2026-10-09 22:59:32.671   Successfully installed the file.
2026-10-09 22:59:32.671   -- File entry --
2026-10-09 22:59:32.671   Dest filename: D:\a\_temp\agym-c64-38001250527-5872-u8q4q801\client\Admin\_internal\tzdata\zoneinfo\Portugal
2026-10-09 22:59:32.671   Time stamp of our file: 2026-10-09 22:57:36.000
2026-10-09 22:59:32.671   Installing the file.
2026-10-09 22:59:32.671   Successfully installed the file.
2026-10-09 22:59:32.671   -- File entry --
2026-10-09 22:59:32.671   Dest filename: D:\a\_temp\agym-c64-38001250527-5872-u8q4q801\client\Admin\_internal\tzdata\zoneinfo\PRC
2026-10-09 22:59:32.671   Time stamp of our file: 2026-10-09 22:57:36.000
2026-10-09 22:59:32.671   Installing the file.
2026-10-09 22:59:32.671   Successfully installed the file.
2026-10-09 22:59:32.671   -- File entry --
2026-10-09 22:59:32.671   Dest filename: D:\a\_temp\agym-c64-38001250527-5872-u8q4q801\client\Admin\_internal\tzdata\zoneinfo\PST8PDT
2026-10-09 22:59:32.671   Time stamp of our file: 2026-10-09 22:57:36.000
2026-10-09 22:59:32.671   Installing the file.
2026-10-09 22:59:32.671   Successfully installed the file.
2026-10-09 22:59:32.671   -- File entry --
2026-10-09 22:59:32.671   Dest filename: D:\a\_temp\agym-c64-38001250527-5872-u8q4q801\client\Admin\_internal\tzdata\zoneinfo\ROC
2026-10-09 22:59:32.671   Time stamp of our file: 2026-10-09 22:57:36.000
2026-10-09 22:59:32.671   Installing the file.
2026-10-09 22:59:32.687   Successfully installed the file.
2026-10-09 22:59:32.687   -- File entry --
2026-10-09 22:59:32.687   Dest filename: D:\a\_temp\agym-c64-38001250527-5872-u8q4q801\client\Admin\_internal\tzdata\zoneinfo\ROK
2026-10-09 22:59:32.687   Time stamp of our file: 2026-10-09 22:57:36.000
2026-10-09 22:59:32.687   Installing the file.
2026-10-09 22:59:32.687   Successfully installed the file.
2026-10-09 22:59:32.687   -- File entry --
2026-10-09 22:59:32.687   Dest filename: D:\a\_temp\agym-c64-38001250527-5872-u8q4q801\client\Admin\_internal\tzdata\zoneinfo\Singapore
2026-10-09 22:59:32.687   Time stamp of our file: 2026-10-09 22:57:36.000
2026-10-09 22:59:32.687   Installing the file.
2026-10-09 22:59:32.687   Successfully installed the file.
2026-10-09 22:59:32.687   -- File entry --
2026-10-09 22:59:32.687   Dest filename: D:\a\_temp\agym-c64-38001250527-5872-u8q4q801\client\Admin\_internal\tzdata\zoneinfo\Turkey
2026-10-09 22:59:32.687   Time stamp of our file: 2026-10-09 22:57:36.000
2026-10-09 22:59:32.687   Installing the file.
2026-10-09 22:59:32.687   Successfully installed the file.
2026-10-09 22:59:32.687   -- File entry --
2026-10-09 22:59:32.687   Dest filename: D:\a\_temp\agym-c64-38001250527-5872-u8q4q801\client\Admin\_internal\tzdata\zoneinfo\tzdata.zi
2026-10-09 22:59:32.687   Time stamp of our file: 2026-10-09 22:57:36.000
2026-10-09 22:59:32.687   Installing the file.
2026-10-09 22:59:32.687   Successfully installed the file.
2026-10-09 22:59:32.687   -- File entry --
2026-10-09 22:59:32.687   Dest filename: D:\a\_temp\agym-c64-38001250527-5872-u8q4q801\client\Admin\_internal\tzdata\zoneinfo\UCT
2026-10-09 22:59:32.687   Time stamp of our file: 2026-10-09 22:57:36.000
2026-10-09 22:59:32.687   Installing the file.
2026-10-09 22:59:32.687   Successfully installed the file.
2026-10-09 22:59:32.687   -- File entry --
2026-10-09 22:59:32.687   Dest filename: D:\a\_temp\agym-c64-38001250527-5872-u8q4q801\client\Admin\_internal\tzdata\zoneinfo\Universal
2026-10-09 22:59:32.687   Time stamp of our file: 2026-10-09 22:57:36.000
2026-10-09 22:59:32.687   Installing the file.
2026-10-09 22:59:32.687   Successfully installed the file.
2026-10-09 22:59:32.687   -- File entry --
2026-10-09 22:59:32.687   Dest filename: D:\a\_temp\agym-c64-38001250527-5872-u8q4q801\client\Admin\_internal\tzdata\zoneinfo\UTC
2026-10-09 22:59:32.687   Time stamp of our file: 2026-10-09 22:57:36.000
2026-10-09 22:59:32.687   Installing the file.
2026-10-09 22:59:32.687   Successfully installed the file.
2026-10-09 22:59:32.687   -- File entry --
2026-10-09 22:59:32.687   Dest filename: D:\a\_temp\agym-c64-38001250527-5872-u8q4q801\client\Admin\_internal\tzdata\zoneinfo\W-SU
2026-10-09 22:59:32.687   Time stamp of our file: 2026-10-09 22:57:36.000
2026-10-09 22:59:32.687   Installing the file.
2026-10-09 22:59:32.687   Successfully installed the file.
2026-10-09 22:59:32.687   -- File entry --
2026-10-09 22:59:32.687   Dest filename: D:\a\_temp\agym-c64-38001250527-5872-u8q4q801\client\Admin\_internal\tzdata\zoneinfo\WET
2026-10-09 22:59:32.687   Time stamp of our file: 2026-10-09 22:57:36.000
2026-10-09 22:59:32.687   Installing the file.
2026-10-09 22:59:32.687   Successfully installed the file.
2026-10-09 22:59:32.687   -- File entry --
2026-10-09 22:59:32.687   Dest filename: D:\a\_temp\agym-c64-38001250527-5872-u8q4q801\client\Admin\_internal\tzdata\zoneinfo\zone.tab
2026-10-09 22:59:32.687   Time stamp of our file: 2026-10-09 22:57:36.000
2026-10-09 22:59:32.687   Installing the file.
2026-10-09 22:59:32.687   Successfully installed the file.
2026-10-09 22:59:32.687   -- File entry --
2026-10-09 22:59:32.687   Dest filename: D:\a\_temp\agym-c64-38001250527-5872-u8q4q801\client\Admin\_internal\tzdata\zoneinfo\zone1970.tab
2026-10-09 22:59:32.687   Time stamp of our file: 2026-10-09 22:57:36.000
2026-10-09 22:59:32.687   Installing the file.
2026-10-09 22:59:32.687   Successfully installed the file.
2026-10-09 22:59:32.687   -- File entry --
2026-10-09 22:59:32.687   Dest filename: D:\a\_temp\agym-c64-38001250527-5872-u8q4q801\client\Admin\_internal\tzdata\zoneinfo\zonenow.tab
2026-10-09 22:59:32.687   Time stamp of our file: 2026-10-09 22:57:36.000
2026-10-09 22:59:32.687   Installing the file.
2026-10-09 22:59:32.687   Successfully installed the file.
2026-10-09 22:59:32.687   -- File entry --
2026-10-09 22:59:32.687   Dest filename: D:\a\_temp\agym-c64-38001250527-5872-u8q4q801\client\Admin\_internal\tzdata\zoneinfo\Zulu
2026-10-09 22:59:32.687   Time stamp of our file: 2026-10-09 22:57:36.000
2026-10-09 22:59:32.687   Installing the file.
2026-10-09 22:59:32.687   Successfully installed the file.
2026-10-09 22:59:32.687   -- File entry --
2026-10-09 22:59:32.687   Dest filename: D:\a\_temp\agym-c64-38001250527-5872-u8q4q801\client\Admin\_internal\tzdata\zoneinfo\__init__.py
2026-10-09 22:59:32.687   Time stamp of our file: 2026-10-09 22:57:36.000
2026-10-09 22:59:32.687   Installing the file.
2026-10-09 22:59:32.687   Successfully installed the file.
2026-10-09 22:59:32.687   -- File entry --
2026-10-09 22:59:32.687   Dest filename: D:\a\_temp\agym-c64-38001250527-5872-u8q4q801\client\Admin\_internal\tzdata\zoneinfo\Africa\Abidjan
2026-10-09 22:59:32.687   Time stamp of our file: 2026-10-09 22:57:36.000
2026-10-09 22:59:32.687   Installing the file.
2026-10-09 22:59:32.687   Creating directory: D:\a\_temp\agym-c64-38001250527-5872-u8q4q801\client\Admin\_internal\tzdata\zoneinfo\Africa
2026-10-09 22:59:32.687   Successfully installed the file.
2026-10-09 22:59:32.687   -- File entry --
2026-10-09 22:59:32.687   Dest filename: D:\a\_temp\agym-c64-38001250527-5872-u8q4q801\client\Admin\_internal\tzdata\zoneinfo\Africa\Accra
2026-10-09 22:59:32.687   Time stamp of our file: 2026-10-09 22:57:36.000
2026-10-09 22:59:32.687   Installing the file.
2026-10-09 22:59:32.687   Successfully installed the file.
2026-10-09 22:59:32.687   -- File entry --
2026-10-09 22:59:32.687   Dest filename: D:\a\_temp\agym-c64-38001250527-5872-u8q4q801\client\Admin\_internal\tzdata\zoneinfo\Africa\Addis_Ababa
2026-10-09 22:59:32.687   Time stamp of our file: 2026-10-09 22:57:36.000
2026-10-09 22:59:32.687   Installing the file.
2026-10-09 22:59:32.687   Successfully installed the file.
2026-10-09 22:59:32.687   -- File entry --
2026-10-09 22:59:32.687   Dest filename: D:\a\_temp\agym-c64-38001250527-5872-u8q4q801\client\Admin\_internal\tzdata\zoneinfo\Africa\Algiers
2026-10-09 22:59:32.687   Time stamp of our file: 2026-10-09 22:57:36.000
2026-10-09 22:59:32.687   Installing the file.
2026-10-09 22:59:32.687   Successfully installed the file.
2026-10-09 22:59:32.687   -- File entry --
2026-10-09 22:59:32.687   Dest filename: D:\a\_temp\agym-c64-38001250527-5872-u8q4q801\client\Admin\_internal\tzdata\zoneinfo\Africa\Asmara
2026-10-09 22:59:32.687   Time stamp of our file: 2026-10-09 22:57:36.000
2026-10-09 22:59:32.687   Installing the file.
2026-10-09 22:59:32.687   Successfully installed the file.
2026-10-09 22:59:32.687   -- File entry --
2026-10-09 22:59:32.687   Dest filename: D:\a\_temp\agym-c64-38001250527-5872-u8q4q801\client\Admin\_internal\tzdata\zoneinfo\Africa\Asmera
2026-10-09 22:59:32.687   Time stamp of our file: 2026-10-09 22:57:36.000
2026-10-09 22:59:32.687   Installing the file.
2026-10-09 22:59:32.687   Successfully installed the file.
2026-10-09 22:59:32.687   -- File entry --
2026-10-09 22:59:32.687   Dest filename: D:\a\_temp\agym-c64-38001250527-5872-u8q4q801\client\Admin\_internal\tzdata\zoneinfo\Africa\Bamako
2026-10-09 22:59:32.687   Time stamp of our file: 2026-10-09 22:57:36.000
2026-10-09 22:59:32.687   Installing the file.
2026-10-09 22:59:32.687   Successfully installed the file.
2026-10-09 22:59:32.687   -- File entry --
2026-10-09 22:59:32.687   Dest filename: D:\a\_temp\agym-c64-38001250527-5872-u8q4q801\client\Admin\_internal\tzdata\zoneinfo\Africa\Bangui
2026-10-09 22:59:32.687   Time stamp of our file: 2026-10-09 22:57:36.000
2026-10-09 22:59:32.687   Installing the file.
2026-10-09 22:59:32.687   Successfully installed the file.
2026-10-09 22:59:32.687   -- File entry --
2026-10-09 22:59:32.687   Dest filename: D:\a\_temp\agym-c64-38001250527-5872-u8q4q801\client\Admin\_internal\tzdata\zoneinfo\Africa\Banjul
2026-10-09 22:59:32.687   Time stamp of our file: 2026-10-09 22:57:36.000
2026-10-09 22:59:32.687   Installing the file.
2026-10-09 22:59:32.687   Successfully installed the file.
2026-10-09 22:59:32.687   -- File entry --
2026-10-09 22:59:32.687   Dest filename: D:\a\_temp\agym-c64-38001250527-5872-u8q4q801\client\Admin\_internal\tzdata\zoneinfo\Africa\Bissau
2026-10-09 22:59:32.687   Time stamp of our file: 2026-10-09 22:57:36.000
2026-10-09 22:59:32.687   Installing the file.
2026-10-09 22:59:32.687   Successfully installed the file.
2026-10-09 22:59:32.687   -- File entry --
2026-10-09 22:59:32.687   Dest filename: D:\a\_temp\agym-c64-38001250527-5872-u8q4q801\client\Admin\_internal\tzdata\zoneinfo\Africa\Blantyre
2026-10-09 22:59:32.687   Time stamp of our file: 2026-10-09 22:57:36.000
2026-10-09 22:59:32.687   Installing the file.
2026-10-09 22:59:32.687   Successfully installed the file.
2026-10-09 22:59:32.687   -- File entry --
2026-10-09 22:59:32.687   Dest filename: D:\a\_temp\agym-c64-38001250527-5872-u8q4q801\client\Admin\_internal\tzdata\zoneinfo\Africa\Brazzaville
2026-10-09 22:59:32.687   Time stamp of our file: 2026-10-09 22:57:36.000
2026-10-09 22:59:32.687   Installing the file.
2026-10-09 22:59:32.687   Successfully installed the file.
2026-10-09 22:59:32.687   -- File entry --
2026-10-09 22:59:32.687   Dest filename: D:\a\_temp\agym-c64-38001250527-5872-u8q4q801\client\Admin\_internal\tzdata\zoneinfo\Africa\Bujumbura
2026-10-09 22:59:32.687   Time stamp of our file: 2026-10-09 22:57:36.000
2026-10-09 22:59:32.687   Installing the file.
2026-10-09 22:59:32.687   Successfully installed the file.
2026-10-09 22:59:32.687   -- File entry --
2026-10-09 22:59:32.687   Dest filename: D:\a\_temp\agym-c64-38001250527-5872-u8q4q801\client\Admin\_internal\tzdata\zoneinfo\Africa\Cairo
2026-10-09 22:59:32.687   Time stamp of our file: 2026-10-09 22:57:36.000
2026-10-09 22:59:32.687   Installing the file.
2026-10-09 22:59:32.702   Successfully installed the file.
2026-10-09 22:59:32.702   -- File entry --
2026-10-09 22:59:32.702   Dest filename: D:\a\_temp\agym-c64-38001250527-5872-u8q4q801\client\Admin\_internal\tzdata\zoneinfo\Africa\Casablanca
2026-10-09 22:59:32.702   Time stamp of our file: 2026-10-09 22:57:36.000
2026-10-09 22:59:32.702   Installing the file.
2026-10-09 22:59:32.702   Successfully installed the file.
2026-10-09 22:59:32.702   -- File entry --
2026-10-09 22:59:32.702   Dest filename: D:\a\_temp\agym-c64-38001250527-5872-u8q4q801\client\Admin\_internal\tzdata\zoneinfo\Africa\Ceuta
2026-10-09 22:59:32.702   Time stamp of our file: 2026-10-09 22:57:36.000
2026-10-09 22:59:32.702   Installing the file.
2026-10-09 22:59:32.702   Successfully installed the file.
2026-10-09 22:59:32.702   -- File entry --
2026-10-09 22:59:32.702   Dest filename: D:\a\_temp\agym-c64-38001250527-5872-u8q4q801\client\Admin\_internal\tzdata\zoneinfo\Africa\Conakry
2026-10-09 22:59:32.702   Time stamp of our file: 2026-10-09 22:57:36.000
2026-10-09 22:59:32.702   Installing the file.
2026-10-09 22:59:32.702   Successfully installed the file.
2026-10-09 22:59:32.702   -- File entry --
2026-10-09 22:59:32.702   Dest filename: D:\a\_temp\agym-c64-38001250527-5872-u8q4q801\client\Admin\_internal\tzdata\zoneinfo\Africa\Dakar
2026-10-09 22:59:32.702   Time stamp of our file: 2026-10-09 22:57:36.000
2026-10-09 22:59:32.702   Installing the file.
2026-10-09 22:59:32.702   Successfully installed the file.
2026-10-09 22:59:32.702   -- File entry --
2026-10-09 22:59:32.702   Dest filename: D:\a\_temp\agym-c64-38001250527-5872-u8q4q801\client\Admin\_internal\tzdata\zoneinfo\Africa\Dar_es_Salaam
2026-10-09 22:59:32.702   Time stamp of our file: 2026-10-09 22:57:36.000
2026-10-09 22:59:32.702   Installing the file.
2026-10-09 22:59:32.702   Successfully installed the file.
2026-10-09 22:59:32.702   -- File entry --
2026-10-09 22:59:32.702   Dest filename: D:\a\_temp\agym-c64-38001250527-5872-u8q4q801\client\Admin\_internal\tzdata\zoneinfo\Africa\Djibouti
2026-10-09 22:59:32.702   Time stamp of our file: 2026-10-09 22:57:36.000
2026-10-09 22:59:32.702   Installing the file.
2026-10-09 22:59:32.702   Successfully installed the file.
2026-10-09 22:59:32.702   -- File entry --
2026-10-09 22:59:32.702   Dest filename: D:\a\_temp\agym-c64-38001250527-5872-u8q4q801\client\Admin\_internal\tzdata\zoneinfo\Africa\Douala
2026-10-09 22:59:32.702   Time stamp of our file: 2026-10-09 22:57:36.000
2026-10-09 22:59:32.702   Installing the file.
2026-10-09 22:59:32.702   Successfully installed the file.
2026-10-09 22:59:32.702   -- File entry --
2026-10-09 22:59:32.702   Dest filename: D:\a\_temp\agym-c64-38001250527-5872-u8q4q801\client\Admin\_internal\tzdata\zoneinfo\Africa\El_Aaiun
2026-10-09 22:59:32.702   Time stamp of our file: 2026-10-09 22:57:36.000
2026-10-09 22:59:32.702   Installing the file.
2026-10-09 22:59:32.702   Successfully installed the file.
2026-10-09 22:59:32.702   -- File entry --
2026-10-09 22:59:32.702   Dest filename: D:\a\_temp\agym-c64-38001250527-5872-u8q4q801\client\Admin\_internal\tzdata\zoneinfo\Africa\Freetown
2026-10-09 22:59:32.702   Time stamp of our file: 2026-10-09 22:57:36.000
2026-10-09 22:59:32.702   Installing the file.
2026-10-09 22:59:32.702   Successfully installed the file.
2026-10-09 22:59:32.702   -- File entry --
2026-10-09 22:59:32.702   Dest filename: D:\a\_temp\agym-c64-38001250527-5872-u8q4q801\client\Admin\_internal\tzdata\zoneinfo\Africa\Gaborone
2026-10-09 22:59:32.702   Time stamp of our file: 2026-10-09 22:57:36.000
2026-10-09 22:59:32.702   Installing the file.
2026-10-09 22:59:32.702   Successfully installed the file.
2026-10-09 22:59:32.702   -- File entry --
2026-10-09 22:59:32.702   Dest filename: D:\a\_temp\agym-c64-38001250527-5872-u8q4q801\client\Admin\_internal\tzdata\zoneinfo\Africa\Harare
2026-10-09 22:59:32.702   Time stamp of our file: 2026-10-09 22:57:36.000
2026-10-09 22:59:32.702   Installing the file.
2026-10-09 22:59:32.702   Successfully installed the file.
2026-10-09 22:59:32.702   -- File entry --
2026-10-09 22:59:32.702   Dest filename: D:\a\_temp\agym-c64-38001250527-5872-u8q4q801\client\Admin\_internal\tzdata\zoneinfo\Africa\Johannesburg
2026-10-09 22:59:32.702   Time stamp of our file: 2026-10-09 22:57:36.000
2026-10-09 22:59:32.702   Installing the file.
2026-10-09 22:59:32.702   Successfully installed the file.
2026-10-09 22:59:32.702   -- File entry --
2026-10-09 22:59:32.702   Dest filename: D:\a\_temp\agym-c64-38001250527-5872-u8q4q801\client\Admin\_internal\tzdata\zoneinfo\Africa\Juba
2026-10-09 22:59:32.702   Time stamp of our file: 2026-10-09 22:57:36.000
2026-10-09 22:59:32.702   Installing the file.
2026-10-09 22:59:32.702   Successfully installed the file.
2026-10-09 22:59:32.702   -- File entry --
2026-10-09 22:59:32.702   Dest filename: D:\a\_temp\agym-c64-38001250527-5872-u8q4q801\client\Admin\_internal\tzdata\zoneinfo\Africa\Kampala
2026-10-09 22:59:32.702   Time stamp of our file: 2026-10-09 22:57:36.000
2026-10-09 22:59:32.702   Installing the file.
2026-10-09 22:59:32.702   Successfully installed the file.
2026-10-09 22:59:32.702   -- File entry --
2026-10-09 22:59:32.702   Dest filename: D:\a\_temp\agym-c64-38001250527-5872-u8q4q801\client\Admin\_internal\tzdata\zoneinfo\Africa\Khartoum
2026-10-09 22:59:32.702   Time stamp of our file: 2026-10-09 22:57:36.000
2026-10-09 22:59:32.702   Installing the file.
2026-10-09 22:59:32.702   Successfully installed the file.
2026-10-09 22:59:32.702   -- File entry --
2026-10-09 22:59:32.702   Dest filename: D:\a\_temp\agym-c64-38001250527-5872-u8q4q801\client\Admin\_internal\tzdata\zoneinfo\Africa\Kigali
2026-10-09 22:59:32.702   Time stamp of our file: 2026-10-09 22:57:36.000
2026-10-09 22:59:32.702   Installing the file.
2026-10-09 22:59:32.702   Successfully installed the file.
2026-10-09 22:59:32.702   -- File entry --
2026-10-09 22:59:32.702   Dest filename: D:\a\_temp\agym-c64-38001250527-5872-u8q4q801\client\Admin\_internal\tzdata\zoneinfo\Africa\Kinshasa
2026-10-09 22:59:32.702   Time stamp of our file: 2026-10-09 22:57:36.000
2026-10-09 22:59:32.702   Installing the file.
2026-10-09 22:59:32.702   Successfully installed the file.
2026-10-09 22:59:32.702   -- File entry --
2026-10-09 22:59:32.702   Dest filename: D:\a\_temp\agym-c64-38001250527-5872-u8q4q801\client\Admin\_internal\tzdata\zoneinfo\Africa\Lagos
2026-10-09 22:59:32.702   Time stamp of our file: 2026-10-09 22:57:36.000
2026-10-09 22:59:32.702   Installing the file.
2026-10-09 22:59:32.702   Successfully installed the file.
2026-10-09 22:59:32.702   -- File entry --
2026-10-09 22:59:32.702   Dest filename: D:\a\_temp\agym-c64-38001250527-5872-u8q4q801\client\Admin\_internal\tzdata\zoneinfo\Africa\Libreville
2026-10-09 22:59:32.702   Time stamp of our file: 2026-10-09 22:57:36.000
2026-10-09 22:59:32.702   Installing the file.
2026-10-09 22:59:32.702   Successfully installed the file.
2026-10-09 22:59:32.702   -- File entry --
2026-10-09 22:59:32.702   Dest filename: D:\a\_temp\agym-c64-38001250527-5872-u8q4q801\client\Admin\_internal\tzdata\zoneinfo\Africa\Lome
2026-10-09 22:59:32.702   Time stamp of our file: 2026-10-09 22:57:36.000
2026-10-09 22:59:32.702   Installing the file.
2026-10-09 22:59:32.702   Successfully installed the file.
2026-10-09 22:59:32.702   -- File entry --
2026-10-09 22:59:32.702   Dest filename: D:\a\_temp\agym-c64-38001250527-5872-u8q4q801\client\Admin\_internal\tzdata\zoneinfo\Africa\Luanda
2026-10-09 22:59:32.702   Time stamp of our file: 2026-10-09 22:57:36.000
2026-10-09 22:59:32.702   Installing the file.
2026-10-09 22:59:32.702   Successfully installed the file.
2026-10-09 22:59:32.702   -- File entry --
2026-10-09 22:59:32.702   Dest filename: D:\a\_temp\agym-c64-38001250527-5872-u8q4q801\client\Admin\_internal\tzdata\zoneinfo\Africa\Lubumbashi
2026-10-09 22:59:32.702   Time stamp of our file: 2026-10-09 22:57:36.000
2026-10-09 22:59:32.702   Installing the file.
2026-10-09 22:59:32.702   Successfully installed the file.
2026-10-09 22:59:32.702   -- File entry --
2026-10-09 22:59:32.702   Dest filename: D:\a\_temp\agym-c64-38001250527-5872-u8q4q801\client\Admin\_internal\tzdata\zoneinfo\Africa\Lusaka
2026-10-09 22:59:32.702   Time stamp of our file: 2026-10-09 22:57:36.000
2026-10-09 22:59:32.702   Installing the file.
2026-10-09 22:59:32.702   Successfully installed the file.
2026-10-09 22:59:32.702   -- File entry --
2026-10-09 22:59:32.702   Dest filename: D:\a\_temp\agym-c64-38001250527-5872-u8q4q801\client\Admin\_internal\tzdata\zoneinfo\Africa\Malabo
2026-10-09 22:59:32.702   Time stamp of our file: 2026-10-09 22:57:36.000
2026-10-09 22:59:32.702   Installing the file.
2026-10-09 22:59:32.702   Successfully installed the file.
2026-10-09 22:59:32.702   -- File entry --
2026-10-09 22:59:32.702   Dest filename: D:\a\_temp\agym-c64-38001250527-5872-u8q4q801\client\Admin\_internal\tzdata\zoneinfo\Africa\Maputo
2026-10-09 22:59:32.702   Time stamp of our file: 2026-10-09 22:57:36.000
2026-10-09 22:59:32.702   Installing the file.
2026-10-09 22:59:32.702   Successfully installed the file.
2026-10-09 22:59:32.702   -- File entry --
2026-10-09 22:59:32.702   Dest filename: D:\a\_temp\agym-c64-38001250527-5872-u8q4q801\client\Admin\_internal\tzdata\zoneinfo\Africa\Maseru
2026-10-09 22:59:32.702   Time stamp of our file: 2026-10-09 22:57:36.000
2026-10-09 22:59:32.702   Installing the file.
2026-10-09 22:59:32.702   Successfully installed the file.
2026-10-09 22:59:32.702   -- File entry --
2026-10-09 22:59:32.702   Dest filename: D:\a\_temp\agym-c64-38001250527-5872-u8q4q801\client\Admin\_internal\tzdata\zoneinfo\Africa\Mbabane
2026-10-09 22:59:32.702   Time stamp of our file: 2026-10-09 22:57:36.000
2026-10-09 22:59:32.702   Installing the file.
2026-10-09 22:59:32.702   Successfully installed the file.
2026-10-09 22:59:32.702   -- File entry --
2026-10-09 22:59:32.702   Dest filename: D:\a\_temp\agym-c64-38001250527-5872-u8q4q801\client\Admin\_internal\tzdata\zoneinfo\Africa\Mogadishu
2026-10-09 22:59:32.702   Time stamp of our file: 2026-10-09 22:57:36.000
2026-10-09 22:59:32.702   Installing the file.
2026-10-09 22:59:32.702   Successfully installed the file.
2026-10-09 22:59:32.702   -- File entry --
2026-10-09 22:59:32.702   Dest filename: D:\a\_temp\agym-c64-38001250527-5872-u8q4q801\client\Admin\_internal\tzdata\zoneinfo\Africa\Monrovia
2026-10-09 22:59:32.702   Time stamp of our file: 2026-10-09 22:57:36.000
2026-10-09 22:59:32.702   Installing the file.
2026-10-09 22:59:32.702   Successfully installed the file.
2026-10-09 22:59:32.702   -- File entry --
2026-10-09 22:59:32.702   Dest filename: D:\a\_temp\agym-c64-38001250527-5872-u8q4q801\client\Admin\_internal\tzdata\zoneinfo\Africa\Nairobi
2026-10-09 22:59:32.702   Time stamp of our file: 2026-10-09 22:57:36.000
2026-10-09 22:59:32.702   Installing the file.
2026-10-09 22:59:32.702   Successfully installed the file.
2026-10-09 22:59:32.702   -- File entry --
2026-10-09 22:59:32.702   Dest filename: D:\a\_temp\agym-c64-38001250527-5872-u8q4q801\client\Admin\_internal\tzdata\zoneinfo\Africa\Ndjamena
2026-10-09 22:59:32.702   Time stamp of our file: 2026-10-09 22:57:36.000
2026-10-09 22:59:32.702   Installing the file.
2026-10-09 22:59:32.702   Successfully installed the file.
2026-10-09 22:59:32.702   -- File entry --
2026-10-09 22:59:32.702   Dest filename: D:\a\_temp\agym-c64-38001250527-5872-u8q4q801\client\Admin\_internal\tzdata\zoneinfo\Africa\Niamey
2026-10-09 22:59:32.702   Time stamp of our file: 2026-10-09 22:57:36.000
2026-10-09 22:59:32.702   Installing the file.
2026-10-09 22:59:32.702   Successfully installed the file.
2026-10-09 22:59:32.702   -- File entry --
2026-10-09 22:59:32.702   Dest filename: D:\a\_temp\agym-c64-38001250527-5872-u8q4q801\client\Admin\_internal\tzdata\zoneinfo\Africa\Nouakchott
2026-10-09 22:59:32.702   Time stamp of our file: 2026-10-09 22:57:36.000
2026-10-09 22:59:32.702   Installing the file.
2026-10-09 22:59:32.702   Successfully installed the file.
2026-10-09 22:59:32.702   -- File entry --
2026-10-09 22:59:32.702   Dest filename: D:\a\_temp\agym-c64-38001250527-5872-u8q4q801\client\Admin\_internal\tzdata\zoneinfo\Africa\Ouagadougou
2026-10-09 22:59:32.702   Time stamp of our file: 2026-10-09 22:57:36.000
2026-10-09 22:59:32.702   Installing the file.
2026-10-09 22:59:32.702   Successfully installed the file.
2026-10-09 22:59:32.702   -- File entry --
2026-10-09 22:59:32.702   Dest filename: D:\a\_temp\agym-c64-38001250527-5872-u8q4q801\client\Admin\_internal\tzdata\zoneinfo\Africa\Porto-Novo
2026-10-09 22:59:32.702   Time stamp of our file: 2026-10-09 22:57:36.000
2026-10-09 22:59:32.702   Installing the file.
2026-10-09 22:59:32.702   Successfully installed the file.
2026-10-09 22:59:32.702   -- File entry --
2026-10-09 22:59:32.702   Dest filename: D:\a\_temp\agym-c64-38001250527-5872-u8q4q801\client\Admin\_internal\tzdata\zoneinfo\Africa\Sao_Tome
2026-10-09 22:59:32.702   Time stamp of our file: 2026-10-09 22:57:36.000
2026-10-09 22:59:32.702   Installing the file.
2026-10-09 22:59:32.718   Successfully installed the file.
2026-10-09 22:59:32.718   -- File entry --
2026-10-09 22:59:32.718   Dest filename: D:\a\_temp\agym-c64-38001250527-5872-u8q4q801\client\Admin\_internal\tzdata\zoneinfo\Africa\Timbuktu
2026-10-09 22:59:32.718   Time stamp of our file: 2026-10-09 22:57:36.000
2026-10-09 22:59:32.718   Installing the file.
2026-10-09 22:59:32.718   Successfully installed the file.
2026-10-09 22:59:32.718   -- File entry --
2026-10-09 22:59:32.718   Dest filename: D:\a\_temp\agym-c64-38001250527-5872-u8q4q801\client\Admin\_internal\tzdata\zoneinfo\Africa\Tripoli
2026-10-09 22:59:32.718   Time stamp of our file: 2026-10-09 22:57:36.000
2026-10-09 22:59:32.718   Installing the file.
2026-10-09 22:59:32.718   Successfully installed the file.
2026-10-09 22:59:32.718   -- File entry --
2026-10-09 22:59:32.718   Dest filename: D:\a\_temp\agym-c64-38001250527-5872-u8q4q801\client\Admin\_internal\tzdata\zoneinfo\Africa\Tunis
2026-10-09 22:59:32.718   Time stamp of our file: 2026-10-09 22:57:36.000
2026-10-09 22:59:32.718   Installing the file.
2026-10-09 22:59:32.718   Successfully installed the file.
2026-10-09 22:59:32.718   -- File entry --
2026-10-09 22:59:32.718   Dest filename: D:\a\_temp\agym-c64-38001250527-5872-u8q4q801\client\Admin\_internal\tzdata\zoneinfo\Africa\Windhoek
2026-10-09 22:59:32.718   Time stamp of our file: 2026-10-09 22:57:36.000
2026-10-09 22:59:32.718   Installing the file.
2026-10-09 22:59:32.718   Successfully installed the file.
2026-10-09 22:59:32.718   -- File entry --
2026-10-09 22:59:32.718   Dest filename: D:\a\_temp\agym-c64-38001250527-5872-u8q4q801\client\Admin\_internal\tzdata\zoneinfo\Africa\__init__.py
2026-10-09 22:59:32.718   Time stamp of our file: 2026-10-09 22:57:36.000
2026-10-09 22:59:32.718   Installing the file.
2026-10-09 22:59:32.718   Successfully installed the file.
2026-10-09 22:59:32.718   -- File entry --
2026-10-09 22:59:32.718   Dest filename: D:\a\_temp\agym-c64-38001250527-5872-u8q4q801\client\Admin\_internal\tzdata\zoneinfo\America\Adak
2026-10-09 22:59:32.718   Time stamp of our file: 2026-10-09 22:57:36.000
2026-10-09 22:59:32.718   Installing the file.
2026-10-09 22:59:32.718   Creating directory: D:\a\_temp\agym-c64-38001250527-5872-u8q4q801\client\Admin\_internal\tzdata\zoneinfo\America
2026-10-09 22:59:32.718   Successfully installed the file.
2026-10-09 22:59:32.718   -- File entry --
2026-10-09 22:59:32.718   Dest filename: D:\a\_temp\agym-c64-38001250527-5872-u8q4q801\client\Admin\_internal\tzdata\zoneinfo\America\Anchorage
2026-10-09 22:59:32.718   Time stamp of our file: 2026-10-09 22:57:36.000
2026-10-09 22:59:32.718   Installing the file.
2026-10-09 22:59:32.718   Successfully installed the file.
2026-10-09 22:59:32.718   -- File entry --
2026-10-09 22:59:32.718   Dest filename: D:\a\_temp\agym-c64-38001250527-5872-u8q4q801\client\Admin\_internal\tzdata\zoneinfo\America\Anguilla
2026-10-09 22:59:32.718   Time stamp of our file: 2026-10-09 22:57:36.000
2026-10-09 22:59:32.718   Installing the file.
2026-10-09 22:59:32.718   Successfully installed the file.
2026-10-09 22:59:32.718   -- File entry --
2026-10-09 22:59:32.718   Dest filename: D:\a\_temp\agym-c64-38001250527-5872-u8q4q801\client\Admin\_internal\tzdata\zoneinfo\America\Antigua
2026-10-09 22:59:32.718   Time stamp of our file: 2026-10-09 22:57:36.000
2026-10-09 22:59:32.718   Installing the file.
2026-10-09 22:59:32.718   Successfully installed the file.
2026-10-09 22:59:32.718   -- File entry --
2026-10-09 22:59:32.718   Dest filename: D:\a\_temp\agym-c64-38001250527-5872-u8q4q801\client\Admin\_internal\tzdata\zoneinfo\America\Araguaina
2026-10-09 22:59:32.718   Time stamp of our file: 2026-10-09 22:57:36.000
2026-10-09 22:59:32.718   Installing the file.
2026-10-09 22:59:32.718   Successfully installed the file.
2026-10-09 22:59:32.718   -- File entry --
2026-10-09 22:59:32.718   Dest filename: D:\a\_temp\agym-c64-38001250527-5872-u8q4q801\client\Admin\_internal\tzdata\zoneinfo\America\Aruba
2026-10-09 22:59:32.718   Time stamp of our file: 2026-10-09 22:57:36.000
2026-10-09 22:59:32.718   Installing the file.
2026-10-09 22:59:32.718   Successfully installed the file.
2026-10-09 22:59:32.718   -- File entry --
2026-10-09 22:59:32.718   Dest filename: D:\a\_temp\agym-c64-38001250527-5872-u8q4q801\client\Admin\_internal\tzdata\zoneinfo\America\Asuncion
2026-10-09 22:59:32.718   Time stamp of our file: 2026-10-09 22:57:36.000
2026-10-09 22:59:32.718   Installing the file.
2026-10-09 22:59:32.718   Successfully installed the file.
2026-10-09 22:59:32.718   -- File entry --
2026-10-09 22:59:32.718   Dest filename: D:\a\_temp\agym-c64-38001250527-5872-u8q4q801\client\Admin\_internal\tzdata\zoneinfo\America\Atikokan
2026-10-09 22:59:32.718   Time stamp of our file: 2026-10-09 22:57:36.000
2026-10-09 22:59:32.718   Installing the file.
2026-10-09 22:59:32.718   Successfully installed the file.
2026-10-09 22:59:32.718   -- File entry --
2026-10-09 22:59:32.718   Dest filename: D:\a\_temp\agym-c64-38001250527-5872-u8q4q801\client\Admin\_internal\tzdata\zoneinfo\America\Atka
2026-10-09 22:59:32.718   Time stamp of our file: 2026-10-09 22:57:36.000
2026-10-09 22:59:32.718   Installing the file.
2026-10-09 22:59:32.718   Successfully installed the file.
2026-10-09 22:59:32.718   -- File entry --
2026-10-09 22:59:32.718   Dest filename: D:\a\_temp\agym-c64-38001250527-5872-u8q4q801\client\Admin\_internal\tzdata\zoneinfo\America\Bahia
2026-10-09 22:59:32.718   Time stamp of our file: 2026-10-09 22:57:36.000
2026-10-09 22:59:32.718   Installing the file.
2026-10-09 22:59:32.718   Successfully installed the file.
2026-10-09 22:59:32.718   -- File entry --
2026-10-09 22:59:32.718   Dest filename: D:\a\_temp\agym-c64-38001250527-5872-u8q4q801\client\Admin\_internal\tzdata\zoneinfo\America\Bahia_Banderas
2026-10-09 22:59:32.718   Time stamp of our file: 2026-10-09 22:57:36.000
2026-10-09 22:59:32.718   Installing the file.
2026-10-09 22:59:32.718   Successfully installed the file.
2026-10-09 22:59:32.718   -- File entry --
2026-10-09 22:59:32.718   Dest filename: D:\a\_temp\agym-c64-38001250527-5872-u8q4q801\client\Admin\_internal\tzdata\zoneinfo\America\Barbados
2026-10-09 22:59:32.718   Time stamp of our file: 2026-10-09 22:57:36.000
2026-10-09 22:59:32.718   Installing the file.
2026-10-09 22:59:32.718   Successfully installed the file.
2026-10-09 22:59:32.718   -- File entry --
2026-10-09 22:59:32.718   Dest filename: D:\a\_temp\agym-c64-38001250527-5872-u8q4q801\client\Admin\_internal\tzdata\zoneinfo\America\Belem
2026-10-09 22:59:32.718   Time stamp of our file: 2026-10-09 22:57:36.000
2026-10-09 22:59:32.718   Installing the file.
2026-10-09 22:59:32.718   Successfully installed the file.
2026-10-09 22:59:32.718   -- File entry --
2026-10-09 22:59:32.718   Dest filename: D:\a\_temp\agym-c64-38001250527-5872-u8q4q801\client\Admin\_internal\tzdata\zoneinfo\America\Belize
2026-10-09 22:59:32.718   Time stamp of our file: 2026-10-09 22:57:36.000
2026-10-09 22:59:32.718   Installing the file.
2026-10-09 22:59:32.718   Successfully installed the file.
2026-10-09 22:59:32.718   -- File entry --
2026-10-09 22:59:32.718   Dest filename: D:\a\_temp\agym-c64-38001250527-5872-u8q4q801\client\Admin\_internal\tzdata\zoneinfo\America\Blanc-Sablon
2026-10-09 22:59:32.718   Time stamp of our file: 2026-10-09 22:57:36.000
2026-10-09 22:59:32.718   Installing the file.
2026-10-09 22:59:32.718   Successfully installed the file.
2026-10-09 22:59:32.718   -- File entry --
2026-10-09 22:59:32.718   Dest filename: D:\a\_temp\agym-c64-38001250527-5872-u8q4q801\client\Admin\_internal\tzdata\zoneinfo\America\Boa_Vista
2026-10-09 22:59:32.718   Time stamp of our file: 2026-10-09 22:57:36.000
2026-10-09 22:59:32.718   Installing the file.
2026-10-09 22:59:32.718   Successfully installed the file.
2026-10-09 22:59:32.718   -- File entry --
2026-10-09 22:59:32.718   Dest filename: D:\a\_temp\agym-c64-38001250527-5872-u8q4q801\client\Admin\_internal\tzdata\zoneinfo\America\Bogota
2026-10-09 22:59:32.718   Time stamp of our file: 2026-10-09 22:57:36.000
2026-10-09 22:59:32.718   Installing the file.
2026-10-09 22:59:32.718   Successfully installed the file.
2026-10-09 22:59:32.718   -- File entry --
2026-10-09 22:59:32.718   Dest filename: D:\a\_temp\agym-c64-38001250527-5872-u8q4q801\client\Admin\_internal\tzdata\zoneinfo\America\Boise
2026-10-09 22:59:32.718   Time stamp of our file: 2026-10-09 22:57:36.000
2026-10-09 22:59:32.718   Installing the file.
2026-10-09 22:59:32.718   Successfully installed the file.
2026-10-09 22:59:32.718   -- File entry --
2026-10-09 22:59:32.718   Dest filename: D:\a\_temp\agym-c64-38001250527-5872-u8q4q801\client\Admin\_internal\tzdata\zoneinfo\America\Buenos_Aires
2026-10-09 22:59:32.718   Time stamp of our file: 2026-10-09 22:57:36.000
2026-10-09 22:59:32.718   Installing the file.
2026-10-09 22:59:32.718   Successfully installed the file.
2026-10-09 22:59:32.718   -- File entry --
2026-10-09 22:59:32.718   Dest filename: D:\a\_temp\agym-c64-38001250527-5872-u8q4q801\client\Admin\_internal\tzdata\zoneinfo\America\Cambridge_Bay
2026-10-09 22:59:32.718   Time stamp of our file: 2026-10-09 22:57:36.000
2026-10-09 22:59:32.718   Installing the file.
2026-10-09 22:59:32.718   Successfully installed the file.
2026-10-09 22:59:32.718   -- File entry --
2026-10-09 22:59:32.718   Dest filename: D:\a\_temp\agym-c64-38001250527-5872-u8q4q801\client\Admin\_internal\tzdata\zoneinfo\America\Campo_Grande
2026-10-09 22:59:32.718   Time stamp of our file: 2026-10-09 22:57:36.000
2026-10-09 22:59:32.718   Installing the file.
2026-10-09 22:59:32.718   Successfully installed the file.
2026-10-09 22:59:32.718   -- File entry --
2026-10-09 22:59:32.718   Dest filename: D:\a\_temp\agym-c64-38001250527-5872-u8q4q801\client\Admin\_internal\tzdata\zoneinfo\America\Cancun
2026-10-09 22:59:32.718   Time stamp of our file: 2026-10-09 22:57:36.000
2026-10-09 22:59:32.718   Installing the file.
2026-10-09 22:59:32.718   Successfully installed the file.
2026-10-09 22:59:32.718   -- File entry --
2026-10-09 22:59:32.718   Dest filename: D:\a\_temp\agym-c64-38001250527-5872-u8q4q801\client\Admin\_internal\tzdata\zoneinfo\America\Caracas
2026-10-09 22:59:32.718   Time stamp of our file: 2026-10-09 22:57:36.000
2026-10-09 22:59:32.718   Installing the file.
2026-10-09 22:59:32.718   Successfully installed the file.
2026-10-09 22:59:32.718   -- File entry --
2026-10-09 22:59:32.718   Dest filename: D:\a\_temp\agym-c64-38001250527-5872-u8q4q801\client\Admin\_internal\tzdata\zoneinfo\America\Catamarca
2026-10-09 22:59:32.718   Time stamp of our file: 2026-10-09 22:57:36.000
2026-10-09 22:59:32.718   Installing the file.
2026-10-09 22:59:32.718   Successfully installed the file.
2026-10-09 22:59:32.718   -- File entry --
2026-10-09 22:59:32.718   Dest filename: D:\a\_temp\agym-c64-38001250527-5872-u8q4q801\client\Admin\_internal\tzdata\zoneinfo\America\Cayenne
2026-10-09 22:59:32.718   Time stamp of our file: 2026-10-09 22:57:36.000
2026-10-09 22:59:32.718   Installing the file.
2026-10-09 22:59:32.718   Successfully installed the file.
2026-10-09 22:59:32.718   -- File entry --
2026-10-09 22:59:32.718   Dest filename: D:\a\_temp\agym-c64-38001250527-5872-u8q4q801\client\Admin\_internal\tzdata\zoneinfo\America\Cayman
2026-10-09 22:59:32.718   Time stamp of our file: 2026-10-09 22:57:36.000
2026-10-09 22:59:32.718   Installing the file.
2026-10-09 22:59:32.718   Successfully installed the file.
2026-10-09 22:59:32.718   -- File entry --
2026-10-09 22:59:32.718   Dest filename: D:\a\_temp\agym-c64-38001250527-5872-u8q4q801\client\Admin\_internal\tzdata\zoneinfo\America\Chicago
2026-10-09 22:59:32.718   Time stamp of our file: 2026-10-09 22:57:36.000
2026-10-09 22:59:32.718   Installing the file.
2026-10-09 22:59:32.718   Successfully installed the file.
2026-10-09 22:59:32.718   -- File entry --
2026-10-09 22:59:32.718   Dest filename: D:\a\_temp\agym-c64-38001250527-5872-u8q4q801\client\Admin\_internal\tzdata\zoneinfo\America\Chihuahua
2026-10-09 22:59:32.718   Time stamp of our file: 2026-10-09 22:57:36.000
2026-10-09 22:59:32.718   Installing the file.
2026-10-09 22:59:32.718   Successfully installed the file.
2026-10-09 22:59:32.718   -- File entry --
2026-10-09 22:59:32.718   Dest filename: D:\a\_temp\agym-c64-38001250527-5872-u8q4q801\client\Admin\_internal\tzdata\zoneinfo\America\Ciudad_Juarez
2026-10-09 22:59:32.718   Time stamp of our file: 2026-10-09 22:57:36.000
2026-10-09 22:59:32.718   Installing the file.
2026-10-09 22:59:32.718   Successfully installed the file.
2026-10-09 22:59:32.718   -- File entry --
2026-10-09 22:59:32.718   Dest filename: D:\a\_temp\agym-c64-38001250527-5872-u8q4q801\client\Admin\_internal\tzdata\zoneinfo\America\Coral_Harbour
2026-10-09 22:59:32.718   Time stamp of our file: 2026-10-09 22:57:36.000
2026-10-09 22:59:32.718   Installing the file.
2026-10-09 22:59:32.718   Successfully installed the file.
2026-10-09 22:59:32.733   -- File entry --
2026-10-09 22:59:32.733   Dest filename: D:\a\_temp\agym-c64-38001250527-5872-u8q4q801\client\Admin\_internal\tzdata\zoneinfo\America\Cordoba
2026-10-09 22:59:32.733   Time stamp of our file: 2026-10-09 22:57:36.000
2026-10-09 22:59:32.733   Installing the file.
2026-10-09 22:59:32.733   Successfully installed the file.
2026-10-09 22:59:32.733   -- File entry --
2026-10-09 22:59:32.733   Dest filename: D:\a\_temp\agym-c64-38001250527-5872-u8q4q801\client\Admin\_internal\tzdata\zoneinfo\America\Costa_Rica
2026-10-09 22:59:32.733   Time stamp of our file: 2026-10-09 22:57:36.000
2026-10-09 22:59:32.733   Installing the file.
2026-10-09 22:59:32.733   Successfully installed the file.
2026-10-09 22:59:32.733   -- File entry --
2026-10-09 22:59:32.733   Dest filename: D:\a\_temp\agym-c64-38001250527-5872-u8q4q801\client\Admin\_internal\tzdata\zoneinfo\America\Coyhaique
2026-10-09 22:59:32.733   Time stamp of our file: 2026-10-09 22:57:36.000
2026-10-09 22:59:32.733   Installing the file.
2026-10-09 22:59:32.733   Successfully installed the file.
2026-10-09 22:59:32.733   -- File entry --
2026-10-09 22:59:32.733   Dest filename: D:\a\_temp\agym-c64-38001250527-5872-u8q4q801\client\Admin\_internal\tzdata\zoneinfo\America\Creston
2026-10-09 22:59:32.733   Time stamp of our file: 2026-10-09 22:57:36.000
2026-10-09 22:59:32.733   Installing the file.
2026-10-09 22:59:32.733   Successfully installed the file.
2026-10-09 22:59:32.733   -- File entry --
2026-10-09 22:59:32.733   Dest filename: D:\a\_temp\agym-c64-38001250527-5872-u8q4q801\client\Admin\_internal\tzdata\zoneinfo\America\Cuiaba
2026-10-09 22:59:32.733   Time stamp of our file: 2026-10-09 22:57:36.000
2026-10-09 22:59:32.733   Installing the file.
2026-10-09 22:59:32.733   Successfully installed the file.
2026-10-09 22:59:32.733   -- File entry --
2026-10-09 22:59:32.733   Dest filename: D:\a\_temp\agym-c64-38001250527-5872-u8q4q801\client\Admin\_internal\tzdata\zoneinfo\America\Curacao
2026-10-09 22:59:32.733   Time stamp of our file: 2026-10-09 22:57:36.000
2026-10-09 22:59:32.733   Installing the file.
2026-10-09 22:59:32.733   Successfully installed the file.
2026-10-09 22:59:32.733   -- File entry --
2026-10-09 22:59:32.733   Dest filename: D:\a\_temp\agym-c64-38001250527-5872-u8q4q801\client\Admin\_internal\tzdata\zoneinfo\America\Danmarkshavn
2026-10-09 22:59:32.733   Time stamp of our file: 2026-10-09 22:57:36.000
2026-10-09 22:59:32.733   Installing the file.
2026-10-09 22:59:32.733   Successfully installed the file.
2026-10-09 22:59:32.733   -- File entry --
2026-10-09 22:59:32.733   Dest filename: D:\a\_temp\agym-c64-38001250527-5872-u8q4q801\client\Admin\_internal\tzdata\zoneinfo\America\Dawson
2026-10-09 22:59:32.733   Time stamp of our file: 2026-10-09 22:57:36.000
2026-10-09 22:59:32.733   Installing the file.
2026-10-09 22:59:32.733   Successfully installed the file.
2026-10-09 22:59:32.733   -- File entry --
2026-10-09 22:59:32.733   Dest filename: D:\a\_temp\agym-c64-38001250527-5872-u8q4q801\client\Admin\_internal\tzdata\zoneinfo\America\Dawson_Creek
2026-10-09 22:59:32.733   Time stamp of our file: 2026-10-09 22:57:36.000
2026-10-09 22:59:32.733   Installing the file.
2026-10-09 22:59:32.733   Successfully installed the file.
2026-10-09 22:59:32.733   -- File entry --
2026-10-09 22:59:32.733   Dest filename: D:\a\_temp\agym-c64-38001250527-5872-u8q4q801\client\Admin\_internal\tzdata\zoneinfo\America\Denver
2026-10-09 22:59:32.733   Time stamp of our file: 2026-10-09 22:57:36.000
2026-10-09 22:59:32.733   Installing the file.
2026-10-09 22:59:32.733   Successfully installed the file.
2026-10-09 22:59:32.733   -- File entry --
2026-10-09 22:59:32.733   Dest filename: D:\a\_temp\agym-c64-38001250527-5872-u8q4q801\client\Admin\_internal\tzdata\zoneinfo\America\Detroit
2026-10-09 22:59:32.733   Time stamp of our file: 2026-10-09 22:57:36.000
2026-10-09 22:59:32.733   Installing the file.
2026-10-09 22:59:32.733   Successfully installed the file.
2026-10-09 22:59:32.733   -- File entry --
2026-10-09 22:59:32.733   Dest filename: D:\a\_temp\agym-c64-38001250527-5872-u8q4q801\client\Admin\_internal\tzdata\zoneinfo\America\Dominica
2026-10-09 22:59:32.733   Time stamp of our file: 2026-10-09 22:57:36.000
2026-10-09 22:59:32.733   Installing the file.
2026-10-09 22:59:32.733   Successfully installed the file.
2026-10-09 22:59:32.733   -- File entry --
2026-10-09 22:59:32.733   Dest filename: D:\a\_temp\agym-c64-38001250527-5872-u8q4q801\client\Admin\_internal\tzdata\zoneinfo\America\Edmonton
2026-10-09 22:59:32.733   Time stamp of our file: 2026-10-09 22:57:36.000
2026-10-09 22:59:32.733   Installing the file.
2026-10-09 22:59:32.733   Successfully installed the file.
2026-10-09 22:59:32.733   -- File entry --
2026-10-09 22:59:32.733   Dest filename: D:\a\_temp\agym-c64-38001250527-5872-u8q4q801\client\Admin\_internal\tzdata\zoneinfo\America\Eirunepe
2026-10-09 22:59:32.733   Time stamp of our file: 2026-10-09 22:57:36.000
2026-10-09 22:59:32.733   Installing the file.
2026-10-09 22:59:32.733   Successfully installed the file.
2026-10-09 22:59:32.733   -- File entry --
2026-10-09 22:59:32.733   Dest filename: D:\a\_temp\agym-c64-38001250527-5872-u8q4q801\client\Admin\_internal\tzdata\zoneinfo\America\El_Salvador
2026-10-09 22:59:32.733   Time stamp of our file: 2026-10-09 22:57:36.000
2026-10-09 22:59:32.733   Installing the file.
2026-10-09 22:59:32.733   Successfully installed the file.
2026-10-09 22:59:32.733   -- File entry --
2026-10-09 22:59:32.733   Dest filename: D:\a\_temp\agym-c64-38001250527-5872-u8q4q801\client\Admin\_internal\tzdata\zoneinfo\America\Ensenada
2026-10-09 22:59:32.733   Time stamp of our file: 2026-10-09 22:57:36.000
2026-10-09 22:59:32.733   Installing the file.
2026-10-09 22:59:32.733   Successfully installed the file.
2026-10-09 22:59:32.733   -- File entry --
2026-10-09 22:59:32.733   Dest filename: D:\a\_temp\agym-c64-38001250527-5872-u8q4q801\client\Admin\_internal\tzdata\zoneinfo\America\Fortaleza
2026-10-09 22:59:32.733   Time stamp of our file: 2026-10-09 22:57:36.000
2026-10-09 22:59:32.733   Installing the file.
2026-10-09 22:59:32.733   Successfully installed the file.
2026-10-09 22:59:32.733   -- File entry --
2026-10-09 22:59:32.733   Dest filename: D:\a\_temp\agym-c64-38001250527-5872-u8q4q801\client\Admin\_internal\tzdata\zoneinfo\America\Fort_Nelson
2026-10-09 22:59:32.733   Time stamp of our file: 2026-10-09 22:57:36.000
2026-10-09 22:59:32.733   Installing the file.
2026-10-09 22:59:32.733   Successfully installed the file.
2026-10-09 22:59:32.733   -- File entry --
2026-10-09 22:59:32.733   Dest filename: D:\a\_temp\agym-c64-38001250527-5872-u8q4q801\client\Admin\_internal\tzdata\zoneinfo\America\Fort_Wayne
2026-10-09 22:59:32.733   Time stamp of our file: 2026-10-09 22:57:36.000
2026-10-09 22:59:32.733   Installing the file.
2026-10-09 22:59:32.733   Successfully installed the file.
2026-10-09 22:59:32.733   -- File entry --
2026-10-09 22:59:32.733   Dest filename: D:\a\_temp\agym-c64-38001250527-5872-u8q4q801\client\Admin\_internal\tzdata\zoneinfo\America\Glace_Bay
2026-10-09 22:59:32.733   Time stamp of our file: 2026-10-09 22:57:36.000
2026-10-09 22:59:32.733   Installing the file.
2026-10-09 22:59:32.733   Successfully installed the file.
2026-10-09 22:59:32.733   -- File entry --
2026-10-09 22:59:32.733   Dest filename: D:\a\_temp\agym-c64-38001250527-5872-u8q4q801\client\Admin\_internal\tzdata\zoneinfo\America\Godthab
2026-10-09 22:59:32.733   Time stamp of our file: 2026-10-09 22:57:36.000
2026-10-09 22:59:32.733   Installing the file.
2026-10-09 22:59:32.733   Successfully installed the file.
2026-10-09 22:59:32.733   -- File entry --
2026-10-09 22:59:32.733   Dest filename: D:\a\_temp\agym-c64-38001250527-5872-u8q4q801\client\Admin\_internal\tzdata\zoneinfo\America\Goose_Bay
2026-10-09 22:59:32.733   Time stamp of our file: 2026-10-09 22:57:36.000
2026-10-09 22:59:32.733   Installing the file.
2026-10-09 22:59:32.733   Successfully installed the file.
2026-10-09 22:59:32.733   -- File entry --
2026-10-09 22:59:32.733   Dest filename: D:\a\_temp\agym-c64-38001250527-5872-u8q4q801\client\Admin\_internal\tzdata\zoneinfo\America\Grand_Turk
2026-10-09 22:59:32.733   Time stamp of our file: 2026-10-09 22:57:36.000
2026-10-09 22:59:32.733   Installing the file.
2026-10-09 22:59:32.733   Successfully installed the file.
2026-10-09 22:59:32.733   -- File entry --
2026-10-09 22:59:32.733   Dest filename: D:\a\_temp\agym-c64-38001250527-5872-u8q4q801\client\Admin\_internal\tzdata\zoneinfo\America\Grenada
2026-10-09 22:59:32.733   Time stamp of our file: 2026-10-09 22:57:36.000
2026-10-09 22:59:32.733   Installing the file.
2026-10-09 22:59:32.733   Successfully installed the file.
2026-10-09 22:59:32.733   -- File entry --
2026-10-09 22:59:32.733   Dest filename: D:\a\_temp\agym-c64-38001250527-5872-u8q4q801\client\Admin\_internal\tzdata\zoneinfo\America\Guadeloupe
2026-10-09 22:59:32.733   Time stamp of our file: 2026-10-09 22:57:36.000
2026-10-09 22:59:32.733   Installing the file.
2026-10-09 22:59:32.733   Successfully installed the file.
2026-10-09 22:59:32.733   -- File entry --
2026-10-09 22:59:32.733   Dest filename: D:\a\_temp\agym-c64-38001250527-5872-u8q4q801\client\Admin\_internal\tzdata\zoneinfo\America\Guatemala
2026-10-09 22:59:32.733   Time stamp of our file: 2026-10-09 22:57:36.000
2026-10-09 22:59:32.733   Installing the file.
2026-10-09 22:59:32.733   Successfully installed the file.
2026-10-09 22:59:32.733   -- File entry --
2026-10-09 22:59:32.733   Dest filename: D:\a\_temp\agym-c64-38001250527-5872-u8q4q801\client\Admin\_internal\tzdata\zoneinfo\America\Guayaquil
2026-10-09 22:59:32.733   Time stamp of our file: 2026-10-09 22:57:36.000
2026-10-09 22:59:32.733   Installing the file.
2026-10-09 22:59:32.733   Successfully installed the file.
2026-10-09 22:59:32.733   -- File entry --
2026-10-09 22:59:32.733   Dest filename: D:\a\_temp\agym-c64-38001250527-5872-u8q4q801\client\Admin\_internal\tzdata\zoneinfo\America\Guyana
2026-10-09 22:59:32.733   Time stamp of our file: 2026-10-09 22:57:36.000
2026-10-09 22:59:32.733   Installing the file.
2026-10-09 22:59:32.733   Successfully installed the file.
2026-10-09 22:59:32.733   -- File entry --
2026-10-09 22:59:32.733   Dest filename: D:\a\_temp\agym-c64-38001250527-5872-u8q4q801\client\Admin\_internal\tzdata\zoneinfo\America\Halifax
2026-10-09 22:59:32.733   Time stamp of our file: 2026-10-09 22:57:36.000
2026-10-09 22:59:32.733   Installing the file.
2026-10-09 22:59:32.733   Successfully installed the file.
2026-10-09 22:59:32.733   -- File entry --
2026-10-09 22:59:32.733   Dest filename: D:\a\_temp\agym-c64-38001250527-5872-u8q4q801\client\Admin\_internal\tzdata\zoneinfo\America\Havana
2026-10-09 22:59:32.733   Time stamp of our file: 2026-10-09 22:57:36.000
2026-10-09 22:59:32.733   Installing the file.
2026-10-09 22:59:32.733   Successfully installed the file.
2026-10-09 22:59:32.733   -- File entry --
2026-10-09 22:59:32.733   Dest filename: D:\a\_temp\agym-c64-38001250527-5872-u8q4q801\client\Admin\_internal\tzdata\zoneinfo\America\Hermosillo
2026-10-09 22:59:32.733   Time stamp of our file: 2026-10-09 22:57:36.000
2026-10-09 22:59:32.733   Installing the file.
2026-10-09 22:59:32.733   Successfully installed the file.
2026-10-09 22:59:32.733   -- File entry --
2026-10-09 22:59:32.733   Dest filename: D:\a\_temp\agym-c64-38001250527-5872-u8q4q801\client\Admin\_internal\tzdata\zoneinfo\America\Indianapolis
2026-10-09 22:59:32.733   Time stamp of our file: 2026-10-09 22:57:36.000
2026-10-09 22:59:32.733   Installing the file.
2026-10-09 22:59:32.733   Successfully installed the file.
2026-10-09 22:59:32.733   -- File entry --
2026-10-09 22:59:32.733   Dest filename: D:\a\_temp\agym-c64-38001250527-5872-u8q4q801\client\Admin\_internal\tzdata\zoneinfo\America\Inuvik
2026-10-09 22:59:32.733   Time stamp of our file: 2026-10-09 22:57:36.000
2026-10-09 22:59:32.733   Installing the file.
2026-10-09 22:59:32.733   Successfully installed the file.
2026-10-09 22:59:32.733   -- File entry --
2026-10-09 22:59:32.733   Dest filename: D:\a\_temp\agym-c64-38001250527-5872-u8q4q801\client\Admin\_internal\tzdata\zoneinfo\America\Iqaluit
2026-10-09 22:59:32.733   Time stamp of our file: 2026-10-09 22:57:36.000
2026-10-09 22:59:32.733   Installing the file.
2026-10-09 22:59:32.749   Successfully installed the file.
2026-10-09 22:59:32.749   -- File entry --
2026-10-09 22:59:32.749   Dest filename: D:\a\_temp\agym-c64-38001250527-5872-u8q4q801\client\Admin\_internal\tzdata\zoneinfo\America\Jamaica
2026-10-09 22:59:32.749   Time stamp of our file: 2026-10-09 22:57:36.000
2026-10-09 22:59:32.749   Installing the file.
2026-10-09 22:59:32.749   Successfully installed the file.
2026-10-09 22:59:32.749   -- File entry --
2026-10-09 22:59:32.749   Dest filename: D:\a\_temp\agym-c64-38001250527-5872-u8q4q801\client\Admin\_internal\tzdata\zoneinfo\America\Jujuy
2026-10-09 22:59:32.749   Time stamp of our file: 2026-10-09 22:57:36.000
2026-10-09 22:59:32.749   Installing the file.
2026-10-09 22:59:32.749   Successfully installed the file.
2026-10-09 22:59:32.749   -- File entry --
2026-10-09 22:59:32.749   Dest filename: D:\a\_temp\agym-c64-38001250527-5872-u8q4q801\client\Admin\_internal\tzdata\zoneinfo\America\Juneau
2026-10-09 22:59:32.749   Time stamp of our file: 2026-10-09 22:57:36.000
2026-10-09 22:59:32.749   Installing the file.
2026-10-09 22:59:32.749   Successfully installed the file.
2026-10-09 22:59:32.749   -- File entry --
2026-10-09 22:59:32.749   Dest filename: D:\a\_temp\agym-c64-38001250527-5872-u8q4q801\client\Admin\_internal\tzdata\zoneinfo\America\Knox_IN
2026-10-09 22:59:32.749   Time stamp of our file: 2026-10-09 22:57:36.000
2026-10-09 22:59:32.749   Installing the file.
2026-10-09 22:59:32.749   Successfully installed the file.
2026-10-09 22:59:32.749   -- File entry --
2026-10-09 22:59:32.749   Dest filename: D:\a\_temp\agym-c64-38001250527-5872-u8q4q801\client\Admin\_internal\tzdata\zoneinfo\America\Kralendijk
2026-10-09 22:59:32.749   Time stamp of our file: 2026-10-09 22:57:36.000
2026-10-09 22:59:32.749   Installing the file.
2026-10-09 22:59:32.749   Successfully installed the file.
2026-10-09 22:59:32.749   -- File entry --
2026-10-09 22:59:32.749   Dest filename: D:\a\_temp\agym-c64-38001250527-5872-u8q4q801\client\Admin\_internal\tzdata\zoneinfo\America\La_Paz
2026-10-09 22:59:32.749   Time stamp of our file: 2026-10-09 22:57:36.000
2026-10-09 22:59:32.749   Installing the file.
2026-10-09 22:59:32.749   Successfully installed the file.
2026-10-09 22:59:32.749   -- File entry --
2026-10-09 22:59:32.749   Dest filename: D:\a\_temp\agym-c64-38001250527-5872-u8q4q801\client\Admin\_internal\tzdata\zoneinfo\America\Lima
2026-10-09 22:59:32.749   Time stamp of our file: 2026-10-09 22:57:36.000
2026-10-09 22:59:32.749   Installing the file.
2026-10-09 22:59:32.749   Successfully installed the file.
2026-10-09 22:59:32.749   -- File entry --
2026-10-09 22:59:32.749   Dest filename: D:\a\_temp\agym-c64-38001250527-5872-u8q4q801\client\Admin\_internal\tzdata\zoneinfo\America\Los_Angeles
2026-10-09 22:59:32.749   Time stamp of our file: 2026-10-09 22:57:36.000
2026-10-09 22:59:32.749   Installing the file.
2026-10-09 22:59:32.749   Successfully installed the file.
2026-10-09 22:59:32.749   -- File entry --
2026-10-09 22:59:32.749   Dest filename: D:\a\_temp\agym-c64-38001250527-5872-u8q4q801\client\Admin\_internal\tzdata\zoneinfo\America\Louisville
2026-10-09 22:59:32.749   Time stamp of our file: 2026-10-09 22:57:36.000
2026-10-09 22:59:32.749   Installing the file.
2026-10-09 22:59:32.749   Successfully installed the file.
2026-10-09 22:59:32.749   -- File entry --
2026-10-09 22:59:32.749   Dest filename: D:\a\_temp\agym-c64-38001250527-5872-u8q4q801\client\Admin\_internal\tzdata\zoneinfo\America\Lower_Princes
2026-10-09 22:59:32.749   Time stamp of our file: 2026-10-09 22:57:36.000
2026-10-09 22:59:32.749   Installing the file.
2026-10-09 22:59:32.749   Successfully installed the file.
2026-10-09 22:59:32.749   -- File entry --
2026-10-09 22:59:32.749   Dest filename: D:\a\_temp\agym-c64-38001250527-5872-u8q4q801\client\Admin\_internal\tzdata\zoneinfo\America\Maceio
2026-10-09 22:59:32.749   Time stamp of our file: 2026-10-09 22:57:36.000
2026-10-09 22:59:32.749   Installing the file.
2026-10-09 22:59:32.749   Successfully installed the file.
2026-10-09 22:59:32.749   -- File entry --
2026-10-09 22:59:32.754   Dest filename: D:\a\_temp\agym-c64-38001250527-5872-u8q4q801\client\Admin\_internal\tzdata\zoneinfo\America\Managua
2026-10-09 22:59:32.754   Time stamp of our file: 2026-10-09 22:57:36.000
2026-10-09 22:59:32.754   Installing the file.
2026-10-09 22:59:32.754   Successfully installed the file.
2026-10-09 22:59:32.754   -- File entry --
2026-10-09 22:59:32.754   Dest filename: D:\a\_temp\agym-c64-38001250527-5872-u8q4q801\client\Admin\_internal\tzdata\zoneinfo\America\Manaus
2026-10-09 22:59:32.755   Time stamp of our file: 2026-10-09 22:57:36.000
2026-10-09 22:59:32.755   Installing the file.
2026-10-09 22:59:32.755   Successfully installed the file.
2026-10-09 22:59:32.755   -- File entry --
2026-10-09 22:59:32.755   Dest filename: D:\a\_temp\agym-c64-38001250527-5872-u8q4q801\client\Admin\_internal\tzdata\zoneinfo\America\Marigot
2026-10-09 22:59:32.755   Time stamp of our file: 2026-10-09 22:57:36.000
2026-10-09 22:59:32.755   Installing the file.
2026-10-09 22:59:32.755   Successfully installed the file.
2026-10-09 22:59:32.755   -- File entry --
2026-10-09 22:59:32.755   Dest filename: D:\a\_temp\agym-c64-38001250527-5872-u8q4q801\client\Admin\_internal\tzdata\zoneinfo\America\Martinique
2026-10-09 22:59:32.755   Time stamp of our file: 2026-10-09 22:57:36.000
2026-10-09 22:59:32.755   Installing the file.
2026-10-09 22:59:32.755   Successfully installed the file.
2026-10-09 22:59:32.755   -- File entry --
2026-10-09 22:59:32.755   Dest filename: D:\a\_temp\agym-c64-38001250527-5872-u8q4q801\client\Admin\_internal\tzdata\zoneinfo\America\Matamoros
2026-10-09 22:59:32.755   Time stamp of our file: 2026-10-09 22:57:36.000
2026-10-09 22:59:32.755   Installing the file.
2026-10-09 22:59:32.755   Successfully installed the file.
2026-10-09 22:59:32.755   -- File entry --
2026-10-09 22:59:32.755   Dest filename: D:\a\_temp\agym-c64-38001250527-5872-u8q4q801\client\Admin\_internal\tzdata\zoneinfo\America\Mazatlan
2026-10-09 22:59:32.755   Time stamp of our file: 2026-10-09 22:57:36.000
2026-10-09 22:59:32.755   Installing the file.
2026-10-09 22:59:32.755   Successfully installed the file.
2026-10-09 22:59:32.755   -- File entry --
2026-10-09 22:59:32.755   Dest filename: D:\a\_temp\agym-c64-38001250527-5872-u8q4q801\client\Admin\_internal\tzdata\zoneinfo\America\Mendoza
2026-10-09 22:59:32.755   Time stamp of our file: 2026-10-09 22:57:36.000
2026-10-09 22:59:32.755   Installing the file.
2026-10-09 22:59:32.755   Successfully installed the file.
2026-10-09 22:59:32.755   -- File entry --
2026-10-09 22:59:32.755   Dest filename: D:\a\_temp\agym-c64-38001250527-5872-u8q4q801\client\Admin\_internal\tzdata\zoneinfo\America\Menominee
2026-10-09 22:59:32.755   Time stamp of our file: 2026-10-09 22:57:36.000
2026-10-09 22:59:32.755   Installing the file.
2026-10-09 22:59:32.755   Successfully installed the file.
2026-10-09 22:59:32.755   -- File entry --
2026-10-09 22:59:32.755   Dest filename: D:\a\_temp\agym-c64-38001250527-5872-u8q4q801\client\Admin\_internal\tzdata\zoneinfo\America\Merida
2026-10-09 22:59:32.755   Time stamp of our file: 2026-10-09 22:57:36.000
2026-10-09 22:59:32.755   Installing the file.
2026-10-09 22:59:32.755   Successfully installed the file.
2026-10-09 22:59:32.755   -- File entry --
2026-10-09 22:59:32.755   Dest filename: D:\a\_temp\agym-c64-38001250527-5872-u8q4q801\client\Admin\_internal\tzdata\zoneinfo\America\Metlakatla
2026-10-09 22:59:32.755   Time stamp of our file: 2026-10-09 22:57:36.000
2026-10-09 22:59:32.755   Installing the file.
2026-10-09 22:59:32.755   Successfully installed the file.
2026-10-09 22:59:32.755   -- File entry --
2026-10-09 22:59:32.755   Dest filename: D:\a\_temp\agym-c64-38001250527-5872-u8q4q801\client\Admin\_internal\tzdata\zoneinfo\America\Mexico_City
2026-10-09 22:59:32.755   Time stamp of our file: 2026-10-09 22:57:36.000
2026-10-09 22:59:32.755   Installing the file.
2026-10-09 22:59:32.755   Successfully installed the file.
2026-10-09 22:59:32.755   -- File entry --
2026-10-09 22:59:32.755   Dest filename: D:\a\_temp\agym-c64-38001250527-5872-u8q4q801\client\Admin\_internal\tzdata\zoneinfo\America\Miquelon
2026-10-09 22:59:32.755   Time stamp of our file: 2026-10-09 22:57:36.000
2026-10-09 22:59:32.755   Installing the file.
2026-10-09 22:59:32.755   Successfully installed the file.
2026-10-09 22:59:32.755   -- File entry --
2026-10-09 22:59:32.755   Dest filename: D:\a\_temp\agym-c64-38001250527-5872-u8q4q801\client\Admin\_internal\tzdata\zoneinfo\America\Moncton
2026-10-09 22:59:32.755   Time stamp of our file: 2026-10-09 22:57:36.000
2026-10-09 22:59:32.755   Installing the file.
2026-10-09 22:59:32.755   Successfully installed the file.
2026-10-09 22:59:32.755   -- File entry --
2026-10-09 22:59:32.755   Dest filename: D:\a\_temp\agym-c64-38001250527-5872-u8q4q801\client\Admin\_internal\tzdata\zoneinfo\America\Monterrey
2026-10-09 22:59:32.755   Time stamp of our file: 2026-10-09 22:57:36.000
2026-10-09 22:59:32.755   Installing the file.
2026-10-09 22:59:32.755   Successfully installed the file.
2026-10-09 22:59:32.755   -- File entry --
2026-10-09 22:59:32.755   Dest filename: D:\a\_temp\agym-c64-38001250527-5872-u8q4q801\client\Admin\_internal\tzdata\zoneinfo\America\Montevideo
2026-10-09 22:59:32.755   Time stamp of our file: 2026-10-09 22:57:36.000
2026-10-09 22:59:32.755   Installing the file.
2026-10-09 22:59:32.755   Successfully installed the file.
2026-10-09 22:59:32.755   -- File entry --
2026-10-09 22:59:32.755   Dest filename: D:\a\_temp\agym-c64-38001250527-5872-u8q4q801\client\Admin\_internal\tzdata\zoneinfo\America\Montreal
2026-10-09 22:59:32.755   Time stamp of our file: 2026-10-09 22:57:36.000
2026-10-09 22:59:32.755   Installing the file.
2026-10-09 22:59:32.755   Successfully installed the file.
2026-10-09 22:59:32.755   -- File entry --
2026-10-09 22:59:32.755   Dest filename: D:\a\_temp\agym-c64-38001250527-5872-u8q4q801\client\Admin\_internal\tzdata\zoneinfo\America\Montserrat
2026-10-09 22:59:32.755   Time stamp of our file: 2026-10-09 22:57:36.000
2026-10-09 22:59:32.755   Installing the file.
2026-10-09 22:59:32.755   Successfully installed the file.
2026-10-09 22:59:32.755   -- File entry --
2026-10-09 22:59:32.755   Dest filename: D:\a\_temp\agym-c64-38001250527-5872-u8q4q801\client\Admin\_internal\tzdata\zoneinfo\America\Nassau
2026-10-09 22:59:32.755   Time stamp of our file: 2026-10-09 22:57:36.000
2026-10-09 22:59:32.755   Installing the file.
2026-10-09 22:59:32.755   Successfully installed the file.
2026-10-09 22:59:32.755   -- File entry --
2026-10-09 22:59:32.755   Dest filename: D:\a\_temp\agym-c64-38001250527-5872-u8q4q801\client\Admin\_internal\tzdata\zoneinfo\America\New_York
2026-10-09 22:59:32.755   Time stamp of our file: 2026-10-09 22:57:36.000
2026-10-09 22:59:32.755   Installing the file.
2026-10-09 22:59:32.755   Successfully installed the file.
2026-10-09 22:59:32.755   -- File entry --
2026-10-09 22:59:32.755   Dest filename: D:\a\_temp\agym-c64-38001250527-5872-u8q4q801\client\Admin\_internal\tzdata\zoneinfo\America\Nipigon
2026-10-09 22:59:32.755   Time stamp of our file: 2026-10-09 22:57:36.000
2026-10-09 22:59:32.755   Installing the file.
2026-10-09 22:59:32.755   Successfully installed the file.
2026-10-09 22:59:32.755   -- File entry --
2026-10-09 22:59:32.755   Dest filename: D:\a\_temp\agym-c64-38001250527-5872-u8q4q801\client\Admin\_internal\tzdata\zoneinfo\America\Nome
2026-10-09 22:59:32.755   Time stamp of our file: 2026-10-09 22:57:36.000
2026-10-09 22:59:32.755   Installing the file.
2026-10-09 22:59:32.755   Successfully installed the file.
2026-10-09 22:59:32.755   -- File entry --
2026-10-09 22:59:32.755   Dest filename: D:\a\_temp\agym-c64-38001250527-5872-u8q4q801\client\Admin\_internal\tzdata\zoneinfo\America\Noronha
2026-10-09 22:59:32.755   Time stamp of our file: 2026-10-09 22:57:36.000
2026-10-09 22:59:32.755   Installing the file.
2026-10-09 22:59:32.755   Successfully installed the file.
2026-10-09 22:59:32.755   -- File entry --
2026-10-09 22:59:32.755   Dest filename: D:\a\_temp\agym-c64-38001250527-5872-u8q4q801\client\Admin\_internal\tzdata\zoneinfo\America\Nuuk
2026-10-09 22:59:32.755   Time stamp of our file: 2026-10-09 22:57:36.000
2026-10-09 22:59:32.755   Installing the file.
2026-10-09 22:59:32.755   Successfully installed the file.
2026-10-09 22:59:32.755   -- File entry --
2026-10-09 22:59:32.755   Dest filename: D:\a\_temp\agym-c64-38001250527-5872-u8q4q801\client\Admin\_internal\tzdata\zoneinfo\America\Ojinaga
2026-10-09 22:59:32.755   Time stamp of our file: 2026-10-09 22:57:36.000
2026-10-09 22:59:32.755   Installing the file.
2026-10-09 22:59:32.765   Successfully installed the file.
2026-10-09 22:59:32.765   -- File entry --
2026-10-09 22:59:32.765   Dest filename: D:\a\_temp\agym-c64-38001250527-5872-u8q4q801\client\Admin\_internal\tzdata\zoneinfo\America\Panama
2026-10-09 22:59:32.765   Time stamp of our file: 2026-10-09 22:57:36.000
2026-10-09 22:59:32.765   Installing the file.
2026-10-09 22:59:32.765   Successfully installed the file.
2026-10-09 22:59:32.765   -- File entry --
2026-10-09 22:59:32.765   Dest filename: D:\a\_temp\agym-c64-38001250527-5872-u8q4q801\client\Admin\_internal\tzdata\zoneinfo\America\Pangnirtung
2026-10-09 22:59:32.765   Time stamp of our file: 2026-10-09 22:57:36.000
2026-10-09 22:59:32.765   Installing the file.
2026-10-09 22:59:32.765   Successfully installed the file.
2026-10-09 22:59:32.765   -- File entry --
2026-10-09 22:59:32.765   Dest filename: D:\a\_temp\agym-c64-38001250527-5872-u8q4q801\client\Admin\_internal\tzdata\zoneinfo\America\Paramaribo
2026-10-09 22:59:32.765   Time stamp of our file: 2026-10-09 22:57:36.000
2026-10-09 22:59:32.765   Installing the file.
2026-10-09 22:59:32.765   Successfully installed the file.
2026-10-09 22:59:32.765   -- File entry --
2026-10-09 22:59:32.765   Dest filename: D:\a\_temp\agym-c64-38001250527-5872-u8q4q801\client\Admin\_internal\tzdata\zoneinfo\America\Phoenix
2026-10-09 22:59:32.765   Time stamp of our file: 2026-10-09 22:57:36.000
2026-10-09 22:59:32.765   Installing the file.
2026-10-09 22:59:32.765   Successfully installed the file.
2026-10-09 22:59:32.765   -- File entry --
2026-10-09 22:59:32.765   Dest filename: D:\a\_temp\agym-c64-38001250527-5872-u8q4q801\client\Admin\_internal\tzdata\zoneinfo\America\Port-au-Prince
2026-10-09 22:59:32.765   Time stamp of our file: 2026-10-09 22:57:36.000
2026-10-09 22:59:32.765   Installing the file.
2026-10-09 22:59:32.765   Successfully installed the file.
2026-10-09 22:59:32.765   -- File entry --
2026-10-09 22:59:32.765   Dest filename: D:\a\_temp\agym-c64-38001250527-5872-u8q4q801\client\Admin\_internal\tzdata\zoneinfo\America\Porto_Acre
2026-10-09 22:59:32.765   Time stamp of our file: 2026-10-09 22:57:36.000
2026-10-09 22:59:32.765   Installing the file.
2026-10-09 22:59:32.765   Successfully installed the file.
2026-10-09 22:59:32.765   -- File entry --
2026-10-09 22:59:32.765   Dest filename: D:\a\_temp\agym-c64-38001250527-5872-u8q4q801\client\Admin\_internal\tzdata\zoneinfo\America\Porto_Velho
2026-10-09 22:59:32.765   Time stamp of our file: 2026-10-09 22:57:36.000
2026-10-09 22:59:32.765   Installing the file.
2026-10-09 22:59:32.765   Successfully installed the file.
2026-10-09 22:59:32.765   -- File entry --
2026-10-09 22:59:32.765   Dest filename: D:\a\_temp\agym-c64-38001250527-5872-u8q4q801\client\Admin\_internal\tzdata\zoneinfo\America\Port_of_Spain
2026-10-09 22:59:32.765   Time stamp of our file: 2026-10-09 22:57:36.000
2026-10-09 22:59:32.765   Installing the file.
2026-10-09 22:59:32.765   Successfully installed the file.
2026-10-09 22:59:32.765   -- File entry --
2026-10-09 22:59:32.765   Dest filename: D:\a\_temp\agym-c64-38001250527-5872-u8q4q801\client\Admin\_internal\tzdata\zoneinfo\America\Puerto_Rico
2026-10-09 22:59:32.765   Time stamp of our file: 2026-10-09 22:57:36.000
2026-10-09 22:59:32.765   Installing the file.
2026-10-09 22:59:32.765   Successfully installed the file.
2026-10-09 22:59:32.765   -- File entry --
2026-10-09 22:59:32.765   Dest filename: D:\a\_temp\agym-c64-38001250527-5872-u8q4q801\client\Admin\_internal\tzdata\zoneinfo\America\Punta_Arenas
2026-10-09 22:59:32.765   Time stamp of our file: 2026-10-09 22:57:36.000
2026-10-09 22:59:32.765   Installing the file.
2026-10-09 22:59:32.765   Successfully installed the file.
2026-10-09 22:59:32.765   -- File entry --
2026-10-09 22:59:32.765   Dest filename: D:\a\_temp\agym-c64-38001250527-5872-u8q4q801\client\Admin\_internal\tzdata\zoneinfo\America\Rainy_River
2026-10-09 22:59:32.765   Time stamp of our file: 2026-10-09 22:57:36.000
2026-10-09 22:59:32.765   Installing the file.
2026-10-09 22:59:32.765   Successfully installed the file.
2026-10-09 22:59:32.765   -- File entry --
2026-10-09 22:59:32.765   Dest filename: D:\a\_temp\agym-c64-38001250527-5872-u8q4q801\client\Admin\_internal\tzdata\zoneinfo\America\Rankin_Inlet
2026-10-09 22:59:32.765   Time stamp of our file: 2026-10-09 22:57:36.000
2026-10-09 22:59:32.765   Installing the file.
2026-10-09 22:59:32.765   Successfully installed the file.
2026-10-09 22:59:32.765   -- File entry --
2026-10-09 22:59:32.765   Dest filename: D:\a\_temp\agym-c64-38001250527-5872-u8q4q801\client\Admin\_internal\tzdata\zoneinfo\America\Recife
2026-10-09 22:59:32.765   Time stamp of our file: 2026-10-09 22:57:36.000
2026-10-09 22:59:32.765   Installing the file.
2026-10-09 22:59:32.765   Successfully installed the file.
2026-10-09 22:59:32.765   -- File entry --
2026-10-09 22:59:32.765   Dest filename: D:\a\_temp\agym-c64-38001250527-5872-u8q4q801\client\Admin\_internal\tzdata\zoneinfo\America\Regina
2026-10-09 22:59:32.765   Time stamp of our file: 2026-10-09 22:57:36.000
2026-10-09 22:59:32.765   Installing the file.
2026-10-09 22:59:32.765   Successfully installed the file.
2026-10-09 22:59:32.765   -- File entry --
2026-10-09 22:59:32.765   Dest filename: D:\a\_temp\agym-c64-38001250527-5872-u8q4q801\client\Admin\_internal\tzdata\zoneinfo\America\Resolute
2026-10-09 22:59:32.765   Time stamp of our file: 2026-10-09 22:57:36.000
2026-10-09 22:59:32.765   Installing the file.
2026-10-09 22:59:32.765   Successfully installed the file.
2026-10-09 22:59:32.765   -- File entry --
2026-10-09 22:59:32.765   Dest filename: D:\a\_temp\agym-c64-38001250527-5872-u8q4q801\client\Admin\_internal\tzdata\zoneinfo\America\Rio_Branco
2026-10-09 22:59:32.765   Time stamp of our file: 2026-10-09 22:57:36.000
2026-10-09 22:59:32.765   Installing the file.
2026-10-09 22:59:32.765   Successfully installed the file.
2026-10-09 22:59:32.765   -- File entry --
2026-10-09 22:59:32.765   Dest filename: D:\a\_temp\agym-c64-38001250527-5872-u8q4q801\client\Admin\_internal\tzdata\zoneinfo\America\Rosario
2026-10-09 22:59:32.765   Time stamp of our file: 2026-10-09 22:57:36.000
2026-10-09 22:59:32.765   Installing the file.
2026-10-09 22:59:32.765   Successfully installed the file.
2026-10-09 22:59:32.765   -- File entry --
2026-10-09 22:59:32.765   Dest filename: D:\a\_temp\agym-c64-38001250527-5872-u8q4q801\client\Admin\_internal\tzdata\zoneinfo\America\Santarem
2026-10-09 22:59:32.765   Time stamp of our file: 2026-10-09 22:57:36.000
2026-10-09 22:59:32.765   Installing the file.
2026-10-09 22:59:32.765   Successfully installed the file.
2026-10-09 22:59:32.765   -- File entry --
2026-10-09 22:59:32.765   Dest filename: D:\a\_temp\agym-c64-38001250527-5872-u8q4q801\client\Admin\_internal\tzdata\zoneinfo\America\Santa_Isabel
2026-10-09 22:59:32.765   Time stamp of our file: 2026-10-09 22:57:36.000
2026-10-09 22:59:32.765   Installing the file.
2026-10-09 22:59:32.765   Successfully installed the file.
2026-10-09 22:59:32.765   -- File entry --
2026-10-09 22:59:32.765   Dest filename: D:\a\_temp\agym-c64-38001250527-5872-u8q4q801\client\Admin\_internal\tzdata\zoneinfo\America\Santiago
2026-10-09 22:59:32.765   Time stamp of our file: 2026-10-09 22:57:36.000
2026-10-09 22:59:32.765   Installing the file.
2026-10-09 22:59:32.765   Successfully installed the file.
2026-10-09 22:59:32.765   -- File entry --
2026-10-09 22:59:32.765   Dest filename: D:\a\_temp\agym-c64-38001250527-5872-u8q4q801\client\Admin\_internal\tzdata\zoneinfo\America\Santo_Domingo
2026-10-09 22:59:32.765   Time stamp of our file: 2026-10-09 22:57:36.000
2026-10-09 22:59:32.765   Installing the file.
2026-10-09 22:59:32.765   Successfully installed the file.
2026-10-09 22:59:32.765   -- File entry --
2026-10-09 22:59:32.765   Dest filename: D:\a\_temp\agym-c64-38001250527-5872-u8q4q801\client\Admin\_internal\tzdata\zoneinfo\America\Sao_Paulo
2026-10-09 22:59:32.765   Time stamp of our file: 2026-10-09 22:57:36.000
2026-10-09 22:59:32.765   Installing the file.
2026-10-09 22:59:32.765   Successfully installed the file.
2026-10-09 22:59:32.765   -- File entry --
2026-10-09 22:59:32.765   Dest filename: D:\a\_temp\agym-c64-38001250527-5872-u8q4q801\client\Admin\_internal\tzdata\zoneinfo\America\Scoresbysund
2026-10-09 22:59:32.765   Time stamp of our file: 2026-10-09 22:57:36.000
2026-10-09 22:59:32.765   Installing the file.
2026-10-09 22:59:32.765   Successfully installed the file.
2026-10-09 22:59:32.765   -- File entry --
2026-10-09 22:59:32.765   Dest filename: D:\a\_temp\agym-c64-38001250527-5872-u8q4q801\client\Admin\_internal\tzdata\zoneinfo\America\Shiprock
2026-10-09 22:59:32.765   Time stamp of our file: 2026-10-09 22:57:36.000
2026-10-09 22:59:32.765   Installing the file.
2026-10-09 22:59:32.765   Successfully installed the file.
2026-10-09 22:59:32.765   -- File entry --
2026-10-09 22:59:32.765   Dest filename: D:\a\_temp\agym-c64-38001250527-5872-u8q4q801\client\Admin\_internal\tzdata\zoneinfo\America\Sitka
2026-10-09 22:59:32.765   Time stamp of our file: 2026-10-09 22:57:36.000
2026-10-09 22:59:32.765   Installing the file.
2026-10-09 22:59:32.765   Successfully installed the file.
2026-10-09 22:59:32.765   -- File entry --
2026-10-09 22:59:32.765   Dest filename: D:\a\_temp\agym-c64-38001250527-5872-u8q4q801\client\Admin\_internal\tzdata\zoneinfo\America\St_Barthelemy
2026-10-09 22:59:32.765   Time stamp of our file: 2026-10-09 22:57:36.000
2026-10-09 22:59:32.765   Installing the file.
2026-10-09 22:59:32.765   Successfully installed the file.
2026-10-09 22:59:32.765   -- File entry --
2026-10-09 22:59:32.765   Dest filename: D:\a\_temp\agym-c64-38001250527-5872-u8q4q801\client\Admin\_internal\tzdata\zoneinfo\America\St_Johns
2026-10-09 22:59:32.765   Time stamp of our file: 2026-10-09 22:57:36.000
2026-10-09 22:59:32.765   Installing the file.
2026-10-09 22:59:32.765   Successfully installed the file.
2026-10-09 22:59:32.765   -- File entry --
2026-10-09 22:59:32.765   Dest filename: D:\a\_temp\agym-c64-38001250527-5872-u8q4q801\client\Admin\_internal\tzdata\zoneinfo\America\St_Kitts
2026-10-09 22:59:32.765   Time stamp of our file: 2026-10-09 22:57:36.000
2026-10-09 22:59:32.765   Installing the file.
2026-10-09 22:59:32.765   Successfully installed the file.
2026-10-09 22:59:32.765   -- File entry --
2026-10-09 22:59:32.765   Dest filename: D:\a\_temp\agym-c64-38001250527-5872-u8q4q801\client\Admin\_internal\tzdata\zoneinfo\America\St_Lucia
2026-10-09 22:59:32.765   Time stamp of our file: 2026-10-09 22:57:36.000
2026-10-09 22:59:32.765   Installing the file.
2026-10-09 22:59:32.765   Successfully installed the file.
2026-10-09 22:59:32.765   -- File entry --
2026-10-09 22:59:32.765   Dest filename: D:\a\_temp\agym-c64-38001250527-5872-u8q4q801\client\Admin\_internal\tzdata\zoneinfo\America\St_Thomas
2026-10-09 22:59:32.765   Time stamp of our file: 2026-10-09 22:57:36.000
2026-10-09 22:59:32.765   Installing the file.
2026-10-09 22:59:32.765   Successfully installed the file.
2026-10-09 22:59:32.765   -- File entry --
2026-10-09 22:59:32.765   Dest filename: D:\a\_temp\agym-c64-38001250527-5872-u8q4q801\client\Admin\_internal\tzdata\zoneinfo\America\St_Vincent
2026-10-09 22:59:32.765   Time stamp of our file: 2026-10-09 22:57:36.000
2026-10-09 22:59:32.765   Installing the file.
2026-10-09 22:59:32.765   Successfully installed the file.
2026-10-09 22:59:32.765   -- File entry --
2026-10-09 22:59:32.765   Dest filename: D:\a\_temp\agym-c64-38001250527-5872-u8q4q801\client\Admin\_internal\tzdata\zoneinfo\America\Swift_Current
2026-10-09 22:59:32.765   Time stamp of our file: 2026-10-09 22:57:36.000
2026-10-09 22:59:32.765   Installing the file.
2026-10-09 22:59:32.765   Successfully installed the file.
2026-10-09 22:59:32.765   -- File entry --
2026-10-09 22:59:32.765   Dest filename: D:\a\_temp\agym-c64-38001250527-5872-u8q4q801\client\Admin\_internal\tzdata\zoneinfo\America\Tegucigalpa
2026-10-09 22:59:32.765   Time stamp of our file: 2026-10-09 22:57:36.000
2026-10-09 22:59:32.765   Installing the file.
2026-10-09 22:59:32.765   Successfully installed the file.
2026-10-09 22:59:32.765   -- File entry --
2026-10-09 22:59:32.765   Dest filename: D:\a\_temp\agym-c64-38001250527-5872-u8q4q801\client\Admin\_internal\tzdata\zoneinfo\America\Thule
2026-10-09 22:59:32.765   Time stamp of our file: 2026-10-09 22:57:36.000
2026-10-09 22:59:32.765   Installing the file.
2026-10-09 22:59:32.765   Successfully installed the file.
2026-10-09 22:59:32.765   -- File entry --
2026-10-09 22:59:32.765   Dest filename: D:\a\_temp\agym-c64-38001250527-5872-u8q4q801\client\Admin\_internal\tzdata\zoneinfo\America\Thunder_Bay
2026-10-09 22:59:32.765   Time stamp of our file: 2026-10-09 22:57:36.000
2026-10-09 22:59:32.780   Installing the file.
2026-10-09 22:59:32.780   Successfully installed the file.
2026-10-09 22:59:32.780   -- File entry --
2026-10-09 22:59:32.780   Dest filename: D:\a\_temp\agym-c64-38001250527-5872-u8q4q801\client\Admin\_internal\tzdata\zoneinfo\America\Tijuana
2026-10-09 22:59:32.780   Time stamp of our file: 2026-10-09 22:57:36.000
2026-10-09 22:59:32.780   Installing the file.
2026-10-09 22:59:32.780   Successfully installed the file.
2026-10-09 22:59:32.780   -- File entry --
2026-10-09 22:59:32.780   Dest filename: D:\a\_temp\agym-c64-38001250527-5872-u8q4q801\client\Admin\_internal\tzdata\zoneinfo\America\Toronto
2026-10-09 22:59:32.780   Time stamp of our file: 2026-10-09 22:57:36.000
2026-10-09 22:59:32.780   Installing the file.
2026-10-09 22:59:32.780   Successfully installed the file.
2026-10-09 22:59:32.780   -- File entry --
2026-10-09 22:59:32.780   Dest filename: D:\a\_temp\agym-c64-38001250527-5872-u8q4q801\client\Admin\_internal\tzdata\zoneinfo\America\Tortola
2026-10-09 22:59:32.780   Time stamp of our file: 2026-10-09 22:57:36.000
2026-10-09 22:59:32.780   Installing the file.
2026-10-09 22:59:32.780   Successfully installed the file.
2026-10-09 22:59:32.780   -- File entry --
2026-10-09 22:59:32.780   Dest filename: D:\a\_temp\agym-c64-38001250527-5872-u8q4q801\client\Admin\_internal\tzdata\zoneinfo\America\Vancouver
2026-10-09 22:59:32.780   Time stamp of our file: 2026-10-09 22:57:36.000
2026-10-09 22:59:32.780   Installing the file.
2026-10-09 22:59:32.780   Successfully installed the file.
2026-10-09 22:59:32.780   -- File entry --
2026-10-09 22:59:32.780   Dest filename: D:\a\_temp\agym-c64-38001250527-5872-u8q4q801\client\Admin\_internal\tzdata\zoneinfo\America\Virgin
2026-10-09 22:59:32.780   Time stamp of our file: 2026-10-09 22:57:36.000
2026-10-09 22:59:32.780   Installing the file.
2026-10-09 22:59:32.780   Successfully installed the file.
2026-10-09 22:59:32.780   -- File entry --
2026-10-09 22:59:32.780   Dest filename: D:\a\_temp\agym-c64-38001250527-5872-u8q4q801\client\Admin\_internal\tzdata\zoneinfo\America\Whitehorse
2026-10-09 22:59:32.780   Time stamp of our file: 2026-10-09 22:57:36.000
2026-10-09 22:59:32.780   Installing the file.
2026-10-09 22:59:32.780   Successfully installed the file.
2026-10-09 22:59:32.780   -- File entry --
2026-10-09 22:59:32.780   Dest filename: D:\a\_temp\agym-c64-38001250527-5872-u8q4q801\client\Admin\_internal\tzdata\zoneinfo\America\Winnipeg
2026-10-09 22:59:32.780   Time stamp of our file: 2026-10-09 22:57:36.000
2026-10-09 22:59:32.780   Installing the file.
2026-10-09 22:59:32.780   Successfully installed the file.
2026-10-09 22:59:32.780   -- File entry --
2026-10-09 22:59:32.780   Dest filename: D:\a\_temp\agym-c64-38001250527-5872-u8q4q801\client\Admin\_internal\tzdata\zoneinfo\America\Yakutat
2026-10-09 22:59:32.780   Time stamp of our file: 2026-10-09 22:57:36.000
2026-10-09 22:59:32.780   Installing the file.
2026-10-09 22:59:32.780   Successfully installed the file.
2026-10-09 22:59:32.780   -- File entry --
2026-10-09 22:59:32.780   Dest filename: D:\a\_temp\agym-c64-38001250527-5872-u8q4q801\client\Admin\_internal\tzdata\zoneinfo\America\Yellowknife
2026-10-09 22:59:32.780   Time stamp of our file: 2026-10-09 22:57:36.000
2026-10-09 22:59:32.780   Installing the file.
2026-10-09 22:59:32.780   Successfully installed the file.
2026-10-09 22:59:32.780   -- File entry --
2026-10-09 22:59:32.780   Dest filename: D:\a\_temp\agym-c64-38001250527-5872-u8q4q801\client\Admin\_internal\tzdata\zoneinfo\America\__init__.py
2026-10-09 22:59:32.780   Time stamp of our file: 2026-10-09 22:57:36.000
2026-10-09 22:59:32.780   Installing the file.
2026-10-09 22:59:32.780   Successfully installed the file.
2026-10-09 22:59:32.780   -- File entry --
2026-10-09 22:59:32.780   Dest filename: D:\a\_temp\agym-c64-38001250527-5872-u8q4q801\client\Admin\_internal\tzdata\zoneinfo\America\Argentina\Buenos_Aires
2026-10-09 22:59:32.780   Time stamp of our file: 2026-10-09 22:57:36.000
2026-10-09 22:59:32.780   Installing the file.
2026-10-09 22:59:32.780   Creating directory: D:\a\_temp\agym-c64-38001250527-5872-u8q4q801\client\Admin\_internal\tzdata\zoneinfo\America\Argentina
2026-10-09 22:59:32.780   Successfully installed the file.
2026-10-09 22:59:32.780   -- File entry --
2026-10-09 22:59:32.780   Dest filename: D:\a\_temp\agym-c64-38001250527-5872-u8q4q801\client\Admin\_internal\tzdata\zoneinfo\America\Argentina\Catamarca
2026-10-09 22:59:32.780   Time stamp of our file: 2026-10-09 22:57:36.000
2026-10-09 22:59:32.780   Installing the file.
2026-10-09 22:59:32.780   Successfully installed the file.
2026-10-09 22:59:32.780   -- File entry --
2026-10-09 22:59:32.780   Dest filename: D:\a\_temp\agym-c64-38001250527-5872-u8q4q801\client\Admin\_internal\tzdata\zoneinfo\America\Argentina\ComodRivadavia
2026-10-09 22:59:32.780   Time stamp of our file: 2026-10-09 22:57:36.000
2026-10-09 22:59:32.780   Installing the file.
2026-10-09 22:59:32.780   Successfully installed the file.
2026-10-09 22:59:32.780   -- File entry --
2026-10-09 22:59:32.780   Dest filename: D:\a\_temp\agym-c64-38001250527-5872-u8q4q801\client\Admin\_internal\tzdata\zoneinfo\America\Argentina\Cordoba
2026-10-09 22:59:32.780   Time stamp of our file: 2026-10-09 22:57:36.000
2026-10-09 22:59:32.780   Installing the file.
2026-10-09 22:59:32.780   Successfully installed the file.
2026-10-09 22:59:32.780   -- File entry --
2026-10-09 22:59:32.780   Dest filename: D:\a\_temp\agym-c64-38001250527-5872-u8q4q801\client\Admin\_internal\tzdata\zoneinfo\America\Argentina\Jujuy
2026-10-09 22:59:32.780   Time stamp of our file: 2026-10-09 22:57:36.000
2026-10-09 22:59:32.780   Installing the file.
2026-10-09 22:59:32.780   Successfully installed the file.
2026-10-09 22:59:32.780   -- File entry --
2026-10-09 22:59:32.780   Dest filename: D:\a\_temp\agym-c64-38001250527-5872-u8q4q801\client\Admin\_internal\tzdata\zoneinfo\America\Argentina\La_Rioja
2026-10-09 22:59:32.780   Time stamp of our file: 2026-10-09 22:57:36.000
2026-10-09 22:59:32.780   Installing the file.
2026-10-09 22:59:32.780   Successfully installed the file.
2026-10-09 22:59:32.780   -- File entry --
2026-10-09 22:59:32.780   Dest filename: D:\a\_temp\agym-c64-38001250527-5872-u8q4q801\client\Admin\_internal\tzdata\zoneinfo\America\Argentina\Mendoza
2026-10-09 22:59:32.780   Time stamp of our file: 2026-10-09 22:57:36.000
2026-10-09 22:59:32.780   Installing the file.
2026-10-09 22:59:32.780   Successfully installed the file.
2026-10-09 22:59:32.780   -- File entry --
2026-10-09 22:59:32.780   Dest filename: D:\a\_temp\agym-c64-38001250527-5872-u8q4q801\client\Admin\_internal\tzdata\zoneinfo\America\Argentina\Rio_Gallegos
2026-10-09 22:59:32.780   Time stamp of our file: 2026-10-09 22:57:36.000
2026-10-09 22:59:32.780   Installing the file.
2026-10-09 22:59:32.780   Successfully installed the file.
2026-10-09 22:59:32.780   -- File entry --
2026-10-09 22:59:32.780   Dest filename: D:\a\_temp\agym-c64-38001250527-5872-u8q4q801\client\Admin\_internal\tzdata\zoneinfo\America\Argentina\Salta
2026-10-09 22:59:32.780   Time stamp of our file: 2026-10-09 22:57:36.000
2026-10-09 22:59:32.780   Installing the file.
2026-10-09 22:59:32.780   Successfully installed the file.
2026-10-09 22:59:32.780   -- File entry --
2026-10-09 22:59:32.780   Dest filename: D:\a\_temp\agym-c64-38001250527-5872-u8q4q801\client\Admin\_internal\tzdata\zoneinfo\America\Argentina\San_Juan
2026-10-09 22:59:32.780   Time stamp of our file: 2026-10-09 22:57:36.000
2026-10-09 22:59:32.780   Installing the file.
2026-10-09 22:59:32.780   Successfully installed the file.
2026-10-09 22:59:32.780   -- File entry --
2026-10-09 22:59:32.780   Dest filename: D:\a\_temp\agym-c64-38001250527-5872-u8q4q801\client\Admin\_internal\tzdata\zoneinfo\America\Argentina\San_Luis
2026-10-09 22:59:32.780   Time stamp of our file: 2026-10-09 22:57:36.000
2026-10-09 22:59:32.780   Installing the file.
2026-10-09 22:59:32.780   Successfully installed the file.
2026-10-09 22:59:32.780   -- File entry --
2026-10-09 22:59:32.780   Dest filename: D:\a\_temp\agym-c64-38001250527-5872-u8q4q801\client\Admin\_internal\tzdata\zoneinfo\America\Argentina\Tucuman
2026-10-09 22:59:32.780   Time stamp of our file: 2026-10-09 22:57:36.000
2026-10-09 22:59:32.780   Installing the file.
2026-10-09 22:59:32.780   Successfully installed the file.
2026-10-09 22:59:32.780   -- File entry --
2026-10-09 22:59:32.780   Dest filename: D:\a\_temp\agym-c64-38001250527-5872-u8q4q801\client\Admin\_internal\tzdata\zoneinfo\America\Argentina\Ushuaia
2026-10-09 22:59:32.780   Time stamp of our file: 2026-10-09 22:57:36.000
2026-10-09 22:59:32.780   Installing the file.
2026-10-09 22:59:32.780   Successfully installed the file.
2026-10-09 22:59:32.780   -- File entry --
2026-10-09 22:59:32.780   Dest filename: D:\a\_temp\agym-c64-38001250527-5872-u8q4q801\client\Admin\_internal\tzdata\zoneinfo\America\Argentina\__init__.py
2026-10-09 22:59:32.780   Time stamp of our file: 2026-10-09 22:57:36.000
2026-10-09 22:59:32.780   Installing the file.
2026-10-09 22:59:32.780   Successfully installed the file.
2026-10-09 22:59:32.780   -- File entry --
2026-10-09 22:59:32.780   Dest filename: D:\a\_temp\agym-c64-38001250527-5872-u8q4q801\client\Admin\_internal\tzdata\zoneinfo\America\Indiana\Indianapolis
2026-10-09 22:59:32.780   Time stamp of our file: 2026-10-09 22:57:36.000
2026-10-09 22:59:32.780   Installing the file.
2026-10-09 22:59:32.780   Creating directory: D:\a\_temp\agym-c64-38001250527-5872-u8q4q801\client\Admin\_internal\tzdata\zoneinfo\America\Indiana
2026-10-09 22:59:32.780   Successfully installed the file.
2026-10-09 22:59:32.780   -- File entry --
2026-10-09 22:59:32.780   Dest filename: D:\a\_temp\agym-c64-38001250527-5872-u8q4q801\client\Admin\_internal\tzdata\zoneinfo\America\Indiana\Knox
2026-10-09 22:59:32.780   Time stamp of our file: 2026-10-09 22:57:36.000
2026-10-09 22:59:32.780   Installing the file.
2026-10-09 22:59:32.780   Successfully installed the file.
2026-10-09 22:59:32.780   -- File entry --
2026-10-09 22:59:32.780   Dest filename: D:\a\_temp\agym-c64-38001250527-5872-u8q4q801\client\Admin\_internal\tzdata\zoneinfo\America\Indiana\Marengo
2026-10-09 22:59:32.780   Time stamp of our file: 2026-10-09 22:57:36.000
2026-10-09 22:59:32.780   Installing the file.
2026-10-09 22:59:32.780   Successfully installed the file.
2026-10-09 22:59:32.780   -- File entry --
2026-10-09 22:59:32.780   Dest filename: D:\a\_temp\agym-c64-38001250527-5872-u8q4q801\client\Admin\_internal\tzdata\zoneinfo\America\Indiana\Petersburg
2026-10-09 22:59:32.780   Time stamp of our file: 2026-10-09 22:57:36.000
2026-10-09 22:59:32.780   Installing the file.
2026-10-09 22:59:32.780   Successfully installed the file.
2026-10-09 22:59:32.780   -- File entry --
2026-10-09 22:59:32.780   Dest filename: D:\a\_temp\agym-c64-38001250527-5872-u8q4q801\client\Admin\_internal\tzdata\zoneinfo\America\Indiana\Tell_City
2026-10-09 22:59:32.780   Time stamp of our file: 2026-10-09 22:57:36.000
2026-10-09 22:59:32.780   Installing the file.
2026-10-09 22:59:32.780   Successfully installed the file.
2026-10-09 22:59:32.780   -- File entry --
2026-10-09 22:59:32.780   Dest filename: D:\a\_temp\agym-c64-38001250527-5872-u8q4q801\client\Admin\_internal\tzdata\zoneinfo\America\Indiana\Vevay
2026-10-09 22:59:32.780   Time stamp of our file: 2026-10-09 22:57:36.000
2026-10-09 22:59:32.780   Installing the file.
2026-10-09 22:59:32.780   Successfully installed the file.
2026-10-09 22:59:32.780   -- File entry --
2026-10-09 22:59:32.780   Dest filename: D:\a\_temp\agym-c64-38001250527-5872-u8q4q801\client\Admin\_internal\tzdata\zoneinfo\America\Indiana\Vincennes
2026-10-09 22:59:32.780   Time stamp of our file: 2026-10-09 22:57:36.000
2026-10-09 22:59:32.780   Installing the file.
2026-10-09 22:59:32.780   Successfully installed the file.
2026-10-09 22:59:32.780   -- File entry --
2026-10-09 22:59:32.780   Dest filename: D:\a\_temp\agym-c64-38001250527-5872-u8q4q801\client\Admin\_internal\tzdata\zoneinfo\America\Indiana\Winamac
2026-10-09 22:59:32.780   Time stamp of our file: 2026-10-09 22:57:36.000
2026-10-09 22:59:32.780   Installing the file.
2026-10-09 22:59:32.780   Successfully installed the file.
2026-10-09 22:59:32.780   -- File entry --
2026-10-09 22:59:32.780   Dest filename: D:\a\_temp\agym-c64-38001250527-5872-u8q4q801\client\Admin\_internal\tzdata\zoneinfo\America\Indiana\__init__.py
2026-10-09 22:59:32.780   Time stamp of our file: 2026-10-09 22:57:36.000
2026-10-09 22:59:32.780   Installing the file.
2026-10-09 22:59:32.780   Successfully installed the file.
2026-10-09 22:59:32.780   -- File entry --
2026-10-09 22:59:32.780   Dest filename: D:\a\_temp\agym-c64-38001250527-5872-u8q4q801\client\Admin\_internal\tzdata\zoneinfo\America\Kentucky\Louisville
2026-10-09 22:59:32.780   Time stamp of our file: 2026-10-09 22:57:36.000
2026-10-09 22:59:32.780   Installing the file.
2026-10-09 22:59:32.780   Creating directory: D:\a\_temp\agym-c64-38001250527-5872-u8q4q801\client\Admin\_internal\tzdata\zoneinfo\America\Kentucky
2026-10-09 22:59:32.796   Successfully installed the file.
2026-10-09 22:59:32.796   -- File entry --
2026-10-09 22:59:32.796   Dest filename: D:\a\_temp\agym-c64-38001250527-5872-u8q4q801\client\Admin\_internal\tzdata\zoneinfo\America\Kentucky\Monticello
2026-10-09 22:59:32.796   Time stamp of our file: 2026-10-09 22:57:36.000
2026-10-09 22:59:32.796   Installing the file.
2026-10-09 22:59:32.796   Successfully installed the file.
2026-10-09 22:59:32.796   -- File entry --
2026-10-09 22:59:32.796   Dest filename: D:\a\_temp\agym-c64-38001250527-5872-u8q4q801\client\Admin\_internal\tzdata\zoneinfo\America\Kentucky\__init__.py
2026-10-09 22:59:32.796   Time stamp of our file: 2026-10-09 22:57:36.000
2026-10-09 22:59:32.796   Installing the file.
2026-10-09 22:59:32.796   Successfully installed the file.
2026-10-09 22:59:32.796   -- File entry --
2026-10-09 22:59:32.796   Dest filename: D:\a\_temp\agym-c64-38001250527-5872-u8q4q801\client\Admin\_internal\tzdata\zoneinfo\America\North_Dakota\Beulah
2026-10-09 22:59:32.796   Time stamp of our file: 2026-10-09 22:57:36.000
2026-10-09 22:59:32.796   Installing the file.
2026-10-09 22:59:32.796   Creating directory: D:\a\_temp\agym-c64-38001250527-5872-u8q4q801\client\Admin\_internal\tzdata\zoneinfo\America\North_Dakota
2026-10-09 22:59:32.796   Successfully installed the file.
2026-10-09 22:59:32.796   -- File entry --
2026-10-09 22:59:32.796   Dest filename: D:\a\_temp\agym-c64-38001250527-5872-u8q4q801\client\Admin\_internal\tzdata\zoneinfo\America\North_Dakota\Center
2026-10-09 22:59:32.796   Time stamp of our file: 2026-10-09 22:57:36.000
2026-10-09 22:59:32.796   Installing the file.
2026-10-09 22:59:32.796   Successfully installed the file.
2026-10-09 22:59:32.796   -- File entry --
2026-10-09 22:59:32.796   Dest filename: D:\a\_temp\agym-c64-38001250527-5872-u8q4q801\client\Admin\_internal\tzdata\zoneinfo\America\North_Dakota\New_Salem
2026-10-09 22:59:32.796   Time stamp of our file: 2026-10-09 22:57:36.000
2026-10-09 22:59:32.796   Installing the file.
2026-10-09 22:59:32.796   Successfully installed the file.
2026-10-09 22:59:32.796   -- File entry --
2026-10-09 22:59:32.796   Dest filename: D:\a\_temp\agym-c64-38001250527-5872-u8q4q801\client\Admin\_internal\tzdata\zoneinfo\America\North_Dakota\__init__.py
2026-10-09 22:59:32.796   Time stamp of our file: 2026-10-09 22:57:36.000
2026-10-09 22:59:32.796   Installing the file.
2026-10-09 22:59:32.796   Successfully installed the file.
2026-10-09 22:59:32.796   -- File entry --
2026-10-09 22:59:32.796   Dest filename: D:\a\_temp\agym-c64-38001250527-5872-u8q4q801\client\Admin\_internal\tzdata\zoneinfo\Antarctica\Casey
2026-10-09 22:59:32.796   Time stamp of our file: 2026-10-09 22:57:36.000
2026-10-09 22:59:32.796   Installing the file.
2026-10-09 22:59:32.796   Creating directory: D:\a\_temp\agym-c64-38001250527-5872-u8q4q801\client\Admin\_internal\tzdata\zoneinfo\Antarctica
2026-10-09 22:59:32.796   Successfully installed the file.
2026-10-09 22:59:32.796   -- File entry --
2026-10-09 22:59:32.796   Dest filename: D:\a\_temp\agym-c64-38001250527-5872-u8q4q801\client\Admin\_internal\tzdata\zoneinfo\Antarctica\Davis
2026-10-09 22:59:32.796   Time stamp of our file: 2026-10-09 22:57:36.000
2026-10-09 22:59:32.796   Installing the file.
2026-10-09 22:59:32.796   Successfully installed the file.
2026-10-09 22:59:32.796   -- File entry --
2026-10-09 22:59:32.796   Dest filename: D:\a\_temp\agym-c64-38001250527-5872-u8q4q801\client\Admin\_internal\tzdata\zoneinfo\Antarctica\DumontDUrville
2026-10-09 22:59:32.796   Time stamp of our file: 2026-10-09 22:57:36.000
2026-10-09 22:59:32.796   Installing the file.
2026-10-09 22:59:32.796   Successfully installed the file.
2026-10-09 22:59:32.796   -- File entry --
2026-10-09 22:59:32.796   Dest filename: D:\a\_temp\agym-c64-38001250527-5872-u8q4q801\client\Admin\_internal\tzdata\zoneinfo\Antarctica\Macquarie
2026-10-09 22:59:32.796   Time stamp of our file: 2026-10-09 22:57:36.000
2026-10-09 22:59:32.796   Installing the file.
2026-10-09 22:59:32.796   Successfully installed the file.
2026-10-09 22:59:32.796   -- File entry --
2026-10-09 22:59:32.796   Dest filename: D:\a\_temp\agym-c64-38001250527-5872-u8q4q801\client\Admin\_internal\tzdata\zoneinfo\Antarctica\Mawson
2026-10-09 22:59:32.796   Time stamp of our file: 2026-10-09 22:57:36.000
2026-10-09 22:59:32.796   Installing the file.
2026-10-09 22:59:32.796   Successfully installed the file.
2026-10-09 22:59:32.796   -- File entry --
2026-10-09 22:59:32.796   Dest filename: D:\a\_temp\agym-c64-38001250527-5872-u8q4q801\client\Admin\_internal\tzdata\zoneinfo\Antarctica\McMurdo
2026-10-09 22:59:32.796   Time stamp of our file: 2026-10-09 22:57:36.000
2026-10-09 22:59:32.796   Installing the file.
2026-10-09 22:59:32.796   Successfully installed the file.
2026-10-09 22:59:32.796   -- File entry --
2026-10-09 22:59:32.796   Dest filename: D:\a\_temp\agym-c64-38001250527-5872-u8q4q801\client\Admin\_internal\tzdata\zoneinfo\Antarctica\Palmer
2026-10-09 22:59:32.796   Time stamp of our file: 2026-10-09 22:57:36.000
2026-10-09 22:59:32.796   Installing the file.
2026-10-09 22:59:32.796   Successfully installed the file.
2026-10-09 22:59:32.796   -- File entry --
2026-10-09 22:59:32.796   Dest filename: D:\a\_temp\agym-c64-38001250527-5872-u8q4q801\client\Admin\_internal\tzdata\zoneinfo\Antarctica\Rothera
2026-10-09 22:59:32.796   Time stamp of our file: 2026-10-09 22:57:36.000
2026-10-09 22:59:32.796   Installing the file.
2026-10-09 22:59:32.796   Successfully installed the file.
2026-10-09 22:59:32.796   -- File entry --
2026-10-09 22:59:32.796   Dest filename: D:\a\_temp\agym-c64-38001250527-5872-u8q4q801\client\Admin\_internal\tzdata\zoneinfo\Antarctica\South_Pole
2026-10-09 22:59:32.796   Time stamp of our file: 2026-10-09 22:57:36.000
2026-10-09 22:59:32.796   Installing the file.
2026-10-09 22:59:32.796   Successfully installed the file.
2026-10-09 22:59:32.796   -- File entry --
2026-10-09 22:59:32.796   Dest filename: D:\a\_temp\agym-c64-38001250527-5872-u8q4q801\client\Admin\_internal\tzdata\zoneinfo\Antarctica\Syowa
2026-10-09 22:59:32.796   Time stamp of our file: 2026-10-09 22:57:36.000
2026-10-09 22:59:32.796   Installing the file.
2026-10-09 22:59:32.796   Successfully installed the file.
2026-10-09 22:59:32.796   -- File entry --
2026-10-09 22:59:32.796   Dest filename: D:\a\_temp\agym-c64-38001250527-5872-u8q4q801\client\Admin\_internal\tzdata\zoneinfo\Antarctica\Troll
2026-10-09 22:59:32.796   Time stamp of our file: 2026-10-09 22:57:36.000
2026-10-09 22:59:32.796   Installing the file.
2026-10-09 22:59:32.796   Successfully installed the file.
2026-10-09 22:59:32.796   -- File entry --
2026-10-09 22:59:32.796   Dest filename: D:\a\_temp\agym-c64-38001250527-5872-u8q4q801\client\Admin\_internal\tzdata\zoneinfo\Antarctica\Vostok
2026-10-09 22:59:32.796   Time stamp of our file: 2026-10-09 22:57:36.000
2026-10-09 22:59:32.796   Installing the file.
2026-10-09 22:59:32.796   Successfully installed the file.
2026-10-09 22:59:32.796   -- File entry --
2026-10-09 22:59:32.796   Dest filename: D:\a\_temp\agym-c64-38001250527-5872-u8q4q801\client\Admin\_internal\tzdata\zoneinfo\Antarctica\__init__.py
2026-10-09 22:59:32.796   Time stamp of our file: 2026-10-09 22:57:36.000
2026-10-09 22:59:32.796   Installing the file.
2026-10-09 22:59:32.796   Successfully installed the file.
2026-10-09 22:59:32.796   -- File entry --
2026-10-09 22:59:32.796   Dest filename: D:\a\_temp\agym-c64-38001250527-5872-u8q4q801\client\Admin\_internal\tzdata\zoneinfo\Arctic\Longyearbyen
2026-10-09 22:59:32.796   Time stamp of our file: 2026-10-09 22:57:36.000
2026-10-09 22:59:32.796   Installing the file.
2026-10-09 22:59:32.796   Creating directory: D:\a\_temp\agym-c64-38001250527-5872-u8q4q801\client\Admin\_internal\tzdata\zoneinfo\Arctic
2026-10-09 22:59:32.796   Successfully installed the file.
2026-10-09 22:59:32.796   -- File entry --
2026-10-09 22:59:32.796   Dest filename: D:\a\_temp\agym-c64-38001250527-5872-u8q4q801\client\Admin\_internal\tzdata\zoneinfo\Arctic\__init__.py
2026-10-09 22:59:32.796   Time stamp of our file: 2026-10-09 22:57:36.000
2026-10-09 22:59:32.796   Installing the file.
2026-10-09 22:59:32.796   Successfully installed the file.
2026-10-09 22:59:32.796   -- File entry --
2026-10-09 22:59:32.796   Dest filename: D:\a\_temp\agym-c64-38001250527-5872-u8q4q801\client\Admin\_internal\tzdata\zoneinfo\Asia\Aden
2026-10-09 22:59:32.796   Time stamp of our file: 2026-10-09 22:57:36.000
2026-10-09 22:59:32.796   Installing the file.
2026-10-09 22:59:32.796   Creating directory: D:\a\_temp\agym-c64-38001250527-5872-u8q4q801\client\Admin\_internal\tzdata\zoneinfo\Asia
2026-10-09 22:59:32.796   Successfully installed the file.
2026-10-09 22:59:32.796   -- File entry --
2026-10-09 22:59:32.796   Dest filename: D:\a\_temp\agym-c64-38001250527-5872-u8q4q801\client\Admin\_internal\tzdata\zoneinfo\Asia\Almaty
2026-10-09 22:59:32.796   Time stamp of our file: 2026-10-09 22:57:36.000
2026-10-09 22:59:32.796   Installing the file.
2026-10-09 22:59:32.796   Successfully installed the file.
2026-10-09 22:59:32.796   -- File entry --
2026-10-09 22:59:32.796   Dest filename: D:\a\_temp\agym-c64-38001250527-5872-u8q4q801\client\Admin\_internal\tzdata\zoneinfo\Asia\Amman
2026-10-09 22:59:32.796   Time stamp of our file: 2026-10-09 22:57:36.000
2026-10-09 22:59:32.796   Installing the file.
2026-10-09 22:59:32.796   Successfully installed the file.
2026-10-09 22:59:32.796   -- File entry --
2026-10-09 22:59:32.796   Dest filename: D:\a\_temp\agym-c64-38001250527-5872-u8q4q801\client\Admin\_internal\tzdata\zoneinfo\Asia\Anadyr
2026-10-09 22:59:32.796   Time stamp of our file: 2026-10-09 22:57:36.000
2026-10-09 22:59:32.796   Installing the file.
2026-10-09 22:59:32.796   Successfully installed the file.
2026-10-09 22:59:32.796   -- File entry --
2026-10-09 22:59:32.796   Dest filename: D:\a\_temp\agym-c64-38001250527-5872-u8q4q801\client\Admin\_internal\tzdata\zoneinfo\Asia\Aqtau
2026-10-09 22:59:32.796   Time stamp of our file: 2026-10-09 22:57:36.000
2026-10-09 22:59:32.796   Installing the file.
2026-10-09 22:59:32.796   Successfully installed the file.
2026-10-09 22:59:32.796   -- File entry --
2026-10-09 22:59:32.796   Dest filename: D:\a\_temp\agym-c64-38001250527-5872-u8q4q801\client\Admin\_internal\tzdata\zoneinfo\Asia\Aqtobe
2026-10-09 22:59:32.796   Time stamp of our file: 2026-10-09 22:57:36.000
2026-10-09 22:59:32.796   Installing the file.
2026-10-09 22:59:32.796   Successfully installed the file.
2026-10-09 22:59:32.796   -- File entry --
2026-10-09 22:59:32.796   Dest filename: D:\a\_temp\agym-c64-38001250527-5872-u8q4q801\client\Admin\_internal\tzdata\zoneinfo\Asia\Ashgabat
2026-10-09 22:59:32.796   Time stamp of our file: 2026-10-09 22:57:36.000
2026-10-09 22:59:32.796   Installing the file.
2026-10-09 22:59:32.796   Successfully installed the file.
2026-10-09 22:59:32.796   -- File entry --
2026-10-09 22:59:32.796   Dest filename: D:\a\_temp\agym-c64-38001250527-5872-u8q4q801\client\Admin\_internal\tzdata\zoneinfo\Asia\Ashkhabad
2026-10-09 22:59:32.796   Time stamp of our file: 2026-10-09 22:57:36.000
2026-10-09 22:59:32.796   Installing the file.
2026-10-09 22:59:32.796   Successfully installed the file.
2026-10-09 22:59:32.796   -- File entry --
2026-10-09 22:59:32.796   Dest filename: D:\a\_temp\agym-c64-38001250527-5872-u8q4q801\client\Admin\_internal\tzdata\zoneinfo\Asia\Atyrau
2026-10-09 22:59:32.796   Time stamp of our file: 2026-10-09 22:57:36.000
2026-10-09 22:59:32.796   Installing the file.
2026-10-09 22:59:32.796   Successfully installed the file.
2026-10-09 22:59:32.796   -- File entry --
2026-10-09 22:59:32.796   Dest filename: D:\a\_temp\agym-c64-38001250527-5872-u8q4q801\client\Admin\_internal\tzdata\zoneinfo\Asia\Baghdad
2026-10-09 22:59:32.796   Time stamp of our file: 2026-10-09 22:57:36.000
2026-10-09 22:59:32.796   Installing the file.
2026-10-09 22:59:32.796   Successfully installed the file.
2026-10-09 22:59:32.796   -- File entry --
2026-10-09 22:59:32.796   Dest filename: D:\a\_temp\agym-c64-38001250527-5872-u8q4q801\client\Admin\_internal\tzdata\zoneinfo\Asia\Bahrain
2026-10-09 22:59:32.796   Time stamp of our file: 2026-10-09 22:57:36.000
2026-10-09 22:59:32.796   Installing the file.
2026-10-09 22:59:32.796   Successfully installed the file.
2026-10-09 22:59:32.796   -- File entry --
2026-10-09 22:59:32.796   Dest filename: D:\a\_temp\agym-c64-38001250527-5872-u8q4q801\client\Admin\_internal\tzdata\zoneinfo\Asia\Baku
2026-10-09 22:59:32.796   Time stamp of our file: 2026-10-09 22:57:36.000
2026-10-09 22:59:32.796   Installing the file.
2026-10-09 22:59:32.796   Successfully installed the file.
2026-10-09 22:59:32.796   -- File entry --
2026-10-09 22:59:32.796   Dest filename: D:\a\_temp\agym-c64-38001250527-5872-u8q4q801\client\Admin\_internal\tzdata\zoneinfo\Asia\Bangkok
2026-10-09 22:59:32.796   Time stamp of our file: 2026-10-09 22:57:36.000
2026-10-09 22:59:32.796   Installing the file.
2026-10-09 22:59:32.796   Successfully installed the file.
2026-10-09 22:59:32.796   -- File entry --
2026-10-09 22:59:32.796   Dest filename: D:\a\_temp\agym-c64-38001250527-5872-u8q4q801\client\Admin\_internal\tzdata\zoneinfo\Asia\Barnaul
2026-10-09 22:59:32.796   Time stamp of our file: 2026-10-09 22:57:36.000
2026-10-09 22:59:32.796   Installing the file.
2026-10-09 22:59:32.812   Successfully installed the file.
2026-10-09 22:59:32.812   -- File entry --
2026-10-09 22:59:32.812   Dest filename: D:\a\_temp\agym-c64-38001250527-5872-u8q4q801\client\Admin\_internal\tzdata\zoneinfo\Asia\Beirut
2026-10-09 22:59:32.812   Time stamp of our file: 2026-10-09 22:57:36.000
2026-10-09 22:59:32.812   Installing the file.
2026-10-09 22:59:32.812   Successfully installed the file.
2026-10-09 22:59:32.812   -- File entry --
2026-10-09 22:59:32.812   Dest filename: D:\a\_temp\agym-c64-38001250527-5872-u8q4q801\client\Admin\_internal\tzdata\zoneinfo\Asia\Bishkek
2026-10-09 22:59:32.812   Time stamp of our file: 2026-10-09 22:57:36.000
2026-10-09 22:59:32.812   Installing the file.
2026-10-09 22:59:32.812   Successfully installed the file.
2026-10-09 22:59:32.812   -- File entry --
2026-10-09 22:59:32.812   Dest filename: D:\a\_temp\agym-c64-38001250527-5872-u8q4q801\client\Admin\_internal\tzdata\zoneinfo\Asia\Brunei
2026-10-09 22:59:32.812   Time stamp of our file: 2026-10-09 22:57:36.000
2026-10-09 22:59:32.812   Installing the file.
2026-10-09 22:59:32.812   Successfully installed the file.
2026-10-09 22:59:32.812   -- File entry --
2026-10-09 22:59:32.812   Dest filename: D:\a\_temp\agym-c64-38001250527-5872-u8q4q801\client\Admin\_internal\tzdata\zoneinfo\Asia\Calcutta
2026-10-09 22:59:32.812   Time stamp of our file: 2026-10-09 22:57:36.000
2026-10-09 22:59:32.812   Installing the file.
2026-10-09 22:59:32.812   Successfully installed the file.
2026-10-09 22:59:32.812   -- File entry --
2026-10-09 22:59:32.812   Dest filename: D:\a\_temp\agym-c64-38001250527-5872-u8q4q801\client\Admin\_internal\tzdata\zoneinfo\Asia\Chita
2026-10-09 22:59:32.812   Time stamp of our file: 2026-10-09 22:57:36.000
2026-10-09 22:59:32.812   Installing the file.
2026-10-09 22:59:32.812   Successfully installed the file.
2026-10-09 22:59:32.812   -- File entry --
2026-10-09 22:59:32.812   Dest filename: D:\a\_temp\agym-c64-38001250527-5872-u8q4q801\client\Admin\_internal\tzdata\zoneinfo\Asia\Choibalsan
2026-10-09 22:59:32.812   Time stamp of our file: 2026-10-09 22:57:36.000
2026-10-09 22:59:32.812   Installing the file.
2026-10-09 22:59:32.812   Successfully installed the file.
2026-10-09 22:59:32.812   -- File entry --
2026-10-09 22:59:32.812   Dest filename: D:\a\_temp\agym-c64-38001250527-5872-u8q4q801\client\Admin\_internal\tzdata\zoneinfo\Asia\Chongqing
2026-10-09 22:59:32.812   Time stamp of our file: 2026-10-09 22:57:36.000
2026-10-09 22:59:32.812   Installing the file.
2026-10-09 22:59:32.812   Successfully installed the file.
2026-10-09 22:59:32.812   -- File entry --
2026-10-09 22:59:32.812   Dest filename: D:\a\_temp\agym-c64-38001250527-5872-u8q4q801\client\Admin\_internal\tzdata\zoneinfo\Asia\Chungking
2026-10-09 22:59:32.812   Time stamp of our file: 2026-10-09 22:57:36.000
2026-10-09 22:59:32.812   Installing the file.
2026-10-09 22:59:32.812   Successfully installed the file.
2026-10-09 22:59:32.812   -- File entry --
2026-10-09 22:59:32.812   Dest filename: D:\a\_temp\agym-c64-38001250527-5872-u8q4q801\client\Admin\_internal\tzdata\zoneinfo\Asia\Colombo
2026-10-09 22:59:32.812   Time stamp of our file: 2026-10-09 22:57:36.000
2026-10-09 22:59:32.812   Installing the file.
2026-10-09 22:59:32.812   Successfully installed the file.
2026-10-09 22:59:32.812   -- File entry --
2026-10-09 22:59:32.812   Dest filename: D:\a\_temp\agym-c64-38001250527-5872-u8q4q801\client\Admin\_internal\tzdata\zoneinfo\Asia\Dacca
2026-10-09 22:59:32.812   Time stamp of our file: 2026-10-09 22:57:36.000
2026-10-09 22:59:32.812   Installing the file.
2026-10-09 22:59:32.812   Successfully installed the file.
2026-10-09 22:59:32.812   -- File entry --
2026-10-09 22:59:32.812   Dest filename: D:\a\_temp\agym-c64-38001250527-5872-u8q4q801\client\Admin\_internal\tzdata\zoneinfo\Asia\Damascus
2026-10-09 22:59:32.812   Time stamp of our file: 2026-10-09 22:57:36.000
2026-10-09 22:59:32.812   Installing the file.
2026-10-09 22:59:32.812   Successfully installed the file.
2026-10-09 22:59:32.812   -- File entry --
2026-10-09 22:59:32.812   Dest filename: D:\a\_temp\agym-c64-38001250527-5872-u8q4q801\client\Admin\_internal\tzdata\zoneinfo\Asia\Dhaka
2026-10-09 22:59:32.812   Time stamp of our file: 2026-10-09 22:57:36.000
2026-10-09 22:59:32.812   Installing the file.
2026-10-09 22:59:32.812   Successfully installed the file.
2026-10-09 22:59:32.812   -- File entry --
2026-10-09 22:59:32.812   Dest filename: D:\a\_temp\agym-c64-38001250527-5872-u8q4q801\client\Admin\_internal\tzdata\zoneinfo\Asia\Dili
2026-10-09 22:59:32.812   Time stamp of our file: 2026-10-09 22:57:36.000
2026-10-09 22:59:32.812   Installing the file.
2026-10-09 22:59:32.812   Successfully installed the file.
2026-10-09 22:59:32.812   -- File entry --
2026-10-09 22:59:32.812   Dest filename: D:\a\_temp\agym-c64-38001250527-5872-u8q4q801\client\Admin\_internal\tzdata\zoneinfo\Asia\Dubai
2026-10-09 22:59:32.812   Time stamp of our file: 2026-10-09 22:57:36.000
2026-10-09 22:59:32.812   Installing the file.
2026-10-09 22:59:32.812   Successfully installed the file.
2026-10-09 22:59:32.812   -- File entry --
2026-10-09 22:59:32.812   Dest filename: D:\a\_temp\agym-c64-38001250527-5872-u8q4q801\client\Admin\_internal\tzdata\zoneinfo\Asia\Dushanbe
2026-10-09 22:59:32.812   Time stamp of our file: 2026-10-09 22:57:36.000
2026-10-09 22:59:32.812   Installing the file.
2026-10-09 22:59:32.812   Successfully installed the file.
2026-10-09 22:59:32.812   -- File entry --
2026-10-09 22:59:32.812   Dest filename: D:\a\_temp\agym-c64-38001250527-5872-u8q4q801\client\Admin\_internal\tzdata\zoneinfo\Asia\Famagusta
2026-10-09 22:59:32.812   Time stamp of our file: 2026-10-09 22:57:36.000
2026-10-09 22:59:32.812   Installing the file.
2026-10-09 22:59:32.812   Successfully installed the file.
2026-10-09 22:59:32.812   -- File entry --
2026-10-09 22:59:32.812   Dest filename: D:\a\_temp\agym-c64-38001250527-5872-u8q4q801\client\Admin\_internal\tzdata\zoneinfo\Asia\Gaza
2026-10-09 22:59:32.812   Time stamp of our file: 2026-10-09 22:57:36.000
2026-10-09 22:59:32.812   Installing the file.
2026-10-09 22:59:32.812   Successfully installed the file.
2026-10-09 22:59:32.812   -- File entry --
2026-10-09 22:59:32.812   Dest filename: D:\a\_temp\agym-c64-38001250527-5872-u8q4q801\client\Admin\_internal\tzdata\zoneinfo\Asia\Harbin
2026-10-09 22:59:32.812   Time stamp of our file: 2026-10-09 22:57:36.000
2026-10-09 22:59:32.812   Installing the file.
2026-10-09 22:59:32.812   Successfully installed the file.
2026-10-09 22:59:32.812   -- File entry --
2026-10-09 22:59:32.812   Dest filename: D:\a\_temp\agym-c64-38001250527-5872-u8q4q801\client\Admin\_internal\tzdata\zoneinfo\Asia\Hebron
2026-10-09 22:59:32.812   Time stamp of our file: 2026-10-09 22:57:36.000
2026-10-09 22:59:32.812   Installing the file.
2026-10-09 22:59:32.812   Successfully installed the file.
2026-10-09 22:59:32.812   -- File entry --
2026-10-09 22:59:32.812   Dest filename: D:\a\_temp\agym-c64-38001250527-5872-u8q4q801\client\Admin\_internal\tzdata\zoneinfo\Asia\Hong_Kong
2026-10-09 22:59:32.812   Time stamp of our file: 2026-10-09 22:57:36.000
2026-10-09 22:59:32.812   Installing the file.
2026-10-09 22:59:32.812   Successfully installed the file.
2026-10-09 22:59:32.812   -- File entry --
2026-10-09 22:59:32.812   Dest filename: D:\a\_temp\agym-c64-38001250527-5872-u8q4q801\client\Admin\_internal\tzdata\zoneinfo\Asia\Hovd
2026-10-09 22:59:32.812   Time stamp of our file: 2026-10-09 22:57:36.000
2026-10-09 22:59:32.812   Installing the file.
2026-10-09 22:59:32.812   Successfully installed the file.
2026-10-09 22:59:32.812   -- File entry --
2026-10-09 22:59:32.812   Dest filename: D:\a\_temp\agym-c64-38001250527-5872-u8q4q801\client\Admin\_internal\tzdata\zoneinfo\Asia\Ho_Chi_Minh
2026-10-09 22:59:32.812   Time stamp of our file: 2026-10-09 22:57:36.000
2026-10-09 22:59:32.812   Installing the file.
2026-10-09 22:59:32.812   Successfully installed the file.
2026-10-09 22:59:32.812   -- File entry --
2026-10-09 22:59:32.812   Dest filename: D:\a\_temp\agym-c64-38001250527-5872-u8q4q801\client\Admin\_internal\tzdata\zoneinfo\Asia\Irkutsk
2026-10-09 22:59:32.812   Time stamp of our file: 2026-10-09 22:57:36.000
2026-10-09 22:59:32.812   Installing the file.
2026-10-09 22:59:32.812   Successfully installed the file.
2026-10-09 22:59:32.812   -- File entry --
2026-10-09 22:59:32.812   Dest filename: D:\a\_temp\agym-c64-38001250527-5872-u8q4q801\client\Admin\_internal\tzdata\zoneinfo\Asia\Istanbul
2026-10-09 22:59:32.812   Time stamp of our file: 2026-10-09 22:57:36.000
2026-10-09 22:59:32.812   Installing the file.
2026-10-09 22:59:32.812   Successfully installed the file.
2026-10-09 22:59:32.812   -- File entry --
2026-10-09 22:59:32.812   Dest filename: D:\a\_temp\agym-c64-38001250527-5872-u8q4q801\client\Admin\_internal\tzdata\zoneinfo\Asia\Jakarta
2026-10-09 22:59:32.812   Time stamp of our file: 2026-10-09 22:57:36.000
2026-10-09 22:59:32.812   Installing the file.
2026-10-09 22:59:32.812   Successfully installed the file.
2026-10-09 22:59:32.812   -- File entry --
2026-10-09 22:59:32.812   Dest filename: D:\a\_temp\agym-c64-38001250527-5872-u8q4q801\client\Admin\_internal\tzdata\zoneinfo\Asia\Jayapura
2026-10-09 22:59:32.812   Time stamp of our file: 2026-10-09 22:57:36.000
2026-10-09 22:59:32.812   Installing the file.
2026-10-09 22:59:32.812   Successfully installed the file.
2026-10-09 22:59:32.812   -- File entry --
2026-10-09 22:59:32.812   Dest filename: D:\a\_temp\agym-c64-38001250527-5872-u8q4q801\client\Admin\_internal\tzdata\zoneinfo\Asia\Jerusalem
2026-10-09 22:59:32.812   Time stamp of our file: 2026-10-09 22:57:36.000
2026-10-09 22:59:32.812   Installing the file.
2026-10-09 22:59:32.812   Successfully installed the file.
2026-10-09 22:59:32.812   -- File entry --
2026-10-09 22:59:32.812   Dest filename: D:\a\_temp\agym-c64-38001250527-5872-u8q4q801\client\Admin\_internal\tzdata\zoneinfo\Asia\Kabul
2026-10-09 22:59:32.812   Time stamp of our file: 2026-10-09 22:57:36.000
2026-10-09 22:59:32.812   Installing the file.
2026-10-09 22:59:32.812   Successfully installed the file.
2026-10-09 22:59:32.812   -- File entry --
2026-10-09 22:59:32.812   Dest filename: D:\a\_temp\agym-c64-38001250527-5872-u8q4q801\client\Admin\_internal\tzdata\zoneinfo\Asia\Kamchatka
2026-10-09 22:59:32.812   Time stamp of our file: 2026-10-09 22:57:36.000
2026-10-09 22:59:32.812   Installing the file.
2026-10-09 22:59:32.812   Successfully installed the file.
2026-10-09 22:59:32.812   -- File entry --
2026-10-09 22:59:32.812   Dest filename: D:\a\_temp\agym-c64-38001250527-5872-u8q4q801\client\Admin\_internal\tzdata\zoneinfo\Asia\Karachi
2026-10-09 22:59:32.812   Time stamp of our file: 2026-10-09 22:57:36.000
2026-10-09 22:59:32.812   Installing the file.
2026-10-09 22:59:32.812   Successfully installed the file.
2026-10-09 22:59:32.812   -- File entry --
2026-10-09 22:59:32.812   Dest filename: D:\a\_temp\agym-c64-38001250527-5872-u8q4q801\client\Admin\_internal\tzdata\zoneinfo\Asia\Kashgar
2026-10-09 22:59:32.812   Time stamp of our file: 2026-10-09 22:57:36.000
2026-10-09 22:59:32.812   Installing the file.
2026-10-09 22:59:32.812   Successfully installed the file.
2026-10-09 22:59:32.812   -- File entry --
2026-10-09 22:59:32.812   Dest filename: D:\a\_temp\agym-c64-38001250527-5872-u8q4q801\client\Admin\_internal\tzdata\zoneinfo\Asia\Kathmandu
2026-10-09 22:59:32.812   Time stamp of our file: 2026-10-09 22:57:36.000
2026-10-09 22:59:32.812   Installing the file.
2026-10-09 22:59:32.812   Successfully installed the file.
2026-10-09 22:59:32.812   -- File entry --
2026-10-09 22:59:32.812   Dest filename: D:\a\_temp\agym-c64-38001250527-5872-u8q4q801\client\Admin\_internal\tzdata\zoneinfo\Asia\Katmandu
2026-10-09 22:59:32.812   Time stamp of our file: 2026-10-09 22:57:36.000
2026-10-09 22:59:32.812   Installing the file.
2026-10-09 22:59:32.812   Successfully installed the file.
2026-10-09 22:59:32.812   -- File entry --
2026-10-09 22:59:32.812   Dest filename: D:\a\_temp\agym-c64-38001250527-5872-u8q4q801\client\Admin\_internal\tzdata\zoneinfo\Asia\Khandyga
2026-10-09 22:59:32.812   Time stamp of our file: 2026-10-09 22:57:36.000
2026-10-09 22:59:32.812   Installing the file.
2026-10-09 22:59:32.812   Successfully installed the file.
2026-10-09 22:59:32.812   -- File entry --
2026-10-09 22:59:32.812   Dest filename: D:\a\_temp\agym-c64-38001250527-5872-u8q4q801\client\Admin\_internal\tzdata\zoneinfo\Asia\Kolkata
2026-10-09 22:59:32.812   Time stamp of our file: 2026-10-09 22:57:36.000
2026-10-09 22:59:32.812   Installing the file.
2026-10-09 22:59:32.812   Successfully installed the file.
2026-10-09 22:59:32.812   -- File entry --
2026-10-09 22:59:32.812   Dest filename: D:\a\_temp\agym-c64-38001250527-5872-u8q4q801\client\Admin\_internal\tzdata\zoneinfo\Asia\Krasnoyarsk
2026-10-09 22:59:32.812   Time stamp of our file: 2026-10-09 22:57:36.000
2026-10-09 22:59:32.812   Installing the file.
2026-10-09 22:59:32.827   Successfully installed the file.
2026-10-09 22:59:32.827   -- File entry --
2026-10-09 22:59:32.827   Dest filename: D:\a\_temp\agym-c64-38001250527-5872-u8q4q801\client\Admin\_internal\tzdata\zoneinfo\Asia\Kuala_Lumpur
2026-10-09 22:59:32.827   Time stamp of our file: 2026-10-09 22:57:36.000
2026-10-09 22:59:32.827   Installing the file.
2026-10-09 22:59:32.827   Successfully installed the file.
2026-10-09 22:59:32.827   -- File entry --
2026-10-09 22:59:32.827   Dest filename: D:\a\_temp\agym-c64-38001250527-5872-u8q4q801\client\Admin\_internal\tzdata\zoneinfo\Asia\Kuching
2026-10-09 22:59:32.827   Time stamp of our file: 2026-10-09 22:57:36.000
2026-10-09 22:59:32.827   Installing the file.
2026-10-09 22:59:32.827   Successfully installed the file.
2026-10-09 22:59:32.827   -- File entry --
2026-10-09 22:59:32.827   Dest filename: D:\a\_temp\agym-c64-38001250527-5872-u8q4q801\client\Admin\_internal\tzdata\zoneinfo\Asia\Kuwait
2026-10-09 22:59:32.827   Time stamp of our file: 2026-10-09 22:57:36.000
2026-10-09 22:59:32.827   Installing the file.
2026-10-09 22:59:32.827   Successfully installed the file.
2026-10-09 22:59:32.827   -- File entry --
2026-10-09 22:59:32.827   Dest filename: D:\a\_temp\agym-c64-38001250527-5872-u8q4q801\client\Admin\_internal\tzdata\zoneinfo\Asia\Macao
2026-10-09 22:59:32.827   Time stamp of our file: 2026-10-09 22:57:36.000
2026-10-09 22:59:32.827   Installing the file.
2026-10-09 22:59:32.827   Successfully installed the file.
2026-10-09 22:59:32.827   -- File entry --
2026-10-09 22:59:32.827   Dest filename: D:\a\_temp\agym-c64-38001250527-5872-u8q4q801\client\Admin\_internal\tzdata\zoneinfo\Asia\Macau
2026-10-09 22:59:32.827   Time stamp of our file: 2026-10-09 22:57:36.000
2026-10-09 22:59:32.827   Installing the file.
2026-10-09 22:59:32.827   Successfully installed the file.
2026-10-09 22:59:32.827   -- File entry --
2026-10-09 22:59:32.827   Dest filename: D:\a\_temp\agym-c64-38001250527-5872-u8q4q801\client\Admin\_internal\tzdata\zoneinfo\Asia\Magadan
2026-10-09 22:59:32.827   Time stamp of our file: 2026-10-09 22:57:36.000
2026-10-09 22:59:32.827   Installing the file.
2026-10-09 22:59:32.827   Successfully installed the file.
2026-10-09 22:59:32.827   -- File entry --
2026-10-09 22:59:32.827   Dest filename: D:\a\_temp\agym-c64-38001250527-5872-u8q4q801\client\Admin\_internal\tzdata\zoneinfo\Asia\Makassar
2026-10-09 22:59:32.827   Time stamp of our file: 2026-10-09 22:57:36.000
2026-10-09 22:59:32.827   Installing the file.
2026-10-09 22:59:32.827   Successfully installed the file.
2026-10-09 22:59:32.827   -- File entry --
2026-10-09 22:59:32.827   Dest filename: D:\a\_temp\agym-c64-38001250527-5872-u8q4q801\client\Admin\_internal\tzdata\zoneinfo\Asia\Manila
2026-10-09 22:59:32.827   Time stamp of our file: 2026-10-09 22:57:36.000
2026-10-09 22:59:32.827   Installing the file.
2026-10-09 22:59:32.827   Successfully installed the file.
2026-10-09 22:59:32.827   -- File entry --
2026-10-09 22:59:32.827   Dest filename: D:\a\_temp\agym-c64-38001250527-5872-u8q4q801\client\Admin\_internal\tzdata\zoneinfo\Asia\Muscat
2026-10-09 22:59:32.827   Time stamp of our file: 2026-10-09 22:57:36.000
2026-10-09 22:59:32.827   Installing the file.
2026-10-09 22:59:32.827   Successfully installed the file.
2026-10-09 22:59:32.827   -- File entry --
2026-10-09 22:59:32.827   Dest filename: D:\a\_temp\agym-c64-38001250527-5872-u8q4q801\client\Admin\_internal\tzdata\zoneinfo\Asia\Nicosia
2026-10-09 22:59:32.827   Time stamp of our file: 2026-10-09 22:57:36.000
2026-10-09 22:59:32.827   Installing the file.
2026-10-09 22:59:32.827   Successfully installed the file.
2026-10-09 22:59:32.827   -- File entry --
2026-10-09 22:59:32.827   Dest filename: D:\a\_temp\agym-c64-38001250527-5872-u8q4q801\client\Admin\_internal\tzdata\zoneinfo\Asia\Novokuznetsk
2026-10-09 22:59:32.827   Time stamp of our file: 2026-10-09 22:57:36.000
2026-10-09 22:59:32.827   Installing the file.
2026-10-09 22:59:32.827   Successfully installed the file.
2026-10-09 22:59:32.827   -- File entry --
2026-10-09 22:59:32.827   Dest filename: D:\a\_temp\agym-c64-38001250527-5872-u8q4q801\client\Admin\_internal\tzdata\zoneinfo\Asia\Novosibirsk
2026-10-09 22:59:32.827   Time stamp of our file: 2026-10-09 22:57:36.000
2026-10-09 22:59:32.827   Installing the file.
2026-10-09 22:59:32.827   Successfully installed the file.
2026-10-09 22:59:32.827   -- File entry --
2026-10-09 22:59:32.827   Dest filename: D:\a\_temp\agym-c64-38001250527-5872-u8q4q801\client\Admin\_internal\tzdata\zoneinfo\Asia\Omsk
2026-10-09 22:59:32.827   Time stamp of our file: 2026-10-09 22:57:36.000
2026-10-09 22:59:32.827   Installing the file.
2026-10-09 22:59:32.827   Successfully installed the file.
2026-10-09 22:59:32.827   -- File entry --
2026-10-09 22:59:32.827   Dest filename: D:\a\_temp\agym-c64-38001250527-5872-u8q4q801\client\Admin\_internal\tzdata\zoneinfo\Asia\Oral
2026-10-09 22:59:32.827   Time stamp of our file: 2026-10-09 22:57:36.000
2026-10-09 22:59:32.827   Installing the file.
2026-10-09 22:59:32.827   Successfully installed the file.
2026-10-09 22:59:32.827   -- File entry --
2026-10-09 22:59:32.827   Dest filename: D:\a\_temp\agym-c64-38001250527-5872-u8q4q801\client\Admin\_internal\tzdata\zoneinfo\Asia\Phnom_Penh
2026-10-09 22:59:32.827   Time stamp of our file: 2026-10-09 22:57:36.000
2026-10-09 22:59:32.827   Installing the file.
2026-10-09 22:59:32.827   Successfully installed the file.
2026-10-09 22:59:32.827   -- File entry --
2026-10-09 22:59:32.827   Dest filename: D:\a\_temp\agym-c64-38001250527-5872-u8q4q801\client\Admin\_internal\tzdata\zoneinfo\Asia\Pontianak
2026-10-09 22:59:32.827   Time stamp of our file: 2026-10-09 22:57:36.000
2026-10-09 22:59:32.827   Installing the file.
2026-10-09 22:59:32.827   Successfully installed the file.
2026-10-09 22:59:32.827   -- File entry --
2026-10-09 22:59:32.827   Dest filename: D:\a\_temp\agym-c64-38001250527-5872-u8q4q801\client\Admin\_internal\tzdata\zoneinfo\Asia\Pyongyang
2026-10-09 22:59:32.827   Time stamp of our file: 2026-10-09 22:57:36.000
2026-10-09 22:59:32.827   Installing the file.
2026-10-09 22:59:32.827   Successfully installed the file.
2026-10-09 22:59:32.827   -- File entry --
2026-10-09 22:59:32.827   Dest filename: D:\a\_temp\agym-c64-38001250527-5872-u8q4q801\client\Admin\_internal\tzdata\zoneinfo\Asia\Qatar
2026-10-09 22:59:32.827   Time stamp of our file: 2026-10-09 22:57:36.000
2026-10-09 22:59:32.827   Installing the file.
2026-10-09 22:59:32.827   Successfully installed the file.
2026-10-09 22:59:32.827   -- File entry --
2026-10-09 22:59:32.827   Dest filename: D:\a\_temp\agym-c64-38001250527-5872-u8q4q801\client\Admin\_internal\tzdata\zoneinfo\Asia\Qostanay
2026-10-09 22:59:32.827   Time stamp of our file: 2026-10-09 22:57:36.000
2026-10-09 22:59:32.827   Installing the file.
2026-10-09 22:59:32.827   Successfully installed the file.
2026-10-09 22:59:32.827   -- File entry --
2026-10-09 22:59:32.827   Dest filename: D:\a\_temp\agym-c64-38001250527-5872-u8q4q801\client\Admin\_internal\tzdata\zoneinfo\Asia\Qyzylorda
2026-10-09 22:59:32.827   Time stamp of our file: 2026-10-09 22:57:36.000
2026-10-09 22:59:32.827   Installing the file.
2026-10-09 22:59:32.827   Successfully installed the file.
2026-10-09 22:59:32.827   -- File entry --
2026-10-09 22:59:32.827   Dest filename: D:\a\_temp\agym-c64-38001250527-5872-u8q4q801\client\Admin\_internal\tzdata\zoneinfo\Asia\Rangoon
2026-10-09 22:59:32.827   Time stamp of our file: 2026-10-09 22:57:36.000
2026-10-09 22:59:32.827   Installing the file.
2026-10-09 22:59:32.827   Successfully installed the file.
2026-10-09 22:59:32.827   -- File entry --
2026-10-09 22:59:32.827   Dest filename: D:\a\_temp\agym-c64-38001250527-5872-u8q4q801\client\Admin\_internal\tzdata\zoneinfo\Asia\Riyadh
2026-10-09 22:59:32.827   Time stamp of our file: 2026-10-09 22:57:36.000
2026-10-09 22:59:32.827   Installing the file.
2026-10-09 22:59:32.827   Successfully installed the file.
2026-10-09 22:59:32.827   -- File entry --
2026-10-09 22:59:32.827   Dest filename: D:\a\_temp\agym-c64-38001250527-5872-u8q4q801\client\Admin\_internal\tzdata\zoneinfo\Asia\Saigon
2026-10-09 22:59:32.827   Time stamp of our file: 2026-10-09 22:57:36.000
2026-10-09 22:59:32.827   Installing the file.
2026-10-09 22:59:32.827   Successfully installed the file.
2026-10-09 22:59:32.827   -- File entry --
2026-10-09 22:59:32.827   Dest filename: D:\a\_temp\agym-c64-38001250527-5872-u8q4q801\client\Admin\_internal\tzdata\zoneinfo\Asia\Sakhalin
2026-10-09 22:59:32.827   Time stamp of our file: 2026-10-09 22:57:36.000
2026-10-09 22:59:32.827   Installing the file.
2026-10-09 22:59:32.827   Successfully installed the file.
2026-10-09 22:59:32.827   -- File entry --
2026-10-09 22:59:32.827   Dest filename: D:\a\_temp\agym-c64-38001250527-5872-u8q4q801\client\Admin\_internal\tzdata\zoneinfo\Asia\Samarkand
2026-10-09 22:59:32.827   Time stamp of our file: 2026-10-09 22:57:36.000
2026-10-09 22:59:32.827   Installing the file.
2026-10-09 22:59:32.827   Successfully installed the file.
2026-10-09 22:59:32.827   -- File entry --
2026-10-09 22:59:32.827   Dest filename: D:\a\_temp\agym-c64-38001250527-5872-u8q4q801\client\Admin\_internal\tzdata\zoneinfo\Asia\Seoul
2026-10-09 22:59:32.827   Time stamp of our file: 2026-10-09 22:57:36.000
2026-10-09 22:59:32.827   Installing the file.
2026-10-09 22:59:32.827   Successfully installed the file.
2026-10-09 22:59:32.827   -- File entry --
2026-10-09 22:59:32.827   Dest filename: D:\a\_temp\agym-c64-38001250527-5872-u8q4q801\client\Admin\_internal\tzdata\zoneinfo\Asia\Shanghai
2026-10-09 22:59:32.827   Time stamp of our file: 2026-10-09 22:57:36.000
2026-10-09 22:59:32.827   Installing the file.
2026-10-09 22:59:32.827   Successfully installed the file.
2026-10-09 22:59:32.827   -- File entry --
2026-10-09 22:59:32.827   Dest filename: D:\a\_temp\agym-c64-38001250527-5872-u8q4q801\client\Admin\_internal\tzdata\zoneinfo\Asia\Singapore
2026-10-09 22:59:32.827   Time stamp of our file: 2026-10-09 22:57:36.000
2026-10-09 22:59:32.827   Installing the file.
2026-10-09 22:59:32.827   Successfully installed the file.
2026-10-09 22:59:32.827   -- File entry --
2026-10-09 22:59:32.827   Dest filename: D:\a\_temp\agym-c64-38001250527-5872-u8q4q801\client\Admin\_internal\tzdata\zoneinfo\Asia\Srednekolymsk
2026-10-09 22:59:32.827   Time stamp of our file: 2026-10-09 22:57:36.000
2026-10-09 22:59:32.827   Installing the file.
2026-10-09 22:59:32.827   Successfully installed the file.
2026-10-09 22:59:32.827   -- File entry --
2026-10-09 22:59:32.827   Dest filename: D:\a\_temp\agym-c64-38001250527-5872-u8q4q801\client\Admin\_internal\tzdata\zoneinfo\Asia\Taipei
2026-10-09 22:59:32.827   Time stamp of our file: 2026-10-09 22:57:36.000
2026-10-09 22:59:32.827   Installing the file.
2026-10-09 22:59:32.827   Successfully installed the file.
2026-10-09 22:59:32.827   -- File entry --
2026-10-09 22:59:32.827   Dest filename: D:\a\_temp\agym-c64-38001250527-5872-u8q4q801\client\Admin\_internal\tzdata\zoneinfo\Asia\Tashkent
2026-10-09 22:59:32.827   Time stamp of our file: 2026-10-09 22:57:36.000
2026-10-09 22:59:32.827   Installing the file.
2026-10-09 22:59:32.827   Successfully installed the file.
2026-10-09 22:59:32.827   -- File entry --
2026-10-09 22:59:32.827   Dest filename: D:\a\_temp\agym-c64-38001250527-5872-u8q4q801\client\Admin\_internal\tzdata\zoneinfo\Asia\Tbilisi
2026-10-09 22:59:32.827   Time stamp of our file: 2026-10-09 22:57:36.000
2026-10-09 22:59:32.827   Installing the file.
2026-10-09 22:59:32.827   Successfully installed the file.
2026-10-09 22:59:32.827   -- File entry --
2026-10-09 22:59:32.827   Dest filename: D:\a\_temp\agym-c64-38001250527-5872-u8q4q801\client\Admin\_internal\tzdata\zoneinfo\Asia\Tehran
2026-10-09 22:59:32.827   Time stamp of our file: 2026-10-09 22:57:36.000
2026-10-09 22:59:32.827   Installing the file.
2026-10-09 22:59:32.827   Successfully installed the file.
2026-10-09 22:59:32.827   -- File entry --
2026-10-09 22:59:32.827   Dest filename: D:\a\_temp\agym-c64-38001250527-5872-u8q4q801\client\Admin\_internal\tzdata\zoneinfo\Asia\Tel_Aviv
2026-10-09 22:59:32.827   Time stamp of our file: 2026-10-09 22:57:36.000
2026-10-09 22:59:32.827   Installing the file.
2026-10-09 22:59:32.827   Successfully installed the file.
2026-10-09 22:59:32.827   -- File entry --
2026-10-09 22:59:32.827   Dest filename: D:\a\_temp\agym-c64-38001250527-5872-u8q4q801\client\Admin\_internal\tzdata\zoneinfo\Asia\Thimbu
2026-10-09 22:59:32.827   Time stamp of our file: 2026-10-09 22:57:36.000
2026-10-09 22:59:32.827   Installing the file.
2026-10-09 22:59:32.843   Successfully installed the file.
2026-10-09 22:59:32.843   -- File entry --
2026-10-09 22:59:32.843   Dest filename: D:\a\_temp\agym-c64-38001250527-5872-u8q4q801\client\Admin\_internal\tzdata\zoneinfo\Asia\Thimphu
2026-10-09 22:59:32.843   Time stamp of our file: 2026-10-09 22:57:36.000
2026-10-09 22:59:32.843   Installing the file.
2026-10-09 22:59:32.843   Successfully installed the file.
2026-10-09 22:59:32.843   -- File entry --
2026-10-09 22:59:32.843   Dest filename: D:\a\_temp\agym-c64-38001250527-5872-u8q4q801\client\Admin\_internal\tzdata\zoneinfo\Asia\Tokyo
2026-10-09 22:59:32.843   Time stamp of our file: 2026-10-09 22:57:36.000
2026-10-09 22:59:32.843   Installing the file.
2026-10-09 22:59:32.843   Successfully installed the file.
2026-10-09 22:59:32.843   -- File entry --
2026-10-09 22:59:32.843   Dest filename: D:\a\_temp\agym-c64-38001250527-5872-u8q4q801\client\Admin\_internal\tzdata\zoneinfo\Asia\Tomsk
2026-10-09 22:59:32.843   Time stamp of our file: 2026-10-09 22:57:36.000
2026-10-09 22:59:32.843   Installing the file.
2026-10-09 22:59:32.843   Successfully installed the file.
2026-10-09 22:59:32.843   -- File entry --
2026-10-09 22:59:32.843   Dest filename: D:\a\_temp\agym-c64-38001250527-5872-u8q4q801\client\Admin\_internal\tzdata\zoneinfo\Asia\Ujung_Pandang
2026-10-09 22:59:32.843   Time stamp of our file: 2026-10-09 22:57:36.000
2026-10-09 22:59:32.843   Installing the file.
2026-10-09 22:59:32.843   Successfully installed the file.
2026-10-09 22:59:32.843   -- File entry --
2026-10-09 22:59:32.843   Dest filename: D:\a\_temp\agym-c64-38001250527-5872-u8q4q801\client\Admin\_internal\tzdata\zoneinfo\Asia\Ulaanbaatar
2026-10-09 22:59:32.843   Time stamp of our file: 2026-10-09 22:57:36.000
2026-10-09 22:59:32.843   Installing the file.
2026-10-09 22:59:32.843   Successfully installed the file.
2026-10-09 22:59:32.843   -- File entry --
2026-10-09 22:59:32.843   Dest filename: D:\a\_temp\agym-c64-38001250527-5872-u8q4q801\client\Admin\_internal\tzdata\zoneinfo\Asia\Ulan_Bator
2026-10-09 22:59:32.843   Time stamp of our file: 2026-10-09 22:57:36.000
2026-10-09 22:59:32.843   Installing the file.
2026-10-09 22:59:32.843   Successfully installed the file.
2026-10-09 22:59:32.843   -- File entry --
2026-10-09 22:59:32.843   Dest filename: D:\a\_temp\agym-c64-38001250527-5872-u8q4q801\client\Admin\_internal\tzdata\zoneinfo\Asia\Urumqi
2026-10-09 22:59:32.843   Time stamp of our file: 2026-10-09 22:57:36.000
2026-10-09 22:59:32.843   Installing the file.
2026-10-09 22:59:32.843   Successfully installed the file.
2026-10-09 22:59:32.843   -- File entry --
2026-10-09 22:59:32.843   Dest filename: D:\a\_temp\agym-c64-38001250527-5872-u8q4q801\client\Admin\_internal\tzdata\zoneinfo\Asia\Ust-Nera
2026-10-09 22:59:32.843   Time stamp of our file: 2026-10-09 22:57:36.000
2026-10-09 22:59:32.843   Installing the file.
2026-10-09 22:59:32.843   Successfully installed the file.
2026-10-09 22:59:32.843   -- File entry --
2026-10-09 22:59:32.843   Dest filename: D:\a\_temp\agym-c64-38001250527-5872-u8q4q801\client\Admin\_internal\tzdata\zoneinfo\Asia\Vientiane
2026-10-09 22:59:32.843   Time stamp of our file: 2026-10-09 22:57:36.000
2026-10-09 22:59:32.843   Installing the file.
2026-10-09 22:59:32.843   Successfully installed the file.
2026-10-09 22:59:32.843   -- File entry --
2026-10-09 22:59:32.843   Dest filename: D:\a\_temp\agym-c64-38001250527-5872-u8q4q801\client\Admin\_internal\tzdata\zoneinfo\Asia\Vladivostok
2026-10-09 22:59:32.843   Time stamp of our file: 2026-10-09 22:57:36.000
2026-10-09 22:59:32.843   Installing the file.
2026-10-09 22:59:32.843   Successfully installed the file.
2026-10-09 22:59:32.843   -- File entry --
2026-10-09 22:59:32.843   Dest filename: D:\a\_temp\agym-c64-38001250527-5872-u8q4q801\client\Admin\_internal\tzdata\zoneinfo\Asia\Yakutsk
2026-10-09 22:59:32.843   Time stamp of our file: 2026-10-09 22:57:36.000
2026-10-09 22:59:32.843   Installing the file.
2026-10-09 22:59:32.843   Successfully installed the file.
2026-10-09 22:59:32.843   -- File entry --
2026-10-09 22:59:32.843   Dest filename: D:\a\_temp\agym-c64-38001250527-5872-u8q4q801\client\Admin\_internal\tzdata\zoneinfo\Asia\Yangon
2026-10-09 22:59:32.843   Time stamp of our file: 2026-10-09 22:57:36.000
2026-10-09 22:59:32.843   Installing the file.
2026-10-09 22:59:32.843   Successfully installed the file.
2026-10-09 22:59:32.843   -- File entry --
2026-10-09 22:59:32.843   Dest filename: D:\a\_temp\agym-c64-38001250527-5872-u8q4q801\client\Admin\_internal\tzdata\zoneinfo\Asia\Yekaterinburg
2026-10-09 22:59:32.843   Time stamp of our file: 2026-10-09 22:57:36.000
2026-10-09 22:59:32.843   Installing the file.
2026-10-09 22:59:32.843   Successfully installed the file.
2026-10-09 22:59:32.843   -- File entry --
2026-10-09 22:59:32.843   Dest filename: D:\a\_temp\agym-c64-38001250527-5872-u8q4q801\client\Admin\_internal\tzdata\zoneinfo\Asia\Yerevan
2026-10-09 22:59:32.843   Time stamp of our file: 2026-10-09 22:57:36.000
2026-10-09 22:59:32.843   Installing the file.
2026-10-09 22:59:32.843   Successfully installed the file.
2026-10-09 22:59:32.843   -- File entry --
2026-10-09 22:59:32.843   Dest filename: D:\a\_temp\agym-c64-38001250527-5872-u8q4q801\client\Admin\_internal\tzdata\zoneinfo\Asia\__init__.py
2026-10-09 22:59:32.843   Time stamp of our file: 2026-10-09 22:57:36.000
2026-10-09 22:59:32.843   Installing the file.
2026-10-09 22:59:32.843   Successfully installed the file.
2026-10-09 22:59:32.843   -- File entry --
2026-10-09 22:59:32.843   Dest filename: D:\a\_temp\agym-c64-38001250527-5872-u8q4q801\client\Admin\_internal\tzdata\zoneinfo\Atlantic\Azores
2026-10-09 22:59:32.843   Time stamp of our file: 2026-10-09 22:57:36.000
2026-10-09 22:59:32.843   Installing the file.
2026-10-09 22:59:32.843   Creating directory: D:\a\_temp\agym-c64-38001250527-5872-u8q4q801\client\Admin\_internal\tzdata\zoneinfo\Atlantic
2026-10-09 22:59:32.843   Successfully installed the file.
2026-10-09 22:59:32.843   -- File entry --
2026-10-09 22:59:32.843   Dest filename: D:\a\_temp\agym-c64-38001250527-5872-u8q4q801\client\Admin\_internal\tzdata\zoneinfo\Atlantic\Bermuda
2026-10-09 22:59:32.843   Time stamp of our file: 2026-10-09 22:57:36.000
2026-10-09 22:59:32.843   Installing the file.
2026-10-09 22:59:32.843   Successfully installed the file.
2026-10-09 22:59:32.843   -- File entry --
2026-10-09 22:59:32.843   Dest filename: D:\a\_temp\agym-c64-38001250527-5872-u8q4q801\client\Admin\_internal\tzdata\zoneinfo\Atlantic\Canary
2026-10-09 22:59:32.843   Time stamp of our file: 2026-10-09 22:57:36.000
2026-10-09 22:59:32.843   Installing the file.
2026-10-09 22:59:32.843   Successfully installed the file.
2026-10-09 22:59:32.843   -- File entry --
2026-10-09 22:59:32.843   Dest filename: D:\a\_temp\agym-c64-38001250527-5872-u8q4q801\client\Admin\_internal\tzdata\zoneinfo\Atlantic\Cape_Verde
2026-10-09 22:59:32.843   Time stamp of our file: 2026-10-09 22:57:36.000
2026-10-09 22:59:32.843   Installing the file.
2026-10-09 22:59:32.843   Successfully installed the file.
2026-10-09 22:59:32.843   -- File entry --
2026-10-09 22:59:32.843   Dest filename: D:\a\_temp\agym-c64-38001250527-5872-u8q4q801\client\Admin\_internal\tzdata\zoneinfo\Atlantic\Faeroe
2026-10-09 22:59:32.843   Time stamp of our file: 2026-10-09 22:57:36.000
2026-10-09 22:59:32.843   Installing the file.
2026-10-09 22:59:32.843   Successfully installed the file.
2026-10-09 22:59:32.843   -- File entry --
2026-10-09 22:59:32.843   Dest filename: D:\a\_temp\agym-c64-38001250527-5872-u8q4q801\client\Admin\_internal\tzdata\zoneinfo\Atlantic\Faroe
2026-10-09 22:59:32.843   Time stamp of our file: 2026-10-09 22:57:36.000
2026-10-09 22:59:32.843   Installing the file.
2026-10-09 22:59:32.843   Successfully installed the file.
2026-10-09 22:59:32.843   -- File entry --
2026-10-09 22:59:32.843   Dest filename: D:\a\_temp\agym-c64-38001250527-5872-u8q4q801\client\Admin\_internal\tzdata\zoneinfo\Atlantic\Jan_Mayen
2026-10-09 22:59:32.843   Time stamp of our file: 2026-10-09 22:57:36.000
2026-10-09 22:59:32.843   Installing the file.
2026-10-09 22:59:32.843   Successfully installed the file.
2026-10-09 22:59:32.843   -- File entry --
2026-10-09 22:59:32.843   Dest filename: D:\a\_temp\agym-c64-38001250527-5872-u8q4q801\client\Admin\_internal\tzdata\zoneinfo\Atlantic\Madeira
2026-10-09 22:59:32.843   Time stamp of our file: 2026-10-09 22:57:36.000
2026-10-09 22:59:32.843   Installing the file.
2026-10-09 22:59:32.843   Successfully installed the file.
2026-10-09 22:59:32.843   -- File entry --
2026-10-09 22:59:32.843   Dest filename: D:\a\_temp\agym-c64-38001250527-5872-u8q4q801\client\Admin\_internal\tzdata\zoneinfo\Atlantic\Reykjavik
2026-10-09 22:59:32.843   Time stamp of our file: 2026-10-09 22:57:36.000
2026-10-09 22:59:32.843   Installing the file.
2026-10-09 22:59:32.843   Successfully installed the file.
2026-10-09 22:59:32.843   -- File entry --
2026-10-09 22:59:32.843   Dest filename: D:\a\_temp\agym-c64-38001250527-5872-u8q4q801\client\Admin\_internal\tzdata\zoneinfo\Atlantic\South_Georgia
2026-10-09 22:59:32.843   Time stamp of our file: 2026-10-09 22:57:36.000
2026-10-09 22:59:32.843   Installing the file.
2026-10-09 22:59:32.843   Successfully installed the file.
2026-10-09 22:59:32.843   -- File entry --
2026-10-09 22:59:32.843   Dest filename: D:\a\_temp\agym-c64-38001250527-5872-u8q4q801\client\Admin\_internal\tzdata\zoneinfo\Atlantic\Stanley
2026-10-09 22:59:32.843   Time stamp of our file: 2026-10-09 22:57:36.000
2026-10-09 22:59:32.843   Installing the file.
2026-10-09 22:59:32.843   Successfully installed the file.
2026-10-09 22:59:32.843   -- File entry --
2026-10-09 22:59:32.843   Dest filename: D:\a\_temp\agym-c64-38001250527-5872-u8q4q801\client\Admin\_internal\tzdata\zoneinfo\Atlantic\St_Helena
2026-10-09 22:59:32.843   Time stamp of our file: 2026-10-09 22:57:36.000
2026-10-09 22:59:32.843   Installing the file.
2026-10-09 22:59:32.843   Successfully installed the file.
2026-10-09 22:59:32.843   -- File entry --
2026-10-09 22:59:32.843   Dest filename: D:\a\_temp\agym-c64-38001250527-5872-u8q4q801\client\Admin\_internal\tzdata\zoneinfo\Atlantic\__init__.py
2026-10-09 22:59:32.843   Time stamp of our file: 2026-10-09 22:57:36.000
2026-10-09 22:59:32.843   Installing the file.
2026-10-09 22:59:32.843   Successfully installed the file.
2026-10-09 22:59:32.843   -- File entry --
2026-10-09 22:59:32.843   Dest filename: D:\a\_temp\agym-c64-38001250527-5872-u8q4q801\client\Admin\_internal\tzdata\zoneinfo\Australia\ACT
2026-10-09 22:59:32.843   Time stamp of our file: 2026-10-09 22:57:36.000
2026-10-09 22:59:32.843   Installing the file.
2026-10-09 22:59:32.843   Creating directory: D:\a\_temp\agym-c64-38001250527-5872-u8q4q801\client\Admin\_internal\tzdata\zoneinfo\Australia
2026-10-09 22:59:32.843   Successfully installed the file.
2026-10-09 22:59:32.843   -- File entry --
2026-10-09 22:59:32.843   Dest filename: D:\a\_temp\agym-c64-38001250527-5872-u8q4q801\client\Admin\_internal\tzdata\zoneinfo\Australia\Adelaide
2026-10-09 22:59:32.843   Time stamp of our file: 2026-10-09 22:57:36.000
2026-10-09 22:59:32.843   Installing the file.
2026-10-09 22:59:32.843   Successfully installed the file.
2026-10-09 22:59:32.843   -- File entry --
2026-10-09 22:59:32.843   Dest filename: D:\a\_temp\agym-c64-38001250527-5872-u8q4q801\client\Admin\_internal\tzdata\zoneinfo\Australia\Brisbane
2026-10-09 22:59:32.843   Time stamp of our file: 2026-10-09 22:57:36.000
2026-10-09 22:59:32.843   Installing the file.
2026-10-09 22:59:32.843   Successfully installed the file.
2026-10-09 22:59:32.843   -- File entry --
2026-10-09 22:59:32.843   Dest filename: D:\a\_temp\agym-c64-38001250527-5872-u8q4q801\client\Admin\_internal\tzdata\zoneinfo\Australia\Broken_Hill
2026-10-09 22:59:32.843   Time stamp of our file: 2026-10-09 22:57:36.000
2026-10-09 22:59:32.843   Installing the file.
2026-10-09 22:59:32.843   Successfully installed the file.
2026-10-09 22:59:32.843   -- File entry --
2026-10-09 22:59:32.843   Dest filename: D:\a\_temp\agym-c64-38001250527-5872-u8q4q801\client\Admin\_internal\tzdata\zoneinfo\Australia\Canberra
2026-10-09 22:59:32.843   Time stamp of our file: 2026-10-09 22:57:36.000
2026-10-09 22:59:32.843   Installing the file.
2026-10-09 22:59:32.843   Successfully installed the file.
2026-10-09 22:59:32.843   -- File entry --
2026-10-09 22:59:32.843   Dest filename: D:\a\_temp\agym-c64-38001250527-5872-u8q4q801\client\Admin\_internal\tzdata\zoneinfo\Australia\Currie
2026-10-09 22:59:32.843   Time stamp of our file: 2026-10-09 22:57:36.000
2026-10-09 22:59:32.843   Installing the file.
2026-10-09 22:59:32.843   Successfully installed the file.
2026-10-09 22:59:32.843   -- File entry --
2026-10-09 22:59:32.843   Dest filename: D:\a\_temp\agym-c64-38001250527-5872-u8q4q801\client\Admin\_internal\tzdata\zoneinfo\Australia\Darwin
2026-10-09 22:59:32.843   Time stamp of our file: 2026-10-09 22:57:36.000
2026-10-09 22:59:32.843   Installing the file.
2026-10-09 22:59:32.858   Successfully installed the file.
2026-10-09 22:59:32.858   -- File entry --
2026-10-09 22:59:32.858   Dest filename: D:\a\_temp\agym-c64-38001250527-5872-u8q4q801\client\Admin\_internal\tzdata\zoneinfo\Australia\Eucla
2026-10-09 22:59:32.858   Time stamp of our file: 2026-10-09 22:57:36.000
2026-10-09 22:59:32.858   Installing the file.
2026-10-09 22:59:32.858   Successfully installed the file.
2026-10-09 22:59:32.858   -- File entry --
2026-10-09 22:59:32.858   Dest filename: D:\a\_temp\agym-c64-38001250527-5872-u8q4q801\client\Admin\_internal\tzdata\zoneinfo\Australia\Hobart
2026-10-09 22:59:32.858   Time stamp of our file: 2026-10-09 22:57:36.000
2026-10-09 22:59:32.858   Installing the file.
2026-10-09 22:59:32.858   Successfully installed the file.
2026-10-09 22:59:32.858   -- File entry --
2026-10-09 22:59:32.858   Dest filename: D:\a\_temp\agym-c64-38001250527-5872-u8q4q801\client\Admin\_internal\tzdata\zoneinfo\Australia\LHI
2026-10-09 22:59:32.858   Time stamp of our file: 2026-10-09 22:57:36.000
2026-10-09 22:59:32.858   Installing the file.
2026-10-09 22:59:32.858   Successfully installed the file.
2026-10-09 22:59:32.858   -- File entry --
2026-10-09 22:59:32.858   Dest filename: D:\a\_temp\agym-c64-38001250527-5872-u8q4q801\client\Admin\_internal\tzdata\zoneinfo\Australia\Lindeman
2026-10-09 22:59:32.858   Time stamp of our file: 2026-10-09 22:57:36.000
2026-10-09 22:59:32.858   Installing the file.
2026-10-09 22:59:32.858   Successfully installed the file.
2026-10-09 22:59:32.858   -- File entry --
2026-10-09 22:59:32.858   Dest filename: D:\a\_temp\agym-c64-38001250527-5872-u8q4q801\client\Admin\_internal\tzdata\zoneinfo\Australia\Lord_Howe
2026-10-09 22:59:32.858   Time stamp of our file: 2026-10-09 22:57:36.000
2026-10-09 22:59:32.858   Installing the file.
2026-10-09 22:59:32.858   Successfully installed the file.
2026-10-09 22:59:32.858   -- File entry --
2026-10-09 22:59:32.858   Dest filename: D:\a\_temp\agym-c64-38001250527-5872-u8q4q801\client\Admin\_internal\tzdata\zoneinfo\Australia\Melbourne
2026-10-09 22:59:32.858   Time stamp of our file: 2026-10-09 22:57:36.000
2026-10-09 22:59:32.858   Installing the file.
2026-10-09 22:59:32.858   Successfully installed the file.
2026-10-09 22:59:32.858   -- File entry --
2026-10-09 22:59:32.858   Dest filename: D:\a\_temp\agym-c64-38001250527-5872-u8q4q801\client\Admin\_internal\tzdata\zoneinfo\Australia\North
2026-10-09 22:59:32.858   Time stamp of our file: 2026-10-09 22:57:36.000
2026-10-09 22:59:32.858   Installing the file.
2026-10-09 22:59:32.858   Successfully installed the file.
2026-10-09 22:59:32.858   -- File entry --
2026-10-09 22:59:32.858   Dest filename: D:\a\_temp\agym-c64-38001250527-5872-u8q4q801\client\Admin\_internal\tzdata\zoneinfo\Australia\NSW
2026-10-09 22:59:32.858   Time stamp of our file: 2026-10-09 22:57:36.000
2026-10-09 22:59:32.858   Installing the file.
2026-10-09 22:59:32.858   Successfully installed the file.
2026-10-09 22:59:32.858   -- File entry --
2026-10-09 22:59:32.858   Dest filename: D:\a\_temp\agym-c64-38001250527-5872-u8q4q801\client\Admin\_internal\tzdata\zoneinfo\Australia\Perth
2026-10-09 22:59:32.858   Time stamp of our file: 2026-10-09 22:57:36.000
2026-10-09 22:59:32.858   Installing the file.
2026-10-09 22:59:32.858   Successfully installed the file.
2026-10-09 22:59:32.858   -- File entry --
2026-10-09 22:59:32.858   Dest filename: D:\a\_temp\agym-c64-38001250527-5872-u8q4q801\client\Admin\_internal\tzdata\zoneinfo\Australia\Queensland
2026-10-09 22:59:32.858   Time stamp of our file: 2026-10-09 22:57:36.000
2026-10-09 22:59:32.858   Installing the file.
2026-10-09 22:59:32.858   Successfully installed the file.
2026-10-09 22:59:32.858   -- File entry --
2026-10-09 22:59:32.858   Dest filename: D:\a\_temp\agym-c64-38001250527-5872-u8q4q801\client\Admin\_internal\tzdata\zoneinfo\Australia\South
2026-10-09 22:59:32.858   Time stamp of our file: 2026-10-09 22:57:36.000
2026-10-09 22:59:32.858   Installing the file.
2026-10-09 22:59:32.858   Successfully installed the file.
2026-10-09 22:59:32.858   -- File entry --
2026-10-09 22:59:32.858   Dest filename: D:\a\_temp\agym-c64-38001250527-5872-u8q4q801\client\Admin\_internal\tzdata\zoneinfo\Australia\Sydney
2026-10-09 22:59:32.858   Time stamp of our file: 2026-10-09 22:57:36.000
2026-10-09 22:59:32.858   Installing the file.
2026-10-09 22:59:32.858   Successfully installed the file.
2026-10-09 22:59:32.858   -- File entry --
2026-10-09 22:59:32.858   Dest filename: D:\a\_temp\agym-c64-38001250527-5872-u8q4q801\client\Admin\_internal\tzdata\zoneinfo\Australia\Tasmania
2026-10-09 22:59:32.858   Time stamp of our file: 2026-10-09 22:57:36.000
2026-10-09 22:59:32.858   Installing the file.
2026-10-09 22:59:32.858   Successfully installed the file.
2026-10-09 22:59:32.858   -- File entry --
2026-10-09 22:59:32.858   Dest filename: D:\a\_temp\agym-c64-38001250527-5872-u8q4q801\client\Admin\_internal\tzdata\zoneinfo\Australia\Victoria
2026-10-09 22:59:32.858   Time stamp of our file: 2026-10-09 22:57:36.000
2026-10-09 22:59:32.858   Installing the file.
2026-10-09 22:59:32.858   Successfully installed the file.
2026-10-09 22:59:32.858   -- File entry --
2026-10-09 22:59:32.858   Dest filename: D:\a\_temp\agym-c64-38001250527-5872-u8q4q801\client\Admin\_internal\tzdata\zoneinfo\Australia\West
2026-10-09 22:59:32.858   Time stamp of our file: 2026-10-09 22:57:36.000
2026-10-09 22:59:32.858   Installing the file.
2026-10-09 22:59:32.858   Successfully installed the file.
2026-10-09 22:59:32.858   -- File entry --
2026-10-09 22:59:32.858   Dest filename: D:\a\_temp\agym-c64-38001250527-5872-u8q4q801\client\Admin\_internal\tzdata\zoneinfo\Australia\Yancowinna
2026-10-09 22:59:32.858   Time stamp of our file: 2026-10-09 22:57:36.000
2026-10-09 22:59:32.858   Installing the file.
2026-10-09 22:59:32.858   Successfully installed the file.
2026-10-09 22:59:32.858   -- File entry --
2026-10-09 22:59:32.858   Dest filename: D:\a\_temp\agym-c64-38001250527-5872-u8q4q801\client\Admin\_internal\tzdata\zoneinfo\Australia\__init__.py
2026-10-09 22:59:32.858   Time stamp of our file: 2026-10-09 22:57:36.000
2026-10-09 22:59:32.858   Installing the file.
2026-10-09 22:59:32.858   Successfully installed the file.
2026-10-09 22:59:32.858   -- File entry --
2026-10-09 22:59:32.858   Dest filename: D:\a\_temp\agym-c64-38001250527-5872-u8q4q801\client\Admin\_internal\tzdata\zoneinfo\Brazil\Acre
2026-10-09 22:59:32.858   Time stamp of our file: 2026-10-09 22:57:36.000
2026-10-09 22:59:32.858   Installing the file.
2026-10-09 22:59:32.858   Creating directory: D:\a\_temp\agym-c64-38001250527-5872-u8q4q801\client\Admin\_internal\tzdata\zoneinfo\Brazil
2026-10-09 22:59:32.858   Successfully installed the file.
2026-10-09 22:59:32.858   -- File entry --
2026-10-09 22:59:32.858   Dest filename: D:\a\_temp\agym-c64-38001250527-5872-u8q4q801\client\Admin\_internal\tzdata\zoneinfo\Brazil\DeNoronha
2026-10-09 22:59:32.858   Time stamp of our file: 2026-10-09 22:57:36.000
2026-10-09 22:59:32.858   Installing the file.
2026-10-09 22:59:32.858   Successfully installed the file.
2026-10-09 22:59:32.858   -- File entry --
2026-10-09 22:59:32.858   Dest filename: D:\a\_temp\agym-c64-38001250527-5872-u8q4q801\client\Admin\_internal\tzdata\zoneinfo\Brazil\East
2026-10-09 22:59:32.858   Time stamp of our file: 2026-10-09 22:57:36.000
2026-10-09 22:59:32.858   Installing the file.
2026-10-09 22:59:32.858   Successfully installed the file.
2026-10-09 22:59:32.858   -- File entry --
2026-10-09 22:59:32.858   Dest filename: D:\a\_temp\agym-c64-38001250527-5872-u8q4q801\client\Admin\_internal\tzdata\zoneinfo\Brazil\West
2026-10-09 22:59:32.858   Time stamp of our file: 2026-10-09 22:57:36.000
2026-10-09 22:59:32.858   Installing the file.
2026-10-09 22:59:32.858   Successfully installed the file.
2026-10-09 22:59:32.858   -- File entry --
2026-10-09 22:59:32.858   Dest filename: D:\a\_temp\agym-c64-38001250527-5872-u8q4q801\client\Admin\_internal\tzdata\zoneinfo\Brazil\__init__.py
2026-10-09 22:59:32.858   Time stamp of our file: 2026-10-09 22:57:36.000
2026-10-09 22:59:32.858   Installing the file.
2026-10-09 22:59:32.858   Successfully installed the file.
2026-10-09 22:59:32.858   -- File entry --
2026-10-09 22:59:32.858   Dest filename: D:\a\_temp\agym-c64-38001250527-5872-u8q4q801\client\Admin\_internal\tzdata\zoneinfo\Canada\Atlantic
2026-10-09 22:59:32.858   Time stamp of our file: 2026-10-09 22:57:36.000
2026-10-09 22:59:32.858   Installing the file.
2026-10-09 22:59:32.858   Creating directory: D:\a\_temp\agym-c64-38001250527-5872-u8q4q801\client\Admin\_internal\tzdata\zoneinfo\Canada
2026-10-09 22:59:32.858   Successfully installed the file.
2026-10-09 22:59:32.858   -- File entry --
2026-10-09 22:59:32.858   Dest filename: D:\a\_temp\agym-c64-38001250527-5872-u8q4q801\client\Admin\_internal\tzdata\zoneinfo\Canada\Central
2026-10-09 22:59:32.858   Time stamp of our file: 2026-10-09 22:57:36.000
2026-10-09 22:59:32.858   Installing the file.
2026-10-09 22:59:32.858   Successfully installed the file.
2026-10-09 22:59:32.858   -- File entry --
2026-10-09 22:59:32.858   Dest filename: D:\a\_temp\agym-c64-38001250527-5872-u8q4q801\client\Admin\_internal\tzdata\zoneinfo\Canada\Eastern
2026-10-09 22:59:32.858   Time stamp of our file: 2026-10-09 22:57:36.000
2026-10-09 22:59:32.858   Installing the file.
2026-10-09 22:59:32.858   Successfully installed the file.
2026-10-09 22:59:32.858   -- File entry --
2026-10-09 22:59:32.858   Dest filename: D:\a\_temp\agym-c64-38001250527-5872-u8q4q801\client\Admin\_internal\tzdata\zoneinfo\Canada\Mountain
2026-10-09 22:59:32.858   Time stamp of our file: 2026-10-09 22:57:36.000
2026-10-09 22:59:32.858   Installing the file.
2026-10-09 22:59:32.858   Successfully installed the file.
2026-10-09 22:59:32.858   -- File entry --
2026-10-09 22:59:32.858   Dest filename: D:\a\_temp\agym-c64-38001250527-5872-u8q4q801\client\Admin\_internal\tzdata\zoneinfo\Canada\Newfoundland
2026-10-09 22:59:32.858   Time stamp of our file: 2026-10-09 22:57:36.000
2026-10-09 22:59:32.858   Installing the file.
2026-10-09 22:59:32.858   Successfully installed the file.
2026-10-09 22:59:32.858   -- File entry --
2026-10-09 22:59:32.858   Dest filename: D:\a\_temp\agym-c64-38001250527-5872-u8q4q801\client\Admin\_internal\tzdata\zoneinfo\Canada\Pacific
2026-10-09 22:59:32.858   Time stamp of our file: 2026-10-09 22:57:36.000
2026-10-09 22:59:32.858   Installing the file.
2026-10-09 22:59:32.858   Successfully installed the file.
2026-10-09 22:59:32.858   -- File entry --
2026-10-09 22:59:32.858   Dest filename: D:\a\_temp\agym-c64-38001250527-5872-u8q4q801\client\Admin\_internal\tzdata\zoneinfo\Canada\Saskatchewan
2026-10-09 22:59:32.858   Time stamp of our file: 2026-10-09 22:57:36.000
2026-10-09 22:59:32.858   Installing the file.
2026-10-09 22:59:32.858   Successfully installed the file.
2026-10-09 22:59:32.858   -- File entry --
2026-10-09 22:59:32.858   Dest filename: D:\a\_temp\agym-c64-38001250527-5872-u8q4q801\client\Admin\_internal\tzdata\zoneinfo\Canada\Yukon
2026-10-09 22:59:32.858   Time stamp of our file: 2026-10-09 22:57:36.000
2026-10-09 22:59:32.858   Installing the file.
2026-10-09 22:59:32.858   Successfully installed the file.
2026-10-09 22:59:32.858   -- File entry --
2026-10-09 22:59:32.858   Dest filename: D:\a\_temp\agym-c64-38001250527-5872-u8q4q801\client\Admin\_internal\tzdata\zoneinfo\Canada\__init__.py
2026-10-09 22:59:32.858   Time stamp of our file: 2026-10-09 22:57:36.000
2026-10-09 22:59:32.858   Installing the file.
2026-10-09 22:59:32.858   Successfully installed the file.
2026-10-09 22:59:32.858   -- File entry --
2026-10-09 22:59:32.858   Dest filename: D:\a\_temp\agym-c64-38001250527-5872-u8q4q801\client\Admin\_internal\tzdata\zoneinfo\Chile\Continental
2026-10-09 22:59:32.858   Time stamp of our file: 2026-10-09 22:57:36.000
2026-10-09 22:59:32.858   Installing the file.
2026-10-09 22:59:32.858   Creating directory: D:\a\_temp\agym-c64-38001250527-5872-u8q4q801\client\Admin\_internal\tzdata\zoneinfo\Chile
2026-10-09 22:59:32.858   Successfully installed the file.
2026-10-09 22:59:32.858   -- File entry --
2026-10-09 22:59:32.858   Dest filename: D:\a\_temp\agym-c64-38001250527-5872-u8q4q801\client\Admin\_internal\tzdata\zoneinfo\Chile\EasterIsland
2026-10-09 22:59:32.858   Time stamp of our file: 2026-10-09 22:57:36.000
2026-10-09 22:59:32.858   Installing the file.
2026-10-09 22:59:32.858   Successfully installed the file.
2026-10-09 22:59:32.858   -- File entry --
2026-10-09 22:59:32.858   Dest filename: D:\a\_temp\agym-c64-38001250527-5872-u8q4q801\client\Admin\_internal\tzdata\zoneinfo\Chile\__init__.py
2026-10-09 22:59:32.858   Time stamp of our file: 2026-10-09 22:57:36.000
2026-10-09 22:59:32.858   Installing the file.
2026-10-09 22:59:32.858   Successfully installed the file.
2026-10-09 22:59:32.858   -- File entry --
2026-10-09 22:59:32.858   Dest filename: D:\a\_temp\agym-c64-38001250527-5872-u8q4q801\client\Admin\_internal\tzdata\zoneinfo\Etc\GMT
2026-10-09 22:59:32.858   Time stamp of our file: 2026-10-09 22:57:36.000
2026-10-09 22:59:32.858   Installing the file.
2026-10-09 22:59:32.858   Creating directory: D:\a\_temp\agym-c64-38001250527-5872-u8q4q801\client\Admin\_internal\tzdata\zoneinfo\Etc
2026-10-09 22:59:32.858   Successfully installed the file.
2026-10-09 22:59:32.858   -- File entry --
2026-10-09 22:59:32.858   Dest filename: D:\a\_temp\agym-c64-38001250527-5872-u8q4q801\client\Admin\_internal\tzdata\zoneinfo\Etc\GMT+0
2026-10-09 22:59:32.858   Time stamp of our file: 2026-10-09 22:57:36.000
2026-10-09 22:59:32.858   Installing the file.
2026-10-09 22:59:32.874   Successfully installed the file.
2026-10-09 22:59:32.874   -- File entry --
2026-10-09 22:59:32.874   Dest filename: D:\a\_temp\agym-c64-38001250527-5872-u8q4q801\client\Admin\_internal\tzdata\zoneinfo\Etc\GMT+1
2026-10-09 22:59:32.874   Time stamp of our file: 2026-10-09 22:57:36.000
2026-10-09 22:59:32.874   Installing the file.
2026-10-09 22:59:32.874   Successfully installed the file.
2026-10-09 22:59:32.874   -- File entry --
2026-10-09 22:59:32.874   Dest filename: D:\a\_temp\agym-c64-38001250527-5872-u8q4q801\client\Admin\_internal\tzdata\zoneinfo\Etc\GMT+10
2026-10-09 22:59:32.874   Time stamp of our file: 2026-10-09 22:57:36.000
2026-10-09 22:59:32.874   Installing the file.
2026-10-09 22:59:32.874   Successfully installed the file.
2026-10-09 22:59:32.874   -- File entry --
2026-10-09 22:59:32.874   Dest filename: D:\a\_temp\agym-c64-38001250527-5872-u8q4q801\client\Admin\_internal\tzdata\zoneinfo\Etc\GMT+11
2026-10-09 22:59:32.874   Time stamp of our file: 2026-10-09 22:57:36.000
2026-10-09 22:59:32.874   Installing the file.
2026-10-09 22:59:32.874   Successfully installed the file.
2026-10-09 22:59:32.874   -- File entry --
2026-10-09 22:59:32.874   Dest filename: D:\a\_temp\agym-c64-38001250527-5872-u8q4q801\client\Admin\_internal\tzdata\zoneinfo\Etc\GMT+12
2026-10-09 22:59:32.874   Time stamp of our file: 2026-10-09 22:57:36.000
2026-10-09 22:59:32.874   Installing the file.
2026-10-09 22:59:32.874   Successfully installed the file.
2026-10-09 22:59:32.874   -- File entry --
2026-10-09 22:59:32.874   Dest filename: D:\a\_temp\agym-c64-38001250527-5872-u8q4q801\client\Admin\_internal\tzdata\zoneinfo\Etc\GMT+2
2026-10-09 22:59:32.874   Time stamp of our file: 2026-10-09 22:57:36.000
2026-10-09 22:59:32.874   Installing the file.
2026-10-09 22:59:32.874   Successfully installed the file.
2026-10-09 22:59:32.874   -- File entry --
2026-10-09 22:59:32.874   Dest filename: D:\a\_temp\agym-c64-38001250527-5872-u8q4q801\client\Admin\_internal\tzdata\zoneinfo\Etc\GMT+3
2026-10-09 22:59:32.874   Time stamp of our file: 2026-10-09 22:57:36.000
2026-10-09 22:59:32.874   Installing the file.
2026-10-09 22:59:32.874   Successfully installed the file.
2026-10-09 22:59:32.874   -- File entry --
2026-10-09 22:59:32.874   Dest filename: D:\a\_temp\agym-c64-38001250527-5872-u8q4q801\client\Admin\_internal\tzdata\zoneinfo\Etc\GMT+4
2026-10-09 22:59:32.874   Time stamp of our file: 2026-10-09 22:57:36.000
2026-10-09 22:59:32.874   Installing the file.
2026-10-09 22:59:32.874   Successfully installed the file.
2026-10-09 22:59:32.874   -- File entry --
2026-10-09 22:59:32.874   Dest filename: D:\a\_temp\agym-c64-38001250527-5872-u8q4q801\client\Admin\_internal\tzdata\zoneinfo\Etc\GMT+5
2026-10-09 22:59:32.874   Time stamp of our file: 2026-10-09 22:57:36.000
2026-10-09 22:59:32.874   Installing the file.
2026-10-09 22:59:32.874   Successfully installed the file.
2026-10-09 22:59:32.874   -- File entry --
2026-10-09 22:59:32.874   Dest filename: D:\a\_temp\agym-c64-38001250527-5872-u8q4q801\client\Admin\_internal\tzdata\zoneinfo\Etc\GMT+6
2026-10-09 22:59:32.874   Time stamp of our file: 2026-10-09 22:57:36.000
2026-10-09 22:59:32.874   Installing the file.
2026-10-09 22:59:32.874   Successfully installed the file.
2026-10-09 22:59:32.874   -- File entry --
2026-10-09 22:59:32.874   Dest filename: D:\a\_temp\agym-c64-38001250527-5872-u8q4q801\client\Admin\_internal\tzdata\zoneinfo\Etc\GMT+7
2026-10-09 22:59:32.874   Time stamp of our file: 2026-10-09 22:57:36.000
2026-10-09 22:59:32.874   Installing the file.
2026-10-09 22:59:32.874   Successfully installed the file.
2026-10-09 22:59:32.874   -- File entry --
2026-10-09 22:59:32.874   Dest filename: D:\a\_temp\agym-c64-38001250527-5872-u8q4q801\client\Admin\_internal\tzdata\zoneinfo\Etc\GMT+8
2026-10-09 22:59:32.874   Time stamp of our file: 2026-10-09 22:57:36.000
2026-10-09 22:59:32.874   Installing the file.
2026-10-09 22:59:32.874   Successfully installed the file.
2026-10-09 22:59:32.874   -- File entry --
2026-10-09 22:59:32.874   Dest filename: D:\a\_temp\agym-c64-38001250527-5872-u8q4q801\client\Admin\_internal\tzdata\zoneinfo\Etc\GMT+9
2026-10-09 22:59:32.874   Time stamp of our file: 2026-10-09 22:57:36.000
2026-10-09 22:59:32.874   Installing the file.
2026-10-09 22:59:32.874   Successfully installed the file.
2026-10-09 22:59:32.874   -- File entry --
2026-10-09 22:59:32.874   Dest filename: D:\a\_temp\agym-c64-38001250527-5872-u8q4q801\client\Admin\_internal\tzdata\zoneinfo\Etc\GMT-0
2026-10-09 22:59:32.874   Time stamp of our file: 2026-10-09 22:57:36.000
2026-10-09 22:59:32.874   Installing the file.
2026-10-09 22:59:32.874   Successfully installed the file.
2026-10-09 22:59:32.874   -- File entry --
2026-10-09 22:59:32.874   Dest filename: D:\a\_temp\agym-c64-38001250527-5872-u8q4q801\client\Admin\_internal\tzdata\zoneinfo\Etc\GMT-1
2026-10-09 22:59:32.874   Time stamp of our file: 2026-10-09 22:57:36.000
2026-10-09 22:59:32.874   Installing the file.
2026-10-09 22:59:32.874   Successfully installed the file.
2026-10-09 22:59:32.874   -- File entry --
2026-10-09 22:59:32.874   Dest filename: D:\a\_temp\agym-c64-38001250527-5872-u8q4q801\client\Admin\_internal\tzdata\zoneinfo\Etc\GMT-10
2026-10-09 22:59:32.874   Time stamp of our file: 2026-10-09 22:57:36.000
2026-10-09 22:59:32.874   Installing the file.
2026-10-09 22:59:32.874   Successfully installed the file.
2026-10-09 22:59:32.874   -- File entry --
2026-10-09 22:59:32.874   Dest filename: D:\a\_temp\agym-c64-38001250527-5872-u8q4q801\client\Admin\_internal\tzdata\zoneinfo\Etc\GMT-11
2026-10-09 22:59:32.874   Time stamp of our file: 2026-10-09 22:57:36.000
2026-10-09 22:59:32.874   Installing the file.
2026-10-09 22:59:32.874   Successfully installed the file.
2026-10-09 22:59:32.874   -- File entry --
2026-10-09 22:59:32.874   Dest filename: D:\a\_temp\agym-c64-38001250527-5872-u8q4q801\client\Admin\_internal\tzdata\zoneinfo\Etc\GMT-12
2026-10-09 22:59:32.874   Time stamp of our file: 2026-10-09 22:57:36.000
2026-10-09 22:59:32.874   Installing the file.
2026-10-09 22:59:32.874   Successfully installed the file.
2026-10-09 22:59:32.874   -- File entry --
2026-10-09 22:59:32.874   Dest filename: D:\a\_temp\agym-c64-38001250527-5872-u8q4q801\client\Admin\_internal\tzdata\zoneinfo\Etc\GMT-13
2026-10-09 22:59:32.874   Time stamp of our file: 2026-10-09 22:57:36.000
2026-10-09 22:59:32.874   Installing the file.
2026-10-09 22:59:32.874   Successfully installed the file.
2026-10-09 22:59:32.874   -- File entry --
2026-10-09 22:59:32.874   Dest filename: D:\a\_temp\agym-c64-38001250527-5872-u8q4q801\client\Admin\_internal\tzdata\zoneinfo\Etc\GMT-14
2026-10-09 22:59:32.874   Time stamp of our file: 2026-10-09 22:57:36.000
2026-10-09 22:59:32.874   Installing the file.
2026-10-09 22:59:32.874   Successfully installed the file.
2026-10-09 22:59:32.874   -- File entry --
2026-10-09 22:59:32.874   Dest filename: D:\a\_temp\agym-c64-38001250527-5872-u8q4q801\client\Admin\_internal\tzdata\zoneinfo\Etc\GMT-2
2026-10-09 22:59:32.874   Time stamp of our file: 2026-10-09 22:57:36.000
2026-10-09 22:59:32.874   Installing the file.
2026-10-09 22:59:32.874   Successfully installed the file.
2026-10-09 22:59:32.874   -- File entry --
2026-10-09 22:59:32.874   Dest filename: D:\a\_temp\agym-c64-38001250527-5872-u8q4q801\client\Admin\_internal\tzdata\zoneinfo\Etc\GMT-3
2026-10-09 22:59:32.874   Time stamp of our file: 2026-10-09 22:57:36.000
2026-10-09 22:59:32.874   Installing the file.
2026-10-09 22:59:32.874   Successfully installed the file.
2026-10-09 22:59:32.874   -- File entry --
2026-10-09 22:59:32.874   Dest filename: D:\a\_temp\agym-c64-38001250527-5872-u8q4q801\client\Admin\_internal\tzdata\zoneinfo\Etc\GMT-4
2026-10-09 22:59:32.874   Time stamp of our file: 2026-10-09 22:57:36.000
2026-10-09 22:59:32.874   Installing the file.
2026-10-09 22:59:32.874   Successfully installed the file.
2026-10-09 22:59:32.874   -- File entry --
2026-10-09 22:59:32.874   Dest filename: D:\a\_temp\agym-c64-38001250527-5872-u8q4q801\client\Admin\_internal\tzdata\zoneinfo\Etc\GMT-5
2026-10-09 22:59:32.874   Time stamp of our file: 2026-10-09 22:57:36.000
2026-10-09 22:59:32.874   Installing the file.
2026-10-09 22:59:32.874   Successfully installed the file.
2026-10-09 22:59:32.874   -- File entry --
2026-10-09 22:59:32.874   Dest filename: D:\a\_temp\agym-c64-38001250527-5872-u8q4q801\client\Admin\_internal\tzdata\zoneinfo\Etc\GMT-6
2026-10-09 22:59:32.874   Time stamp of our file: 2026-10-09 22:57:36.000
2026-10-09 22:59:32.874   Installing the file.
2026-10-09 22:59:32.874   Successfully installed the file.
2026-10-09 22:59:32.874   -- File entry --
2026-10-09 22:59:32.874   Dest filename: D:\a\_temp\agym-c64-38001250527-5872-u8q4q801\client\Admin\_internal\tzdata\zoneinfo\Etc\GMT-7
2026-10-09 22:59:32.874   Time stamp of our file: 2026-10-09 22:57:36.000
2026-10-09 22:59:32.874   Installing the file.
2026-10-09 22:59:32.874   Successfully installed the file.
2026-10-09 22:59:32.874   -- File entry --
2026-10-09 22:59:32.874   Dest filename: D:\a\_temp\agym-c64-38001250527-5872-u8q4q801\client\Admin\_internal\tzdata\zoneinfo\Etc\GMT-8
2026-10-09 22:59:32.874   Time stamp of our file: 2026-10-09 22:57:36.000
2026-10-09 22:59:32.874   Installing the file.
2026-10-09 22:59:32.874   Successfully installed the file.
2026-10-09 22:59:32.874   -- File entry --
2026-10-09 22:59:32.874   Dest filename: D:\a\_temp\agym-c64-38001250527-5872-u8q4q801\client\Admin\_internal\tzdata\zoneinfo\Etc\GMT-9
2026-10-09 22:59:32.874   Time stamp of our file: 2026-10-09 22:57:36.000
2026-10-09 22:59:32.874   Installing the file.
2026-10-09 22:59:32.874   Successfully installed the file.
2026-10-09 22:59:32.874   -- File entry --
2026-10-09 22:59:32.874   Dest filename: D:\a\_temp\agym-c64-38001250527-5872-u8q4q801\client\Admin\_internal\tzdata\zoneinfo\Etc\GMT0
2026-10-09 22:59:32.874   Time stamp of our file: 2026-10-09 22:57:36.000
2026-10-09 22:59:32.874   Installing the file.
2026-10-09 22:59:32.874   Successfully installed the file.
2026-10-09 22:59:32.874   -- File entry --
2026-10-09 22:59:32.874   Dest filename: D:\a\_temp\agym-c64-38001250527-5872-u8q4q801\client\Admin\_internal\tzdata\zoneinfo\Etc\Greenwich
2026-10-09 22:59:32.874   Time stamp of our file: 2026-10-09 22:57:36.000
2026-10-09 22:59:32.874   Installing the file.
2026-10-09 22:59:32.874   Successfully installed the file.
2026-10-09 22:59:32.874   -- File entry --
2026-10-09 22:59:32.874   Dest filename: D:\a\_temp\agym-c64-38001250527-5872-u8q4q801\client\Admin\_internal\tzdata\zoneinfo\Etc\UCT
2026-10-09 22:59:32.874   Time stamp of our file: 2026-10-09 22:57:36.000
2026-10-09 22:59:32.874   Installing the file.
2026-10-09 22:59:32.874   Successfully installed the file.
2026-10-09 22:59:32.874   -- File entry --
2026-10-09 22:59:32.874   Dest filename: D:\a\_temp\agym-c64-38001250527-5872-u8q4q801\client\Admin\_internal\tzdata\zoneinfo\Etc\Universal
2026-10-09 22:59:32.874   Time stamp of our file: 2026-10-09 22:57:36.000
2026-10-09 22:59:32.874   Installing the file.
2026-10-09 22:59:32.874   Successfully installed the file.
2026-10-09 22:59:32.874   -- File entry --
2026-10-09 22:59:32.874   Dest filename: D:\a\_temp\agym-c64-38001250527-5872-u8q4q801\client\Admin\_internal\tzdata\zoneinfo\Etc\UTC
2026-10-09 22:59:32.874   Time stamp of our file: 2026-10-09 22:57:36.000
2026-10-09 22:59:32.874   Installing the file.
2026-10-09 22:59:32.874   Successfully installed the file.
2026-10-09 22:59:32.874   -- File entry --
2026-10-09 22:59:32.874   Dest filename: D:\a\_temp\agym-c64-38001250527-5872-u8q4q801\client\Admin\_internal\tzdata\zoneinfo\Etc\Zulu
2026-10-09 22:59:32.874   Time stamp of our file: 2026-10-09 22:57:36.000
2026-10-09 22:59:32.874   Installing the file.
2026-10-09 22:59:32.874   Successfully installed the file.
2026-10-09 22:59:32.874   -- File entry --
2026-10-09 22:59:32.874   Dest filename: D:\a\_temp\agym-c64-38001250527-5872-u8q4q801\client\Admin\_internal\tzdata\zoneinfo\Etc\__init__.py
2026-10-09 22:59:32.874   Time stamp of our file: 2026-10-09 22:57:36.000
2026-10-09 22:59:32.874   Installing the file.
2026-10-09 22:59:32.874   Successfully installed the file.
2026-10-09 22:59:32.874   -- File entry --
2026-10-09 22:59:32.874   Dest filename: D:\a\_temp\agym-c64-38001250527-5872-u8q4q801\client\Admin\_internal\tzdata\zoneinfo\Europe\Amsterdam
2026-10-09 22:59:32.874   Time stamp of our file: 2026-10-09 22:57:36.000
2026-10-09 22:59:32.874   Installing the file.
2026-10-09 22:59:32.874   Creating directory: D:\a\_temp\agym-c64-38001250527-5872-u8q4q801\client\Admin\_internal\tzdata\zoneinfo\Europe
2026-10-09 22:59:32.874   Successfully installed the file.
2026-10-09 22:59:32.874   -- File entry --
2026-10-09 22:59:32.874   Dest filename: D:\a\_temp\agym-c64-38001250527-5872-u8q4q801\client\Admin\_internal\tzdata\zoneinfo\Europe\Andorra
2026-10-09 22:59:32.874   Time stamp of our file: 2026-10-09 22:57:36.000
2026-10-09 22:59:32.874   Installing the file.
2026-10-09 22:59:32.874   Successfully installed the file.
2026-10-09 22:59:32.874   -- File entry --
2026-10-09 22:59:32.874   Dest filename: D:\a\_temp\agym-c64-38001250527-5872-u8q4q801\client\Admin\_internal\tzdata\zoneinfo\Europe\Astrakhan
2026-10-09 22:59:32.874   Time stamp of our file: 2026-10-09 22:57:36.000
2026-10-09 22:59:32.874   Installing the file.
2026-10-09 22:59:32.890   Successfully installed the file.
2026-10-09 22:59:32.890   -- File entry --
2026-10-09 22:59:32.890   Dest filename: D:\a\_temp\agym-c64-38001250527-5872-u8q4q801\client\Admin\_internal\tzdata\zoneinfo\Europe\Athens
2026-10-09 22:59:32.890   Time stamp of our file: 2026-10-09 22:57:36.000
2026-10-09 22:59:32.890   Installing the file.
2026-10-09 22:59:32.890   Successfully installed the file.
2026-10-09 22:59:32.890   -- File entry --
2026-10-09 22:59:32.890   Dest filename: D:\a\_temp\agym-c64-38001250527-5872-u8q4q801\client\Admin\_internal\tzdata\zoneinfo\Europe\Belfast
2026-10-09 22:59:32.890   Time stamp of our file: 2026-10-09 22:57:36.000
2026-10-09 22:59:32.890   Installing the file.
2026-10-09 22:59:32.890   Successfully installed the file.
2026-10-09 22:59:32.890   -- File entry --
2026-10-09 22:59:32.890   Dest filename: D:\a\_temp\agym-c64-38001250527-5872-u8q4q801\client\Admin\_internal\tzdata\zoneinfo\Europe\Belgrade
2026-10-09 22:59:32.890   Time stamp of our file: 2026-10-09 22:57:36.000
2026-10-09 22:59:32.890   Installing the file.
2026-10-09 22:59:32.890   Successfully installed the file.
2026-10-09 22:59:32.890   -- File entry --
2026-10-09 22:59:32.890   Dest filename: D:\a\_temp\agym-c64-38001250527-5872-u8q4q801\client\Admin\_internal\tzdata\zoneinfo\Europe\Berlin
2026-10-09 22:59:32.890   Time stamp of our file: 2026-10-09 22:57:36.000
2026-10-09 22:59:32.890   Installing the file.
2026-10-09 22:59:32.890   Successfully installed the file.
2026-10-09 22:59:32.890   -- File entry --
2026-10-09 22:59:32.890   Dest filename: D:\a\_temp\agym-c64-38001250527-5872-u8q4q801\client\Admin\_internal\tzdata\zoneinfo\Europe\Bratislava
2026-10-09 22:59:32.890   Time stamp of our file: 2026-10-09 22:57:36.000
2026-10-09 22:59:32.890   Installing the file.
2026-10-09 22:59:32.890   Successfully installed the file.
2026-10-09 22:59:32.890   -- File entry --
2026-10-09 22:59:32.890   Dest filename: D:\a\_temp\agym-c64-38001250527-5872-u8q4q801\client\Admin\_internal\tzdata\zoneinfo\Europe\Brussels
2026-10-09 22:59:32.890   Time stamp of our file: 2026-10-09 22:57:36.000
2026-10-09 22:59:32.890   Installing the file.
2026-10-09 22:59:32.890   Successfully installed the file.
2026-10-09 22:59:32.890   -- File entry --
2026-10-09 22:59:32.890   Dest filename: D:\a\_temp\agym-c64-38001250527-5872-u8q4q801\client\Admin\_internal\tzdata\zoneinfo\Europe\Bucharest
2026-10-09 22:59:32.890   Time stamp of our file: 2026-10-09 22:57:36.000
2026-10-09 22:59:32.890   Installing the file.
2026-10-09 22:59:32.890   Successfully installed the file.
2026-10-09 22:59:32.890   -- File entry --
2026-10-09 22:59:32.890   Dest filename: D:\a\_temp\agym-c64-38001250527-5872-u8q4q801\client\Admin\_internal\tzdata\zoneinfo\Europe\Budapest
2026-10-09 22:59:32.890   Time stamp of our file: 2026-10-09 22:57:36.000
2026-10-09 22:59:32.890   Installing the file.
2026-10-09 22:59:32.890   Successfully installed the file.
2026-10-09 22:59:32.890   -- File entry --
2026-10-09 22:59:32.890   Dest filename: D:\a\_temp\agym-c64-38001250527-5872-u8q4q801\client\Admin\_internal\tzdata\zoneinfo\Europe\Busingen
2026-10-09 22:59:32.890   Time stamp of our file: 2026-10-09 22:57:36.000
2026-10-09 22:59:32.890   Installing the file.
2026-10-09 22:59:32.890   Successfully installed the file.
2026-10-09 22:59:32.890   -- File entry --
2026-10-09 22:59:32.890   Dest filename: D:\a\_temp\agym-c64-38001250527-5872-u8q4q801\client\Admin\_internal\tzdata\zoneinfo\Europe\Chisinau
2026-10-09 22:59:32.890   Time stamp of our file: 2026-10-09 22:57:36.000
2026-10-09 22:59:32.890   Installing the file.
2026-10-09 22:59:32.890   Successfully installed the file.
2026-10-09 22:59:32.890   -- File entry --
2026-10-09 22:59:32.890   Dest filename: D:\a\_temp\agym-c64-38001250527-5872-u8q4q801\client\Admin\_internal\tzdata\zoneinfo\Europe\Copenhagen
2026-10-09 22:59:32.890   Time stamp of our file: 2026-10-09 22:57:36.000
2026-10-09 22:59:32.890   Installing the file.
2026-10-09 22:59:32.890   Successfully installed the file.
2026-10-09 22:59:32.890   -- File entry --
2026-10-09 22:59:32.890   Dest filename: D:\a\_temp\agym-c64-38001250527-5872-u8q4q801\client\Admin\_internal\tzdata\zoneinfo\Europe\Dublin
2026-10-09 22:59:32.890   Time stamp of our file: 2026-10-09 22:57:36.000
2026-10-09 22:59:32.890   Installing the file.
2026-10-09 22:59:32.890   Successfully installed the file.
2026-10-09 22:59:32.890   -- File entry --
2026-10-09 22:59:32.890   Dest filename: D:\a\_temp\agym-c64-38001250527-5872-u8q4q801\client\Admin\_internal\tzdata\zoneinfo\Europe\Gibraltar
2026-10-09 22:59:32.890   Time stamp of our file: 2026-10-09 22:57:36.000
2026-10-09 22:59:32.890   Installing the file.
2026-10-09 22:59:32.890   Successfully installed the file.
2026-10-09 22:59:32.890   -- File entry --
2026-10-09 22:59:32.890   Dest filename: D:\a\_temp\agym-c64-38001250527-5872-u8q4q801\client\Admin\_internal\tzdata\zoneinfo\Europe\Guernsey
2026-10-09 22:59:32.890   Time stamp of our file: 2026-10-09 22:57:36.000
2026-10-09 22:59:32.890   Installing the file.
2026-10-09 22:59:32.890   Successfully installed the file.
2026-10-09 22:59:32.890   -- File entry --
2026-10-09 22:59:32.890   Dest filename: D:\a\_temp\agym-c64-38001250527-5872-u8q4q801\client\Admin\_internal\tzdata\zoneinfo\Europe\Helsinki
2026-10-09 22:59:32.890   Time stamp of our file: 2026-10-09 22:57:36.000
2026-10-09 22:59:32.890   Installing the file.
2026-10-09 22:59:32.890   Successfully installed the file.
2026-10-09 22:59:32.890   -- File entry --
2026-10-09 22:59:32.890   Dest filename: D:\a\_temp\agym-c64-38001250527-5872-u8q4q801\client\Admin\_internal\tzdata\zoneinfo\Europe\Isle_of_Man
2026-10-09 22:59:32.890   Time stamp of our file: 2026-10-09 22:57:36.000
2026-10-09 22:59:32.890   Installing the file.
2026-10-09 22:59:32.890   Successfully installed the file.
2026-10-09 22:59:32.890   -- File entry --
2026-10-09 22:59:32.890   Dest filename: D:\a\_temp\agym-c64-38001250527-5872-u8q4q801\client\Admin\_internal\tzdata\zoneinfo\Europe\Istanbul
2026-10-09 22:59:32.890   Time stamp of our file: 2026-10-09 22:57:36.000
2026-10-09 22:59:32.890   Installing the file.
2026-10-09 22:59:32.890   Successfully installed the file.
2026-10-09 22:59:32.890   -- File entry --
2026-10-09 22:59:32.890   Dest filename: D:\a\_temp\agym-c64-38001250527-5872-u8q4q801\client\Admin\_internal\tzdata\zoneinfo\Europe\Jersey
2026-10-09 22:59:32.890   Time stamp of our file: 2026-10-09 22:57:36.000
2026-10-09 22:59:32.890   Installing the file.
2026-10-09 22:59:32.890   Successfully installed the file.
2026-10-09 22:59:32.890   -- File entry --
2026-10-09 22:59:32.890   Dest filename: D:\a\_temp\agym-c64-38001250527-5872-u8q4q801\client\Admin\_internal\tzdata\zoneinfo\Europe\Kaliningrad
2026-10-09 22:59:32.890   Time stamp of our file: 2026-10-09 22:57:36.000
2026-10-09 22:59:32.890   Installing the file.
2026-10-09 22:59:32.890   Successfully installed the file.
2026-10-09 22:59:32.890   -- File entry --
2026-10-09 22:59:32.890   Dest filename: D:\a\_temp\agym-c64-38001250527-5872-u8q4q801\client\Admin\_internal\tzdata\zoneinfo\Europe\Kiev
2026-10-09 22:59:32.890   Time stamp of our file: 2026-10-09 22:57:36.000
2026-10-09 22:59:32.890   Installing the file.
2026-10-09 22:59:32.890   Successfully installed the file.
2026-10-09 22:59:32.890   -- File entry --
2026-10-09 22:59:32.890   Dest filename: D:\a\_temp\agym-c64-38001250527-5872-u8q4q801\client\Admin\_internal\tzdata\zoneinfo\Europe\Kirov
2026-10-09 22:59:32.890   Time stamp of our file: 2026-10-09 22:57:36.000
2026-10-09 22:59:32.890   Installing the file.
2026-10-09 22:59:32.890   Successfully installed the file.
2026-10-09 22:59:32.890   -- File entry --
2026-10-09 22:59:32.890   Dest filename: D:\a\_temp\agym-c64-38001250527-5872-u8q4q801\client\Admin\_internal\tzdata\zoneinfo\Europe\Kyiv
2026-10-09 22:59:32.890   Time stamp of our file: 2026-10-09 22:57:36.000
2026-10-09 22:59:32.890   Installing the file.
2026-10-09 22:59:32.890   Successfully installed the file.
2026-10-09 22:59:32.890   -- File entry --
2026-10-09 22:59:32.890   Dest filename: D:\a\_temp\agym-c64-38001250527-5872-u8q4q801\client\Admin\_internal\tzdata\zoneinfo\Europe\Lisbon
2026-10-09 22:59:32.890   Time stamp of our file: 2026-10-09 22:57:36.000
2026-10-09 22:59:32.890   Installing the file.
2026-10-09 22:59:32.890   Successfully installed the file.
2026-10-09 22:59:32.890   -- File entry --
2026-10-09 22:59:32.890   Dest filename: D:\a\_temp\agym-c64-38001250527-5872-u8q4q801\client\Admin\_internal\tzdata\zoneinfo\Europe\Ljubljana
2026-10-09 22:59:32.890   Time stamp of our file: 2026-10-09 22:57:36.000
2026-10-09 22:59:32.890   Installing the file.
2026-10-09 22:59:32.890   Successfully installed the file.
2026-10-09 22:59:32.890   -- File entry --
2026-10-09 22:59:32.890   Dest filename: D:\a\_temp\agym-c64-38001250527-5872-u8q4q801\client\Admin\_internal\tzdata\zoneinfo\Europe\London
2026-10-09 22:59:32.890   Time stamp of our file: 2026-10-09 22:57:36.000
2026-10-09 22:59:32.890   Installing the file.
2026-10-09 22:59:32.890   Successfully installed the file.
2026-10-09 22:59:32.890   -- File entry --
2026-10-09 22:59:32.890   Dest filename: D:\a\_temp\agym-c64-38001250527-5872-u8q4q801\client\Admin\_internal\tzdata\zoneinfo\Europe\Luxembourg
2026-10-09 22:59:32.890   Time stamp of our file: 2026-10-09 22:57:36.000
2026-10-09 22:59:32.890   Installing the file.
2026-10-09 22:59:32.890   Successfully installed the file.
2026-10-09 22:59:32.890   -- File entry --
2026-10-09 22:59:32.890   Dest filename: D:\a\_temp\agym-c64-38001250527-5872-u8q4q801\client\Admin\_internal\tzdata\zoneinfo\Europe\Madrid
2026-10-09 22:59:32.890   Time stamp of our file: 2026-10-09 22:57:36.000
2026-10-09 22:59:32.890   Installing the file.
2026-10-09 22:59:32.890   Successfully installed the file.
2026-10-09 22:59:32.890   -- File entry --
2026-10-09 22:59:32.890   Dest filename: D:\a\_temp\agym-c64-38001250527-5872-u8q4q801\client\Admin\_internal\tzdata\zoneinfo\Europe\Malta
2026-10-09 22:59:32.890   Time stamp of our file: 2026-10-09 22:57:36.000
2026-10-09 22:59:32.890   Installing the file.
2026-10-09 22:59:32.890   Successfully installed the file.
2026-10-09 22:59:32.890   -- File entry --
2026-10-09 22:59:32.890   Dest filename: D:\a\_temp\agym-c64-38001250527-5872-u8q4q801\client\Admin\_internal\tzdata\zoneinfo\Europe\Mariehamn
2026-10-09 22:59:32.890   Time stamp of our file: 2026-10-09 22:57:36.000
2026-10-09 22:59:32.890   Installing the file.
2026-10-09 22:59:32.890   Successfully installed the file.
2026-10-09 22:59:32.890   -- File entry --
2026-10-09 22:59:32.890   Dest filename: D:\a\_temp\agym-c64-38001250527-5872-u8q4q801\client\Admin\_internal\tzdata\zoneinfo\Europe\Minsk
2026-10-09 22:59:32.890   Time stamp of our file: 2026-10-09 22:57:36.000
2026-10-09 22:59:32.890   Installing the file.
2026-10-09 22:59:32.890   Successfully installed the file.
2026-10-09 22:59:32.890   -- File entry --
2026-10-09 22:59:32.890   Dest filename: D:\a\_temp\agym-c64-38001250527-5872-u8q4q801\client\Admin\_internal\tzdata\zoneinfo\Europe\Monaco
2026-10-09 22:59:32.890   Time stamp of our file: 2026-10-09 22:57:36.000
2026-10-09 22:59:32.890   Installing the file.
2026-10-09 22:59:32.890   Successfully installed the file.
2026-10-09 22:59:32.890   -- File entry --
2026-10-09 22:59:32.890   Dest filename: D:\a\_temp\agym-c64-38001250527-5872-u8q4q801\client\Admin\_internal\tzdata\zoneinfo\Europe\Moscow
2026-10-09 22:59:32.890   Time stamp of our file: 2026-10-09 22:57:36.000
2026-10-09 22:59:32.890   Installing the file.
2026-10-09 22:59:32.890   Successfully installed the file.
2026-10-09 22:59:32.890   -- File entry --
2026-10-09 22:59:32.890   Dest filename: D:\a\_temp\agym-c64-38001250527-5872-u8q4q801\client\Admin\_internal\tzdata\zoneinfo\Europe\Nicosia
2026-10-09 22:59:32.890   Time stamp of our file: 2026-10-09 22:57:36.000
2026-10-09 22:59:32.890   Installing the file.
2026-10-09 22:59:32.890   Successfully installed the file.
2026-10-09 22:59:32.890   -- File entry --
2026-10-09 22:59:32.890   Dest filename: D:\a\_temp\agym-c64-38001250527-5872-u8q4q801\client\Admin\_internal\tzdata\zoneinfo\Europe\Oslo
2026-10-09 22:59:32.890   Time stamp of our file: 2026-10-09 22:57:36.000
2026-10-09 22:59:32.890   Installing the file.
2026-10-09 22:59:32.890   Successfully installed the file.
2026-10-09 22:59:32.890   -- File entry --
2026-10-09 22:59:32.890   Dest filename: D:\a\_temp\agym-c64-38001250527-5872-u8q4q801\client\Admin\_internal\tzdata\zoneinfo\Europe\Paris
2026-10-09 22:59:32.890   Time stamp of our file: 2026-10-09 22:57:36.000
2026-10-09 22:59:32.890   Installing the file.
2026-10-09 22:59:32.890   Successfully installed the file.
2026-10-09 22:59:32.890   -- File entry --
2026-10-09 22:59:32.890   Dest filename: D:\a\_temp\agym-c64-38001250527-5872-u8q4q801\client\Admin\_internal\tzdata\zoneinfo\Europe\Podgorica
2026-10-09 22:59:32.890   Time stamp of our file: 2026-10-09 22:57:36.000
2026-10-09 22:59:32.890   Installing the file.
2026-10-09 22:59:32.890   Successfully installed the file.
2026-10-09 22:59:32.905   -- File entry --
2026-10-09 22:59:32.905   Dest filename: D:\a\_temp\agym-c64-38001250527-5872-u8q4q801\client\Admin\_internal\tzdata\zoneinfo\Europe\Prague
2026-10-09 22:59:32.905   Time stamp of our file: 2026-10-09 22:57:36.000
2026-10-09 22:59:32.905   Installing the file.
2026-10-09 22:59:32.905   Successfully installed the file.
2026-10-09 22:59:32.905   -- File entry --
2026-10-09 22:59:32.905   Dest filename: D:\a\_temp\agym-c64-38001250527-5872-u8q4q801\client\Admin\_internal\tzdata\zoneinfo\Europe\Riga
2026-10-09 22:59:32.905   Time stamp of our file: 2026-10-09 22:57:36.000
2026-10-09 22:59:32.905   Installing the file.
2026-10-09 22:59:32.905   Successfully installed the file.
2026-10-09 22:59:32.905   -- File entry --
2026-10-09 22:59:32.905   Dest filename: D:\a\_temp\agym-c64-38001250527-5872-u8q4q801\client\Admin\_internal\tzdata\zoneinfo\Europe\Rome
2026-10-09 22:59:32.905   Time stamp of our file: 2026-10-09 22:57:36.000
2026-10-09 22:59:32.905   Installing the file.
2026-10-09 22:59:32.905   Successfully installed the file.
2026-10-09 22:59:32.905   -- File entry --
2026-10-09 22:59:32.905   Dest filename: D:\a\_temp\agym-c64-38001250527-5872-u8q4q801\client\Admin\_internal\tzdata\zoneinfo\Europe\Samara
2026-10-09 22:59:32.905   Time stamp of our file: 2026-10-09 22:57:36.000
2026-10-09 22:59:32.905   Installing the file.
2026-10-09 22:59:32.905   Successfully installed the file.
2026-10-09 22:59:32.905   -- File entry --
2026-10-09 22:59:32.905   Dest filename: D:\a\_temp\agym-c64-38001250527-5872-u8q4q801\client\Admin\_internal\tzdata\zoneinfo\Europe\San_Marino
2026-10-09 22:59:32.905   Time stamp of our file: 2026-10-09 22:57:36.000
2026-10-09 22:59:32.905   Installing the file.
2026-10-09 22:59:32.905   Successfully installed the file.
2026-10-09 22:59:32.905   -- File entry --
2026-10-09 22:59:32.905   Dest filename: D:\a\_temp\agym-c64-38001250527-5872-u8q4q801\client\Admin\_internal\tzdata\zoneinfo\Europe\Sarajevo
2026-10-09 22:59:32.905   Time stamp of our file: 2026-10-09 22:57:36.000
2026-10-09 22:59:32.905   Installing the file.
2026-10-09 22:59:32.905   Successfully installed the file.
2026-10-09 22:59:32.905   -- File entry --
2026-10-09 22:59:32.905   Dest filename: D:\a\_temp\agym-c64-38001250527-5872-u8q4q801\client\Admin\_internal\tzdata\zoneinfo\Europe\Saratov
2026-10-09 22:59:32.905   Time stamp of our file: 2026-10-09 22:57:36.000
2026-10-09 22:59:32.905   Installing the file.
2026-10-09 22:59:32.905   Successfully installed the file.
2026-10-09 22:59:32.905   -- File entry --
2026-10-09 22:59:32.905   Dest filename: D:\a\_temp\agym-c64-38001250527-5872-u8q4q801\client\Admin\_internal\tzdata\zoneinfo\Europe\Simferopol
2026-10-09 22:59:32.905   Time stamp of our file: 2026-10-09 22:57:36.000
2026-10-09 22:59:32.905   Installing the file.
2026-10-09 22:59:32.905   Successfully installed the file.
2026-10-09 22:59:32.905   -- File entry --
2026-10-09 22:59:32.905   Dest filename: D:\a\_temp\agym-c64-38001250527-5872-u8q4q801\client\Admin\_internal\tzdata\zoneinfo\Europe\Skopje
2026-10-09 22:59:32.905   Time stamp of our file: 2026-10-09 22:57:36.000
2026-10-09 22:59:32.905   Installing the file.
2026-10-09 22:59:32.905   Successfully installed the file.
2026-10-09 22:59:32.905   -- File entry --
2026-10-09 22:59:32.905   Dest filename: D:\a\_temp\agym-c64-38001250527-5872-u8q4q801\client\Admin\_internal\tzdata\zoneinfo\Europe\Sofia
2026-10-09 22:59:32.905   Time stamp of our file: 2026-10-09 22:57:36.000
2026-10-09 22:59:32.905   Installing the file.
2026-10-09 22:59:32.905   Successfully installed the file.
2026-10-09 22:59:32.905   -- File entry --
2026-10-09 22:59:32.905   Dest filename: D:\a\_temp\agym-c64-38001250527-5872-u8q4q801\client\Admin\_internal\tzdata\zoneinfo\Europe\Stockholm
2026-10-09 22:59:32.905   Time stamp of our file: 2026-10-09 22:57:36.000
2026-10-09 22:59:32.905   Installing the file.
2026-10-09 22:59:32.905   Successfully installed the file.
2026-10-09 22:59:32.905   -- File entry --
2026-10-09 22:59:32.905   Dest filename: D:\a\_temp\agym-c64-38001250527-5872-u8q4q801\client\Admin\_internal\tzdata\zoneinfo\Europe\Tallinn
2026-10-09 22:59:32.905   Time stamp of our file: 2026-10-09 22:57:36.000
2026-10-09 22:59:32.905   Installing the file.
2026-10-09 22:59:32.905   Successfully installed the file.
2026-10-09 22:59:32.905   -- File entry --
2026-10-09 22:59:32.905   Dest filename: D:\a\_temp\agym-c64-38001250527-5872-u8q4q801\client\Admin\_internal\tzdata\zoneinfo\Europe\Tirane
2026-10-09 22:59:32.905   Time stamp of our file: 2026-10-09 22:57:36.000
2026-10-09 22:59:32.905   Installing the file.
2026-10-09 22:59:32.905   Successfully installed the file.
2026-10-09 22:59:32.905   -- File entry --
2026-10-09 22:59:32.905   Dest filename: D:\a\_temp\agym-c64-38001250527-5872-u8q4q801\client\Admin\_internal\tzdata\zoneinfo\Europe\Tiraspol
2026-10-09 22:59:32.905   Time stamp of our file: 2026-10-09 22:57:36.000
2026-10-09 22:59:32.905   Installing the file.
2026-10-09 22:59:32.905   Successfully installed the file.
2026-10-09 22:59:32.905   -- File entry --
2026-10-09 22:59:32.905   Dest filename: D:\a\_temp\agym-c64-38001250527-5872-u8q4q801\client\Admin\_internal\tzdata\zoneinfo\Europe\Ulyanovsk
2026-10-09 22:59:32.905   Time stamp of our file: 2026-10-09 22:57:36.000
2026-10-09 22:59:32.905   Installing the file.
2026-10-09 22:59:32.905   Successfully installed the file.
2026-10-09 22:59:32.905   -- File entry --
2026-10-09 22:59:32.905   Dest filename: D:\a\_temp\agym-c64-38001250527-5872-u8q4q801\client\Admin\_internal\tzdata\zoneinfo\Europe\Uzhgorod
2026-10-09 22:59:32.905   Time stamp of our file: 2026-10-09 22:57:36.000
2026-10-09 22:59:32.905   Installing the file.
2026-10-09 22:59:32.905   Successfully installed the file.
2026-10-09 22:59:32.905   -- File entry --
2026-10-09 22:59:32.905   Dest filename: D:\a\_temp\agym-c64-38001250527-5872-u8q4q801\client\Admin\_internal\tzdata\zoneinfo\Europe\Vaduz
2026-10-09 22:59:32.905   Time stamp of our file: 2026-10-09 22:57:36.000
2026-10-09 22:59:32.905   Installing the file.
2026-10-09 22:59:32.905   Successfully installed the file.
2026-10-09 22:59:32.905   -- File entry --
2026-10-09 22:59:32.905   Dest filename: D:\a\_temp\agym-c64-38001250527-5872-u8q4q801\client\Admin\_internal\tzdata\zoneinfo\Europe\Vatican
2026-10-09 22:59:32.905   Time stamp of our file: 2026-10-09 22:57:36.000
2026-10-09 22:59:32.905   Installing the file.
2026-10-09 22:59:32.905   Successfully installed the file.
2026-10-09 22:59:32.905   -- File entry --
2026-10-09 22:59:32.905   Dest filename: D:\a\_temp\agym-c64-38001250527-5872-u8q4q801\client\Admin\_internal\tzdata\zoneinfo\Europe\Vienna
2026-10-09 22:59:32.905   Time stamp of our file: 2026-10-09 22:57:36.000
2026-10-09 22:59:32.905   Installing the file.
2026-10-09 22:59:32.905   Successfully installed the file.
2026-10-09 22:59:32.905   -- File entry --
2026-10-09 22:59:32.905   Dest filename: D:\a\_temp\agym-c64-38001250527-5872-u8q4q801\client\Admin\_internal\tzdata\zoneinfo\Europe\Vilnius
2026-10-09 22:59:32.905   Time stamp of our file: 2026-10-09 22:57:36.000
2026-10-09 22:59:32.905   Installing the file.
2026-10-09 22:59:32.905   Successfully installed the file.
2026-10-09 22:59:32.905   -- File entry --
2026-10-09 22:59:32.905   Dest filename: D:\a\_temp\agym-c64-38001250527-5872-u8q4q801\client\Admin\_internal\tzdata\zoneinfo\Europe\Volgograd
2026-10-09 22:59:32.905   Time stamp of our file: 2026-10-09 22:57:36.000
2026-10-09 22:59:32.905   Installing the file.
2026-10-09 22:59:32.905   Successfully installed the file.
2026-10-09 22:59:32.905   -- File entry --
2026-10-09 22:59:32.905   Dest filename: D:\a\_temp\agym-c64-38001250527-5872-u8q4q801\client\Admin\_internal\tzdata\zoneinfo\Europe\Warsaw
2026-10-09 22:59:32.905   Time stamp of our file: 2026-10-09 22:57:36.000
2026-10-09 22:59:32.905   Installing the file.
2026-10-09 22:59:32.905   Successfully installed the file.
2026-10-09 22:59:32.905   -- File entry --
2026-10-09 22:59:32.905   Dest filename: D:\a\_temp\agym-c64-38001250527-5872-u8q4q801\client\Admin\_internal\tzdata\zoneinfo\Europe\Zagreb
2026-10-09 22:59:32.905   Time stamp of our file: 2026-10-09 22:57:36.000
2026-10-09 22:59:32.905   Installing the file.
2026-10-09 22:59:32.905   Successfully installed the file.
2026-10-09 22:59:32.905   -- File entry --
2026-10-09 22:59:32.905   Dest filename: D:\a\_temp\agym-c64-38001250527-5872-u8q4q801\client\Admin\_internal\tzdata\zoneinfo\Europe\Zaporozhye
2026-10-09 22:59:32.905   Time stamp of our file: 2026-10-09 22:57:36.000
2026-10-09 22:59:32.905   Installing the file.
2026-10-09 22:59:32.905   Successfully installed the file.
2026-10-09 22:59:32.905   -- File entry --
2026-10-09 22:59:32.905   Dest filename: D:\a\_temp\agym-c64-38001250527-5872-u8q4q801\client\Admin\_internal\tzdata\zoneinfo\Europe\Zurich
2026-10-09 22:59:32.905   Time stamp of our file: 2026-10-09 22:57:36.000
2026-10-09 22:59:32.905   Installing the file.
2026-10-09 22:59:32.905   Successfully installed the file.
2026-10-09 22:59:32.905   -- File entry --
2026-10-09 22:59:32.905   Dest filename: D:\a\_temp\agym-c64-38001250527-5872-u8q4q801\client\Admin\_internal\tzdata\zoneinfo\Europe\__init__.py
2026-10-09 22:59:32.905   Time stamp of our file: 2026-10-09 22:57:36.000
2026-10-09 22:59:32.905   Installing the file.
2026-10-09 22:59:32.905   Successfully installed the file.
2026-10-09 22:59:32.905   -- File entry --
2026-10-09 22:59:32.905   Dest filename: D:\a\_temp\agym-c64-38001250527-5872-u8q4q801\client\Admin\_internal\tzdata\zoneinfo\Indian\Antananarivo
2026-10-09 22:59:32.905   Time stamp of our file: 2026-10-09 22:57:36.000
2026-10-09 22:59:32.905   Installing the file.
2026-10-09 22:59:32.905   Creating directory: D:\a\_temp\agym-c64-38001250527-5872-u8q4q801\client\Admin\_internal\tzdata\zoneinfo\Indian
2026-10-09 22:59:32.905   Successfully installed the file.
2026-10-09 22:59:32.905   -- File entry --
2026-10-09 22:59:32.905   Dest filename: D:\a\_temp\agym-c64-38001250527-5872-u8q4q801\client\Admin\_internal\tzdata\zoneinfo\Indian\Chagos
2026-10-09 22:59:32.905   Time stamp of our file: 2026-10-09 22:57:36.000
2026-10-09 22:59:32.905   Installing the file.
2026-10-09 22:59:32.905   Successfully installed the file.
2026-10-09 22:59:32.905   -- File entry --
2026-10-09 22:59:32.905   Dest filename: D:\a\_temp\agym-c64-38001250527-5872-u8q4q801\client\Admin\_internal\tzdata\zoneinfo\Indian\Christmas
2026-10-09 22:59:32.905   Time stamp of our file: 2026-10-09 22:57:36.000
2026-10-09 22:59:32.905   Installing the file.
2026-10-09 22:59:32.905   Successfully installed the file.
2026-10-09 22:59:32.905   -- File entry --
2026-10-09 22:59:32.905   Dest filename: D:\a\_temp\agym-c64-38001250527-5872-u8q4q801\client\Admin\_internal\tzdata\zoneinfo\Indian\Cocos
2026-10-09 22:59:32.905   Time stamp of our file: 2026-10-09 22:57:36.000
2026-10-09 22:59:32.905   Installing the file.
2026-10-09 22:59:32.905   Successfully installed the file.
2026-10-09 22:59:32.905   -- File entry --
2026-10-09 22:59:32.905   Dest filename: D:\a\_temp\agym-c64-38001250527-5872-u8q4q801\client\Admin\_internal\tzdata\zoneinfo\Indian\Comoro
2026-10-09 22:59:32.905   Time stamp of our file: 2026-10-09 22:57:36.000
2026-10-09 22:59:32.905   Installing the file.
2026-10-09 22:59:32.905   Successfully installed the file.
2026-10-09 22:59:32.905   -- File entry --
2026-10-09 22:59:32.905   Dest filename: D:\a\_temp\agym-c64-38001250527-5872-u8q4q801\client\Admin\_internal\tzdata\zoneinfo\Indian\Kerguelen
2026-10-09 22:59:32.905   Time stamp of our file: 2026-10-09 22:57:36.000
2026-10-09 22:59:32.905   Installing the file.
2026-10-09 22:59:32.905   Successfully installed the file.
2026-10-09 22:59:32.905   -- File entry --
2026-10-09 22:59:32.905   Dest filename: D:\a\_temp\agym-c64-38001250527-5872-u8q4q801\client\Admin\_internal\tzdata\zoneinfo\Indian\Mahe
2026-10-09 22:59:32.905   Time stamp of our file: 2026-10-09 22:57:36.000
2026-10-09 22:59:32.905   Installing the file.
2026-10-09 22:59:32.905   Successfully installed the file.
2026-10-09 22:59:32.905   -- File entry --
2026-10-09 22:59:32.905   Dest filename: D:\a\_temp\agym-c64-38001250527-5872-u8q4q801\client\Admin\_internal\tzdata\zoneinfo\Indian\Maldives
2026-10-09 22:59:32.905   Time stamp of our file: 2026-10-09 22:57:36.000
2026-10-09 22:59:32.905   Installing the file.
2026-10-09 22:59:32.905   Successfully installed the file.
2026-10-09 22:59:32.905   -- File entry --
2026-10-09 22:59:32.905   Dest filename: D:\a\_temp\agym-c64-38001250527-5872-u8q4q801\client\Admin\_internal\tzdata\zoneinfo\Indian\Mauritius
2026-10-09 22:59:32.905   Time stamp of our file: 2026-10-09 22:57:36.000
2026-10-09 22:59:32.905   Installing the file.
2026-10-09 22:59:32.905   Successfully installed the file.
2026-10-09 22:59:32.905   -- File entry --
2026-10-09 22:59:32.905   Dest filename: D:\a\_temp\agym-c64-38001250527-5872-u8q4q801\client\Admin\_internal\tzdata\zoneinfo\Indian\Mayotte
2026-10-09 22:59:32.905   Time stamp of our file: 2026-10-09 22:57:36.000
2026-10-09 22:59:32.905   Installing the file.
2026-10-09 22:59:32.921   Successfully installed the file.
2026-10-09 22:59:32.921   -- File entry --
2026-10-09 22:59:32.921   Dest filename: D:\a\_temp\agym-c64-38001250527-5872-u8q4q801\client\Admin\_internal\tzdata\zoneinfo\Indian\Reunion
2026-10-09 22:59:32.921   Time stamp of our file: 2026-10-09 22:57:36.000
2026-10-09 22:59:32.921   Installing the file.
2026-10-09 22:59:32.921   Successfully installed the file.
2026-10-09 22:59:32.921   -- File entry --
2026-10-09 22:59:32.921   Dest filename: D:\a\_temp\agym-c64-38001250527-5872-u8q4q801\client\Admin\_internal\tzdata\zoneinfo\Indian\__init__.py
2026-10-09 22:59:32.921   Time stamp of our file: 2026-10-09 22:57:36.000
2026-10-09 22:59:32.921   Installing the file.
2026-10-09 22:59:32.921   Successfully installed the file.
2026-10-09 22:59:32.921   -- File entry --
2026-10-09 22:59:32.921   Dest filename: D:\a\_temp\agym-c64-38001250527-5872-u8q4q801\client\Admin\_internal\tzdata\zoneinfo\Mexico\BajaNorte
2026-10-09 22:59:32.921   Time stamp of our file: 2026-10-09 22:57:36.000
2026-10-09 22:59:32.921   Installing the file.
2026-10-09 22:59:32.921   Creating directory: D:\a\_temp\agym-c64-38001250527-5872-u8q4q801\client\Admin\_internal\tzdata\zoneinfo\Mexico
2026-10-09 22:59:32.921   Successfully installed the file.
2026-10-09 22:59:32.921   -- File entry --
2026-10-09 22:59:32.921   Dest filename: D:\a\_temp\agym-c64-38001250527-5872-u8q4q801\client\Admin\_internal\tzdata\zoneinfo\Mexico\BajaSur
2026-10-09 22:59:32.921   Time stamp of our file: 2026-10-09 22:57:36.000
2026-10-09 22:59:32.921   Installing the file.
2026-10-09 22:59:32.921   Successfully installed the file.
2026-10-09 22:59:32.921   -- File entry --
2026-10-09 22:59:32.921   Dest filename: D:\a\_temp\agym-c64-38001250527-5872-u8q4q801\client\Admin\_internal\tzdata\zoneinfo\Mexico\General
2026-10-09 22:59:32.921   Time stamp of our file: 2026-10-09 22:57:36.000
2026-10-09 22:59:32.921   Installing the file.
2026-10-09 22:59:32.921   Successfully installed the file.
2026-10-09 22:59:32.921   -- File entry --
2026-10-09 22:59:32.921   Dest filename: D:\a\_temp\agym-c64-38001250527-5872-u8q4q801\client\Admin\_internal\tzdata\zoneinfo\Mexico\__init__.py
2026-10-09 22:59:32.921   Time stamp of our file: 2026-10-09 22:57:36.000
2026-10-09 22:59:32.921   Installing the file.
2026-10-09 22:59:32.921   Successfully installed the file.
2026-10-09 22:59:32.921   -- File entry --
2026-10-09 22:59:32.921   Dest filename: D:\a\_temp\agym-c64-38001250527-5872-u8q4q801\client\Admin\_internal\tzdata\zoneinfo\Pacific\Apia
2026-10-09 22:59:32.921   Time stamp of our file: 2026-10-09 22:57:36.000
2026-10-09 22:59:32.921   Installing the file.
2026-10-09 22:59:32.921   Creating directory: D:\a\_temp\agym-c64-38001250527-5872-u8q4q801\client\Admin\_internal\tzdata\zoneinfo\Pacific
2026-10-09 22:59:32.921   Successfully installed the file.
2026-10-09 22:59:32.921   -- File entry --
2026-10-09 22:59:32.921   Dest filename: D:\a\_temp\agym-c64-38001250527-5872-u8q4q801\client\Admin\_internal\tzdata\zoneinfo\Pacific\Auckland
2026-10-09 22:59:32.921   Time stamp of our file: 2026-10-09 22:57:36.000
2026-10-09 22:59:32.921   Installing the file.
2026-10-09 22:59:32.921   Successfully installed the file.
2026-10-09 22:59:32.921   -- File entry --
2026-10-09 22:59:32.921   Dest filename: D:\a\_temp\agym-c64-38001250527-5872-u8q4q801\client\Admin\_internal\tzdata\zoneinfo\Pacific\Bougainville
2026-10-09 22:59:32.921   Time stamp of our file: 2026-10-09 22:57:36.000
2026-10-09 22:59:32.921   Installing the file.
2026-10-09 22:59:32.921   Successfully installed the file.
2026-10-09 22:59:32.921   -- File entry --
2026-10-09 22:59:32.921   Dest filename: D:\a\_temp\agym-c64-38001250527-5872-u8q4q801\client\Admin\_internal\tzdata\zoneinfo\Pacific\Chatham
2026-10-09 22:59:32.921   Time stamp of our file: 2026-10-09 22:57:36.000
2026-10-09 22:59:32.921   Installing the file.
2026-10-09 22:59:32.921   Successfully installed the file.
2026-10-09 22:59:32.921   -- File entry --
2026-10-09 22:59:32.921   Dest filename: D:\a\_temp\agym-c64-38001250527-5872-u8q4q801\client\Admin\_internal\tzdata\zoneinfo\Pacific\Chuuk
2026-10-09 22:59:32.921   Time stamp of our file: 2026-10-09 22:57:36.000
2026-10-09 22:59:32.921   Installing the file.
2026-10-09 22:59:32.921   Successfully installed the file.
2026-10-09 22:59:32.921   -- File entry --
2026-10-09 22:59:32.921   Dest filename: D:\a\_temp\agym-c64-38001250527-5872-u8q4q801\client\Admin\_internal\tzdata\zoneinfo\Pacific\Easter
2026-10-09 22:59:32.921   Time stamp of our file: 2026-10-09 22:57:36.000
2026-10-09 22:59:32.921   Installing the file.
2026-10-09 22:59:32.921   Successfully installed the file.
2026-10-09 22:59:32.921   -- File entry --
2026-10-09 22:59:32.921   Dest filename: D:\a\_temp\agym-c64-38001250527-5872-u8q4q801\client\Admin\_internal\tzdata\zoneinfo\Pacific\Efate
2026-10-09 22:59:32.921   Time stamp of our file: 2026-10-09 22:57:36.000
2026-10-09 22:59:32.921   Installing the file.
2026-10-09 22:59:32.921   Successfully installed the file.
2026-10-09 22:59:32.921   -- File entry --
2026-10-09 22:59:32.921   Dest filename: D:\a\_temp\agym-c64-38001250527-5872-u8q4q801\client\Admin\_internal\tzdata\zoneinfo\Pacific\Enderbury
2026-10-09 22:59:32.921   Time stamp of our file: 2026-10-09 22:57:36.000
2026-10-09 22:59:32.921   Installing the file.
2026-10-09 22:59:32.921   Successfully installed the file.
2026-10-09 22:59:32.921   -- File entry --
2026-10-09 22:59:32.921   Dest filename: D:\a\_temp\agym-c64-38001250527-5872-u8q4q801\client\Admin\_internal\tzdata\zoneinfo\Pacific\Fakaofo
2026-10-09 22:59:32.921   Time stamp of our file: 2026-10-09 22:57:36.000
2026-10-09 22:59:32.921   Installing the file.
2026-10-09 22:59:32.921   Successfully installed the file.
2026-10-09 22:59:32.921   -- File entry --
2026-10-09 22:59:32.921   Dest filename: D:\a\_temp\agym-c64-38001250527-5872-u8q4q801\client\Admin\_internal\tzdata\zoneinfo\Pacific\Fiji
2026-10-09 22:59:32.921   Time stamp of our file: 2026-10-09 22:57:36.000
2026-10-09 22:59:32.921   Installing the file.
2026-10-09 22:59:32.921   Successfully installed the file.
2026-10-09 22:59:32.921   -- File entry --
2026-10-09 22:59:32.921   Dest filename: D:\a\_temp\agym-c64-38001250527-5872-u8q4q801\client\Admin\_internal\tzdata\zoneinfo\Pacific\Funafuti
2026-10-09 22:59:32.921   Time stamp of our file: 2026-10-09 22:57:36.000
2026-10-09 22:59:32.921   Installing the file.
2026-10-09 22:59:32.921   Successfully installed the file.
2026-10-09 22:59:32.921   -- File entry --
2026-10-09 22:59:32.921   Dest filename: D:\a\_temp\agym-c64-38001250527-5872-u8q4q801\client\Admin\_internal\tzdata\zoneinfo\Pacific\Galapagos
2026-10-09 22:59:32.921   Time stamp of our file: 2026-10-09 22:57:36.000
2026-10-09 22:59:32.921   Installing the file.
2026-10-09 22:59:32.921   Successfully installed the file.
2026-10-09 22:59:32.921   -- File entry --
2026-10-09 22:59:32.921   Dest filename: D:\a\_temp\agym-c64-38001250527-5872-u8q4q801\client\Admin\_internal\tzdata\zoneinfo\Pacific\Gambier
2026-10-09 22:59:32.921   Time stamp of our file: 2026-10-09 22:57:36.000
2026-10-09 22:59:32.921   Installing the file.
2026-10-09 22:59:32.921   Successfully installed the file.
2026-10-09 22:59:32.921   -- File entry --
2026-10-09 22:59:32.921   Dest filename: D:\a\_temp\agym-c64-38001250527-5872-u8q4q801\client\Admin\_internal\tzdata\zoneinfo\Pacific\Guadalcanal
2026-10-09 22:59:32.921   Time stamp of our file: 2026-10-09 22:57:36.000
2026-10-09 22:59:32.921   Installing the file.
2026-10-09 22:59:32.921   Successfully installed the file.
2026-10-09 22:59:32.921   -- File entry --
2026-10-09 22:59:32.921   Dest filename: D:\a\_temp\agym-c64-38001250527-5872-u8q4q801\client\Admin\_internal\tzdata\zoneinfo\Pacific\Guam
2026-10-09 22:59:32.921   Time stamp of our file: 2026-10-09 22:57:36.000
2026-10-09 22:59:32.921   Installing the file.
2026-10-09 22:59:32.921   Successfully installed the file.
2026-10-09 22:59:32.921   -- File entry --
2026-10-09 22:59:32.921   Dest filename: D:\a\_temp\agym-c64-38001250527-5872-u8q4q801\client\Admin\_internal\tzdata\zoneinfo\Pacific\Honolulu
2026-10-09 22:59:32.921   Time stamp of our file: 2026-10-09 22:57:36.000
2026-10-09 22:59:32.921   Installing the file.
2026-10-09 22:59:32.921   Successfully installed the file.
2026-10-09 22:59:32.921   -- File entry --
2026-10-09 22:59:32.921   Dest filename: D:\a\_temp\agym-c64-38001250527-5872-u8q4q801\client\Admin\_internal\tzdata\zoneinfo\Pacific\Johnston
2026-10-09 22:59:32.921   Time stamp of our file: 2026-10-09 22:57:36.000
2026-10-09 22:59:32.921   Installing the file.
2026-10-09 22:59:32.921   Successfully installed the file.
2026-10-09 22:59:32.921   -- File entry --
2026-10-09 22:59:32.921   Dest filename: D:\a\_temp\agym-c64-38001250527-5872-u8q4q801\client\Admin\_internal\tzdata\zoneinfo\Pacific\Kanton
2026-10-09 22:59:32.921   Time stamp of our file: 2026-10-09 22:57:36.000
2026-10-09 22:59:32.921   Installing the file.
2026-10-09 22:59:32.921   Successfully installed the file.
2026-10-09 22:59:32.921   -- File entry --
2026-10-09 22:59:32.921   Dest filename: D:\a\_temp\agym-c64-38001250527-5872-u8q4q801\client\Admin\_internal\tzdata\zoneinfo\Pacific\Kiritimati
2026-10-09 22:59:32.921   Time stamp of our file: 2026-10-09 22:57:36.000
2026-10-09 22:59:32.921   Installing the file.
2026-10-09 22:59:32.921   Successfully installed the file.
2026-10-09 22:59:32.921   -- File entry --
2026-10-09 22:59:32.921   Dest filename: D:\a\_temp\agym-c64-38001250527-5872-u8q4q801\client\Admin\_internal\tzdata\zoneinfo\Pacific\Kosrae
2026-10-09 22:59:32.921   Time stamp of our file: 2026-10-09 22:57:36.000
2026-10-09 22:59:32.921   Installing the file.
2026-10-09 22:59:32.921   Successfully installed the file.
2026-10-09 22:59:32.921   -- File entry --
2026-10-09 22:59:32.921   Dest filename: D:\a\_temp\agym-c64-38001250527-5872-u8q4q801\client\Admin\_internal\tzdata\zoneinfo\Pacific\Kwajalein
2026-10-09 22:59:32.921   Time stamp of our file: 2026-10-09 22:57:36.000
2026-10-09 22:59:32.921   Installing the file.
2026-10-09 22:59:32.921   Successfully installed the file.
2026-10-09 22:59:32.921   -- File entry --
2026-10-09 22:59:32.921   Dest filename: D:\a\_temp\agym-c64-38001250527-5872-u8q4q801\client\Admin\_internal\tzdata\zoneinfo\Pacific\Majuro
2026-10-09 22:59:32.921   Time stamp of our file: 2026-10-09 22:57:36.000
2026-10-09 22:59:32.921   Installing the file.
2026-10-09 22:59:32.921   Successfully installed the file.
2026-10-09 22:59:32.921   -- File entry --
2026-10-09 22:59:32.921   Dest filename: D:\a\_temp\agym-c64-38001250527-5872-u8q4q801\client\Admin\_internal\tzdata\zoneinfo\Pacific\Marquesas
2026-10-09 22:59:32.921   Time stamp of our file: 2026-10-09 22:57:36.000
2026-10-09 22:59:32.921   Installing the file.
2026-10-09 22:59:32.921   Successfully installed the file.
2026-10-09 22:59:32.921   -- File entry --
2026-10-09 22:59:32.921   Dest filename: D:\a\_temp\agym-c64-38001250527-5872-u8q4q801\client\Admin\_internal\tzdata\zoneinfo\Pacific\Midway
2026-10-09 22:59:32.921   Time stamp of our file: 2026-10-09 22:57:36.000
2026-10-09 22:59:32.921   Installing the file.
2026-10-09 22:59:32.921   Successfully installed the file.
2026-10-09 22:59:32.921   -- File entry --
2026-10-09 22:59:32.921   Dest filename: D:\a\_temp\agym-c64-38001250527-5872-u8q4q801\client\Admin\_internal\tzdata\zoneinfo\Pacific\Nauru
2026-10-09 22:59:32.921   Time stamp of our file: 2026-10-09 22:57:36.000
2026-10-09 22:59:32.921   Installing the file.
2026-10-09 22:59:32.921   Successfully installed the file.
2026-10-09 22:59:32.921   -- File entry --
2026-10-09 22:59:32.921   Dest filename: D:\a\_temp\agym-c64-38001250527-5872-u8q4q801\client\Admin\_internal\tzdata\zoneinfo\Pacific\Niue
2026-10-09 22:59:32.921   Time stamp of our file: 2026-10-09 22:57:36.000
2026-10-09 22:59:32.921   Installing the file.
2026-10-09 22:59:32.921   Successfully installed the file.
2026-10-09 22:59:32.921   -- File entry --
2026-10-09 22:59:32.921   Dest filename: D:\a\_temp\agym-c64-38001250527-5872-u8q4q801\client\Admin\_internal\tzdata\zoneinfo\Pacific\Norfolk
2026-10-09 22:59:32.921   Time stamp of our file: 2026-10-09 22:57:36.000
2026-10-09 22:59:32.921   Installing the file.
2026-10-09 22:59:32.921   Successfully installed the file.
2026-10-09 22:59:32.921   -- File entry --
2026-10-09 22:59:32.921   Dest filename: D:\a\_temp\agym-c64-38001250527-5872-u8q4q801\client\Admin\_internal\tzdata\zoneinfo\Pacific\Noumea
2026-10-09 22:59:32.921   Time stamp of our file: 2026-10-09 22:57:36.000
2026-10-09 22:59:32.921   Installing the file.
2026-10-09 22:59:32.921   Successfully installed the file.
2026-10-09 22:59:32.921   -- File entry --
2026-10-09 22:59:32.921   Dest filename: D:\a\_temp\agym-c64-38001250527-5872-u8q4q801\client\Admin\_internal\tzdata\zoneinfo\Pacific\Pago_Pago
2026-10-09 22:59:32.921   Time stamp of our file: 2026-10-09 22:57:36.000
2026-10-09 22:59:32.921   Installing the file.
2026-10-09 22:59:32.921   Successfully installed the file.
2026-10-09 22:59:32.921   -- File entry --
2026-10-09 22:59:32.921   Dest filename: D:\a\_temp\agym-c64-38001250527-5872-u8q4q801\client\Admin\_internal\tzdata\zoneinfo\Pacific\Palau
2026-10-09 22:59:32.921   Time stamp of our file: 2026-10-09 22:57:36.000
2026-10-09 22:59:32.921   Installing the file.
2026-10-09 22:59:32.921   Successfully installed the file.
2026-10-09 22:59:32.921   -- File entry --
2026-10-09 22:59:32.921   Dest filename: D:\a\_temp\agym-c64-38001250527-5872-u8q4q801\client\Admin\_internal\tzdata\zoneinfo\Pacific\Pitcairn
2026-10-09 22:59:32.937   Time stamp of our file: 2026-10-09 22:57:36.000
2026-10-09 22:59:32.937   Installing the file.
2026-10-09 22:59:32.937   Successfully installed the file.
2026-10-09 22:59:32.937   -- File entry --
2026-10-09 22:59:32.937   Dest filename: D:\a\_temp\agym-c64-38001250527-5872-u8q4q801\client\Admin\_internal\tzdata\zoneinfo\Pacific\Pohnpei
2026-10-09 22:59:32.937   Time stamp of our file: 2026-10-09 22:57:36.000
2026-10-09 22:59:32.937   Installing the file.
2026-10-09 22:59:32.937   Successfully installed the file.
2026-10-09 22:59:32.937   -- File entry --
2026-10-09 22:59:32.937   Dest filename: D:\a\_temp\agym-c64-38001250527-5872-u8q4q801\client\Admin\_internal\tzdata\zoneinfo\Pacific\Ponape
2026-10-09 22:59:32.937   Time stamp of our file: 2026-10-09 22:57:36.000
2026-10-09 22:59:32.937   Installing the file.
2026-10-09 22:59:32.937   Successfully installed the file.
2026-10-09 22:59:32.937   -- File entry --
2026-10-09 22:59:32.937   Dest filename: D:\a\_temp\agym-c64-38001250527-5872-u8q4q801\client\Admin\_internal\tzdata\zoneinfo\Pacific\Port_Moresby
2026-10-09 22:59:32.937   Time stamp of our file: 2026-10-09 22:57:36.000
2026-10-09 22:59:32.937   Installing the file.
2026-10-09 22:59:32.937   Successfully installed the file.
2026-10-09 22:59:32.937   -- File entry --
2026-10-09 22:59:32.937   Dest filename: D:\a\_temp\agym-c64-38001250527-5872-u8q4q801\client\Admin\_internal\tzdata\zoneinfo\Pacific\Rarotonga
2026-10-09 22:59:32.937   Time stamp of our file: 2026-10-09 22:57:36.000
2026-10-09 22:59:32.937   Installing the file.
2026-10-09 22:59:32.937   Successfully installed the file.
2026-10-09 22:59:32.937   -- File entry --
2026-10-09 22:59:32.937   Dest filename: D:\a\_temp\agym-c64-38001250527-5872-u8q4q801\client\Admin\_internal\tzdata\zoneinfo\Pacific\Saipan
2026-10-09 22:59:32.937   Time stamp of our file: 2026-10-09 22:57:36.000
2026-10-09 22:59:32.937   Installing the file.
2026-10-09 22:59:32.937   Successfully installed the file.
2026-10-09 22:59:32.937   -- File entry --
2026-10-09 22:59:32.937   Dest filename: D:\a\_temp\agym-c64-38001250527-5872-u8q4q801\client\Admin\_internal\tzdata\zoneinfo\Pacific\Samoa
2026-10-09 22:59:32.937   Time stamp of our file: 2026-10-09 22:57:36.000
2026-10-09 22:59:32.937   Installing the file.
2026-10-09 22:59:32.937   Successfully installed the file.
2026-10-09 22:59:32.937   -- File entry --
2026-10-09 22:59:32.937   Dest filename: D:\a\_temp\agym-c64-38001250527-5872-u8q4q801\client\Admin\_internal\tzdata\zoneinfo\Pacific\Tahiti
2026-10-09 22:59:32.937   Time stamp of our file: 2026-10-09 22:57:36.000
2026-10-09 22:59:32.937   Installing the file.
2026-10-09 22:59:32.937   Successfully installed the file.
2026-10-09 22:59:32.937   -- File entry --
2026-10-09 22:59:32.937   Dest filename: D:\a\_temp\agym-c64-38001250527-5872-u8q4q801\client\Admin\_internal\tzdata\zoneinfo\Pacific\Tarawa
2026-10-09 22:59:32.937   Time stamp of our file: 2026-10-09 22:57:36.000
2026-10-09 22:59:32.937   Installing the file.
2026-10-09 22:59:32.937   Successfully installed the file.
2026-10-09 22:59:32.937   -- File entry --
2026-10-09 22:59:32.937   Dest filename: D:\a\_temp\agym-c64-38001250527-5872-u8q4q801\client\Admin\_internal\tzdata\zoneinfo\Pacific\Tongatapu
2026-10-09 22:59:32.937   Time stamp of our file: 2026-10-09 22:57:36.000
2026-10-09 22:59:32.937   Installing the file.
2026-10-09 22:59:32.937   Successfully installed the file.
2026-10-09 22:59:32.937   -- File entry --
2026-10-09 22:59:32.937   Dest filename: D:\a\_temp\agym-c64-38001250527-5872-u8q4q801\client\Admin\_internal\tzdata\zoneinfo\Pacific\Truk
2026-10-09 22:59:32.937   Time stamp of our file: 2026-10-09 22:57:36.000
2026-10-09 22:59:32.937   Installing the file.
2026-10-09 22:59:32.937   Successfully installed the file.
2026-10-09 22:59:32.937   -- File entry --
2026-10-09 22:59:32.937   Dest filename: D:\a\_temp\agym-c64-38001250527-5872-u8q4q801\client\Admin\_internal\tzdata\zoneinfo\Pacific\Wake
2026-10-09 22:59:32.937   Time stamp of our file: 2026-10-09 22:57:36.000
2026-10-09 22:59:32.937   Installing the file.
2026-10-09 22:59:32.937   Successfully installed the file.
2026-10-09 22:59:32.937   -- File entry --
2026-10-09 22:59:32.937   Dest filename: D:\a\_temp\agym-c64-38001250527-5872-u8q4q801\client\Admin\_internal\tzdata\zoneinfo\Pacific\Wallis
2026-10-09 22:59:32.937   Time stamp of our file: 2026-10-09 22:57:36.000
2026-10-09 22:59:32.937   Installing the file.
2026-10-09 22:59:32.937   Successfully installed the file.
2026-10-09 22:59:32.937   -- File entry --
2026-10-09 22:59:32.937   Dest filename: D:\a\_temp\agym-c64-38001250527-5872-u8q4q801\client\Admin\_internal\tzdata\zoneinfo\Pacific\Yap
2026-10-09 22:59:32.937   Time stamp of our file: 2026-10-09 22:57:36.000
2026-10-09 22:59:32.937   Installing the file.
2026-10-09 22:59:32.937   Successfully installed the file.
2026-10-09 22:59:32.937   -- File entry --
2026-10-09 22:59:32.937   Dest filename: D:\a\_temp\agym-c64-38001250527-5872-u8q4q801\client\Admin\_internal\tzdata\zoneinfo\Pacific\__init__.py
2026-10-09 22:59:32.937   Time stamp of our file: 2026-10-09 22:57:36.000
2026-10-09 22:59:32.937   Installing the file.
2026-10-09 22:59:32.937   Successfully installed the file.
2026-10-09 22:59:32.937   -- File entry --
2026-10-09 22:59:32.937   Dest filename: D:\a\_temp\agym-c64-38001250527-5872-u8q4q801\client\Admin\_internal\tzdata\zoneinfo\US\Alaska
2026-10-09 22:59:32.937   Time stamp of our file: 2026-10-09 22:57:36.000
2026-10-09 22:59:32.937   Installing the file.
2026-10-09 22:59:32.937   Creating directory: D:\a\_temp\agym-c64-38001250527-5872-u8q4q801\client\Admin\_internal\tzdata\zoneinfo\US
2026-10-09 22:59:32.937   Successfully installed the file.
2026-10-09 22:59:32.937   -- File entry --
2026-10-09 22:59:32.937   Dest filename: D:\a\_temp\agym-c64-38001250527-5872-u8q4q801\client\Admin\_internal\tzdata\zoneinfo\US\Aleutian
2026-10-09 22:59:32.937   Time stamp of our file: 2026-10-09 22:57:36.000
2026-10-09 22:59:32.937   Installing the file.
2026-10-09 22:59:32.937   Successfully installed the file.
2026-10-09 22:59:32.937   -- File entry --
2026-10-09 22:59:32.937   Dest filename: D:\a\_temp\agym-c64-38001250527-5872-u8q4q801\client\Admin\_internal\tzdata\zoneinfo\US\Arizona
2026-10-09 22:59:32.937   Time stamp of our file: 2026-10-09 22:57:36.000
2026-10-09 22:59:32.937   Installing the file.
2026-10-09 22:59:32.937   Successfully installed the file.
2026-10-09 22:59:32.937   -- File entry --
2026-10-09 22:59:32.937   Dest filename: D:\a\_temp\agym-c64-38001250527-5872-u8q4q801\client\Admin\_internal\tzdata\zoneinfo\US\Central
2026-10-09 22:59:32.937   Time stamp of our file: 2026-10-09 22:57:36.000
2026-10-09 22:59:32.937   Installing the file.
2026-10-09 22:59:32.937   Successfully installed the file.
2026-10-09 22:59:32.937   -- File entry --
2026-10-09 22:59:32.937   Dest filename: D:\a\_temp\agym-c64-38001250527-5872-u8q4q801\client\Admin\_internal\tzdata\zoneinfo\US\East-Indiana
2026-10-09 22:59:32.937   Time stamp of our file: 2026-10-09 22:57:36.000
2026-10-09 22:59:32.937   Installing the file.
2026-10-09 22:59:32.937   Successfully installed the file.
2026-10-09 22:59:32.937   -- File entry --
2026-10-09 22:59:32.937   Dest filename: D:\a\_temp\agym-c64-38001250527-5872-u8q4q801\client\Admin\_internal\tzdata\zoneinfo\US\Eastern
2026-10-09 22:59:32.937   Time stamp of our file: 2026-10-09 22:57:36.000
2026-10-09 22:59:32.937   Installing the file.
2026-10-09 22:59:32.937   Successfully installed the file.
2026-10-09 22:59:32.937   -- File entry --
2026-10-09 22:59:32.937   Dest filename: D:\a\_temp\agym-c64-38001250527-5872-u8q4q801\client\Admin\_internal\tzdata\zoneinfo\US\Hawaii
2026-10-09 22:59:32.937   Time stamp of our file: 2026-10-09 22:57:36.000
2026-10-09 22:59:32.937   Installing the file.
2026-10-09 22:59:32.937   Successfully installed the file.
2026-10-09 22:59:32.937   -- File entry --
2026-10-09 22:59:32.937   Dest filename: D:\a\_temp\agym-c64-38001250527-5872-u8q4q801\client\Admin\_internal\tzdata\zoneinfo\US\Indiana-Starke
2026-10-09 22:59:32.937   Time stamp of our file: 2026-10-09 22:57:36.000
2026-10-09 22:59:32.937   Installing the file.
2026-10-09 22:59:32.937   Successfully installed the file.
2026-10-09 22:59:32.937   -- File entry --
2026-10-09 22:59:32.937   Dest filename: D:\a\_temp\agym-c64-38001250527-5872-u8q4q801\client\Admin\_internal\tzdata\zoneinfo\US\Michigan
2026-10-09 22:59:32.937   Time stamp of our file: 2026-10-09 22:57:36.000
2026-10-09 22:59:32.937   Installing the file.
2026-10-09 22:59:32.937   Successfully installed the file.
2026-10-09 22:59:32.937   -- File entry --
2026-10-09 22:59:32.937   Dest filename: D:\a\_temp\agym-c64-38001250527-5872-u8q4q801\client\Admin\_internal\tzdata\zoneinfo\US\Mountain
2026-10-09 22:59:32.937   Time stamp of our file: 2026-10-09 22:57:36.000
2026-10-09 22:59:32.937   Installing the file.
2026-10-09 22:59:32.937   Successfully installed the file.
2026-10-09 22:59:32.937   -- File entry --
2026-10-09 22:59:32.937   Dest filename: D:\a\_temp\agym-c64-38001250527-5872-u8q4q801\client\Admin\_internal\tzdata\zoneinfo\US\Pacific
2026-10-09 22:59:32.937   Time stamp of our file: 2026-10-09 22:57:36.000
2026-10-09 22:59:32.937   Installing the file.
2026-10-09 22:59:32.937   Successfully installed the file.
2026-10-09 22:59:32.937   -- File entry --
2026-10-09 22:59:32.937   Dest filename: D:\a\_temp\agym-c64-38001250527-5872-u8q4q801\client\Admin\_internal\tzdata\zoneinfo\US\Samoa
2026-10-09 22:59:32.937   Time stamp of our file: 2026-10-09 22:57:36.000
2026-10-09 22:59:32.937   Installing the file.
2026-10-09 22:59:32.937   Successfully installed the file.
2026-10-09 22:59:32.937   -- File entry --
2026-10-09 22:59:32.937   Dest filename: D:\a\_temp\agym-c64-38001250527-5872-u8q4q801\client\Admin\_internal\tzdata\zoneinfo\US\__init__.py
2026-10-09 22:59:32.937   Time stamp of our file: 2026-10-09 22:57:36.000
2026-10-09 22:59:32.937   Installing the file.
2026-10-09 22:59:32.937   Successfully installed the file.
2026-10-09 22:59:32.937   -- File entry --
2026-10-09 22:59:32.937   Dest filename: D:\a\_temp\agym-c64-38001250527-5872-u8q4q801\client\Admin\_internal\tzdata-2026.3.dist-info\INSTALLER
2026-10-09 22:59:32.937   Time stamp of our file: 2026-10-09 22:57:36.000
2026-10-09 22:59:32.937   Installing the file.
2026-10-09 22:59:32.937   Creating directory: D:\a\_temp\agym-c64-38001250527-5872-u8q4q801\client\Admin\_internal\tzdata-2026.3.dist-info
2026-10-09 22:59:32.937   Successfully installed the file.
2026-10-09 22:59:32.937   -- File entry --
2026-10-09 22:59:32.937   Dest filename: D:\a\_temp\agym-c64-38001250527-5872-u8q4q801\client\Admin\_internal\tzdata-2026.3.dist-info\METADATA
2026-10-09 22:59:32.937   Time stamp of our file: 2026-10-09 22:57:36.000
2026-10-09 22:59:32.937   Installing the file.
2026-10-09 22:59:32.937   Successfully installed the file.
2026-10-09 22:59:32.937   -- File entry --
2026-10-09 22:59:32.937   Dest filename: D:\a\_temp\agym-c64-38001250527-5872-u8q4q801\client\Admin\_internal\tzdata-2026.3.dist-info\RECORD
2026-10-09 22:59:32.937   Time stamp of our file: 2026-10-09 22:57:36.000
2026-10-09 22:59:32.937   Installing the file.
2026-10-09 22:59:32.937   Successfully installed the file.
2026-10-09 22:59:32.937   -- File entry --
2026-10-09 22:59:32.937   Dest filename: D:\a\_temp\agym-c64-38001250527-5872-u8q4q801\client\Admin\_internal\tzdata-2026.3.dist-info\REQUESTED
2026-10-09 22:59:32.937   Time stamp of our file: 2026-10-09 22:57:36.000
2026-10-09 22:59:32.937   Installing the file.
2026-10-09 22:59:32.937   Successfully installed the file.
2026-10-09 22:59:32.937   -- File entry --
2026-10-09 22:59:32.937   Dest filename: D:\a\_temp\agym-c64-38001250527-5872-u8q4q801\client\Admin\_internal\tzdata-2026.3.dist-info\top_level.txt
2026-10-09 22:59:32.937   Time stamp of our file: 2026-10-09 22:57:36.000
2026-10-09 22:59:32.937   Installing the file.
2026-10-09 22:59:32.952   Successfully installed the file.
2026-10-09 22:59:32.952   -- File entry --
2026-10-09 22:59:32.952   Dest filename: D:\a\_temp\agym-c64-38001250527-5872-u8q4q801\client\Admin\_internal\tzdata-2026.3.dist-info\WHEEL
2026-10-09 22:59:32.952   Time stamp of our file: 2026-10-09 22:57:36.000
2026-10-09 22:59:32.952   Installing the file.
2026-10-09 22:59:32.952   Successfully installed the file.
2026-10-09 22:59:32.952   -- File entry --
2026-10-09 22:59:32.952   Dest filename: D:\a\_temp\agym-c64-38001250527-5872-u8q4q801\client\Admin\_internal\tzdata-2026.3.dist-info\licenses\LICENSE
2026-10-09 22:59:32.952   Time stamp of our file: 2026-10-09 22:57:36.000
2026-10-09 22:59:32.952   Installing the file.
2026-10-09 22:59:32.952   Creating directory: D:\a\_temp\agym-c64-38001250527-5872-u8q4q801\client\Admin\_internal\tzdata-2026.3.dist-info\licenses
2026-10-09 22:59:32.952   Successfully installed the file.
2026-10-09 22:59:32.952   -- File entry --
2026-10-09 22:59:32.952   Dest filename: D:\a\_temp\agym-c64-38001250527-5872-u8q4q801\client\Admin\_internal\tzdata-2026.3.dist-info\licenses\licenses\LICENSE_APACHE
2026-10-09 22:59:32.952   Time stamp of our file: 2026-10-09 22:57:36.000
2026-10-09 22:59:32.952   Installing the file.
2026-10-09 22:59:32.952   Creating directory: D:\a\_temp\agym-c64-38001250527-5872-u8q4q801\client\Admin\_internal\tzdata-2026.3.dist-info\licenses\licenses
2026-10-09 22:59:32.952   Successfully installed the file.
2026-10-09 22:59:32.952   -- File entry --
2026-10-09 22:59:32.952   Dest filename: D:\a\_temp\agym-c64-38001250527-5872-u8q4q801\client\Admin\_internal\websockets-15.0.1.dist-info\entry_points.txt
2026-10-09 22:59:32.952   Time stamp of our file: 2026-10-09 22:57:36.000
2026-10-09 22:59:32.952   Installing the file.
2026-10-09 22:59:32.952   Creating directory: D:\a\_temp\agym-c64-38001250527-5872-u8q4q801\client\Admin\_internal\websockets-15.0.1.dist-info
2026-10-09 22:59:32.952   Successfully installed the file.
2026-10-09 22:59:32.952   -- File entry --
2026-10-09 22:59:32.952   Dest filename: D:\a\_temp\agym-c64-38001250527-5872-u8q4q801\client\Admin\_internal\websockets-15.0.1.dist-info\INSTALLER
2026-10-09 22:59:32.952   Time stamp of our file: 2026-10-09 22:57:36.000
2026-10-09 22:59:32.952   Installing the file.
2026-10-09 22:59:32.952   Successfully installed the file.
2026-10-09 22:59:32.952   -- File entry --
2026-10-09 22:59:32.952   Dest filename: D:\a\_temp\agym-c64-38001250527-5872-u8q4q801\client\Admin\_internal\websockets-15.0.1.dist-info\LICENSE
2026-10-09 22:59:32.952   Time stamp of our file: 2026-10-09 22:57:36.000
2026-10-09 22:59:32.952   Installing the file.
2026-10-09 22:59:32.952   Successfully installed the file.
2026-10-09 22:59:32.952   -- File entry --
2026-10-09 22:59:32.952   Dest filename: D:\a\_temp\agym-c64-38001250527-5872-u8q4q801\client\Admin\_internal\websockets-15.0.1.dist-info\METADATA
2026-10-09 22:59:32.952   Time stamp of our file: 2026-10-09 22:57:36.000
2026-10-09 22:59:32.952   Installing the file.
2026-10-09 22:59:32.952   Successfully installed the file.
2026-10-09 22:59:32.952   -- File entry --
2026-10-09 22:59:32.952   Dest filename: D:\a\_temp\agym-c64-38001250527-5872-u8q4q801\client\Admin\_internal\websockets-15.0.1.dist-info\RECORD
2026-10-09 22:59:32.952   Time stamp of our file: 2026-10-09 22:57:36.000
2026-10-09 22:59:32.952   Installing the file.
2026-10-09 22:59:32.952   Successfully installed the file.
2026-10-09 22:59:32.952   -- File entry --
2026-10-09 22:59:32.952   Dest filename: D:\a\_temp\agym-c64-38001250527-5872-u8q4q801\client\Admin\_internal\websockets-15.0.1.dist-info\top_level.txt
2026-10-09 22:59:32.952   Time stamp of our file: 2026-10-09 22:57:36.000
2026-10-09 22:59:32.952   Installing the file.
2026-10-09 22:59:32.952   Successfully installed the file.
2026-10-09 22:59:32.952   -- File entry --
2026-10-09 22:59:32.952   Dest filename: D:\a\_temp\agym-c64-38001250527-5872-u8q4q801\client\Admin\_internal\websockets-15.0.1.dist-info\WHEEL
2026-10-09 22:59:32.952   Time stamp of our file: 2026-10-09 22:57:36.000
2026-10-09 22:59:32.952   Installing the file.
2026-10-09 22:59:32.952   Successfully installed the file.
2026-10-09 22:59:32.952   -- File entry --
2026-10-09 22:59:32.952   Dest filename: D:\a\_temp\agym-c64-38001250527-5872-u8q4q801\client\Admin\_internal\yarl\_quoting_c.cp314-win_amd64.pyd
2026-10-09 22:59:32.952   Time stamp of our file: 2026-10-09 22:57:36.000
2026-10-09 22:59:32.952   Installing the file.
2026-10-09 22:59:32.952   Creating directory: D:\a\_temp\agym-c64-38001250527-5872-u8q4q801\client\Admin\_internal\yarl
2026-10-09 22:59:32.952   Successfully installed the file.
2026-10-09 22:59:32.952   -- File entry --
2026-10-09 22:59:32.952   Dest filename: D:\a\_temp\agym-c64-38001250527-5872-u8q4q801\client\Recepcion\GymSoftRecepcion.exe
2026-10-09 22:59:32.952   Time stamp of our file: 2026-10-09 22:58:06.000
2026-10-09 22:59:32.952   Installing the file.
2026-10-09 22:59:32.952   Creating directory: D:\a\_temp\agym-c64-38001250527-5872-u8q4q801\client\Recepcion
2026-10-09 22:59:33.108   Successfully installed the file.
2026-10-09 22:59:33.108   -- File entry --
2026-10-09 22:59:33.108   Dest filename: D:\a\_temp\agym-c64-38001250527-5872-u8q4q801\client\Recepcion\_internal\api-ms-win-core-console-l1-1-0.dll
2026-10-09 22:59:33.108   Time stamp of our file: 2026-10-09 22:58:06.000
2026-10-09 22:59:33.108   Installing the file.
2026-10-09 22:59:33.108   Creating directory: D:\a\_temp\agym-c64-38001250527-5872-u8q4q801\client\Recepcion\_internal
2026-10-09 22:59:33.108   Successfully installed the file.
2026-10-09 22:59:33.108   -- File entry --
2026-10-09 22:59:33.108   Dest filename: D:\a\_temp\agym-c64-38001250527-5872-u8q4q801\client\Recepcion\_internal\api-ms-win-core-datetime-l1-1-0.dll
2026-10-09 22:59:33.108   Time stamp of our file: 2026-10-09 22:58:06.000
2026-10-09 22:59:33.108   Installing the file.
2026-10-09 22:59:33.108   Successfully installed the file.
2026-10-09 22:59:33.108   -- File entry --
2026-10-09 22:59:33.108   Dest filename: D:\a\_temp\agym-c64-38001250527-5872-u8q4q801\client\Recepcion\_internal\api-ms-win-core-debug-l1-1-0.dll
2026-10-09 22:59:33.108   Time stamp of our file: 2026-10-09 22:58:06.000
2026-10-09 22:59:33.108   Installing the file.
2026-10-09 22:59:33.108   Successfully installed the file.
2026-10-09 22:59:33.108   -- File entry --
2026-10-09 22:59:33.108   Dest filename: D:\a\_temp\agym-c64-38001250527-5872-u8q4q801\client\Recepcion\_internal\api-ms-win-core-errorhandling-l1-1-0.dll
2026-10-09 22:59:33.108   Time stamp of our file: 2026-10-09 22:58:06.000
2026-10-09 22:59:33.108   Installing the file.
2026-10-09 22:59:33.108   Successfully installed the file.
2026-10-09 22:59:33.108   -- File entry --
2026-10-09 22:59:33.108   Dest filename: D:\a\_temp\agym-c64-38001250527-5872-u8q4q801\client\Recepcion\_internal\api-ms-win-core-fibers-l1-1-0.dll
2026-10-09 22:59:33.108   Time stamp of our file: 2026-10-09 22:58:06.000
2026-10-09 22:59:33.108   Installing the file.
2026-10-09 22:59:33.108   Successfully installed the file.
2026-10-09 22:59:33.108   -- File entry --
2026-10-09 22:59:33.108   Dest filename: D:\a\_temp\agym-c64-38001250527-5872-u8q4q801\client\Recepcion\_internal\api-ms-win-core-fibers-l1-1-1.dll
2026-10-09 22:59:33.108   Time stamp of our file: 2026-10-09 22:58:06.000
2026-10-09 22:59:33.108   Installing the file.
2026-10-09 22:59:33.108   Successfully installed the file.
2026-10-09 22:59:33.108   -- File entry --
2026-10-09 22:59:33.108   Dest filename: D:\a\_temp\agym-c64-38001250527-5872-u8q4q801\client\Recepcion\_internal\api-ms-win-core-file-l1-1-0.dll
2026-10-09 22:59:33.108   Time stamp of our file: 2026-10-09 22:58:06.000
2026-10-09 22:59:33.108   Installing the file.
2026-10-09 22:59:33.108   Successfully installed the file.
2026-10-09 22:59:33.108   -- File entry --
2026-10-09 22:59:33.108   Dest filename: D:\a\_temp\agym-c64-38001250527-5872-u8q4q801\client\Recepcion\_internal\api-ms-win-core-file-l1-2-0.dll
2026-10-09 22:59:33.108   Time stamp of our file: 2026-10-09 22:58:06.000
2026-10-09 22:59:33.108   Installing the file.
2026-10-09 22:59:33.108   Successfully installed the file.
2026-10-09 22:59:33.108   -- File entry --
2026-10-09 22:59:33.108   Dest filename: D:\a\_temp\agym-c64-38001250527-5872-u8q4q801\client\Recepcion\_internal\api-ms-win-core-file-l2-1-0.dll
2026-10-09 22:59:33.108   Time stamp of our file: 2026-10-09 22:58:06.000
2026-10-09 22:59:33.108   Installing the file.
2026-10-09 22:59:33.108   Successfully installed the file.
2026-10-09 22:59:33.108   -- File entry --
2026-10-09 22:59:33.108   Dest filename: D:\a\_temp\agym-c64-38001250527-5872-u8q4q801\client\Recepcion\_internal\api-ms-win-core-handle-l1-1-0.dll
2026-10-09 22:59:33.108   Time stamp of our file: 2026-10-09 22:58:06.000
2026-10-09 22:59:33.108   Installing the file.
2026-10-09 22:59:33.108   Successfully installed the file.
2026-10-09 22:59:33.108   -- File entry --
2026-10-09 22:59:33.108   Dest filename: D:\a\_temp\agym-c64-38001250527-5872-u8q4q801\client\Recepcion\_internal\api-ms-win-core-heap-l1-1-0.dll
2026-10-09 22:59:33.108   Time stamp of our file: 2026-10-09 22:58:06.000
2026-10-09 22:59:33.108   Installing the file.
2026-10-09 22:59:33.108   Successfully installed the file.
2026-10-09 22:59:33.108   -- File entry --
2026-10-09 22:59:33.108   Dest filename: D:\a\_temp\agym-c64-38001250527-5872-u8q4q801\client\Recepcion\_internal\api-ms-win-core-interlocked-l1-1-0.dll
2026-10-09 22:59:33.108   Time stamp of our file: 2026-10-09 22:58:06.000
2026-10-09 22:59:33.108   Installing the file.
2026-10-09 22:59:33.124   Successfully installed the file.
2026-10-09 22:59:33.124   -- File entry --
2026-10-09 22:59:33.124   Dest filename: D:\a\_temp\agym-c64-38001250527-5872-u8q4q801\client\Recepcion\_internal\api-ms-win-core-kernel32-legacy-l1-1-1.dll
2026-10-09 22:59:33.124   Time stamp of our file: 2026-10-09 22:58:06.000
2026-10-09 22:59:33.124   Installing the file.
2026-10-09 22:59:33.124   Successfully installed the file.
2026-10-09 22:59:33.124   -- File entry --
2026-10-09 22:59:33.124   Dest filename: D:\a\_temp\agym-c64-38001250527-5872-u8q4q801\client\Recepcion\_internal\api-ms-win-core-libraryloader-l1-1-0.dll
2026-10-09 22:59:33.124   Time stamp of our file: 2026-10-09 22:58:06.000
2026-10-09 22:59:33.124   Installing the file.
2026-10-09 22:59:33.124   Successfully installed the file.
2026-10-09 22:59:33.124   -- File entry --
2026-10-09 22:59:33.124   Dest filename: D:\a\_temp\agym-c64-38001250527-5872-u8q4q801\client\Recepcion\_internal\api-ms-win-core-localization-l1-2-0.dll
2026-10-09 22:59:33.124   Time stamp of our file: 2026-10-09 22:58:06.000
2026-10-09 22:59:33.124   Installing the file.
2026-10-09 22:59:33.124   Successfully installed the file.
2026-10-09 22:59:33.124   -- File entry --
2026-10-09 22:59:33.124   Dest filename: D:\a\_temp\agym-c64-38001250527-5872-u8q4q801\client\Recepcion\_internal\api-ms-win-core-memory-l1-1-0.dll
2026-10-09 22:59:33.124   Time stamp of our file: 2026-10-09 22:58:06.000
2026-10-09 22:59:33.124   Installing the file.
2026-10-09 22:59:33.124   Successfully installed the file.
2026-10-09 22:59:33.124   -- File entry --
2026-10-09 22:59:33.124   Dest filename: D:\a\_temp\agym-c64-38001250527-5872-u8q4q801\client\Recepcion\_internal\api-ms-win-core-namedpipe-l1-1-0.dll
2026-10-09 22:59:33.124   Time stamp of our file: 2026-10-09 22:58:06.000
2026-10-09 22:59:33.124   Installing the file.
2026-10-09 22:59:33.124   Successfully installed the file.
2026-10-09 22:59:33.124   -- File entry --
2026-10-09 22:59:33.124   Dest filename: D:\a\_temp\agym-c64-38001250527-5872-u8q4q801\client\Recepcion\_internal\api-ms-win-core-processenvironment-l1-1-0.dll
2026-10-09 22:59:33.124   Time stamp of our file: 2026-10-09 22:58:06.000
2026-10-09 22:59:33.124   Installing the file.
2026-10-09 22:59:33.124   Successfully installed the file.
2026-10-09 22:59:33.124   -- File entry --
2026-10-09 22:59:33.124   Dest filename: D:\a\_temp\agym-c64-38001250527-5872-u8q4q801\client\Recepcion\_internal\api-ms-win-core-processthreads-l1-1-0.dll
2026-10-09 22:59:33.124   Time stamp of our file: 2026-10-09 22:58:06.000
2026-10-09 22:59:33.124   Installing the file.
2026-10-09 22:59:33.124   Successfully installed the file.
2026-10-09 22:59:33.124   -- File entry --
2026-10-09 22:59:33.124   Dest filename: D:\a\_temp\agym-c64-38001250527-5872-u8q4q801\client\Recepcion\_internal\api-ms-win-core-processthreads-l1-1-1.dll
2026-10-09 22:59:33.124   Time stamp of our file: 2026-10-09 22:58:06.000
2026-10-09 22:59:33.124   Installing the file.
2026-10-09 22:59:33.124   Successfully installed the file.
2026-10-09 22:59:33.124   -- File entry --
2026-10-09 22:59:33.124   Dest filename: D:\a\_temp\agym-c64-38001250527-5872-u8q4q801\client\Recepcion\_internal\api-ms-win-core-profile-l1-1-0.dll
2026-10-09 22:59:33.124   Time stamp of our file: 2026-10-09 22:58:06.000
2026-10-09 22:59:33.124   Installing the file.
2026-10-09 22:59:33.124   Successfully installed the file.
2026-10-09 22:59:33.124   -- File entry --
2026-10-09 22:59:33.124   Dest filename: D:\a\_temp\agym-c64-38001250527-5872-u8q4q801\client\Recepcion\_internal\api-ms-win-core-rtlsupport-l1-1-0.dll
2026-10-09 22:59:33.124   Time stamp of our file: 2026-10-09 22:58:06.000
2026-10-09 22:59:33.124   Installing the file.
2026-10-09 22:59:33.124   Successfully installed the file.
2026-10-09 22:59:33.124   -- File entry --
2026-10-09 22:59:33.124   Dest filename: D:\a\_temp\agym-c64-38001250527-5872-u8q4q801\client\Recepcion\_internal\api-ms-win-core-string-l1-1-0.dll
2026-10-09 22:59:33.124   Time stamp of our file: 2026-10-09 22:58:06.000
2026-10-09 22:59:33.124   Installing the file.
2026-10-09 22:59:33.124   Successfully installed the file.
2026-10-09 22:59:33.124   -- File entry --
2026-10-09 22:59:33.124   Dest filename: D:\a\_temp\agym-c64-38001250527-5872-u8q4q801\client\Recepcion\_internal\api-ms-win-core-synch-l1-1-0.dll
2026-10-09 22:59:33.124   Time stamp of our file: 2026-10-09 22:58:06.000
2026-10-09 22:59:33.124   Installing the file.
2026-10-09 22:59:33.124   Successfully installed the file.
2026-10-09 22:59:33.124   -- File entry --
2026-10-09 22:59:33.124   Dest filename: D:\a\_temp\agym-c64-38001250527-5872-u8q4q801\client\Recepcion\_internal\api-ms-win-core-synch-l1-2-0.dll
2026-10-09 22:59:33.124   Time stamp of our file: 2026-10-09 22:58:06.000
2026-10-09 22:59:33.124   Installing the file.
2026-10-09 22:59:33.124   Successfully installed the file.
2026-10-09 22:59:33.124   -- File entry --
2026-10-09 22:59:33.124   Dest filename: D:\a\_temp\agym-c64-38001250527-5872-u8q4q801\client\Recepcion\_internal\api-ms-win-core-sysinfo-l1-1-0.dll
2026-10-09 22:59:33.124   Time stamp of our file: 2026-10-09 22:58:06.000
2026-10-09 22:59:33.124   Installing the file.
2026-10-09 22:59:33.124   Successfully installed the file.
2026-10-09 22:59:33.124   -- File entry --
2026-10-09 22:59:33.124   Dest filename: D:\a\_temp\agym-c64-38001250527-5872-u8q4q801\client\Recepcion\_internal\api-ms-win-core-sysinfo-l1-2-0.dll
2026-10-09 22:59:33.124   Time stamp of our file: 2026-10-09 22:58:06.000
2026-10-09 22:59:33.124   Installing the file.
2026-10-09 22:59:33.124   Successfully installed the file.
2026-10-09 22:59:33.124   -- File entry --
2026-10-09 22:59:33.124   Dest filename: D:\a\_temp\agym-c64-38001250527-5872-u8q4q801\client\Recepcion\_internal\api-ms-win-core-timezone-l1-1-0.dll
2026-10-09 22:59:33.124   Time stamp of our file: 2026-10-09 22:58:06.000
2026-10-09 22:59:33.124   Installing the file.
2026-10-09 22:59:33.124   Successfully installed the file.
2026-10-09 22:59:33.124   -- File entry --
2026-10-09 22:59:33.124   Dest filename: D:\a\_temp\agym-c64-38001250527-5872-u8q4q801\client\Recepcion\_internal\api-ms-win-core-util-l1-1-0.dll
2026-10-09 22:59:33.124   Time stamp of our file: 2026-10-09 22:58:06.000
2026-10-09 22:59:33.124   Installing the file.
2026-10-09 22:59:33.124   Successfully installed the file.
2026-10-09 22:59:33.124   -- File entry --
2026-10-09 22:59:33.124   Dest filename: D:\a\_temp\agym-c64-38001250527-5872-u8q4q801\client\Recepcion\_internal\api-ms-win-crt-conio-l1-1-0.dll
2026-10-09 22:59:33.124   Time stamp of our file: 2026-10-09 22:58:06.000
2026-10-09 22:59:33.124   Installing the file.
2026-10-09 22:59:33.124   Successfully installed the file.
2026-10-09 22:59:33.124   -- File entry --
2026-10-09 22:59:33.124   Dest filename: D:\a\_temp\agym-c64-38001250527-5872-u8q4q801\client\Recepcion\_internal\api-ms-win-crt-convert-l1-1-0.dll
2026-10-09 22:59:33.124   Time stamp of our file: 2026-10-09 22:58:06.000
2026-10-09 22:59:33.124   Installing the file.
2026-10-09 22:59:33.140   Successfully installed the file.
2026-10-09 22:59:33.140   -- File entry --
2026-10-09 22:59:33.140   Dest filename: D:\a\_temp\agym-c64-38001250527-5872-u8q4q801\client\Recepcion\_internal\api-ms-win-crt-environment-l1-1-0.dll
2026-10-09 22:59:33.140   Time stamp of our file: 2026-10-09 22:58:06.000
2026-10-09 22:59:33.140   Installing the file.
2026-10-09 22:59:33.140   Successfully installed the file.
2026-10-09 22:59:33.140   -- File entry --
2026-10-09 22:59:33.140   Dest filename: D:\a\_temp\agym-c64-38001250527-5872-u8q4q801\client\Recepcion\_internal\api-ms-win-crt-filesystem-l1-1-0.dll
2026-10-09 22:59:33.140   Time stamp of our file: 2026-10-09 22:58:06.000
2026-10-09 22:59:33.140   Installing the file.
2026-10-09 22:59:33.140   Successfully installed the file.
2026-10-09 22:59:33.140   -- File entry --
2026-10-09 22:59:33.140   Dest filename: D:\a\_temp\agym-c64-38001250527-5872-u8q4q801\client\Recepcion\_internal\api-ms-win-crt-heap-l1-1-0.dll
2026-10-09 22:59:33.140   Time stamp of our file: 2026-10-09 22:58:06.000
2026-10-09 22:59:33.140   Installing the file.
2026-10-09 22:59:33.140   Successfully installed the file.
2026-10-09 22:59:33.140   -- File entry --
2026-10-09 22:59:33.140   Dest filename: D:\a\_temp\agym-c64-38001250527-5872-u8q4q801\client\Recepcion\_internal\api-ms-win-crt-locale-l1-1-0.dll
2026-10-09 22:59:33.140   Time stamp of our file: 2026-10-09 22:58:06.000
2026-10-09 22:59:33.140   Installing the file.
2026-10-09 22:59:33.140   Successfully installed the file.
2026-10-09 22:59:33.140   -- File entry --
2026-10-09 22:59:33.140   Dest filename: D:\a\_temp\agym-c64-38001250527-5872-u8q4q801\client\Recepcion\_internal\api-ms-win-crt-math-l1-1-0.dll
2026-10-09 22:59:33.140   Time stamp of our file: 2026-10-09 22:58:06.000
2026-10-09 22:59:33.140   Installing the file.
2026-10-09 22:59:33.140   Successfully installed the file.
2026-10-09 22:59:33.140   -- File entry --
2026-10-09 22:59:33.140   Dest filename: D:\a\_temp\agym-c64-38001250527-5872-u8q4q801\client\Recepcion\_internal\api-ms-win-crt-private-l1-1-0.dll
2026-10-09 22:59:33.140   Time stamp of our file: 2026-10-09 22:58:06.000
2026-10-09 22:59:33.140   Installing the file.
2026-10-09 22:59:33.140   Successfully installed the file.
2026-10-09 22:59:33.140   -- File entry --
2026-10-09 22:59:33.140   Dest filename: D:\a\_temp\agym-c64-38001250527-5872-u8q4q801\client\Recepcion\_internal\api-ms-win-crt-process-l1-1-0.dll
2026-10-09 22:59:33.140   Time stamp of our file: 2026-10-09 22:58:06.000
2026-10-09 22:59:33.140   Installing the file.
2026-10-09 22:59:33.140   Successfully installed the file.
2026-10-09 22:59:33.140   -- File entry --
2026-10-09 22:59:33.140   Dest filename: D:\a\_temp\agym-c64-38001250527-5872-u8q4q801\client\Recepcion\_internal\api-ms-win-crt-runtime-l1-1-0.dll
2026-10-09 22:59:33.140   Time stamp of our file: 2026-10-09 22:58:06.000
2026-10-09 22:59:33.140   Installing the file.
2026-10-09 22:59:33.140   Successfully installed the file.
2026-10-09 22:59:33.140   -- File entry --
2026-10-09 22:59:33.140   Dest filename: D:\a\_temp\agym-c64-38001250527-5872-u8q4q801\client\Recepcion\_internal\api-ms-win-crt-stdio-l1-1-0.dll
2026-10-09 22:59:33.140   Time stamp of our file: 2026-10-09 22:58:06.000
2026-10-09 22:59:33.140   Installing the file.
2026-10-09 22:59:33.140   Successfully installed the file.
2026-10-09 22:59:33.140   -- File entry --
2026-10-09 22:59:33.140   Dest filename: D:\a\_temp\agym-c64-38001250527-5872-u8q4q801\client\Recepcion\_internal\api-ms-win-crt-string-l1-1-0.dll
2026-10-09 22:59:33.140   Time stamp of our file: 2026-10-09 22:58:06.000
2026-10-09 22:59:33.140   Installing the file.
2026-10-09 22:59:33.140   Successfully installed the file.
2026-10-09 22:59:33.140   -- File entry --
2026-10-09 22:59:33.140   Dest filename: D:\a\_temp\agym-c64-38001250527-5872-u8q4q801\client\Recepcion\_internal\api-ms-win-crt-time-l1-1-0.dll
2026-10-09 22:59:33.140   Time stamp of our file: 2026-10-09 22:58:06.000
2026-10-09 22:59:33.140   Installing the file.
2026-10-09 22:59:33.140   Successfully installed the file.
2026-10-09 22:59:33.140   -- File entry --
2026-10-09 22:59:33.140   Dest filename: D:\a\_temp\agym-c64-38001250527-5872-u8q4q801\client\Recepcion\_internal\api-ms-win-crt-utility-l1-1-0.dll
2026-10-09 22:59:33.140   Time stamp of our file: 2026-10-09 22:58:06.000
2026-10-09 22:59:33.140   Installing the file.
2026-10-09 22:59:33.140   Successfully installed the file.
2026-10-09 22:59:33.140   -- File entry --
2026-10-09 22:59:33.140   Dest filename: D:\a\_temp\agym-c64-38001250527-5872-u8q4q801\client\Recepcion\_internal\base_library.zip
2026-10-09 22:59:33.140   Time stamp of our file: 2026-10-09 22:58:06.000
2026-10-09 22:59:33.140   Installing the file.
2026-10-09 22:59:33.171   Successfully installed the file.
2026-10-09 22:59:33.171   -- File entry --
2026-10-09 22:59:33.171   Dest filename: D:\a\_temp\agym-c64-38001250527-5872-u8q4q801\client\Recepcion\_internal\gymsoft_config.json
2026-10-09 22:59:33.171   Time stamp of our file: 2026-10-09 22:58:06.000
2026-10-09 22:59:33.171   Installing the file.
2026-10-09 22:59:33.171   Successfully installed the file.
2026-10-09 22:59:33.171   -- File entry --
2026-10-09 22:59:33.171   Dest filename: D:\a\_temp\agym-c64-38001250527-5872-u8q4q801\client\Recepcion\_internal\icono.ico
2026-10-09 22:59:33.171   Time stamp of our file: 2026-10-09 22:58:06.000
2026-10-09 22:59:33.171   Installing the file.
2026-10-09 22:59:33.171   Successfully installed the file.
2026-10-09 22:59:33.171   -- File entry --
2026-10-09 22:59:33.171   Dest filename: D:\a\_temp\agym-c64-38001250527-5872-u8q4q801\client\Recepcion\_internal\icono_recepcion.ico
2026-10-09 22:59:33.171   Time stamp of our file: 2026-10-09 22:58:06.000
2026-10-09 22:59:33.171   Installing the file.
2026-10-09 22:59:33.187   Successfully installed the file.
2026-10-09 22:59:33.187   -- File entry --
2026-10-09 22:59:33.187   Dest filename: D:\a\_temp\agym-c64-38001250527-5872-u8q4q801\client\Recepcion\_internal\libcrypto-3.dll
2026-10-09 22:59:33.187   Time stamp of our file: 2026-10-09 22:58:06.000
2026-10-09 22:59:33.187   Installing the file.
2026-10-09 22:59:33.327   Successfully installed the file.
2026-10-09 22:59:33.327   -- File entry --
2026-10-09 22:59:33.327   Dest filename: D:\a\_temp\agym-c64-38001250527-5872-u8q4q801\client\Recepcion\_internal\libffi-8.dll
2026-10-09 22:59:33.327   Time stamp of our file: 2026-10-09 22:58:06.000
2026-10-09 22:59:33.327   Installing the file.
2026-10-09 22:59:33.327   Successfully installed the file.
2026-10-09 22:59:33.327   -- File entry --
2026-10-09 22:59:33.327   Dest filename: D:\a\_temp\agym-c64-38001250527-5872-u8q4q801\client\Recepcion\_internal\libssl-3.dll
2026-10-09 22:59:33.327   Time stamp of our file: 2026-10-09 22:58:06.000
2026-10-09 22:59:33.327   Installing the file.
2026-10-09 22:59:33.358   Successfully installed the file.
2026-10-09 22:59:33.358   -- File entry --
2026-10-09 22:59:33.358   Dest filename: D:\a\_temp\agym-c64-38001250527-5872-u8q4q801\client\Recepcion\_internal\libtommath.dll
2026-10-09 22:59:33.358   Time stamp of our file: 2026-10-09 22:58:06.000
2026-10-09 22:59:33.358   Installing the file.
2026-10-09 22:59:33.358   Successfully installed the file.
2026-10-09 22:59:33.358   -- File entry --
2026-10-09 22:59:33.358   Dest filename: D:\a\_temp\agym-c64-38001250527-5872-u8q4q801\client\Recepcion\_internal\pyexpat.pyd
2026-10-09 22:59:33.358   Time stamp of our file: 2026-10-09 22:58:06.000
2026-10-09 22:59:33.358   Installing the file.
2026-10-09 22:59:33.374   Successfully installed the file.
2026-10-09 22:59:33.374   -- File entry --
2026-10-09 22:59:33.374   Dest filename: D:\a\_temp\agym-c64-38001250527-5872-u8q4q801\client\Recepcion\_internal\python3.dll
2026-10-09 22:59:33.374   Time stamp of our file: 2026-10-09 22:58:06.000
2026-10-09 22:59:33.374   Installing the file.
2026-10-09 22:59:33.374   Successfully installed the file.
2026-10-09 22:59:33.374   -- File entry --
2026-10-09 22:59:33.374   Dest filename: D:\a\_temp\agym-c64-38001250527-5872-u8q4q801\client\Recepcion\_internal\python314.dll
2026-10-09 22:59:33.374   Time stamp of our file: 2026-10-09 22:58:06.000
2026-10-09 22:59:33.374   Installing the file.
2026-10-09 22:59:33.546   Successfully installed the file.
2026-10-09 22:59:33.546   -- File entry --
2026-10-09 22:59:33.546   Dest filename: D:\a\_temp\agym-c64-38001250527-5872-u8q4q801\client\Recepcion\_internal\select.pyd
2026-10-09 22:59:33.546   Time stamp of our file: 2026-10-09 22:58:06.000
2026-10-09 22:59:33.546   Installing the file.
2026-10-09 22:59:33.546   Successfully installed the file.
2026-10-09 22:59:33.546   -- File entry --
2026-10-09 22:59:33.546   Dest filename: D:\a\_temp\agym-c64-38001250527-5872-u8q4q801\client\Recepcion\_internal\sqlite3.dll
2026-10-09 22:59:33.546   Time stamp of our file: 2026-10-09 22:58:06.000
2026-10-09 22:59:33.546   Installing the file.
2026-10-09 22:59:33.609   Successfully installed the file.
2026-10-09 22:59:33.609   -- File entry --
2026-10-09 22:59:33.609   Dest filename: D:\a\_temp\agym-c64-38001250527-5872-u8q4q801\client\Recepcion\_internal\tcl90.dll
2026-10-09 22:59:33.609   Time stamp of our file: 2026-10-09 22:58:06.000
2026-10-09 22:59:33.609   Installing the file.
2026-10-09 22:59:33.718   Successfully installed the file.
2026-10-09 22:59:33.718   -- File entry --
2026-10-09 22:59:33.718   Dest filename: D:\a\_temp\agym-c64-38001250527-5872-u8q4q801\client\Recepcion\_internal\tcl9tk90.dll
2026-10-09 22:59:33.718   Time stamp of our file: 2026-10-09 22:58:06.000
2026-10-09 22:59:33.718   Installing the file.
2026-10-09 22:59:33.780   Successfully installed the file.
2026-10-09 22:59:33.780   -- File entry --
2026-10-09 22:59:33.780   Dest filename: D:\a\_temp\agym-c64-38001250527-5872-u8q4q801\client\Recepcion\_internal\ucrtbase.dll
2026-10-09 22:59:33.780   Time stamp of our file: 2026-10-09 22:58:06.000
2026-10-09 22:59:33.780   Installing the file.
2026-10-09 22:59:33.827   Successfully installed the file.
2026-10-09 22:59:33.827   -- File entry --
2026-10-09 22:59:33.827   Dest filename: D:\a\_temp\agym-c64-38001250527-5872-u8q4q801\client\Recepcion\_internal\unicodedata.pyd
2026-10-09 22:59:33.827   Time stamp of our file: 2026-10-09 22:58:06.000
2026-10-09 22:59:33.827   Installing the file.
2026-10-09 22:59:33.859   Successfully installed the file.
2026-10-09 22:59:33.859   -- File entry --
2026-10-09 22:59:33.859   Dest filename: D:\a\_temp\agym-c64-38001250527-5872-u8q4q801\client\Recepcion\_internal\VCRUNTIME140.dll
2026-10-09 22:59:33.859   Time stamp of our file: 2026-10-09 22:58:06.000
2026-10-09 22:59:33.859   Installing the file.
2026-10-09 22:59:33.859   Successfully installed the file.
2026-10-09 22:59:33.859   -- File entry --
2026-10-09 22:59:33.859   Dest filename: D:\a\_temp\agym-c64-38001250527-5872-u8q4q801\client\Recepcion\_internal\VCRUNTIME140_1.dll
2026-10-09 22:59:33.859   Time stamp of our file: 2026-10-09 22:58:06.000
2026-10-09 22:59:33.859   Installing the file.
2026-10-09 22:59:33.859   Successfully installed the file.
2026-10-09 22:59:33.859   -- File entry --
2026-10-09 22:59:33.859   Dest filename: D:\a\_temp\agym-c64-38001250527-5872-u8q4q801\client\Recepcion\_internal\zlib1.dll
2026-10-09 22:59:33.859   Time stamp of our file: 2026-10-09 22:58:06.000
2026-10-09 22:59:33.859   Installing the file.
2026-10-09 22:59:33.859   Successfully installed the file.
2026-10-09 22:59:33.859   -- File entry --
2026-10-09 22:59:33.859   Dest filename: D:\a\_temp\agym-c64-38001250527-5872-u8q4q801\client\Recepcion\_internal\_asyncio.pyd
2026-10-09 22:59:33.859   Time stamp of our file: 2026-10-09 22:58:06.000
2026-10-09 22:59:33.859   Installing the file.
2026-10-09 22:59:33.859   Successfully installed the file.
2026-10-09 22:59:33.859   -- File entry --
2026-10-09 22:59:33.859   Dest filename: D:\a\_temp\agym-c64-38001250527-5872-u8q4q801\client\Recepcion\_internal\_bz2.pyd
2026-10-09 22:59:33.859   Time stamp of our file: 2026-10-09 22:58:06.000
2026-10-09 22:59:33.859   Installing the file.
2026-10-09 22:59:33.874   Successfully installed the file.
2026-10-09 22:59:33.874   -- File entry --
2026-10-09 22:59:33.874   Dest filename: D:\a\_temp\agym-c64-38001250527-5872-u8q4q801\client\Recepcion\_internal\_cffi_backend.cp314-win_amd64.pyd
2026-10-09 22:59:33.874   Time stamp of our file: 2026-10-09 22:58:06.000
2026-10-09 22:59:33.874   Installing the file.
2026-10-09 22:59:33.874   Successfully installed the file.
2026-10-09 22:59:33.874   -- File entry --
2026-10-09 22:59:33.874   Dest filename: D:\a\_temp\agym-c64-38001250527-5872-u8q4q801\client\Recepcion\_internal\_ctypes.pyd
2026-10-09 22:59:33.874   Time stamp of our file: 2026-10-09 22:58:06.000
2026-10-09 22:59:33.874   Installing the file.
2026-10-09 22:59:33.874   Successfully installed the file.
2026-10-09 22:59:33.874   -- File entry --
2026-10-09 22:59:33.874   Dest filename: D:\a\_temp\agym-c64-38001250527-5872-u8q4q801\client\Recepcion\_internal\_decimal.pyd
2026-10-09 22:59:33.874   Time stamp of our file: 2026-10-09 22:58:06.000
2026-10-09 22:59:33.874   Installing the file.
2026-10-09 22:59:33.890   Successfully installed the file.
2026-10-09 22:59:33.890   -- File entry --
2026-10-09 22:59:33.890   Dest filename: D:\a\_temp\agym-c64-38001250527-5872-u8q4q801\client\Recepcion\_internal\_elementtree.pyd
2026-10-09 22:59:33.890   Time stamp of our file: 2026-10-09 22:58:06.000
2026-10-09 22:59:33.890   Installing the file.
2026-10-09 22:59:33.890   Successfully installed the file.
2026-10-09 22:59:33.890   -- File entry --
2026-10-09 22:59:33.890   Dest filename: D:\a\_temp\agym-c64-38001250527-5872-u8q4q801\client\Recepcion\_internal\_hashlib.pyd
2026-10-09 22:59:33.890   Time stamp of our file: 2026-10-09 22:58:06.000
2026-10-09 22:59:33.890   Installing the file.
2026-10-09 22:59:33.890   Successfully installed the file.
2026-10-09 22:59:33.890   -- File entry --
2026-10-09 22:59:33.890   Dest filename: D:\a\_temp\agym-c64-38001250527-5872-u8q4q801\client\Recepcion\_internal\_lzma.pyd
2026-10-09 22:59:33.890   Time stamp of our file: 2026-10-09 22:58:06.000
2026-10-09 22:59:33.890   Installing the file.
2026-10-09 22:59:33.905   Successfully installed the file.
2026-10-09 22:59:33.905   -- File entry --
2026-10-09 22:59:33.905   Dest filename: D:\a\_temp\agym-c64-38001250527-5872-u8q4q801\client\Recepcion\_internal\_multiprocessing.pyd
2026-10-09 22:59:33.905   Time stamp of our file: 2026-10-09 22:58:06.000
2026-10-09 22:59:33.905   Installing the file.
2026-10-09 22:59:33.905   Successfully installed the file.
2026-10-09 22:59:33.905   -- File entry --
2026-10-09 22:59:33.905   Dest filename: D:\a\_temp\agym-c64-38001250527-5872-u8q4q801\client\Recepcion\_internal\_overlapped.pyd
2026-10-09 22:59:33.905   Time stamp of our file: 2026-10-09 22:58:06.000
2026-10-09 22:59:33.905   Installing the file.
2026-10-09 22:59:33.905   Successfully installed the file.
2026-10-09 22:59:33.905   -- File entry --
2026-10-09 22:59:33.905   Dest filename: D:\a\_temp\agym-c64-38001250527-5872-u8q4q801\client\Recepcion\_internal\_queue.pyd
2026-10-09 22:59:33.905   Time stamp of our file: 2026-10-09 22:58:06.000
2026-10-09 22:59:33.905   Installing the file.
2026-10-09 22:59:33.905   Successfully installed the file.
2026-10-09 22:59:33.905   -- File entry --
2026-10-09 22:59:33.905   Dest filename: D:\a\_temp\agym-c64-38001250527-5872-u8q4q801\client\Recepcion\_internal\_socket.pyd
2026-10-09 22:59:33.905   Time stamp of our file: 2026-10-09 22:58:06.000
2026-10-09 22:59:33.905   Installing the file.
2026-10-09 22:59:33.905   Successfully installed the file.
2026-10-09 22:59:33.905   -- File entry --
2026-10-09 22:59:33.905   Dest filename: D:\a\_temp\agym-c64-38001250527-5872-u8q4q801\client\Recepcion\_internal\_sqlite3.pyd
2026-10-09 22:59:33.905   Time stamp of our file: 2026-10-09 22:58:06.000
2026-10-09 22:59:33.905   Installing the file.
2026-10-09 22:59:33.905   Successfully installed the file.
2026-10-09 22:59:33.905   -- File entry --
2026-10-09 22:59:33.905   Dest filename: D:\a\_temp\agym-c64-38001250527-5872-u8q4q801\client\Recepcion\_internal\_ssl.pyd
2026-10-09 22:59:33.905   Time stamp of our file: 2026-10-09 22:58:06.000
2026-10-09 22:59:33.905   Installing the file.
2026-10-09 22:59:33.921   Successfully installed the file.
2026-10-09 22:59:33.921   -- File entry --
2026-10-09 22:59:33.921   Dest filename: D:\a\_temp\agym-c64-38001250527-5872-u8q4q801\client\Recepcion\_internal\_tkinter.pyd
2026-10-09 22:59:33.921   Time stamp of our file: 2026-10-09 22:58:06.000
2026-10-09 22:59:33.921   Installing the file.
2026-10-09 22:59:33.921   Successfully installed the file.
2026-10-09 22:59:33.921   -- File entry --
2026-10-09 22:59:33.921   Dest filename: D:\a\_temp\agym-c64-38001250527-5872-u8q4q801\client\Recepcion\_internal\_uuid.pyd
2026-10-09 22:59:33.921   Time stamp of our file: 2026-10-09 22:58:06.000
2026-10-09 22:59:33.921   Installing the file.
2026-10-09 22:59:33.921   Successfully installed the file.
2026-10-09 22:59:33.921   -- File entry --
2026-10-09 22:59:33.921   Dest filename: D:\a\_temp\agym-c64-38001250527-5872-u8q4q801\client\Recepcion\_internal\_wmi.pyd
2026-10-09 22:59:33.921   Time stamp of our file: 2026-10-09 22:58:06.000
2026-10-09 22:59:33.921   Installing the file.
2026-10-09 22:59:33.921   Successfully installed the file.
2026-10-09 22:59:33.921   -- File entry --
2026-10-09 22:59:33.921   Dest filename: D:\a\_temp\agym-c64-38001250527-5872-u8q4q801\client\Recepcion\_internal\_zoneinfo.pyd
2026-10-09 22:59:33.921   Time stamp of our file: 2026-10-09 22:58:06.000
2026-10-09 22:59:33.921   Installing the file.
2026-10-09 22:59:33.921   Successfully installed the file.
2026-10-09 22:59:33.921   -- File entry --
2026-10-09 22:59:33.921   Dest filename: D:\a\_temp\agym-c64-38001250527-5872-u8q4q801\client\Recepcion\_internal\_zstd.pyd
2026-10-09 22:59:33.921   Time stamp of our file: 2026-10-09 22:58:06.000
2026-10-09 22:59:33.921   Installing the file.
2026-10-09 22:59:33.937   Successfully installed the file.
2026-10-09 22:59:33.937   -- File entry --
2026-10-09 22:59:33.937   Dest filename: D:\a\_temp\agym-c64-38001250527-5872-u8q4q801\client\Recepcion\_internal\certifi\cacert.pem
2026-10-09 22:59:33.937   Time stamp of our file: 2026-10-09 22:58:06.000
2026-10-09 22:59:33.937   Installing the file.
2026-10-09 22:59:33.937   Creating directory: D:\a\_temp\agym-c64-38001250527-5872-u8q4q801\client\Recepcion\_internal\certifi
2026-10-09 22:59:33.952   Successfully installed the file.
2026-10-09 22:59:33.952   -- File entry --
2026-10-09 22:59:33.952   Dest filename: D:\a\_temp\agym-c64-38001250527-5872-u8q4q801\client\Recepcion\_internal\certifi\py.typed
2026-10-09 22:59:33.952   Time stamp of our file: 2026-10-09 22:58:06.000
2026-10-09 22:59:33.952   Installing the file.
2026-10-09 22:59:33.952   Successfully installed the file.
2026-10-09 22:59:33.952   -- File entry --
2026-10-09 22:59:33.952   Dest filename: D:\a\_temp\agym-c64-38001250527-5872-u8q4q801\client\Recepcion\_internal\cryptography\hazmat\bindings\_rust.pyd
2026-10-09 22:59:33.952   Time stamp of our file: 2026-10-09 22:58:06.000
2026-10-09 22:59:33.952   Installing the file.
2026-10-09 22:59:33.952   Creating directory: D:\a\_temp\agym-c64-38001250527-5872-u8q4q801\client\Recepcion\_internal\cryptography
2026-10-09 22:59:33.952   Creating directory: D:\a\_temp\agym-c64-38001250527-5872-u8q4q801\client\Recepcion\_internal\cryptography\hazmat
2026-10-09 22:59:33.952   Creating directory: D:\a\_temp\agym-c64-38001250527-5872-u8q4q801\client\Recepcion\_internal\cryptography\hazmat\bindings
2026-10-09 22:59:34.187   Successfully installed the file.
2026-10-09 22:59:34.187   -- File entry --
2026-10-09 22:59:34.187   Dest filename: D:\a\_temp\agym-c64-38001250527-5872-u8q4q801\client\Recepcion\_internal\cryptography-50.0.2.dist-info\INSTALLER
2026-10-09 22:59:34.187   Time stamp of our file: 2026-10-09 22:58:06.000
2026-10-09 22:59:34.187   Installing the file.
2026-10-09 22:59:34.187   Creating directory: D:\a\_temp\agym-c64-38001250527-5872-u8q4q801\client\Recepcion\_internal\cryptography-50.0.2.dist-info
2026-10-09 22:59:34.187   Successfully installed the file.
2026-10-09 22:59:34.187   -- File entry --
2026-10-09 22:59:34.187   Dest filename: D:\a\_temp\agym-c64-38001250527-5872-u8q4q801\client\Recepcion\_internal\cryptography-50.0.2.dist-info\METADATA
2026-10-09 22:59:34.187   Time stamp of our file: 2026-10-09 22:58:06.000
2026-10-09 22:59:34.187   Installing the file.
2026-10-09 22:59:34.187   Successfully installed the file.
2026-10-09 22:59:34.187   -- File entry --
2026-10-09 22:59:34.187   Dest filename: D:\a\_temp\agym-c64-38001250527-5872-u8q4q801\client\Recepcion\_internal\cryptography-50.0.2.dist-info\RECORD
2026-10-09 22:59:34.187   Time stamp of our file: 2026-10-09 22:58:06.000
2026-10-09 22:59:34.187   Installing the file.
2026-10-09 22:59:34.187   Successfully installed the file.
2026-10-09 22:59:34.187   -- File entry --
2026-10-09 22:59:34.187   Dest filename: D:\a\_temp\agym-c64-38001250527-5872-u8q4q801\client\Recepcion\_internal\cryptography-50.0.2.dist-info\WHEEL
2026-10-09 22:59:34.187   Time stamp of our file: 2026-10-09 22:58:06.000
2026-10-09 22:59:34.187   Installing the file.
2026-10-09 22:59:34.187   Successfully installed the file.
2026-10-09 22:59:34.187   -- File entry --
2026-10-09 22:59:34.187   Dest filename: D:\a\_temp\agym-c64-38001250527-5872-u8q4q801\client\Recepcion\_internal\cryptography-50.0.2.dist-info\licenses\LICENSE
2026-10-09 22:59:34.187   Time stamp of our file: 2026-10-09 22:58:06.000
2026-10-09 22:59:34.187   Installing the file.
2026-10-09 22:59:34.187   Creating directory: D:\a\_temp\agym-c64-38001250527-5872-u8q4q801\client\Recepcion\_internal\cryptography-50.0.2.dist-info\licenses
2026-10-09 22:59:34.187   Successfully installed the file.
2026-10-09 22:59:34.187   -- File entry --
2026-10-09 22:59:34.187   Dest filename: D:\a\_temp\agym-c64-38001250527-5872-u8q4q801\client\Recepcion\_internal\cryptography-50.0.2.dist-info\licenses\LICENSE.APACHE
2026-10-09 22:59:34.187   Time stamp of our file: 2026-10-09 22:58:06.000
2026-10-09 22:59:34.187   Installing the file.
2026-10-09 22:59:34.187   Successfully installed the file.
2026-10-09 22:59:34.187   -- File entry --
2026-10-09 22:59:34.187   Dest filename: D:\a\_temp\agym-c64-38001250527-5872-u8q4q801\client\Recepcion\_internal\cryptography-50.0.2.dist-info\licenses\LICENSE.BSD
2026-10-09 22:59:34.187   Time stamp of our file: 2026-10-09 22:58:06.000
2026-10-09 22:59:34.187   Installing the file.
2026-10-09 22:59:34.187   Successfully installed the file.
2026-10-09 22:59:34.187   -- File entry --
2026-10-09 22:59:34.187   Dest filename: D:\a\_temp\agym-c64-38001250527-5872-u8q4q801\client\Recepcion\_internal\cryptography-50.0.2.dist-info\sboms\cryptography-rust.cyclonedx.json
2026-10-09 22:59:34.187   Time stamp of our file: 2026-10-09 22:58:06.000
2026-10-09 22:59:34.187   Installing the file.
2026-10-09 22:59:34.187   Creating directory: D:\a\_temp\agym-c64-38001250527-5872-u8q4q801\client\Recepcion\_internal\cryptography-50.0.2.dist-info\sboms
2026-10-09 22:59:34.187   Successfully installed the file.
2026-10-09 22:59:34.187   -- File entry --
2026-10-09 22:59:34.187   Dest filename: D:\a\_temp\agym-c64-38001250527-5872-u8q4q801\client\Recepcion\_internal\cryptography-50.0.2.dist-info\sboms\sbom.json
2026-10-09 22:59:34.187   Time stamp of our file: 2026-10-09 22:58:06.000
2026-10-09 22:59:34.187   Installing the file.
2026-10-09 22:59:34.187   Successfully installed the file.
2026-10-09 22:59:34.187   -- File entry --
2026-10-09 22:59:34.187   Dest filename: D:\a\_temp\agym-c64-38001250527-5872-u8q4q801\client\Recepcion\_internal\multidict\_multidict.cp314-win_amd64.pyd
2026-10-09 22:59:34.187   Time stamp of our file: 2026-10-09 22:58:06.000
2026-10-09 22:59:34.187   Installing the file.
2026-10-09 22:59:34.187   Creating directory: D:\a\_temp\agym-c64-38001250527-5872-u8q4q801\client\Recepcion\_internal\multidict
2026-10-09 22:59:34.187   Successfully installed the file.
2026-10-09 22:59:34.187   -- File entry --
2026-10-09 22:59:34.187   Dest filename: D:\a\_temp\agym-c64-38001250527-5872-u8q4q801\client\Recepcion\_internal\PIL\_avif.cp314-win_amd64.pyd
2026-10-09 22:59:34.187   Time stamp of our file: 2026-10-09 22:58:06.000
2026-10-09 22:59:34.187   Installing the file.
2026-10-09 22:59:34.187   Creating directory: D:\a\_temp\agym-c64-38001250527-5872-u8q4q801\client\Recepcion\_internal\PIL
2026-10-09 22:59:34.374   Successfully installed the file.
2026-10-09 22:59:34.374   -- File entry --
2026-10-09 22:59:34.374   Dest filename: D:\a\_temp\agym-c64-38001250527-5872-u8q4q801\client\Recepcion\_internal\PIL\_imaging.cp314-win_amd64.pyd
2026-10-09 22:59:34.374   Time stamp of our file: 2026-10-09 22:58:06.000
2026-10-09 22:59:34.374   Installing the file.
2026-10-09 22:59:34.452   Successfully installed the file.
2026-10-09 22:59:34.452   -- File entry --
2026-10-09 22:59:34.452   Dest filename: D:\a\_temp\agym-c64-38001250527-5872-u8q4q801\client\Recepcion\_internal\PIL\_imagingcms.cp314-win_amd64.pyd
2026-10-09 22:59:34.452   Time stamp of our file: 2026-10-09 22:58:06.000
2026-10-09 22:59:34.452   Installing the file.
2026-10-09 22:59:34.468   Successfully installed the file.
2026-10-09 22:59:34.468   -- File entry --
2026-10-09 22:59:34.468   Dest filename: D:\a\_temp\agym-c64-38001250527-5872-u8q4q801\client\Recepcion\_internal\PIL\_imagingft.cp314-win_amd64.pyd
2026-10-09 22:59:34.468   Time stamp of our file: 2026-10-09 22:58:06.000
2026-10-09 22:59:34.468   Installing the file.
2026-10-09 22:59:34.531   Successfully installed the file.
2026-10-09 22:59:34.531   -- File entry --
2026-10-09 22:59:34.531   Dest filename: D:\a\_temp\agym-c64-38001250527-5872-u8q4q801\client\Recepcion\_internal\PIL\_imagingmath.cp314-win_amd64.pyd
2026-10-09 22:59:34.531   Time stamp of our file: 2026-10-09 22:58:06.000
2026-10-09 22:59:34.531   Installing the file.
2026-10-09 22:59:34.531   Successfully installed the file.
2026-10-09 22:59:34.531   -- File entry --
2026-10-09 22:59:34.531   Dest filename: D:\a\_temp\agym-c64-38001250527-5872-u8q4q801\client\Recepcion\_internal\PIL\_imagingtk.cp314-win_amd64.pyd
2026-10-09 22:59:34.531   Time stamp of our file: 2026-10-09 22:58:06.000
2026-10-09 22:59:34.531   Installing the file.
2026-10-09 22:59:34.531   Successfully installed the file.
2026-10-09 22:59:34.531   -- File entry --
2026-10-09 22:59:34.531   Dest filename: D:\a\_temp\agym-c64-38001250527-5872-u8q4q801\client\Recepcion\_internal\PIL\_webp.cp314-win_amd64.pyd
2026-10-09 22:59:34.531   Time stamp of our file: 2026-10-09 22:58:06.000
2026-10-09 22:59:34.531   Installing the file.
2026-10-09 22:59:34.531   Successfully installed the file.
2026-10-09 22:59:34.531   -- File entry --
2026-10-09 22:59:34.531   Dest filename: D:\a\_temp\agym-c64-38001250527-5872-u8q4q801\client\Recepcion\_internal\postgrest\base_client.py
2026-10-09 22:59:34.531   Time stamp of our file: 2026-10-09 22:58:06.000
2026-10-09 22:59:34.531   Installing the file.
2026-10-09 22:59:34.531   Creating directory: D:\a\_temp\agym-c64-38001250527-5872-u8q4q801\client\Recepcion\_internal\postgrest
2026-10-09 22:59:34.531   Successfully installed the file.
2026-10-09 22:59:34.531   -- File entry --
2026-10-09 22:59:34.531   Dest filename: D:\a\_temp\agym-c64-38001250527-5872-u8q4q801\client\Recepcion\_internal\postgrest\base_request_builder.py
2026-10-09 22:59:34.531   Time stamp of our file: 2026-10-09 22:58:06.000
2026-10-09 22:59:34.531   Installing the file.
2026-10-09 22:59:34.531   Successfully installed the file.
2026-10-09 22:59:34.531   -- File entry --
2026-10-09 22:59:34.531   Dest filename: D:\a\_temp\agym-c64-38001250527-5872-u8q4q801\client\Recepcion\_internal\postgrest\constants.py
2026-10-09 22:59:34.531   Time stamp of our file: 2026-10-09 22:58:06.000
2026-10-09 22:59:34.531   Installing the file.
2026-10-09 22:59:34.531   Successfully installed the file.
2026-10-09 22:59:34.531   -- File entry --
2026-10-09 22:59:34.531   Dest filename: D:\a\_temp\agym-c64-38001250527-5872-u8q4q801\client\Recepcion\_internal\postgrest\exceptions.py
2026-10-09 22:59:34.531   Time stamp of our file: 2026-10-09 22:58:06.000
2026-10-09 22:59:34.531   Installing the file.
2026-10-09 22:59:34.531   Successfully installed the file.
2026-10-09 22:59:34.531   -- File entry --
2026-10-09 22:59:34.531   Dest filename: D:\a\_temp\agym-c64-38001250527-5872-u8q4q801\client\Recepcion\_internal\postgrest\py.typed
2026-10-09 22:59:34.531   Time stamp of our file: 2026-10-09 22:58:06.000
2026-10-09 22:59:34.531   Installing the file.
2026-10-09 22:59:34.531   Successfully installed the file.
2026-10-09 22:59:34.531   -- File entry --
2026-10-09 22:59:34.531   Dest filename: D:\a\_temp\agym-c64-38001250527-5872-u8q4q801\client\Recepcion\_internal\postgrest\types.py
2026-10-09 22:59:34.531   Time stamp of our file: 2026-10-09 22:58:06.000
2026-10-09 22:59:34.531   Installing the file.
2026-10-09 22:59:34.546   Successfully installed the file.
2026-10-09 22:59:34.546   -- File entry --
2026-10-09 22:59:34.546   Dest filename: D:\a\_temp\agym-c64-38001250527-5872-u8q4q801\client\Recepcion\_internal\postgrest\utils.py
2026-10-09 22:59:34.546   Time stamp of our file: 2026-10-09 22:58:06.000
2026-10-09 22:59:34.546   Installing the file.
2026-10-09 22:59:34.546   Successfully installed the file.
2026-10-09 22:59:34.546   -- File entry --
2026-10-09 22:59:34.546   Dest filename: D:\a\_temp\agym-c64-38001250527-5872-u8q4q801\client\Recepcion\_internal\postgrest\version.py
2026-10-09 22:59:34.546   Time stamp of our file: 2026-10-09 22:58:06.000
2026-10-09 22:59:34.546   Installing the file.
2026-10-09 22:59:34.546   Successfully installed the file.
2026-10-09 22:59:34.546   -- File entry --
2026-10-09 22:59:34.546   Dest filename: D:\a\_temp\agym-c64-38001250527-5872-u8q4q801\client\Recepcion\_internal\postgrest\__init__.py
2026-10-09 22:59:34.546   Time stamp of our file: 2026-10-09 22:58:06.000
2026-10-09 22:59:34.546   Installing the file.
2026-10-09 22:59:34.546   Successfully installed the file.
2026-10-09 22:59:34.546   -- File entry --
2026-10-09 22:59:34.546   Dest filename: D:\a\_temp\agym-c64-38001250527-5872-u8q4q801\client\Recepcion\_internal\postgrest\_async\client.py
2026-10-09 22:59:34.546   Time stamp of our file: 2026-10-09 22:58:06.000
2026-10-09 22:59:34.546   Installing the file.
2026-10-09 22:59:34.546   Creating directory: D:\a\_temp\agym-c64-38001250527-5872-u8q4q801\client\Recepcion\_internal\postgrest\_async
2026-10-09 22:59:34.546   Successfully installed the file.
2026-10-09 22:59:34.546   -- File entry --
2026-10-09 22:59:34.546   Dest filename: D:\a\_temp\agym-c64-38001250527-5872-u8q4q801\client\Recepcion\_internal\postgrest\_async\request_builder.py
2026-10-09 22:59:34.546   Time stamp of our file: 2026-10-09 22:58:06.000
2026-10-09 22:59:34.546   Installing the file.
2026-10-09 22:59:34.546   Successfully installed the file.
2026-10-09 22:59:34.546   -- File entry --
2026-10-09 22:59:34.546   Dest filename: D:\a\_temp\agym-c64-38001250527-5872-u8q4q801\client\Recepcion\_internal\postgrest\_async\__init__.py
2026-10-09 22:59:34.546   Time stamp of our file: 2026-10-09 22:58:06.000
2026-10-09 22:59:34.546   Installing the file.
2026-10-09 22:59:34.546   Successfully installed the file.
2026-10-09 22:59:34.546   -- File entry --
2026-10-09 22:59:34.546   Dest filename: D:\a\_temp\agym-c64-38001250527-5872-u8q4q801\client\Recepcion\_internal\postgrest\_sync\client.py
2026-10-09 22:59:34.546   Time stamp of our file: 2026-10-09 22:58:06.000
2026-10-09 22:59:34.546   Installing the file.
2026-10-09 22:59:34.546   Creating directory: D:\a\_temp\agym-c64-38001250527-5872-u8q4q801\client\Recepcion\_internal\postgrest\_sync
2026-10-09 22:59:34.546   Successfully installed the file.
2026-10-09 22:59:34.546   -- File entry --
2026-10-09 22:59:34.546   Dest filename: D:\a\_temp\agym-c64-38001250527-5872-u8q4q801\client\Recepcion\_internal\postgrest\_sync\request_builder.py
2026-10-09 22:59:34.546   Time stamp of our file: 2026-10-09 22:58:06.000
2026-10-09 22:59:34.546   Installing the file.
2026-10-09 22:59:34.546   Successfully installed the file.
2026-10-09 22:59:34.546   -- File entry --
2026-10-09 22:59:34.546   Dest filename: D:\a\_temp\agym-c64-38001250527-5872-u8q4q801\client\Recepcion\_internal\postgrest\_sync\__init__.py
2026-10-09 22:59:34.546   Time stamp of our file: 2026-10-09 22:58:06.000
2026-10-09 22:59:34.546   Installing the file.
2026-10-09 22:59:34.546   Successfully installed the file.
2026-10-09 22:59:34.546   -- File entry --
2026-10-09 22:59:34.546   Dest filename: D:\a\_temp\agym-c64-38001250527-5872-u8q4q801\client\Recepcion\_internal\postgrest-2.31.0.dist-info\INSTALLER
2026-10-09 22:59:34.546   Time stamp of our file: 2026-10-09 22:58:06.000
2026-10-09 22:59:34.546   Installing the file.
2026-10-09 22:59:34.546   Creating directory: D:\a\_temp\agym-c64-38001250527-5872-u8q4q801\client\Recepcion\_internal\postgrest-2.31.0.dist-info
2026-10-09 22:59:34.546   Successfully installed the file.
2026-10-09 22:59:34.546   -- File entry --
2026-10-09 22:59:34.546   Dest filename: D:\a\_temp\agym-c64-38001250527-5872-u8q4q801\client\Recepcion\_internal\postgrest-2.31.0.dist-info\METADATA
2026-10-09 22:59:34.546   Time stamp of our file: 2026-10-09 22:58:06.000
2026-10-09 22:59:34.546   Installing the file.
2026-10-09 22:59:34.546   Successfully installed the file.
2026-10-09 22:59:34.546   -- File entry --
2026-10-09 22:59:34.546   Dest filename: D:\a\_temp\agym-c64-38001250527-5872-u8q4q801\client\Recepcion\_internal\postgrest-2.31.0.dist-info\RECORD
2026-10-09 22:59:34.546   Time stamp of our file: 2026-10-09 22:58:06.000
2026-10-09 22:59:34.546   Installing the file.
2026-10-09 22:59:34.546   Successfully installed the file.
2026-10-09 22:59:34.546   -- File entry --
2026-10-09 22:59:34.546   Dest filename: D:\a\_temp\agym-c64-38001250527-5872-u8q4q801\client\Recepcion\_internal\postgrest-2.31.0.dist-info\WHEEL
2026-10-09 22:59:34.546   Time stamp of our file: 2026-10-09 22:58:06.000
2026-10-09 22:59:34.546   Installing the file.
2026-10-09 22:59:34.546   Successfully installed the file.
2026-10-09 22:59:34.546   -- File entry --
2026-10-09 22:59:34.546   Dest filename: D:\a\_temp\agym-c64-38001250527-5872-u8q4q801\client\Recepcion\_internal\propcache\_helpers_c.cp314-win_amd64.pyd
2026-10-09 22:59:34.546   Time stamp of our file: 2026-10-09 22:58:06.000
2026-10-09 22:59:34.546   Installing the file.
2026-10-09 22:59:34.546   Creating directory: D:\a\_temp\agym-c64-38001250527-5872-u8q4q801\client\Recepcion\_internal\propcache
2026-10-09 22:59:34.546   Successfully installed the file.
2026-10-09 22:59:34.546   -- File entry --
2026-10-09 22:59:34.546   Dest filename: D:\a\_temp\agym-c64-38001250527-5872-u8q4q801\client\Recepcion\_internal\pydantic-2.14.0.dist-info\INSTALLER
2026-10-09 22:59:34.546   Time stamp of our file: 2026-10-09 22:58:06.000
2026-10-09 22:59:34.546   Installing the file.
2026-10-09 22:59:34.546   Creating directory: D:\a\_temp\agym-c64-38001250527-5872-u8q4q801\client\Recepcion\_internal\pydantic-2.14.0.dist-info
2026-10-09 22:59:34.546   Successfully installed the file.
2026-10-09 22:59:34.546   -- File entry --
2026-10-09 22:59:34.546   Dest filename: D:\a\_temp\agym-c64-38001250527-5872-u8q4q801\client\Recepcion\_internal\pydantic-2.14.0.dist-info\METADATA
2026-10-09 22:59:34.546   Time stamp of our file: 2026-10-09 22:58:06.000
2026-10-09 22:59:34.546   Installing the file.
2026-10-09 22:59:34.546   Successfully installed the file.
2026-10-09 22:59:34.546   -- File entry --
2026-10-09 22:59:34.546   Dest filename: D:\a\_temp\agym-c64-38001250527-5872-u8q4q801\client\Recepcion\_internal\pydantic-2.14.0.dist-info\RECORD
2026-10-09 22:59:34.546   Time stamp of our file: 2026-10-09 22:58:06.000
2026-10-09 22:59:34.546   Installing the file.
2026-10-09 22:59:34.546   Successfully installed the file.
2026-10-09 22:59:34.546   -- File entry --
2026-10-09 22:59:34.546   Dest filename: D:\a\_temp\agym-c64-38001250527-5872-u8q4q801\client\Recepcion\_internal\pydantic-2.14.0.dist-info\WHEEL
2026-10-09 22:59:34.546   Time stamp of our file: 2026-10-09 22:58:06.000
2026-10-09 22:59:34.546   Installing the file.
2026-10-09 22:59:34.546   Successfully installed the file.
2026-10-09 22:59:34.546   -- File entry --
2026-10-09 22:59:34.546   Dest filename: D:\a\_temp\agym-c64-38001250527-5872-u8q4q801\client\Recepcion\_internal\pydantic-2.14.0.dist-info\licenses\LICENSE
2026-10-09 22:59:34.546   Time stamp of our file: 2026-10-09 22:58:06.000
2026-10-09 22:59:34.546   Installing the file.
2026-10-09 22:59:34.546   Creating directory: D:\a\_temp\agym-c64-38001250527-5872-u8q4q801\client\Recepcion\_internal\pydantic-2.14.0.dist-info\licenses
2026-10-09 22:59:34.546   Successfully installed the file.
2026-10-09 22:59:34.546   -- File entry --
2026-10-09 22:59:34.546   Dest filename: D:\a\_temp\agym-c64-38001250527-5872-u8q4q801\client\Recepcion\_internal\pydantic_core\_pydantic_core.cp314-win_amd64.pyd
2026-10-09 22:59:34.546   Time stamp of our file: 2026-10-09 22:58:06.000
2026-10-09 22:59:34.546   Installing the file.
2026-10-09 22:59:34.546   Creating directory: D:\a\_temp\agym-c64-38001250527-5872-u8q4q801\client\Recepcion\_internal\pydantic_core
2026-10-09 22:59:34.687   Successfully installed the file.
2026-10-09 22:59:34.687   -- File entry --
2026-10-09 22:59:34.687   Dest filename: D:\a\_temp\agym-c64-38001250527-5872-u8q4q801\client\Recepcion\_internal\realtime\exceptions.py
2026-10-09 22:59:34.687   Time stamp of our file: 2026-10-09 22:58:06.000
2026-10-09 22:59:34.687   Installing the file.
2026-10-09 22:59:34.687   Creating directory: D:\a\_temp\agym-c64-38001250527-5872-u8q4q801\client\Recepcion\_internal\realtime
2026-10-09 22:59:34.687   Successfully installed the file.
2026-10-09 22:59:34.702   -- File entry --
2026-10-09 22:59:34.702   Dest filename: D:\a\_temp\agym-c64-38001250527-5872-u8q4q801\client\Recepcion\_internal\realtime\message.py
2026-10-09 22:59:34.702   Time stamp of our file: 2026-10-09 22:58:06.000
2026-10-09 22:59:34.702   Installing the file.
2026-10-09 22:59:34.702   Successfully installed the file.
2026-10-09 22:59:34.702   -- File entry --
2026-10-09 22:59:34.702   Dest filename: D:\a\_temp\agym-c64-38001250527-5872-u8q4q801\client\Recepcion\_internal\realtime\py.typed
2026-10-09 22:59:34.702   Time stamp of our file: 2026-10-09 22:58:06.000
2026-10-09 22:59:34.702   Installing the file.
2026-10-09 22:59:34.702   Successfully installed the file.
2026-10-09 22:59:34.702   -- File entry --
2026-10-09 22:59:34.702   Dest filename: D:\a\_temp\agym-c64-38001250527-5872-u8q4q801\client\Recepcion\_internal\realtime\transformers.py
2026-10-09 22:59:34.702   Time stamp of our file: 2026-10-09 22:58:06.000
2026-10-09 22:59:34.702   Installing the file.
2026-10-09 22:59:34.702   Successfully installed the file.
2026-10-09 22:59:34.702   -- File entry --
2026-10-09 22:59:34.702   Dest filename: D:\a\_temp\agym-c64-38001250527-5872-u8q4q801\client\Recepcion\_internal\realtime\types.py
2026-10-09 22:59:34.702   Time stamp of our file: 2026-10-09 22:58:06.000
2026-10-09 22:59:34.702   Installing the file.
2026-10-09 22:59:34.702   Successfully installed the file.
2026-10-09 22:59:34.702   -- File entry --
2026-10-09 22:59:34.702   Dest filename: D:\a\_temp\agym-c64-38001250527-5872-u8q4q801\client\Recepcion\_internal\realtime\utils.py
2026-10-09 22:59:34.702   Time stamp of our file: 2026-10-09 22:58:06.000
2026-10-09 22:59:34.702   Installing the file.
2026-10-09 22:59:34.702   Successfully installed the file.
2026-10-09 22:59:34.702   -- File entry --
2026-10-09 22:59:34.702   Dest filename: D:\a\_temp\agym-c64-38001250527-5872-u8q4q801\client\Recepcion\_internal\realtime\version.py
2026-10-09 22:59:34.702   Time stamp of our file: 2026-10-09 22:58:06.000
2026-10-09 22:59:34.702   Installing the file.
2026-10-09 22:59:34.702   Successfully installed the file.
2026-10-09 22:59:34.702   -- File entry --
2026-10-09 22:59:34.702   Dest filename: D:\a\_temp\agym-c64-38001250527-5872-u8q4q801\client\Recepcion\_internal\realtime\__init__.py
2026-10-09 22:59:34.702   Time stamp of our file: 2026-10-09 22:58:06.000
2026-10-09 22:59:34.702   Installing the file.
2026-10-09 22:59:34.702   Successfully installed the file.
2026-10-09 22:59:34.702   -- File entry --
2026-10-09 22:59:34.702   Dest filename: D:\a\_temp\agym-c64-38001250527-5872-u8q4q801\client\Recepcion\_internal\realtime\_async\channel.py
2026-10-09 22:59:34.702   Time stamp of our file: 2026-10-09 22:58:06.000
2026-10-09 22:59:34.702   Installing the file.
2026-10-09 22:59:34.702   Creating directory: D:\a\_temp\agym-c64-38001250527-5872-u8q4q801\client\Recepcion\_internal\realtime\_async
2026-10-09 22:59:34.702   Successfully installed the file.
2026-10-09 22:59:34.702   -- File entry --
2026-10-09 22:59:34.702   Dest filename: D:\a\_temp\agym-c64-38001250527-5872-u8q4q801\client\Recepcion\_internal\realtime\_async\client.py
2026-10-09 22:59:34.702   Time stamp of our file: 2026-10-09 22:58:06.000
2026-10-09 22:59:34.702   Installing the file.
2026-10-09 22:59:34.702   Successfully installed the file.
2026-10-09 22:59:34.702   -- File entry --
2026-10-09 22:59:34.702   Dest filename: D:\a\_temp\agym-c64-38001250527-5872-u8q4q801\client\Recepcion\_internal\realtime\_async\presence.py
2026-10-09 22:59:34.702   Time stamp of our file: 2026-10-09 22:58:06.000
2026-10-09 22:59:34.702   Installing the file.
2026-10-09 22:59:34.702   Successfully installed the file.
2026-10-09 22:59:34.702   -- File entry --
2026-10-09 22:59:34.702   Dest filename: D:\a\_temp\agym-c64-38001250527-5872-u8q4q801\client\Recepcion\_internal\realtime\_async\push.py
2026-10-09 22:59:34.702   Time stamp of our file: 2026-10-09 22:58:06.000
2026-10-09 22:59:34.702   Installing the file.
2026-10-09 22:59:34.702   Successfully installed the file.
2026-10-09 22:59:34.702   -- File entry --
2026-10-09 22:59:34.702   Dest filename: D:\a\_temp\agym-c64-38001250527-5872-u8q4q801\client\Recepcion\_internal\realtime\_async\timer.py
2026-10-09 22:59:34.702   Time stamp of our file: 2026-10-09 22:58:06.000
2026-10-09 22:59:34.702   Installing the file.
2026-10-09 22:59:34.702   Successfully installed the file.
2026-10-09 22:59:34.702   -- File entry --
2026-10-09 22:59:34.702   Dest filename: D:\a\_temp\agym-c64-38001250527-5872-u8q4q801\client\Recepcion\_internal\realtime\_async\__init__.py
2026-10-09 22:59:34.702   Time stamp of our file: 2026-10-09 22:58:06.000
2026-10-09 22:59:34.702   Installing the file.
2026-10-09 22:59:34.702   Successfully installed the file.
2026-10-09 22:59:34.702   -- File entry --
2026-10-09 22:59:34.702   Dest filename: D:\a\_temp\agym-c64-38001250527-5872-u8q4q801\client\Recepcion\_internal\realtime\_sync\channel.py
2026-10-09 22:59:34.702   Time stamp of our file: 2026-10-09 22:58:06.000
2026-10-09 22:59:34.702   Installing the file.
2026-10-09 22:59:34.702   Creating directory: D:\a\_temp\agym-c64-38001250527-5872-u8q4q801\client\Recepcion\_internal\realtime\_sync
2026-10-09 22:59:34.702   Successfully installed the file.
2026-10-09 22:59:34.702   -- File entry --
2026-10-09 22:59:34.702   Dest filename: D:\a\_temp\agym-c64-38001250527-5872-u8q4q801\client\Recepcion\_internal\realtime\_sync\client.py
2026-10-09 22:59:34.702   Time stamp of our file: 2026-10-09 22:58:06.000
2026-10-09 22:59:34.702   Installing the file.
2026-10-09 22:59:34.702   Successfully installed the file.
2026-10-09 22:59:34.702   -- File entry --
2026-10-09 22:59:34.702   Dest filename: D:\a\_temp\agym-c64-38001250527-5872-u8q4q801\client\Recepcion\_internal\realtime\_sync\presence.py
2026-10-09 22:59:34.702   Time stamp of our file: 2026-10-09 22:58:06.000
2026-10-09 22:59:34.702   Installing the file.
2026-10-09 22:59:34.702   Successfully installed the file.
2026-10-09 22:59:34.702   -- File entry --
2026-10-09 22:59:34.702   Dest filename: D:\a\_temp\agym-c64-38001250527-5872-u8q4q801\client\Recepcion\_internal\realtime\_sync\__init__.py
2026-10-09 22:59:34.702   Time stamp of our file: 2026-10-09 22:58:06.000
2026-10-09 22:59:34.702   Installing the file.
2026-10-09 22:59:34.702   Successfully installed the file.
2026-10-09 22:59:34.702   -- File entry --
2026-10-09 22:59:34.702   Dest filename: D:\a\_temp\agym-c64-38001250527-5872-u8q4q801\client\Recepcion\_internal\realtime-2.31.0.dist-info\INSTALLER
2026-10-09 22:59:34.702   Time stamp of our file: 2026-10-09 22:58:06.000
2026-10-09 22:59:34.702   Installing the file.
2026-10-09 22:59:34.702   Creating directory: D:\a\_temp\agym-c64-38001250527-5872-u8q4q801\client\Recepcion\_internal\realtime-2.31.0.dist-info
2026-10-09 22:59:34.702   Successfully installed the file.
2026-10-09 22:59:34.702   -- File entry --
2026-10-09 22:59:34.702   Dest filename: D:\a\_temp\agym-c64-38001250527-5872-u8q4q801\client\Recepcion\_internal\realtime-2.31.0.dist-info\METADATA
2026-10-09 22:59:34.702   Time stamp of our file: 2026-10-09 22:58:06.000
2026-10-09 22:59:34.702   Installing the file.
2026-10-09 22:59:34.702   Successfully installed the file.
2026-10-09 22:59:34.702   -- File entry --
2026-10-09 22:59:34.702   Dest filename: D:\a\_temp\agym-c64-38001250527-5872-u8q4q801\client\Recepcion\_internal\realtime-2.31.0.dist-info\RECORD
2026-10-09 22:59:34.702   Time stamp of our file: 2026-10-09 22:58:06.000
2026-10-09 22:59:34.702   Installing the file.
2026-10-09 22:59:34.702   Successfully installed the file.
2026-10-09 22:59:34.702   -- File entry --
2026-10-09 22:59:34.702   Dest filename: D:\a\_temp\agym-c64-38001250527-5872-u8q4q801\client\Recepcion\_internal\realtime-2.31.0.dist-info\WHEEL
2026-10-09 22:59:34.702   Time stamp of our file: 2026-10-09 22:58:06.000
2026-10-09 22:59:34.702   Installing the file.
2026-10-09 22:59:34.702   Successfully installed the file.
2026-10-09 22:59:34.702   -- File entry --
2026-10-09 22:59:34.702   Dest filename: D:\a\_temp\agym-c64-38001250527-5872-u8q4q801\client\Recepcion\_internal\setuptools\_vendor\jaraco\text\Lorem ipsum.txt
2026-10-09 22:59:34.702   Time stamp of our file: 2026-10-09 22:58:06.000
2026-10-09 22:59:34.702   Installing the file.
2026-10-09 22:59:34.702   Creating directory: D:\a\_temp\agym-c64-38001250527-5872-u8q4q801\client\Recepcion\_internal\setuptools
2026-10-09 22:59:34.702   Creating directory: D:\a\_temp\agym-c64-38001250527-5872-u8q4q801\client\Recepcion\_internal\setuptools\_vendor
2026-10-09 22:59:34.702   Creating directory: D:\a\_temp\agym-c64-38001250527-5872-u8q4q801\client\Recepcion\_internal\setuptools\_vendor\jaraco
2026-10-09 22:59:34.702   Creating directory: D:\a\_temp\agym-c64-38001250527-5872-u8q4q801\client\Recepcion\_internal\setuptools\_vendor\jaraco\text
2026-10-09 22:59:34.702   Successfully installed the file.
2026-10-09 22:59:34.702   -- File entry --
2026-10-09 22:59:34.702   Dest filename: D:\a\_temp\agym-c64-38001250527-5872-u8q4q801\client\Recepcion\_internal\supabase\client.py
2026-10-09 22:59:34.702   Time stamp of our file: 2026-10-09 22:58:06.000
2026-10-09 22:59:34.702   Installing the file.
2026-10-09 22:59:34.702   Creating directory: D:\a\_temp\agym-c64-38001250527-5872-u8q4q801\client\Recepcion\_internal\supabase
2026-10-09 22:59:34.702   Successfully installed the file.
2026-10-09 22:59:34.702   -- File entry --
2026-10-09 22:59:34.702   Dest filename: D:\a\_temp\agym-c64-38001250527-5872-u8q4q801\client\Recepcion\_internal\supabase\py.typed
2026-10-09 22:59:34.702   Time stamp of our file: 2026-10-09 22:58:06.000
2026-10-09 22:59:34.702   Installing the file.
2026-10-09 22:59:34.702   Successfully installed the file.
2026-10-09 22:59:34.702   -- File entry --
2026-10-09 22:59:34.702   Dest filename: D:\a\_temp\agym-c64-38001250527-5872-u8q4q801\client\Recepcion\_internal\supabase\types.py
2026-10-09 22:59:34.702   Time stamp of our file: 2026-10-09 22:58:06.000
2026-10-09 22:59:34.702   Installing the file.
2026-10-09 22:59:34.702   Successfully installed the file.
2026-10-09 22:59:34.702   -- File entry --
2026-10-09 22:59:34.702   Dest filename: D:\a\_temp\agym-c64-38001250527-5872-u8q4q801\client\Recepcion\_internal\supabase\version.py
2026-10-09 22:59:34.702   Time stamp of our file: 2026-10-09 22:58:06.000
2026-10-09 22:59:34.702   Installing the file.
2026-10-09 22:59:34.702   Successfully installed the file.
2026-10-09 22:59:34.702   -- File entry --
2026-10-09 22:59:34.702   Dest filename: D:\a\_temp\agym-c64-38001250527-5872-u8q4q801\client\Recepcion\_internal\supabase\__init__.py
2026-10-09 22:59:34.702   Time stamp of our file: 2026-10-09 22:58:06.000
2026-10-09 22:59:34.702   Installing the file.
2026-10-09 22:59:34.702   Successfully installed the file.
2026-10-09 22:59:34.702   -- File entry --
2026-10-09 22:59:34.702   Dest filename: D:\a\_temp\agym-c64-38001250527-5872-u8q4q801\client\Recepcion\_internal\supabase\lib\client_options.py
2026-10-09 22:59:34.702   Time stamp of our file: 2026-10-09 22:58:06.000
2026-10-09 22:59:34.702   Installing the file.
2026-10-09 22:59:34.702   Creating directory: D:\a\_temp\agym-c64-38001250527-5872-u8q4q801\client\Recepcion\_internal\supabase\lib
2026-10-09 22:59:34.702   Successfully installed the file.
2026-10-09 22:59:34.702   -- File entry --
2026-10-09 22:59:34.702   Dest filename: D:\a\_temp\agym-c64-38001250527-5872-u8q4q801\client\Recepcion\_internal\supabase\lib\__init__.py
2026-10-09 22:59:34.702   Time stamp of our file: 2026-10-09 22:58:06.000
2026-10-09 22:59:34.702   Installing the file.
2026-10-09 22:59:34.702   Successfully installed the file.
2026-10-09 22:59:34.702   -- File entry --
2026-10-09 22:59:34.702   Dest filename: D:\a\_temp\agym-c64-38001250527-5872-u8q4q801\client\Recepcion\_internal\supabase\_async\auth_client.py
2026-10-09 22:59:34.702   Time stamp of our file: 2026-10-09 22:58:06.000
2026-10-09 22:59:34.702   Installing the file.
2026-10-09 22:59:34.702   Creating directory: D:\a\_temp\agym-c64-38001250527-5872-u8q4q801\client\Recepcion\_internal\supabase\_async
2026-10-09 22:59:34.702   Successfully installed the file.
2026-10-09 22:59:34.702   -- File entry --
2026-10-09 22:59:34.702   Dest filename: D:\a\_temp\agym-c64-38001250527-5872-u8q4q801\client\Recepcion\_internal\supabase\_async\client.py
2026-10-09 22:59:34.718   Time stamp of our file: 2026-10-09 22:58:06.000
2026-10-09 22:59:34.718   Installing the file.
2026-10-09 22:59:34.718   Successfully installed the file.
2026-10-09 22:59:34.718   -- File entry --
2026-10-09 22:59:34.718   Dest filename: D:\a\_temp\agym-c64-38001250527-5872-u8q4q801\client\Recepcion\_internal\supabase\_async\__init__.py
2026-10-09 22:59:34.718   Time stamp of our file: 2026-10-09 22:58:06.000
2026-10-09 22:59:34.718   Installing the file.
2026-10-09 22:59:34.718   Successfully installed the file.
2026-10-09 22:59:34.718   -- File entry --
2026-10-09 22:59:34.718   Dest filename: D:\a\_temp\agym-c64-38001250527-5872-u8q4q801\client\Recepcion\_internal\supabase\_sync\auth_client.py
2026-10-09 22:59:34.718   Time stamp of our file: 2026-10-09 22:58:06.000
2026-10-09 22:59:34.718   Installing the file.
2026-10-09 22:59:34.718   Creating directory: D:\a\_temp\agym-c64-38001250527-5872-u8q4q801\client\Recepcion\_internal\supabase\_sync
2026-10-09 22:59:34.718   Successfully installed the file.
2026-10-09 22:59:34.718   -- File entry --
2026-10-09 22:59:34.718   Dest filename: D:\a\_temp\agym-c64-38001250527-5872-u8q4q801\client\Recepcion\_internal\supabase\_sync\client.py
2026-10-09 22:59:34.718   Time stamp of our file: 2026-10-09 22:58:06.000
2026-10-09 22:59:34.718   Installing the file.
2026-10-09 22:59:34.718   Successfully installed the file.
2026-10-09 22:59:34.718   -- File entry --
2026-10-09 22:59:34.718   Dest filename: D:\a\_temp\agym-c64-38001250527-5872-u8q4q801\client\Recepcion\_internal\supabase\_sync\__init__.py
2026-10-09 22:59:34.718   Time stamp of our file: 2026-10-09 22:58:06.000
2026-10-09 22:59:34.718   Installing the file.
2026-10-09 22:59:34.718   Successfully installed the file.
2026-10-09 22:59:34.718   -- File entry --
2026-10-09 22:59:34.718   Dest filename: D:\a\_temp\agym-c64-38001250527-5872-u8q4q801\client\Recepcion\_internal\supabase-2.31.0.dist-info\INSTALLER
2026-10-09 22:59:34.718   Time stamp of our file: 2026-10-09 22:58:06.000
2026-10-09 22:59:34.718   Installing the file.
2026-10-09 22:59:34.718   Creating directory: D:\a\_temp\agym-c64-38001250527-5872-u8q4q801\client\Recepcion\_internal\supabase-2.31.0.dist-info
2026-10-09 22:59:34.718   Successfully installed the file.
2026-10-09 22:59:34.718   -- File entry --
2026-10-09 22:59:34.718   Dest filename: D:\a\_temp\agym-c64-38001250527-5872-u8q4q801\client\Recepcion\_internal\supabase-2.31.0.dist-info\METADATA
2026-10-09 22:59:34.718   Time stamp of our file: 2026-10-09 22:58:06.000
2026-10-09 22:59:34.718   Installing the file.
2026-10-09 22:59:34.718   Successfully installed the file.
2026-10-09 22:59:34.718   -- File entry --
2026-10-09 22:59:34.718   Dest filename: D:\a\_temp\agym-c64-38001250527-5872-u8q4q801\client\Recepcion\_internal\supabase-2.31.0.dist-info\RECORD
2026-10-09 22:59:34.718   Time stamp of our file: 2026-10-09 22:58:06.000
2026-10-09 22:59:34.718   Installing the file.
2026-10-09 22:59:34.718   Successfully installed the file.
2026-10-09 22:59:34.718   -- File entry --
2026-10-09 22:59:34.718   Dest filename: D:\a\_temp\agym-c64-38001250527-5872-u8q4q801\client\Recepcion\_internal\supabase-2.31.0.dist-info\REQUESTED
2026-10-09 22:59:34.718   Time stamp of our file: 2026-10-09 22:58:06.000
2026-10-09 22:59:34.718   Installing the file.
2026-10-09 22:59:34.718   Successfully installed the file.
2026-10-09 22:59:34.718   -- File entry --
2026-10-09 22:59:34.718   Dest filename: D:\a\_temp\agym-c64-38001250527-5872-u8q4q801\client\Recepcion\_internal\supabase-2.31.0.dist-info\WHEEL
2026-10-09 22:59:34.718   Time stamp of our file: 2026-10-09 22:58:06.000
2026-10-09 22:59:34.718   Installing the file.
2026-10-09 22:59:34.718   Successfully installed the file.
2026-10-09 22:59:34.718   -- File entry --
2026-10-09 22:59:34.718   Dest filename: D:\a\_temp\agym-c64-38001250527-5872-u8q4q801\client\Recepcion\_internal\supabase-2.31.0.dist-info\licenses\LICENSE
2026-10-09 22:59:34.718   Time stamp of our file: 2026-10-09 22:58:06.000
2026-10-09 22:59:34.718   Installing the file.
2026-10-09 22:59:34.718   Creating directory: D:\a\_temp\agym-c64-38001250527-5872-u8q4q801\client\Recepcion\_internal\supabase-2.31.0.dist-info\licenses
2026-10-09 22:59:34.718   Successfully installed the file.
2026-10-09 22:59:34.718   -- File entry --
2026-10-09 22:59:34.718   Dest filename: D:\a\_temp\agym-c64-38001250527-5872-u8q4q801\client\Recepcion\_internal\supabase_auth\constants.py
2026-10-09 22:59:34.718   Time stamp of our file: 2026-10-09 22:58:06.000
2026-10-09 22:59:34.718   Installing the file.
2026-10-09 22:59:34.718   Creating directory: D:\a\_temp\agym-c64-38001250527-5872-u8q4q801\client\Recepcion\_internal\supabase_auth
2026-10-09 22:59:34.718   Successfully installed the file.
2026-10-09 22:59:34.718   -- File entry --
2026-10-09 22:59:34.718   Dest filename: D:\a\_temp\agym-c64-38001250527-5872-u8q4q801\client\Recepcion\_internal\supabase_auth\errors.py
2026-10-09 22:59:34.718   Time stamp of our file: 2026-10-09 22:58:06.000
2026-10-09 22:59:34.718   Installing the file.
2026-10-09 22:59:34.718   Successfully installed the file.
2026-10-09 22:59:34.718   -- File entry --
2026-10-09 22:59:34.718   Dest filename: D:\a\_temp\agym-c64-38001250527-5872-u8q4q801\client\Recepcion\_internal\supabase_auth\helpers.py
2026-10-09 22:59:34.718   Time stamp of our file: 2026-10-09 22:58:06.000
2026-10-09 22:59:34.718   Installing the file.
2026-10-09 22:59:34.718   Successfully installed the file.
2026-10-09 22:59:34.718   -- File entry --
2026-10-09 22:59:34.718   Dest filename: D:\a\_temp\agym-c64-38001250527-5872-u8q4q801\client\Recepcion\_internal\supabase_auth\py.typed
2026-10-09 22:59:34.718   Time stamp of our file: 2026-10-09 22:58:06.000
2026-10-09 22:59:34.718   Installing the file.
2026-10-09 22:59:34.718   Successfully installed the file.
2026-10-09 22:59:34.718   -- File entry --
2026-10-09 22:59:34.718   Dest filename: D:\a\_temp\agym-c64-38001250527-5872-u8q4q801\client\Recepcion\_internal\supabase_auth\timer.py
2026-10-09 22:59:34.718   Time stamp of our file: 2026-10-09 22:58:06.000
2026-10-09 22:59:34.718   Installing the file.
2026-10-09 22:59:34.718   Successfully installed the file.
2026-10-09 22:59:34.718   -- File entry --
2026-10-09 22:59:34.718   Dest filename: D:\a\_temp\agym-c64-38001250527-5872-u8q4q801\client\Recepcion\_internal\supabase_auth\types.py
2026-10-09 22:59:34.718   Time stamp of our file: 2026-10-09 22:58:06.000
2026-10-09 22:59:34.718   Installing the file.
2026-10-09 22:59:34.718   Successfully installed the file.
2026-10-09 22:59:34.718   -- File entry --
2026-10-09 22:59:34.718   Dest filename: D:\a\_temp\agym-c64-38001250527-5872-u8q4q801\client\Recepcion\_internal\supabase_auth\version.py
2026-10-09 22:59:34.718   Time stamp of our file: 2026-10-09 22:58:06.000
2026-10-09 22:59:34.718   Installing the file.
2026-10-09 22:59:34.718   Successfully installed the file.
2026-10-09 22:59:34.718   -- File entry --
2026-10-09 22:59:34.718   Dest filename: D:\a\_temp\agym-c64-38001250527-5872-u8q4q801\client\Recepcion\_internal\supabase_auth\__init__.py
2026-10-09 22:59:34.718   Time stamp of our file: 2026-10-09 22:58:06.000
2026-10-09 22:59:34.718   Installing the file.
2026-10-09 22:59:34.718   Successfully installed the file.
2026-10-09 22:59:34.718   -- File entry --
2026-10-09 22:59:34.718   Dest filename: D:\a\_temp\agym-c64-38001250527-5872-u8q4q801\client\Recepcion\_internal\supabase_auth\_async\gotrue_admin_api.py
2026-10-09 22:59:34.718   Time stamp of our file: 2026-10-09 22:58:06.000
2026-10-09 22:59:34.718   Installing the file.
2026-10-09 22:59:34.718   Creating directory: D:\a\_temp\agym-c64-38001250527-5872-u8q4q801\client\Recepcion\_internal\supabase_auth\_async
2026-10-09 22:59:34.718   Successfully installed the file.
2026-10-09 22:59:34.718   -- File entry --
2026-10-09 22:59:34.718   Dest filename: D:\a\_temp\agym-c64-38001250527-5872-u8q4q801\client\Recepcion\_internal\supabase_auth\_async\gotrue_admin_mfa_api.py
2026-10-09 22:59:34.718   Time stamp of our file: 2026-10-09 22:58:06.000
2026-10-09 22:59:34.718   Installing the file.
2026-10-09 22:59:34.718   Successfully installed the file.
2026-10-09 22:59:34.718   -- File entry --
2026-10-09 22:59:34.718   Dest filename: D:\a\_temp\agym-c64-38001250527-5872-u8q4q801\client\Recepcion\_internal\supabase_auth\_async\gotrue_admin_oauth_api.py
2026-10-09 22:59:34.718   Time stamp of our file: 2026-10-09 22:58:06.000
2026-10-09 22:59:34.718   Installing the file.
2026-10-09 22:59:34.718   Successfully installed the file.
2026-10-09 22:59:34.718   -- File entry --
2026-10-09 22:59:34.718   Dest filename: D:\a\_temp\agym-c64-38001250527-5872-u8q4q801\client\Recepcion\_internal\supabase_auth\_async\gotrue_base_api.py
2026-10-09 22:59:34.718   Time stamp of our file: 2026-10-09 22:58:06.000
2026-10-09 22:59:34.718   Installing the file.
2026-10-09 22:59:34.718   Successfully installed the file.
2026-10-09 22:59:34.718   -- File entry --
2026-10-09 22:59:34.718   Dest filename: D:\a\_temp\agym-c64-38001250527-5872-u8q4q801\client\Recepcion\_internal\supabase_auth\_async\gotrue_client.py
2026-10-09 22:59:34.718   Time stamp of our file: 2026-10-09 22:58:06.000
2026-10-09 22:59:34.718   Installing the file.
2026-10-09 22:59:34.718   Successfully installed the file.
2026-10-09 22:59:34.718   -- File entry --
2026-10-09 22:59:34.718   Dest filename: D:\a\_temp\agym-c64-38001250527-5872-u8q4q801\client\Recepcion\_internal\supabase_auth\_async\gotrue_mfa_api.py
2026-10-09 22:59:34.718   Time stamp of our file: 2026-10-09 22:58:06.000
2026-10-09 22:59:34.718   Installing the file.
2026-10-09 22:59:34.718   Successfully installed the file.
2026-10-09 22:59:34.718   -- File entry --
2026-10-09 22:59:34.718   Dest filename: D:\a\_temp\agym-c64-38001250527-5872-u8q4q801\client\Recepcion\_internal\supabase_auth\_async\storage.py
2026-10-09 22:59:34.718   Time stamp of our file: 2026-10-09 22:58:06.000
2026-10-09 22:59:34.718   Installing the file.
2026-10-09 22:59:34.718   Successfully installed the file.
2026-10-09 22:59:34.718   -- File entry --
2026-10-09 22:59:34.718   Dest filename: D:\a\_temp\agym-c64-38001250527-5872-u8q4q801\client\Recepcion\_internal\supabase_auth\_async\__init__.py
2026-10-09 22:59:34.718   Time stamp of our file: 2026-10-09 22:58:06.000
2026-10-09 22:59:34.718   Installing the file.
2026-10-09 22:59:34.718   Successfully installed the file.
2026-10-09 22:59:34.718   -- File entry --
2026-10-09 22:59:34.718   Dest filename: D:\a\_temp\agym-c64-38001250527-5872-u8q4q801\client\Recepcion\_internal\supabase_auth\_sync\gotrue_admin_api.py
2026-10-09 22:59:34.718   Time stamp of our file: 2026-10-09 22:58:06.000
2026-10-09 22:59:34.718   Installing the file.
2026-10-09 22:59:34.718   Creating directory: D:\a\_temp\agym-c64-38001250527-5872-u8q4q801\client\Recepcion\_internal\supabase_auth\_sync
2026-10-09 22:59:34.718   Successfully installed the file.
2026-10-09 22:59:34.718   -- File entry --
2026-10-09 22:59:34.718   Dest filename: D:\a\_temp\agym-c64-38001250527-5872-u8q4q801\client\Recepcion\_internal\supabase_auth\_sync\gotrue_admin_mfa_api.py
2026-10-09 22:59:34.718   Time stamp of our file: 2026-10-09 22:58:06.000
2026-10-09 22:59:34.718   Installing the file.
2026-10-09 22:59:34.718   Successfully installed the file.
2026-10-09 22:59:34.718   -- File entry --
2026-10-09 22:59:34.734   Dest filename: D:\a\_temp\agym-c64-38001250527-5872-u8q4q801\client\Recepcion\_internal\supabase_auth\_sync\gotrue_admin_oauth_api.py
2026-10-09 22:59:34.734   Time stamp of our file: 2026-10-09 22:58:06.000
2026-10-09 22:59:34.734   Installing the file.
2026-10-09 22:59:34.734   Successfully installed the file.
2026-10-09 22:59:34.734   -- File entry --
2026-10-09 22:59:34.734   Dest filename: D:\a\_temp\agym-c64-38001250527-5872-u8q4q801\client\Recepcion\_internal\supabase_auth\_sync\gotrue_base_api.py
2026-10-09 22:59:34.734   Time stamp of our file: 2026-10-09 22:58:06.000
2026-10-09 22:59:34.734   Installing the file.
2026-10-09 22:59:34.734   Successfully installed the file.
2026-10-09 22:59:34.734   -- File entry --
2026-10-09 22:59:34.734   Dest filename: D:\a\_temp\agym-c64-38001250527-5872-u8q4q801\client\Recepcion\_internal\supabase_auth\_sync\gotrue_client.py
2026-10-09 22:59:34.734   Time stamp of our file: 2026-10-09 22:58:06.000
2026-10-09 22:59:34.734   Installing the file.
2026-10-09 22:59:34.734   Successfully installed the file.
2026-10-09 22:59:34.734   -- File entry --
2026-10-09 22:59:34.734   Dest filename: D:\a\_temp\agym-c64-38001250527-5872-u8q4q801\client\Recepcion\_internal\supabase_auth\_sync\gotrue_mfa_api.py
2026-10-09 22:59:34.734   Time stamp of our file: 2026-10-09 22:58:06.000
2026-10-09 22:59:34.734   Installing the file.
2026-10-09 22:59:34.734   Successfully installed the file.
2026-10-09 22:59:34.734   -- File entry --
2026-10-09 22:59:34.734   Dest filename: D:\a\_temp\agym-c64-38001250527-5872-u8q4q801\client\Recepcion\_internal\supabase_auth\_sync\storage.py
2026-10-09 22:59:34.734   Time stamp of our file: 2026-10-09 22:58:06.000
2026-10-09 22:59:34.734   Installing the file.
2026-10-09 22:59:34.734   Successfully installed the file.
2026-10-09 22:59:34.734   -- File entry --
2026-10-09 22:59:34.734   Dest filename: D:\a\_temp\agym-c64-38001250527-5872-u8q4q801\client\Recepcion\_internal\supabase_auth\_sync\__init__.py
2026-10-09 22:59:34.734   Time stamp of our file: 2026-10-09 22:58:06.000
2026-10-09 22:59:34.734   Installing the file.
2026-10-09 22:59:34.734   Successfully installed the file.
2026-10-09 22:59:34.734   -- File entry --
2026-10-09 22:59:34.734   Dest filename: D:\a\_temp\agym-c64-38001250527-5872-u8q4q801\client\Recepcion\_internal\supabase_auth-2.31.0.dist-info\INSTALLER
2026-10-09 22:59:34.734   Time stamp of our file: 2026-10-09 22:58:06.000
2026-10-09 22:59:34.734   Installing the file.
2026-10-09 22:59:34.734   Creating directory: D:\a\_temp\agym-c64-38001250527-5872-u8q4q801\client\Recepcion\_internal\supabase_auth-2.31.0.dist-info
2026-10-09 22:59:34.734   Successfully installed the file.
2026-10-09 22:59:34.734   -- File entry --
2026-10-09 22:59:34.734   Dest filename: D:\a\_temp\agym-c64-38001250527-5872-u8q4q801\client\Recepcion\_internal\supabase_auth-2.31.0.dist-info\METADATA
2026-10-09 22:59:34.734   Time stamp of our file: 2026-10-09 22:58:06.000
2026-10-09 22:59:34.734   Installing the file.
2026-10-09 22:59:34.734   Successfully installed the file.
2026-10-09 22:59:34.734   -- File entry --
2026-10-09 22:59:34.734   Dest filename: D:\a\_temp\agym-c64-38001250527-5872-u8q4q801\client\Recepcion\_internal\supabase_auth-2.31.0.dist-info\RECORD
2026-10-09 22:59:34.734   Time stamp of our file: 2026-10-09 22:58:06.000
2026-10-09 22:59:34.734   Installing the file.
2026-10-09 22:59:34.734   Successfully installed the file.
2026-10-09 22:59:34.734   -- File entry --
2026-10-09 22:59:34.734   Dest filename: D:\a\_temp\agym-c64-38001250527-5872-u8q4q801\client\Recepcion\_internal\supabase_auth-2.31.0.dist-info\WHEEL
2026-10-09 22:59:34.734   Time stamp of our file: 2026-10-09 22:58:06.000
2026-10-09 22:59:34.734   Installing the file.
2026-10-09 22:59:34.734   Successfully installed the file.
2026-10-09 22:59:34.734   -- File entry --
2026-10-09 22:59:34.734   Dest filename: D:\a\_temp\agym-c64-38001250527-5872-u8q4q801\client\Recepcion\_internal\tzdata\zones
2026-10-09 22:59:34.734   Time stamp of our file: 2026-10-09 22:58:06.000
2026-10-09 22:59:34.734   Installing the file.
2026-10-09 22:59:34.734   Creating directory: D:\a\_temp\agym-c64-38001250527-5872-u8q4q801\client\Recepcion\_internal\tzdata
2026-10-09 22:59:34.734   Successfully installed the file.
2026-10-09 22:59:34.734   -- File entry --
2026-10-09 22:59:34.734   Dest filename: D:\a\_temp\agym-c64-38001250527-5872-u8q4q801\client\Recepcion\_internal\tzdata\__init__.py
2026-10-09 22:59:34.734   Time stamp of our file: 2026-10-09 22:58:06.000
2026-10-09 22:59:34.734   Installing the file.
2026-10-09 22:59:34.734   Successfully installed the file.
2026-10-09 22:59:34.734   -- File entry --
2026-10-09 22:59:34.734   Dest filename: D:\a\_temp\agym-c64-38001250527-5872-u8q4q801\client\Recepcion\_internal\tzdata\zoneinfo\CET
2026-10-09 22:59:34.734   Time stamp of our file: 2026-10-09 22:58:06.000
2026-10-09 22:59:34.734   Installing the file.
2026-10-09 22:59:34.734   Creating directory: D:\a\_temp\agym-c64-38001250527-5872-u8q4q801\client\Recepcion\_internal\tzdata\zoneinfo
2026-10-09 22:59:34.734   Successfully installed the file.
2026-10-09 22:59:34.734   -- File entry --
2026-10-09 22:59:34.734   Dest filename: D:\a\_temp\agym-c64-38001250527-5872-u8q4q801\client\Recepcion\_internal\tzdata\zoneinfo\CST6CDT
2026-10-09 22:59:34.734   Time stamp of our file: 2026-10-09 22:58:06.000
2026-10-09 22:59:34.734   Installing the file.
2026-10-09 22:59:34.734   Successfully installed the file.
2026-10-09 22:59:34.734   -- File entry --
2026-10-09 22:59:34.734   Dest filename: D:\a\_temp\agym-c64-38001250527-5872-u8q4q801\client\Recepcion\_internal\tzdata\zoneinfo\Cuba
2026-10-09 22:59:34.734   Time stamp of our file: 2026-10-09 22:58:06.000
2026-10-09 22:59:34.734   Installing the file.
2026-10-09 22:59:34.734   Successfully installed the file.
2026-10-09 22:59:34.734   -- File entry --
2026-10-09 22:59:34.734   Dest filename: D:\a\_temp\agym-c64-38001250527-5872-u8q4q801\client\Recepcion\_internal\tzdata\zoneinfo\EET
2026-10-09 22:59:34.734   Time stamp of our file: 2026-10-09 22:58:06.000
2026-10-09 22:59:34.734   Installing the file.
2026-10-09 22:59:34.734   Successfully installed the file.
2026-10-09 22:59:34.734   -- File entry --
2026-10-09 22:59:34.734   Dest filename: D:\a\_temp\agym-c64-38001250527-5872-u8q4q801\client\Recepcion\_internal\tzdata\zoneinfo\Egypt
2026-10-09 22:59:34.734   Time stamp of our file: 2026-10-09 22:58:06.000
2026-10-09 22:59:34.734   Installing the file.
2026-10-09 22:59:34.734   Successfully installed the file.
2026-10-09 22:59:34.734   -- File entry --
2026-10-09 22:59:34.734   Dest filename: D:\a\_temp\agym-c64-38001250527-5872-u8q4q801\client\Recepcion\_internal\tzdata\zoneinfo\Eire
2026-10-09 22:59:34.734   Time stamp of our file: 2026-10-09 22:58:06.000
2026-10-09 22:59:34.734   Installing the file.
2026-10-09 22:59:34.734   Successfully installed the file.
2026-10-09 22:59:34.734   -- File entry --
2026-10-09 22:59:34.734   Dest filename: D:\a\_temp\agym-c64-38001250527-5872-u8q4q801\client\Recepcion\_internal\tzdata\zoneinfo\EST
2026-10-09 22:59:34.734   Time stamp of our file: 2026-10-09 22:58:06.000
2026-10-09 22:59:34.734   Installing the file.
2026-10-09 22:59:34.734   Successfully installed the file.
2026-10-09 22:59:34.734   -- File entry --
2026-10-09 22:59:34.734   Dest filename: D:\a\_temp\agym-c64-38001250527-5872-u8q4q801\client\Recepcion\_internal\tzdata\zoneinfo\EST5EDT
2026-10-09 22:59:34.734   Time stamp of our file: 2026-10-09 22:58:06.000
2026-10-09 22:59:34.734   Installing the file.
2026-10-09 22:59:34.734   Successfully installed the file.
2026-10-09 22:59:34.734   -- File entry --
2026-10-09 22:59:34.734   Dest filename: D:\a\_temp\agym-c64-38001250527-5872-u8q4q801\client\Recepcion\_internal\tzdata\zoneinfo\Factory
2026-10-09 22:59:34.734   Time stamp of our file: 2026-10-09 22:58:06.000
2026-10-09 22:59:34.734   Installing the file.
2026-10-09 22:59:34.734   Successfully installed the file.
2026-10-09 22:59:34.734   -- File entry --
2026-10-09 22:59:34.734   Dest filename: D:\a\_temp\agym-c64-38001250527-5872-u8q4q801\client\Recepcion\_internal\tzdata\zoneinfo\GB
2026-10-09 22:59:34.734   Time stamp of our file: 2026-10-09 22:58:06.000
2026-10-09 22:59:34.734   Installing the file.
2026-10-09 22:59:34.734   Successfully installed the file.
2026-10-09 22:59:34.734   -- File entry --
2026-10-09 22:59:34.734   Dest filename: D:\a\_temp\agym-c64-38001250527-5872-u8q4q801\client\Recepcion\_internal\tzdata\zoneinfo\GB-Eire
2026-10-09 22:59:34.734   Time stamp of our file: 2026-10-09 22:58:06.000
2026-10-09 22:59:34.734   Installing the file.
2026-10-09 22:59:34.734   Successfully installed the file.
2026-10-09 22:59:34.734   -- File entry --
2026-10-09 22:59:34.734   Dest filename: D:\a\_temp\agym-c64-38001250527-5872-u8q4q801\client\Recepcion\_internal\tzdata\zoneinfo\GMT
2026-10-09 22:59:34.734   Time stamp of our file: 2026-10-09 22:58:06.000
2026-10-09 22:59:34.734   Installing the file.
2026-10-09 22:59:34.734   Successfully installed the file.
2026-10-09 22:59:34.734   -- File entry --
2026-10-09 22:59:34.734   Dest filename: D:\a\_temp\agym-c64-38001250527-5872-u8q4q801\client\Recepcion\_internal\tzdata\zoneinfo\GMT+0
2026-10-09 22:59:34.734   Time stamp of our file: 2026-10-09 22:58:06.000
2026-10-09 22:59:34.734   Installing the file.
2026-10-09 22:59:34.734   Successfully installed the file.
2026-10-09 22:59:34.734   -- File entry --
2026-10-09 22:59:34.734   Dest filename: D:\a\_temp\agym-c64-38001250527-5872-u8q4q801\client\Recepcion\_internal\tzdata\zoneinfo\GMT-0
2026-10-09 22:59:34.734   Time stamp of our file: 2026-10-09 22:58:06.000
2026-10-09 22:59:34.734   Installing the file.
2026-10-09 22:59:34.734   Successfully installed the file.
2026-10-09 22:59:34.734   -- File entry --
2026-10-09 22:59:34.734   Dest filename: D:\a\_temp\agym-c64-38001250527-5872-u8q4q801\client\Recepcion\_internal\tzdata\zoneinfo\GMT0
2026-10-09 22:59:34.734   Time stamp of our file: 2026-10-09 22:58:06.000
2026-10-09 22:59:34.734   Installing the file.
2026-10-09 22:59:34.734   Successfully installed the file.
2026-10-09 22:59:34.734   -- File entry --
2026-10-09 22:59:34.734   Dest filename: D:\a\_temp\agym-c64-38001250527-5872-u8q4q801\client\Recepcion\_internal\tzdata\zoneinfo\Greenwich
2026-10-09 22:59:34.734   Time stamp of our file: 2026-10-09 22:58:06.000
2026-10-09 22:59:34.734   Installing the file.
2026-10-09 22:59:34.734   Successfully installed the file.
2026-10-09 22:59:34.734   -- File entry --
2026-10-09 22:59:34.734   Dest filename: D:\a\_temp\agym-c64-38001250527-5872-u8q4q801\client\Recepcion\_internal\tzdata\zoneinfo\Hongkong
2026-10-09 22:59:34.734   Time stamp of our file: 2026-10-09 22:58:06.000
2026-10-09 22:59:34.734   Installing the file.
2026-10-09 22:59:34.734   Successfully installed the file.
2026-10-09 22:59:34.734   -- File entry --
2026-10-09 22:59:34.734   Dest filename: D:\a\_temp\agym-c64-38001250527-5872-u8q4q801\client\Recepcion\_internal\tzdata\zoneinfo\HST
2026-10-09 22:59:34.734   Time stamp of our file: 2026-10-09 22:58:06.000
2026-10-09 22:59:34.734   Installing the file.
2026-10-09 22:59:34.734   Successfully installed the file.
2026-10-09 22:59:34.734   -- File entry --
2026-10-09 22:59:34.734   Dest filename: D:\a\_temp\agym-c64-38001250527-5872-u8q4q801\client\Recepcion\_internal\tzdata\zoneinfo\Iceland
2026-10-09 22:59:34.734   Time stamp of our file: 2026-10-09 22:58:06.000
2026-10-09 22:59:34.734   Installing the file.
2026-10-09 22:59:34.749   Successfully installed the file.
2026-10-09 22:59:34.749   -- File entry --
2026-10-09 22:59:34.749   Dest filename: D:\a\_temp\agym-c64-38001250527-5872-u8q4q801\client\Recepcion\_internal\tzdata\zoneinfo\Iran
2026-10-09 22:59:34.749   Time stamp of our file: 2026-10-09 22:58:06.000
2026-10-09 22:59:34.749   Installing the file.
2026-10-09 22:59:34.749   Successfully installed the file.
2026-10-09 22:59:34.749   -- File entry --
2026-10-09 22:59:34.749   Dest filename: D:\a\_temp\agym-c64-38001250527-5872-u8q4q801\client\Recepcion\_internal\tzdata\zoneinfo\iso3166.tab
2026-10-09 22:59:34.749   Time stamp of our file: 2026-10-09 22:58:06.000
2026-10-09 22:59:34.749   Installing the file.
2026-10-09 22:59:34.749   Successfully installed the file.
2026-10-09 22:59:34.749   -- File entry --
2026-10-09 22:59:34.749   Dest filename: D:\a\_temp\agym-c64-38001250527-5872-u8q4q801\client\Recepcion\_internal\tzdata\zoneinfo\Israel
2026-10-09 22:59:34.749   Time stamp of our file: 2026-10-09 22:58:06.000
2026-10-09 22:59:34.749   Installing the file.
2026-10-09 22:59:34.749   Successfully installed the file.
2026-10-09 22:59:34.749   -- File entry --
2026-10-09 22:59:34.749   Dest filename: D:\a\_temp\agym-c64-38001250527-5872-u8q4q801\client\Recepcion\_internal\tzdata\zoneinfo\Jamaica
2026-10-09 22:59:34.749   Time stamp of our file: 2026-10-09 22:58:06.000
2026-10-09 22:59:34.749   Installing the file.
2026-10-09 22:59:34.749   Successfully installed the file.
2026-10-09 22:59:34.749   -- File entry --
2026-10-09 22:59:34.749   Dest filename: D:\a\_temp\agym-c64-38001250527-5872-u8q4q801\client\Recepcion\_internal\tzdata\zoneinfo\Japan
2026-10-09 22:59:34.749   Time stamp of our file: 2026-10-09 22:58:06.000
2026-10-09 22:59:34.749   Installing the file.
2026-10-09 22:59:34.749   Successfully installed the file.
2026-10-09 22:59:34.749   -- File entry --
2026-10-09 22:59:34.749   Dest filename: D:\a\_temp\agym-c64-38001250527-5872-u8q4q801\client\Recepcion\_internal\tzdata\zoneinfo\Kwajalein
2026-10-09 22:59:34.749   Time stamp of our file: 2026-10-09 22:58:06.000
2026-10-09 22:59:34.749   Installing the file.
2026-10-09 22:59:34.749   Successfully installed the file.
2026-10-09 22:59:34.749   -- File entry --
2026-10-09 22:59:34.749   Dest filename: D:\a\_temp\agym-c64-38001250527-5872-u8q4q801\client\Recepcion\_internal\tzdata\zoneinfo\leapseconds
2026-10-09 22:59:34.749   Time stamp of our file: 2026-10-09 22:58:06.000
2026-10-09 22:59:34.749   Installing the file.
2026-10-09 22:59:34.749   Successfully installed the file.
2026-10-09 22:59:34.749   -- File entry --
2026-10-09 22:59:34.749   Dest filename: D:\a\_temp\agym-c64-38001250527-5872-u8q4q801\client\Recepcion\_internal\tzdata\zoneinfo\Libya
2026-10-09 22:59:34.749   Time stamp of our file: 2026-10-09 22:58:06.000
2026-10-09 22:59:34.749   Installing the file.
2026-10-09 22:59:34.749   Successfully installed the file.
2026-10-09 22:59:34.749   -- File entry --
2026-10-09 22:59:34.749   Dest filename: D:\a\_temp\agym-c64-38001250527-5872-u8q4q801\client\Recepcion\_internal\tzdata\zoneinfo\MET
2026-10-09 22:59:34.749   Time stamp of our file: 2026-10-09 22:58:06.000
2026-10-09 22:59:34.749   Installing the file.
2026-10-09 22:59:34.749   Successfully installed the file.
2026-10-09 22:59:34.749   -- File entry --
2026-10-09 22:59:34.749   Dest filename: D:\a\_temp\agym-c64-38001250527-5872-u8q4q801\client\Recepcion\_internal\tzdata\zoneinfo\MST
2026-10-09 22:59:34.749   Time stamp of our file: 2026-10-09 22:58:06.000
2026-10-09 22:59:34.749   Installing the file.
2026-10-09 22:59:34.749   Successfully installed the file.
2026-10-09 22:59:34.749   -- File entry --
2026-10-09 22:59:34.749   Dest filename: D:\a\_temp\agym-c64-38001250527-5872-u8q4q801\client\Recepcion\_internal\tzdata\zoneinfo\MST7MDT
2026-10-09 22:59:34.749   Time stamp of our file: 2026-10-09 22:58:06.000
2026-10-09 22:59:34.749   Installing the file.
2026-10-09 22:59:34.755   Successfully installed the file.
2026-10-09 22:59:34.755   -- File entry --
2026-10-09 22:59:34.755   Dest filename: D:\a\_temp\agym-c64-38001250527-5872-u8q4q801\client\Recepcion\_internal\tzdata\zoneinfo\Navajo
2026-10-09 22:59:34.755   Time stamp of our file: 2026-10-09 22:58:06.000
2026-10-09 22:59:34.755   Installing the file.
2026-10-09 22:59:34.755   Successfully installed the file.
2026-10-09 22:59:34.755   -- File entry --
2026-10-09 22:59:34.755   Dest filename: D:\a\_temp\agym-c64-38001250527-5872-u8q4q801\client\Recepcion\_internal\tzdata\zoneinfo\NZ
2026-10-09 22:59:34.755   Time stamp of our file: 2026-10-09 22:58:06.000
2026-10-09 22:59:34.755   Installing the file.
2026-10-09 22:59:34.755   Successfully installed the file.
2026-10-09 22:59:34.755   -- File entry --
2026-10-09 22:59:34.755   Dest filename: D:\a\_temp\agym-c64-38001250527-5872-u8q4q801\client\Recepcion\_internal\tzdata\zoneinfo\NZ-CHAT
2026-10-09 22:59:34.755   Time stamp of our file: 2026-10-09 22:58:06.000
2026-10-09 22:59:34.755   Installing the file.
2026-10-09 22:59:34.755   Successfully installed the file.
2026-10-09 22:59:34.755   -- File entry --
2026-10-09 22:59:34.755   Dest filename: D:\a\_temp\agym-c64-38001250527-5872-u8q4q801\client\Recepcion\_internal\tzdata\zoneinfo\Poland
2026-10-09 22:59:34.755   Time stamp of our file: 2026-10-09 22:58:06.000
2026-10-09 22:59:34.755   Installing the file.
2026-10-09 22:59:34.755   Successfully installed the file.
2026-10-09 22:59:34.755   -- File entry --
2026-10-09 22:59:34.755   Dest filename: D:\a\_temp\agym-c64-38001250527-5872-u8q4q801\client\Recepcion\_internal\tzdata\zoneinfo\Portugal
2026-10-09 22:59:34.755   Time stamp of our file: 2026-10-09 22:58:06.000
2026-10-09 22:59:34.755   Installing the file.
2026-10-09 22:59:34.755   Successfully installed the file.
2026-10-09 22:59:34.755   -- File entry --
2026-10-09 22:59:34.755   Dest filename: D:\a\_temp\agym-c64-38001250527-5872-u8q4q801\client\Recepcion\_internal\tzdata\zoneinfo\PRC
2026-10-09 22:59:34.755   Time stamp of our file: 2026-10-09 22:58:06.000
2026-10-09 22:59:34.755   Installing the file.
2026-10-09 22:59:34.755   Successfully installed the file.
2026-10-09 22:59:34.755   -- File entry --
2026-10-09 22:59:34.755   Dest filename: D:\a\_temp\agym-c64-38001250527-5872-u8q4q801\client\Recepcion\_internal\tzdata\zoneinfo\PST8PDT
2026-10-09 22:59:34.755   Time stamp of our file: 2026-10-09 22:58:06.000
2026-10-09 22:59:34.755   Installing the file.
2026-10-09 22:59:34.755   Successfully installed the file.
2026-10-09 22:59:34.755   -- File entry --
2026-10-09 22:59:34.755   Dest filename: D:\a\_temp\agym-c64-38001250527-5872-u8q4q801\client\Recepcion\_internal\tzdata\zoneinfo\ROC
2026-10-09 22:59:34.755   Time stamp of our file: 2026-10-09 22:58:06.000
2026-10-09 22:59:34.755   Installing the file.
2026-10-09 22:59:34.755   Successfully installed the file.
2026-10-09 22:59:34.755   -- File entry --
2026-10-09 22:59:34.755   Dest filename: D:\a\_temp\agym-c64-38001250527-5872-u8q4q801\client\Recepcion\_internal\tzdata\zoneinfo\ROK
2026-10-09 22:59:34.755   Time stamp of our file: 2026-10-09 22:58:06.000
2026-10-09 22:59:34.755   Installing the file.
2026-10-09 22:59:34.755   Successfully installed the file.
2026-10-09 22:59:34.755   -- File entry --
2026-10-09 22:59:34.755   Dest filename: D:\a\_temp\agym-c64-38001250527-5872-u8q4q801\client\Recepcion\_internal\tzdata\zoneinfo\Singapore
2026-10-09 22:59:34.755   Time stamp of our file: 2026-10-09 22:58:06.000
2026-10-09 22:59:34.755   Installing the file.
2026-10-09 22:59:34.755   Successfully installed the file.
2026-10-09 22:59:34.755   -- File entry --
2026-10-09 22:59:34.755   Dest filename: D:\a\_temp\agym-c64-38001250527-5872-u8q4q801\client\Recepcion\_internal\tzdata\zoneinfo\Turkey
2026-10-09 22:59:34.755   Time stamp of our file: 2026-10-09 22:58:06.000
2026-10-09 22:59:34.755   Installing the file.
2026-10-09 22:59:34.755   Successfully installed the file.
2026-10-09 22:59:34.755   -- File entry --
2026-10-09 22:59:34.755   Dest filename: D:\a\_temp\agym-c64-38001250527-5872-u8q4q801\client\Recepcion\_internal\tzdata\zoneinfo\tzdata.zi
2026-10-09 22:59:34.755   Time stamp of our file: 2026-10-09 22:58:06.000
2026-10-09 22:59:34.755   Installing the file.
2026-10-09 22:59:34.755   Successfully installed the file.
2026-10-09 22:59:34.755   -- File entry --
2026-10-09 22:59:34.755   Dest filename: D:\a\_temp\agym-c64-38001250527-5872-u8q4q801\client\Recepcion\_internal\tzdata\zoneinfo\UCT
2026-10-09 22:59:34.755   Time stamp of our file: 2026-10-09 22:58:06.000
2026-10-09 22:59:34.755   Installing the file.
2026-10-09 22:59:34.755   Successfully installed the file.
2026-10-09 22:59:34.755   -- File entry --
2026-10-09 22:59:34.755   Dest filename: D:\a\_temp\agym-c64-38001250527-5872-u8q4q801\client\Recepcion\_internal\tzdata\zoneinfo\Universal
2026-10-09 22:59:34.755   Time stamp of our file: 2026-10-09 22:58:06.000
2026-10-09 22:59:34.755   Installing the file.
2026-10-09 22:59:34.755   Successfully installed the file.
2026-10-09 22:59:34.755   -- File entry --
2026-10-09 22:59:34.755   Dest filename: D:\a\_temp\agym-c64-38001250527-5872-u8q4q801\client\Recepcion\_internal\tzdata\zoneinfo\UTC
2026-10-09 22:59:34.755   Time stamp of our file: 2026-10-09 22:58:06.000
2026-10-09 22:59:34.755   Installing the file.
2026-10-09 22:59:34.755   Successfully installed the file.
2026-10-09 22:59:34.755   -- File entry --
2026-10-09 22:59:34.755   Dest filename: D:\a\_temp\agym-c64-38001250527-5872-u8q4q801\client\Recepcion\_internal\tzdata\zoneinfo\W-SU
2026-10-09 22:59:34.755   Time stamp of our file: 2026-10-09 22:58:06.000
2026-10-09 22:59:34.755   Installing the file.
2026-10-09 22:59:34.755   Successfully installed the file.
2026-10-09 22:59:34.755   -- File entry --
2026-10-09 22:59:34.755   Dest filename: D:\a\_temp\agym-c64-38001250527-5872-u8q4q801\client\Recepcion\_internal\tzdata\zoneinfo\WET
2026-10-09 22:59:34.755   Time stamp of our file: 2026-10-09 22:58:06.000
2026-10-09 22:59:34.755   Installing the file.
2026-10-09 22:59:34.755   Successfully installed the file.
2026-10-09 22:59:34.755   -- File entry --
2026-10-09 22:59:34.755   Dest filename: D:\a\_temp\agym-c64-38001250527-5872-u8q4q801\client\Recepcion\_internal\tzdata\zoneinfo\zone.tab
2026-10-09 22:59:34.755   Time stamp of our file: 2026-10-09 22:58:06.000
2026-10-09 22:59:34.755   Installing the file.
2026-10-09 22:59:34.765   Successfully installed the file.
2026-10-09 22:59:34.765   -- File entry --
2026-10-09 22:59:34.765   Dest filename: D:\a\_temp\agym-c64-38001250527-5872-u8q4q801\client\Recepcion\_internal\tzdata\zoneinfo\zone1970.tab
2026-10-09 22:59:34.765   Time stamp of our file: 2026-10-09 22:58:06.000
2026-10-09 22:59:34.765   Installing the file.
2026-10-09 22:59:34.765   Successfully installed the file.
2026-10-09 22:59:34.765   -- File entry --
2026-10-09 22:59:34.765   Dest filename: D:\a\_temp\agym-c64-38001250527-5872-u8q4q801\client\Recepcion\_internal\tzdata\zoneinfo\zonenow.tab
2026-10-09 22:59:34.765   Time stamp of our file: 2026-10-09 22:58:06.000
2026-10-09 22:59:34.765   Installing the file.
2026-10-09 22:59:34.765   Successfully installed the file.
2026-10-09 22:59:34.765   -- File entry --
2026-10-09 22:59:34.765   Dest filename: D:\a\_temp\agym-c64-38001250527-5872-u8q4q801\client\Recepcion\_internal\tzdata\zoneinfo\Zulu
2026-10-09 22:59:34.765   Time stamp of our file: 2026-10-09 22:58:06.000
2026-10-09 22:59:34.765   Installing the file.
2026-10-09 22:59:34.765   Successfully installed the file.
2026-10-09 22:59:34.765   -- File entry --
2026-10-09 22:59:34.765   Dest filename: D:\a\_temp\agym-c64-38001250527-5872-u8q4q801\client\Recepcion\_internal\tzdata\zoneinfo\__init__.py
2026-10-09 22:59:34.765   Time stamp of our file: 2026-10-09 22:58:06.000
2026-10-09 22:59:34.765   Installing the file.
2026-10-09 22:59:34.765   Successfully installed the file.
2026-10-09 22:59:34.765   -- File entry --
2026-10-09 22:59:34.765   Dest filename: D:\a\_temp\agym-c64-38001250527-5872-u8q4q801\client\Recepcion\_internal\tzdata\zoneinfo\Africa\Abidjan
2026-10-09 22:59:34.765   Time stamp of our file: 2026-10-09 22:58:06.000
2026-10-09 22:59:34.765   Installing the file.
2026-10-09 22:59:34.765   Creating directory: D:\a\_temp\agym-c64-38001250527-5872-u8q4q801\client\Recepcion\_internal\tzdata\zoneinfo\Africa
2026-10-09 22:59:34.765   Successfully installed the file.
2026-10-09 22:59:34.765   -- File entry --
2026-10-09 22:59:34.765   Dest filename: D:\a\_temp\agym-c64-38001250527-5872-u8q4q801\client\Recepcion\_internal\tzdata\zoneinfo\Africa\Accra
2026-10-09 22:59:34.765   Time stamp of our file: 2026-10-09 22:58:06.000
2026-10-09 22:59:34.765   Installing the file.
2026-10-09 22:59:34.765   Successfully installed the file.
2026-10-09 22:59:34.765   -- File entry --
2026-10-09 22:59:34.765   Dest filename: D:\a\_temp\agym-c64-38001250527-5872-u8q4q801\client\Recepcion\_internal\tzdata\zoneinfo\Africa\Addis_Ababa
2026-10-09 22:59:34.765   Time stamp of our file: 2026-10-09 22:58:06.000
2026-10-09 22:59:34.765   Installing the file.
2026-10-09 22:59:34.765   Successfully installed the file.
2026-10-09 22:59:34.765   -- File entry --
2026-10-09 22:59:34.765   Dest filename: D:\a\_temp\agym-c64-38001250527-5872-u8q4q801\client\Recepcion\_internal\tzdata\zoneinfo\Africa\Algiers
2026-10-09 22:59:34.765   Time stamp of our file: 2026-10-09 22:58:06.000
2026-10-09 22:59:34.765   Installing the file.
2026-10-09 22:59:34.765   Successfully installed the file.
2026-10-09 22:59:34.765   -- File entry --
2026-10-09 22:59:34.765   Dest filename: D:\a\_temp\agym-c64-38001250527-5872-u8q4q801\client\Recepcion\_internal\tzdata\zoneinfo\Africa\Asmara
2026-10-09 22:59:34.765   Time stamp of our file: 2026-10-09 22:58:06.000
2026-10-09 22:59:34.765   Installing the file.
2026-10-09 22:59:34.765   Successfully installed the file.
2026-10-09 22:59:34.765   -- File entry --
2026-10-09 22:59:34.765   Dest filename: D:\a\_temp\agym-c64-38001250527-5872-u8q4q801\client\Recepcion\_internal\tzdata\zoneinfo\Africa\Asmera
2026-10-09 22:59:34.765   Time stamp of our file: 2026-10-09 22:58:06.000
2026-10-09 22:59:34.765   Installing the file.
2026-10-09 22:59:34.765   Successfully installed the file.
2026-10-09 22:59:34.765   -- File entry --
2026-10-09 22:59:34.765   Dest filename: D:\a\_temp\agym-c64-38001250527-5872-u8q4q801\client\Recepcion\_internal\tzdata\zoneinfo\Africa\Bamako
2026-10-09 22:59:34.765   Time stamp of our file: 2026-10-09 22:58:06.000
2026-10-09 22:59:34.765   Installing the file.
2026-10-09 22:59:34.765   Successfully installed the file.
2026-10-09 22:59:34.765   -- File entry --
2026-10-09 22:59:34.765   Dest filename: D:\a\_temp\agym-c64-38001250527-5872-u8q4q801\client\Recepcion\_internal\tzdata\zoneinfo\Africa\Bangui
2026-10-09 22:59:34.765   Time stamp of our file: 2026-10-09 22:58:06.000
2026-10-09 22:59:34.765   Installing the file.
2026-10-09 22:59:34.765   Successfully installed the file.
2026-10-09 22:59:34.765   -- File entry --
2026-10-09 22:59:34.765   Dest filename: D:\a\_temp\agym-c64-38001250527-5872-u8q4q801\client\Recepcion\_internal\tzdata\zoneinfo\Africa\Banjul
2026-10-09 22:59:34.765   Time stamp of our file: 2026-10-09 22:58:06.000
2026-10-09 22:59:34.765   Installing the file.
2026-10-09 22:59:34.765   Successfully installed the file.
2026-10-09 22:59:34.765   -- File entry --
2026-10-09 22:59:34.765   Dest filename: D:\a\_temp\agym-c64-38001250527-5872-u8q4q801\client\Recepcion\_internal\tzdata\zoneinfo\Africa\Bissau
2026-10-09 22:59:34.765   Time stamp of our file: 2026-10-09 22:58:06.000
2026-10-09 22:59:34.765   Installing the file.
2026-10-09 22:59:34.765   Successfully installed the file.
2026-10-09 22:59:34.765   -- File entry --
2026-10-09 22:59:34.765   Dest filename: D:\a\_temp\agym-c64-38001250527-5872-u8q4q801\client\Recepcion\_internal\tzdata\zoneinfo\Africa\Blantyre
2026-10-09 22:59:34.765   Time stamp of our file: 2026-10-09 22:58:06.000
2026-10-09 22:59:34.765   Installing the file.
2026-10-09 22:59:34.765   Successfully installed the file.
2026-10-09 22:59:34.765   -- File entry --
2026-10-09 22:59:34.765   Dest filename: D:\a\_temp\agym-c64-38001250527-5872-u8q4q801\client\Recepcion\_internal\tzdata\zoneinfo\Africa\Brazzaville
2026-10-09 22:59:34.765   Time stamp of our file: 2026-10-09 22:58:06.000
2026-10-09 22:59:34.765   Installing the file.
2026-10-09 22:59:34.765   Successfully installed the file.
2026-10-09 22:59:34.765   -- File entry --
2026-10-09 22:59:34.765   Dest filename: D:\a\_temp\agym-c64-38001250527-5872-u8q4q801\client\Recepcion\_internal\tzdata\zoneinfo\Africa\Bujumbura
2026-10-09 22:59:34.765   Time stamp of our file: 2026-10-09 22:58:06.000
2026-10-09 22:59:34.765   Installing the file.
2026-10-09 22:59:34.765   Successfully installed the file.
2026-10-09 22:59:34.765   -- File entry --
2026-10-09 22:59:34.765   Dest filename: D:\a\_temp\agym-c64-38001250527-5872-u8q4q801\client\Recepcion\_internal\tzdata\zoneinfo\Africa\Cairo
2026-10-09 22:59:34.765   Time stamp of our file: 2026-10-09 22:58:06.000
2026-10-09 22:59:34.765   Installing the file.
2026-10-09 22:59:34.765   Successfully installed the file.
2026-10-09 22:59:34.765   -- File entry --
2026-10-09 22:59:34.765   Dest filename: D:\a\_temp\agym-c64-38001250527-5872-u8q4q801\client\Recepcion\_internal\tzdata\zoneinfo\Africa\Casablanca
2026-10-09 22:59:34.765   Time stamp of our file: 2026-10-09 22:58:06.000
2026-10-09 22:59:34.765   Installing the file.
2026-10-09 22:59:34.765   Successfully installed the file.
2026-10-09 22:59:34.765   -- File entry --
2026-10-09 22:59:34.765   Dest filename: D:\a\_temp\agym-c64-38001250527-5872-u8q4q801\client\Recepcion\_internal\tzdata\zoneinfo\Africa\Ceuta
2026-10-09 22:59:34.765   Time stamp of our file: 2026-10-09 22:58:06.000
2026-10-09 22:59:34.765   Installing the file.
2026-10-09 22:59:34.765   Successfully installed the file.
2026-10-09 22:59:34.765   -- File entry --
2026-10-09 22:59:34.765   Dest filename: D:\a\_temp\agym-c64-38001250527-5872-u8q4q801\client\Recepcion\_internal\tzdata\zoneinfo\Africa\Conakry
2026-10-09 22:59:34.765   Time stamp of our file: 2026-10-09 22:58:06.000
2026-10-09 22:59:34.765   Installing the file.
2026-10-09 22:59:34.765   Successfully installed the file.
2026-10-09 22:59:34.765   -- File entry --
2026-10-09 22:59:34.765   Dest filename: D:\a\_temp\agym-c64-38001250527-5872-u8q4q801\client\Recepcion\_internal\tzdata\zoneinfo\Africa\Dakar
2026-10-09 22:59:34.765   Time stamp of our file: 2026-10-09 22:58:06.000
2026-10-09 22:59:34.765   Installing the file.
2026-10-09 22:59:34.765   Successfully installed the file.
2026-10-09 22:59:34.765   -- File entry --
2026-10-09 22:59:34.765   Dest filename: D:\a\_temp\agym-c64-38001250527-5872-u8q4q801\client\Recepcion\_internal\tzdata\zoneinfo\Africa\Dar_es_Salaam
2026-10-09 22:59:34.765   Time stamp of our file: 2026-10-09 22:58:06.000
2026-10-09 22:59:34.765   Installing the file.
2026-10-09 22:59:34.765   Successfully installed the file.
2026-10-09 22:59:34.765   -- File entry --
2026-10-09 22:59:34.765   Dest filename: D:\a\_temp\agym-c64-38001250527-5872-u8q4q801\client\Recepcion\_internal\tzdata\zoneinfo\Africa\Djibouti
2026-10-09 22:59:34.765   Time stamp of our file: 2026-10-09 22:58:06.000
2026-10-09 22:59:34.765   Installing the file.
2026-10-09 22:59:34.765   Successfully installed the file.
2026-10-09 22:59:34.765   -- File entry --
2026-10-09 22:59:34.765   Dest filename: D:\a\_temp\agym-c64-38001250527-5872-u8q4q801\client\Recepcion\_internal\tzdata\zoneinfo\Africa\Douala
2026-10-09 22:59:34.765   Time stamp of our file: 2026-10-09 22:58:06.000
2026-10-09 22:59:34.765   Installing the file.
2026-10-09 22:59:34.765   Successfully installed the file.
2026-10-09 22:59:34.765   -- File entry --
2026-10-09 22:59:34.765   Dest filename: D:\a\_temp\agym-c64-38001250527-5872-u8q4q801\client\Recepcion\_internal\tzdata\zoneinfo\Africa\El_Aaiun
2026-10-09 22:59:34.765   Time stamp of our file: 2026-10-09 22:58:06.000
2026-10-09 22:59:34.765   Installing the file.
2026-10-09 22:59:34.777   Successfully installed the file.
2026-10-09 22:59:34.777   -- File entry --
2026-10-09 22:59:34.777   Dest filename: D:\a\_temp\agym-c64-38001250527-5872-u8q4q801\client\Recepcion\_internal\tzdata\zoneinfo\Africa\Freetown
2026-10-09 22:59:34.777   Time stamp of our file: 2026-10-09 22:58:06.000
2026-10-09 22:59:34.777   Installing the file.
2026-10-09 22:59:34.777   Successfully installed the file.
2026-10-09 22:59:34.777   -- File entry --
2026-10-09 22:59:34.777   Dest filename: D:\a\_temp\agym-c64-38001250527-5872-u8q4q801\client\Recepcion\_internal\tzdata\zoneinfo\Africa\Gaborone
2026-10-09 22:59:34.777   Time stamp of our file: 2026-10-09 22:58:06.000
2026-10-09 22:59:34.777   Installing the file.
2026-10-09 22:59:34.777   Successfully installed the file.
2026-10-09 22:59:34.777   -- File entry --
2026-10-09 22:59:34.777   Dest filename: D:\a\_temp\agym-c64-38001250527-5872-u8q4q801\client\Recepcion\_internal\tzdata\zoneinfo\Africa\Harare
2026-10-09 22:59:34.777   Time stamp of our file: 2026-10-09 22:58:06.000
2026-10-09 22:59:34.777   Installing the file.
2026-10-09 22:59:34.777   Successfully installed the file.
2026-10-09 22:59:34.777   -- File entry --
2026-10-09 22:59:34.777   Dest filename: D:\a\_temp\agym-c64-38001250527-5872-u8q4q801\client\Recepcion\_internal\tzdata\zoneinfo\Africa\Johannesburg
2026-10-09 22:59:34.777   Time stamp of our file: 2026-10-09 22:58:06.000
2026-10-09 22:59:34.777   Installing the file.
2026-10-09 22:59:34.777   Successfully installed the file.
2026-10-09 22:59:34.777   -- File entry --
2026-10-09 22:59:34.777   Dest filename: D:\a\_temp\agym-c64-38001250527-5872-u8q4q801\client\Recepcion\_internal\tzdata\zoneinfo\Africa\Juba
2026-10-09 22:59:34.777   Time stamp of our file: 2026-10-09 22:58:06.000
2026-10-09 22:59:34.777   Installing the file.
2026-10-09 22:59:34.777   Successfully installed the file.
2026-10-09 22:59:34.777   -- File entry --
2026-10-09 22:59:34.777   Dest filename: D:\a\_temp\agym-c64-38001250527-5872-u8q4q801\client\Recepcion\_internal\tzdata\zoneinfo\Africa\Kampala
2026-10-09 22:59:34.777   Time stamp of our file: 2026-10-09 22:58:06.000
2026-10-09 22:59:34.777   Installing the file.
2026-10-09 22:59:34.777   Successfully installed the file.
2026-10-09 22:59:34.777   -- File entry --
2026-10-09 22:59:34.777   Dest filename: D:\a\_temp\agym-c64-38001250527-5872-u8q4q801\client\Recepcion\_internal\tzdata\zoneinfo\Africa\Khartoum
2026-10-09 22:59:34.777   Time stamp of our file: 2026-10-09 22:58:06.000
2026-10-09 22:59:34.777   Installing the file.
2026-10-09 22:59:34.777   Successfully installed the file.
2026-10-09 22:59:34.777   -- File entry --
2026-10-09 22:59:34.777   Dest filename: D:\a\_temp\agym-c64-38001250527-5872-u8q4q801\client\Recepcion\_internal\tzdata\zoneinfo\Africa\Kigali
2026-10-09 22:59:34.777   Time stamp of our file: 2026-10-09 22:58:06.000
2026-10-09 22:59:34.777   Installing the file.
2026-10-09 22:59:34.777   Successfully installed the file.
2026-10-09 22:59:34.777   -- File entry --
2026-10-09 22:59:34.777   Dest filename: D:\a\_temp\agym-c64-38001250527-5872-u8q4q801\client\Recepcion\_internal\tzdata\zoneinfo\Africa\Kinshasa
2026-10-09 22:59:34.777   Time stamp of our file: 2026-10-09 22:58:06.000
2026-10-09 22:59:34.777   Installing the file.
2026-10-09 22:59:34.781   Successfully installed the file.
2026-10-09 22:59:34.781   -- File entry --
2026-10-09 22:59:34.781   Dest filename: D:\a\_temp\agym-c64-38001250527-5872-u8q4q801\client\Recepcion\_internal\tzdata\zoneinfo\Africa\Lagos
2026-10-09 22:59:34.781   Time stamp of our file: 2026-10-09 22:58:06.000
2026-10-09 22:59:34.781   Installing the file.
2026-10-09 22:59:34.781   Successfully installed the file.
2026-10-09 22:59:34.782   -- File entry --
2026-10-09 22:59:34.782   Dest filename: D:\a\_temp\agym-c64-38001250527-5872-u8q4q801\client\Recepcion\_internal\tzdata\zoneinfo\Africa\Libreville
2026-10-09 22:59:34.782   Time stamp of our file: 2026-10-09 22:58:06.000
2026-10-09 22:59:34.782   Installing the file.
2026-10-09 22:59:34.782   Successfully installed the file.
2026-10-09 22:59:34.782   -- File entry --
2026-10-09 22:59:34.782   Dest filename: D:\a\_temp\agym-c64-38001250527-5872-u8q4q801\client\Recepcion\_internal\tzdata\zoneinfo\Africa\Lome
2026-10-09 22:59:34.782   Time stamp of our file: 2026-10-09 22:58:06.000
2026-10-09 22:59:34.782   Installing the file.
2026-10-09 22:59:34.782   Successfully installed the file.
2026-10-09 22:59:34.782   -- File entry --
2026-10-09 22:59:34.782   Dest filename: D:\a\_temp\agym-c64-38001250527-5872-u8q4q801\client\Recepcion\_internal\tzdata\zoneinfo\Africa\Luanda
2026-10-09 22:59:34.782   Time stamp of our file: 2026-10-09 22:58:06.000
2026-10-09 22:59:34.782   Installing the file.
2026-10-09 22:59:34.782   Successfully installed the file.
2026-10-09 22:59:34.782   -- File entry --
2026-10-09 22:59:34.782   Dest filename: D:\a\_temp\agym-c64-38001250527-5872-u8q4q801\client\Recepcion\_internal\tzdata\zoneinfo\Africa\Lubumbashi
2026-10-09 22:59:34.782   Time stamp of our file: 2026-10-09 22:58:06.000
2026-10-09 22:59:34.782   Installing the file.
2026-10-09 22:59:34.782   Successfully installed the file.
2026-10-09 22:59:34.782   -- File entry --
2026-10-09 22:59:34.782   Dest filename: D:\a\_temp\agym-c64-38001250527-5872-u8q4q801\client\Recepcion\_internal\tzdata\zoneinfo\Africa\Lusaka
2026-10-09 22:59:34.782   Time stamp of our file: 2026-10-09 22:58:06.000
2026-10-09 22:59:34.782   Installing the file.
2026-10-09 22:59:34.782   Successfully installed the file.
2026-10-09 22:59:34.782   -- File entry --
2026-10-09 22:59:34.782   Dest filename: D:\a\_temp\agym-c64-38001250527-5872-u8q4q801\client\Recepcion\_internal\tzdata\zoneinfo\Africa\Malabo
2026-10-09 22:59:34.782   Time stamp of our file: 2026-10-09 22:58:06.000
2026-10-09 22:59:34.782   Installing the file.
2026-10-09 22:59:34.782   Successfully installed the file.
2026-10-09 22:59:34.782   -- File entry --
2026-10-09 22:59:34.782   Dest filename: D:\a\_temp\agym-c64-38001250527-5872-u8q4q801\client\Recepcion\_internal\tzdata\zoneinfo\Africa\Maputo
2026-10-09 22:59:34.782   Time stamp of our file: 2026-10-09 22:58:06.000
2026-10-09 22:59:34.782   Installing the file.
2026-10-09 22:59:34.782   Successfully installed the file.
2026-10-09 22:59:34.782   -- File entry --
2026-10-09 22:59:34.782   Dest filename: D:\a\_temp\agym-c64-38001250527-5872-u8q4q801\client\Recepcion\_internal\tzdata\zoneinfo\Africa\Maseru
2026-10-09 22:59:34.782   Time stamp of our file: 2026-10-09 22:58:06.000
2026-10-09 22:59:34.782   Installing the file.
2026-10-09 22:59:34.782   Successfully installed the file.
2026-10-09 22:59:34.782   -- File entry --
2026-10-09 22:59:34.782   Dest filename: D:\a\_temp\agym-c64-38001250527-5872-u8q4q801\client\Recepcion\_internal\tzdata\zoneinfo\Africa\Mbabane
2026-10-09 22:59:34.782   Time stamp of our file: 2026-10-09 22:58:06.000
2026-10-09 22:59:34.782   Installing the file.
2026-10-09 22:59:34.782   Successfully installed the file.
2026-10-09 22:59:34.782   -- File entry --
2026-10-09 22:59:34.782   Dest filename: D:\a\_temp\agym-c64-38001250527-5872-u8q4q801\client\Recepcion\_internal\tzdata\zoneinfo\Africa\Mogadishu
2026-10-09 22:59:34.782   Time stamp of our file: 2026-10-09 22:58:06.000
2026-10-09 22:59:34.782   Installing the file.
2026-10-09 22:59:34.782   Successfully installed the file.
2026-10-09 22:59:34.782   -- File entry --
2026-10-09 22:59:34.782   Dest filename: D:\a\_temp\agym-c64-38001250527-5872-u8q4q801\client\Recepcion\_internal\tzdata\zoneinfo\Africa\Monrovia
2026-10-09 22:59:34.782   Time stamp of our file: 2026-10-09 22:58:06.000
2026-10-09 22:59:34.782   Installing the file.
2026-10-09 22:59:34.782   Successfully installed the file.
2026-10-09 22:59:34.782   -- File entry --
2026-10-09 22:59:34.782   Dest filename: D:\a\_temp\agym-c64-38001250527-5872-u8q4q801\client\Recepcion\_internal\tzdata\zoneinfo\Africa\Nairobi
2026-10-09 22:59:34.782   Time stamp of our file: 2026-10-09 22:58:06.000
2026-10-09 22:59:34.782   Installing the file.
2026-10-09 22:59:34.782   Successfully installed the file.
2026-10-09 22:59:34.782   -- File entry --
2026-10-09 22:59:34.782   Dest filename: D:\a\_temp\agym-c64-38001250527-5872-u8q4q801\client\Recepcion\_internal\tzdata\zoneinfo\Africa\Ndjamena
2026-10-09 22:59:34.782   Time stamp of our file: 2026-10-09 22:58:06.000
2026-10-09 22:59:34.782   Installing the file.
2026-10-09 22:59:34.782   Successfully installed the file.
2026-10-09 22:59:34.782   -- File entry --
2026-10-09 22:59:34.782   Dest filename: D:\a\_temp\agym-c64-38001250527-5872-u8q4q801\client\Recepcion\_internal\tzdata\zoneinfo\Africa\Niamey
2026-10-09 22:59:34.782   Time stamp of our file: 2026-10-09 22:58:06.000
2026-10-09 22:59:34.782   Installing the file.
2026-10-09 22:59:34.782   Successfully installed the file.
2026-10-09 22:59:34.782   -- File entry --
2026-10-09 22:59:34.782   Dest filename: D:\a\_temp\agym-c64-38001250527-5872-u8q4q801\client\Recepcion\_internal\tzdata\zoneinfo\Africa\Nouakchott
2026-10-09 22:59:34.782   Time stamp of our file: 2026-10-09 22:58:06.000
2026-10-09 22:59:34.782   Installing the file.
2026-10-09 22:59:34.782   Successfully installed the file.
2026-10-09 22:59:34.782   -- File entry --
2026-10-09 22:59:34.782   Dest filename: D:\a\_temp\agym-c64-38001250527-5872-u8q4q801\client\Recepcion\_internal\tzdata\zoneinfo\Africa\Ouagadougou
2026-10-09 22:59:34.782   Time stamp of our file: 2026-10-09 22:58:06.000
2026-10-09 22:59:34.782   Installing the file.
2026-10-09 22:59:34.782   Successfully installed the file.
2026-10-09 22:59:34.782   -- File entry --
2026-10-09 22:59:34.782   Dest filename: D:\a\_temp\agym-c64-38001250527-5872-u8q4q801\client\Recepcion\_internal\tzdata\zoneinfo\Africa\Porto-Novo
2026-10-09 22:59:34.782   Time stamp of our file: 2026-10-09 22:58:06.000
2026-10-09 22:59:34.782   Installing the file.
2026-10-09 22:59:34.782   Successfully installed the file.
2026-10-09 22:59:34.782   -- File entry --
2026-10-09 22:59:34.782   Dest filename: D:\a\_temp\agym-c64-38001250527-5872-u8q4q801\client\Recepcion\_internal\tzdata\zoneinfo\Africa\Sao_Tome
2026-10-09 22:59:34.782   Time stamp of our file: 2026-10-09 22:58:06.000
2026-10-09 22:59:34.782   Installing the file.
2026-10-09 22:59:34.782   Successfully installed the file.
2026-10-09 22:59:34.782   -- File entry --
2026-10-09 22:59:34.782   Dest filename: D:\a\_temp\agym-c64-38001250527-5872-u8q4q801\client\Recepcion\_internal\tzdata\zoneinfo\Africa\Timbuktu
2026-10-09 22:59:34.782   Time stamp of our file: 2026-10-09 22:58:06.000
2026-10-09 22:59:34.782   Installing the file.
2026-10-09 22:59:34.782   Successfully installed the file.
2026-10-09 22:59:34.782   -- File entry --
2026-10-09 22:59:34.782   Dest filename: D:\a\_temp\agym-c64-38001250527-5872-u8q4q801\client\Recepcion\_internal\tzdata\zoneinfo\Africa\Tripoli
2026-10-09 22:59:34.782   Time stamp of our file: 2026-10-09 22:58:06.000
2026-10-09 22:59:34.782   Installing the file.
2026-10-09 22:59:34.782   Successfully installed the file.
2026-10-09 22:59:34.782   -- File entry --
2026-10-09 22:59:34.782   Dest filename: D:\a\_temp\agym-c64-38001250527-5872-u8q4q801\client\Recepcion\_internal\tzdata\zoneinfo\Africa\Tunis
2026-10-09 22:59:34.782   Time stamp of our file: 2026-10-09 22:58:06.000
2026-10-09 22:59:34.782   Installing the file.
2026-10-09 22:59:34.782   Successfully installed the file.
2026-10-09 22:59:34.782   -- File entry --
2026-10-09 22:59:34.782   Dest filename: D:\a\_temp\agym-c64-38001250527-5872-u8q4q801\client\Recepcion\_internal\tzdata\zoneinfo\Africa\Windhoek
2026-10-09 22:59:34.782   Time stamp of our file: 2026-10-09 22:58:06.000
2026-10-09 22:59:34.782   Installing the file.
2026-10-09 22:59:34.782   Successfully installed the file.
2026-10-09 22:59:34.782   -- File entry --
2026-10-09 22:59:34.782   Dest filename: D:\a\_temp\agym-c64-38001250527-5872-u8q4q801\client\Recepcion\_internal\tzdata\zoneinfo\Africa\__init__.py
2026-10-09 22:59:34.782   Time stamp of our file: 2026-10-09 22:58:06.000
2026-10-09 22:59:34.782   Installing the file.
2026-10-09 22:59:34.782   Successfully installed the file.
2026-10-09 22:59:34.782   -- File entry --
2026-10-09 22:59:34.782   Dest filename: D:\a\_temp\agym-c64-38001250527-5872-u8q4q801\client\Recepcion\_internal\tzdata\zoneinfo\America\Adak
2026-10-09 22:59:34.782   Time stamp of our file: 2026-10-09 22:58:06.000
2026-10-09 22:59:34.782   Installing the file.
2026-10-09 22:59:34.782   Creating directory: D:\a\_temp\agym-c64-38001250527-5872-u8q4q801\client\Recepcion\_internal\tzdata\zoneinfo\America
2026-10-09 22:59:34.782   Successfully installed the file.
2026-10-09 22:59:34.782   -- File entry --
2026-10-09 22:59:34.782   Dest filename: D:\a\_temp\agym-c64-38001250527-5872-u8q4q801\client\Recepcion\_internal\tzdata\zoneinfo\America\Anchorage
2026-10-09 22:59:34.782   Time stamp of our file: 2026-10-09 22:58:06.000
2026-10-09 22:59:34.782   Installing the file.
2026-10-09 22:59:34.782   Successfully installed the file.
2026-10-09 22:59:34.782   -- File entry --
2026-10-09 22:59:34.782   Dest filename: D:\a\_temp\agym-c64-38001250527-5872-u8q4q801\client\Recepcion\_internal\tzdata\zoneinfo\America\Anguilla
2026-10-09 22:59:34.782   Time stamp of our file: 2026-10-09 22:58:06.000
2026-10-09 22:59:34.782   Installing the file.
2026-10-09 22:59:34.782   Successfully installed the file.
2026-10-09 22:59:34.782   -- File entry --
2026-10-09 22:59:34.782   Dest filename: D:\a\_temp\agym-c64-38001250527-5872-u8q4q801\client\Recepcion\_internal\tzdata\zoneinfo\America\Antigua
2026-10-09 22:59:34.782   Time stamp of our file: 2026-10-09 22:58:06.000
2026-10-09 22:59:34.782   Installing the file.
2026-10-09 22:59:34.782   Successfully installed the file.
2026-10-09 22:59:34.782   -- File entry --
2026-10-09 22:59:34.782   Dest filename: D:\a\_temp\agym-c64-38001250527-5872-u8q4q801\client\Recepcion\_internal\tzdata\zoneinfo\America\Araguaina
2026-10-09 22:59:34.782   Time stamp of our file: 2026-10-09 22:58:06.000
2026-10-09 22:59:34.782   Installing the file.
2026-10-09 22:59:34.782   Successfully installed the file.
2026-10-09 22:59:34.782   -- File entry --
2026-10-09 22:59:34.782   Dest filename: D:\a\_temp\agym-c64-38001250527-5872-u8q4q801\client\Recepcion\_internal\tzdata\zoneinfo\America\Aruba
2026-10-09 22:59:34.782   Time stamp of our file: 2026-10-09 22:58:06.000
2026-10-09 22:59:34.782   Installing the file.
2026-10-09 22:59:34.782   Successfully installed the file.
2026-10-09 22:59:34.782   -- File entry --
2026-10-09 22:59:34.782   Dest filename: D:\a\_temp\agym-c64-38001250527-5872-u8q4q801\client\Recepcion\_internal\tzdata\zoneinfo\America\Asuncion
2026-10-09 22:59:34.782   Time stamp of our file: 2026-10-09 22:58:06.000
2026-10-09 22:59:34.782   Installing the file.
2026-10-09 22:59:34.782   Successfully installed the file.
2026-10-09 22:59:34.782   -- File entry --
2026-10-09 22:59:34.782   Dest filename: D:\a\_temp\agym-c64-38001250527-5872-u8q4q801\client\Recepcion\_internal\tzdata\zoneinfo\America\Atikokan
2026-10-09 22:59:34.782   Time stamp of our file: 2026-10-09 22:58:06.000
2026-10-09 22:59:34.782   Installing the file.
2026-10-09 22:59:34.782   Successfully installed the file.
2026-10-09 22:59:34.782   -- File entry --
2026-10-09 22:59:34.782   Dest filename: D:\a\_temp\agym-c64-38001250527-5872-u8q4q801\client\Recepcion\_internal\tzdata\zoneinfo\America\Atka
2026-10-09 22:59:34.782   Time stamp of our file: 2026-10-09 22:58:06.000
2026-10-09 22:59:34.782   Installing the file.
2026-10-09 22:59:34.782   Successfully installed the file.
2026-10-09 22:59:34.782   -- File entry --
2026-10-09 22:59:34.782   Dest filename: D:\a\_temp\agym-c64-38001250527-5872-u8q4q801\client\Recepcion\_internal\tzdata\zoneinfo\America\Bahia
2026-10-09 22:59:34.782   Time stamp of our file: 2026-10-09 22:58:06.000
2026-10-09 22:59:34.782   Installing the file.
2026-10-09 22:59:34.782   Successfully installed the file.
2026-10-09 22:59:34.782   -- File entry --
2026-10-09 22:59:34.782   Dest filename: D:\a\_temp\agym-c64-38001250527-5872-u8q4q801\client\Recepcion\_internal\tzdata\zoneinfo\America\Bahia_Banderas
2026-10-09 22:59:34.782   Time stamp of our file: 2026-10-09 22:58:06.000
2026-10-09 22:59:34.782   Installing the file.
2026-10-09 22:59:34.782   Successfully installed the file.
2026-10-09 22:59:34.782   -- File entry --
2026-10-09 22:59:34.782   Dest filename: D:\a\_temp\agym-c64-38001250527-5872-u8q4q801\client\Recepcion\_internal\tzdata\zoneinfo\America\Barbados
2026-10-09 22:59:34.797   Time stamp of our file: 2026-10-09 22:58:06.000
2026-10-09 22:59:34.797   Installing the file.
2026-10-09 22:59:34.797   Successfully installed the file.
2026-10-09 22:59:34.797   -- File entry --
2026-10-09 22:59:34.797   Dest filename: D:\a\_temp\agym-c64-38001250527-5872-u8q4q801\client\Recepcion\_internal\tzdata\zoneinfo\America\Belem
2026-10-09 22:59:34.797   Time stamp of our file: 2026-10-09 22:58:06.000
2026-10-09 22:59:34.797   Installing the file.
2026-10-09 22:59:34.797   Successfully installed the file.
2026-10-09 22:59:34.797   -- File entry --
2026-10-09 22:59:34.797   Dest filename: D:\a\_temp\agym-c64-38001250527-5872-u8q4q801\client\Recepcion\_internal\tzdata\zoneinfo\America\Belize
2026-10-09 22:59:34.797   Time stamp of our file: 2026-10-09 22:58:06.000
2026-10-09 22:59:34.797   Installing the file.
2026-10-09 22:59:34.797   Successfully installed the file.
2026-10-09 22:59:34.797   -- File entry --
2026-10-09 22:59:34.797   Dest filename: D:\a\_temp\agym-c64-38001250527-5872-u8q4q801\client\Recepcion\_internal\tzdata\zoneinfo\America\Blanc-Sablon
2026-10-09 22:59:34.797   Time stamp of our file: 2026-10-09 22:58:06.000
2026-10-09 22:59:34.797   Installing the file.
2026-10-09 22:59:34.797   Successfully installed the file.
2026-10-09 22:59:34.797   -- File entry --
2026-10-09 22:59:34.797   Dest filename: D:\a\_temp\agym-c64-38001250527-5872-u8q4q801\client\Recepcion\_internal\tzdata\zoneinfo\America\Boa_Vista
2026-10-09 22:59:34.797   Time stamp of our file: 2026-10-09 22:58:06.000
2026-10-09 22:59:34.797   Installing the file.
2026-10-09 22:59:34.797   Successfully installed the file.
2026-10-09 22:59:34.797   -- File entry --
2026-10-09 22:59:34.797   Dest filename: D:\a\_temp\agym-c64-38001250527-5872-u8q4q801\client\Recepcion\_internal\tzdata\zoneinfo\America\Bogota
2026-10-09 22:59:34.797   Time stamp of our file: 2026-10-09 22:58:06.000
2026-10-09 22:59:34.797   Installing the file.
2026-10-09 22:59:34.797   Successfully installed the file.
2026-10-09 22:59:34.797   -- File entry --
2026-10-09 22:59:34.797   Dest filename: D:\a\_temp\agym-c64-38001250527-5872-u8q4q801\client\Recepcion\_internal\tzdata\zoneinfo\America\Boise
2026-10-09 22:59:34.797   Time stamp of our file: 2026-10-09 22:58:06.000
2026-10-09 22:59:34.797   Installing the file.
2026-10-09 22:59:34.797   Successfully installed the file.
2026-10-09 22:59:34.797   -- File entry --
2026-10-09 22:59:34.797   Dest filename: D:\a\_temp\agym-c64-38001250527-5872-u8q4q801\client\Recepcion\_internal\tzdata\zoneinfo\America\Buenos_Aires
2026-10-09 22:59:34.797   Time stamp of our file: 2026-10-09 22:58:06.000
2026-10-09 22:59:34.797   Installing the file.
2026-10-09 22:59:34.797   Successfully installed the file.
2026-10-09 22:59:34.797   -- File entry --
2026-10-09 22:59:34.797   Dest filename: D:\a\_temp\agym-c64-38001250527-5872-u8q4q801\client\Recepcion\_internal\tzdata\zoneinfo\America\Cambridge_Bay
2026-10-09 22:59:34.797   Time stamp of our file: 2026-10-09 22:58:06.000
2026-10-09 22:59:34.797   Installing the file.
2026-10-09 22:59:34.797   Successfully installed the file.
2026-10-09 22:59:34.797   -- File entry --
2026-10-09 22:59:34.797   Dest filename: D:\a\_temp\agym-c64-38001250527-5872-u8q4q801\client\Recepcion\_internal\tzdata\zoneinfo\America\Campo_Grande
2026-10-09 22:59:34.797   Time stamp of our file: 2026-10-09 22:58:06.000
2026-10-09 22:59:34.797   Installing the file.
2026-10-09 22:59:34.797   Successfully installed the file.
2026-10-09 22:59:34.797   -- File entry --
2026-10-09 22:59:34.797   Dest filename: D:\a\_temp\agym-c64-38001250527-5872-u8q4q801\client\Recepcion\_internal\tzdata\zoneinfo\America\Cancun
2026-10-09 22:59:34.797   Time stamp of our file: 2026-10-09 22:58:06.000
2026-10-09 22:59:34.797   Installing the file.
2026-10-09 22:59:34.797   Successfully installed the file.
2026-10-09 22:59:34.797   -- File entry --
2026-10-09 22:59:34.797   Dest filename: D:\a\_temp\agym-c64-38001250527-5872-u8q4q801\client\Recepcion\_internal\tzdata\zoneinfo\America\Caracas
2026-10-09 22:59:34.797   Time stamp of our file: 2026-10-09 22:58:06.000
2026-10-09 22:59:34.797   Installing the file.
2026-10-09 22:59:34.797   Successfully installed the file.
2026-10-09 22:59:34.797   -- File entry --
2026-10-09 22:59:34.797   Dest filename: D:\a\_temp\agym-c64-38001250527-5872-u8q4q801\client\Recepcion\_internal\tzdata\zoneinfo\America\Catamarca
2026-10-09 22:59:34.797   Time stamp of our file: 2026-10-09 22:58:06.000
2026-10-09 22:59:34.797   Installing the file.
2026-10-09 22:59:34.797   Successfully installed the file.
2026-10-09 22:59:34.797   -- File entry --
2026-10-09 22:59:34.797   Dest filename: D:\a\_temp\agym-c64-38001250527-5872-u8q4q801\client\Recepcion\_internal\tzdata\zoneinfo\America\Cayenne
2026-10-09 22:59:34.797   Time stamp of our file: 2026-10-09 22:58:06.000
2026-10-09 22:59:34.797   Installing the file.
2026-10-09 22:59:34.797   Successfully installed the file.
2026-10-09 22:59:34.797   -- File entry --
2026-10-09 22:59:34.797   Dest filename: D:\a\_temp\agym-c64-38001250527-5872-u8q4q801\client\Recepcion\_internal\tzdata\zoneinfo\America\Cayman
2026-10-09 22:59:34.797   Time stamp of our file: 2026-10-09 22:58:06.000
2026-10-09 22:59:34.797   Installing the file.
2026-10-09 22:59:34.797   Successfully installed the file.
2026-10-09 22:59:34.797   -- File entry --
2026-10-09 22:59:34.797   Dest filename: D:\a\_temp\agym-c64-38001250527-5872-u8q4q801\client\Recepcion\_internal\tzdata\zoneinfo\America\Chicago
2026-10-09 22:59:34.797   Time stamp of our file: 2026-10-09 22:58:06.000
2026-10-09 22:59:34.797   Installing the file.
2026-10-09 22:59:34.797   Successfully installed the file.
2026-10-09 22:59:34.797   -- File entry --
2026-10-09 22:59:34.797   Dest filename: D:\a\_temp\agym-c64-38001250527-5872-u8q4q801\client\Recepcion\_internal\tzdata\zoneinfo\America\Chihuahua
2026-10-09 22:59:34.797   Time stamp of our file: 2026-10-09 22:58:06.000
2026-10-09 22:59:34.797   Installing the file.
2026-10-09 22:59:34.797   Successfully installed the file.
2026-10-09 22:59:34.797   -- File entry --
2026-10-09 22:59:34.797   Dest filename: D:\a\_temp\agym-c64-38001250527-5872-u8q4q801\client\Recepcion\_internal\tzdata\zoneinfo\America\Ciudad_Juarez
2026-10-09 22:59:34.797   Time stamp of our file: 2026-10-09 22:58:06.000
2026-10-09 22:59:34.797   Installing the file.
2026-10-09 22:59:34.797   Successfully installed the file.
2026-10-09 22:59:34.797   -- File entry --
2026-10-09 22:59:34.797   Dest filename: D:\a\_temp\agym-c64-38001250527-5872-u8q4q801\client\Recepcion\_internal\tzdata\zoneinfo\America\Coral_Harbour
2026-10-09 22:59:34.797   Time stamp of our file: 2026-10-09 22:58:06.000
2026-10-09 22:59:34.797   Installing the file.
2026-10-09 22:59:34.797   Successfully installed the file.
2026-10-09 22:59:34.797   -- File entry --
2026-10-09 22:59:34.797   Dest filename: D:\a\_temp\agym-c64-38001250527-5872-u8q4q801\client\Recepcion\_internal\tzdata\zoneinfo\America\Cordoba
2026-10-09 22:59:34.797   Time stamp of our file: 2026-10-09 22:58:06.000
2026-10-09 22:59:34.797   Installing the file.
2026-10-09 22:59:34.797   Successfully installed the file.
2026-10-09 22:59:34.797   -- File entry --
2026-10-09 22:59:34.797   Dest filename: D:\a\_temp\agym-c64-38001250527-5872-u8q4q801\client\Recepcion\_internal\tzdata\zoneinfo\America\Costa_Rica
2026-10-09 22:59:34.797   Time stamp of our file: 2026-10-09 22:58:06.000
2026-10-09 22:59:34.797   Installing the file.
2026-10-09 22:59:34.797   Successfully installed the file.
2026-10-09 22:59:34.797   -- File entry --
2026-10-09 22:59:34.797   Dest filename: D:\a\_temp\agym-c64-38001250527-5872-u8q4q801\client\Recepcion\_internal\tzdata\zoneinfo\America\Coyhaique
2026-10-09 22:59:34.797   Time stamp of our file: 2026-10-09 22:58:06.000
2026-10-09 22:59:34.797   Installing the file.
2026-10-09 22:59:34.797   Successfully installed the file.
2026-10-09 22:59:34.797   -- File entry --
2026-10-09 22:59:34.797   Dest filename: D:\a\_temp\agym-c64-38001250527-5872-u8q4q801\client\Recepcion\_internal\tzdata\zoneinfo\America\Creston
2026-10-09 22:59:34.797   Time stamp of our file: 2026-10-09 22:58:06.000
2026-10-09 22:59:34.797   Installing the file.
2026-10-09 22:59:34.797   Successfully installed the file.
2026-10-09 22:59:34.797   -- File entry --
2026-10-09 22:59:34.797   Dest filename: D:\a\_temp\agym-c64-38001250527-5872-u8q4q801\client\Recepcion\_internal\tzdata\zoneinfo\America\Cuiaba
2026-10-09 22:59:34.797   Time stamp of our file: 2026-10-09 22:58:06.000
2026-10-09 22:59:34.797   Installing the file.
2026-10-09 22:59:34.797   Successfully installed the file.
2026-10-09 22:59:34.797   -- File entry --
2026-10-09 22:59:34.797   Dest filename: D:\a\_temp\agym-c64-38001250527-5872-u8q4q801\client\Recepcion\_internal\tzdata\zoneinfo\America\Curacao
2026-10-09 22:59:34.797   Time stamp of our file: 2026-10-09 22:58:06.000
2026-10-09 22:59:34.797   Installing the file.
2026-10-09 22:59:34.797   Successfully installed the file.
2026-10-09 22:59:34.797   -- File entry --
2026-10-09 22:59:34.797   Dest filename: D:\a\_temp\agym-c64-38001250527-5872-u8q4q801\client\Recepcion\_internal\tzdata\zoneinfo\America\Danmarkshavn
2026-10-09 22:59:34.797   Time stamp of our file: 2026-10-09 22:58:06.000
2026-10-09 22:59:34.797   Installing the file.
2026-10-09 22:59:34.797   Successfully installed the file.
2026-10-09 22:59:34.797   -- File entry --
2026-10-09 22:59:34.797   Dest filename: D:\a\_temp\agym-c64-38001250527-5872-u8q4q801\client\Recepcion\_internal\tzdata\zoneinfo\America\Dawson
2026-10-09 22:59:34.797   Time stamp of our file: 2026-10-09 22:58:06.000
2026-10-09 22:59:34.797   Installing the file.
2026-10-09 22:59:34.797   Successfully installed the file.
2026-10-09 22:59:34.797   -- File entry --
2026-10-09 22:59:34.797   Dest filename: D:\a\_temp\agym-c64-38001250527-5872-u8q4q801\client\Recepcion\_internal\tzdata\zoneinfo\America\Dawson_Creek
2026-10-09 22:59:34.797   Time stamp of our file: 2026-10-09 22:58:06.000
2026-10-09 22:59:34.797   Installing the file.
2026-10-09 22:59:34.797   Successfully installed the file.
2026-10-09 22:59:34.797   -- File entry --
2026-10-09 22:59:34.797   Dest filename: D:\a\_temp\agym-c64-38001250527-5872-u8q4q801\client\Recepcion\_internal\tzdata\zoneinfo\America\Denver
2026-10-09 22:59:34.797   Time stamp of our file: 2026-10-09 22:58:06.000
2026-10-09 22:59:34.797   Installing the file.
2026-10-09 22:59:34.797   Successfully installed the file.
2026-10-09 22:59:34.797   -- File entry --
2026-10-09 22:59:34.797   Dest filename: D:\a\_temp\agym-c64-38001250527-5872-u8q4q801\client\Recepcion\_internal\tzdata\zoneinfo\America\Detroit
2026-10-09 22:59:34.797   Time stamp of our file: 2026-10-09 22:58:06.000
2026-10-09 22:59:34.797   Installing the file.
2026-10-09 22:59:34.797   Successfully installed the file.
2026-10-09 22:59:34.797   -- File entry --
2026-10-09 22:59:34.797   Dest filename: D:\a\_temp\agym-c64-38001250527-5872-u8q4q801\client\Recepcion\_internal\tzdata\zoneinfo\America\Dominica
2026-10-09 22:59:34.797   Time stamp of our file: 2026-10-09 22:58:06.000
2026-10-09 22:59:34.797   Installing the file.
2026-10-09 22:59:34.797   Successfully installed the file.
2026-10-09 22:59:34.797   -- File entry --
2026-10-09 22:59:34.797   Dest filename: D:\a\_temp\agym-c64-38001250527-5872-u8q4q801\client\Recepcion\_internal\tzdata\zoneinfo\America\Edmonton
2026-10-09 22:59:34.797   Time stamp of our file: 2026-10-09 22:58:06.000
2026-10-09 22:59:34.797   Installing the file.
2026-10-09 22:59:34.797   Successfully installed the file.
2026-10-09 22:59:34.797   -- File entry --
2026-10-09 22:59:34.797   Dest filename: D:\a\_temp\agym-c64-38001250527-5872-u8q4q801\client\Recepcion\_internal\tzdata\zoneinfo\America\Eirunepe
2026-10-09 22:59:34.797   Time stamp of our file: 2026-10-09 22:58:06.000
2026-10-09 22:59:34.797   Installing the file.
2026-10-09 22:59:34.797   Successfully installed the file.
2026-10-09 22:59:34.797   -- File entry --
2026-10-09 22:59:34.797   Dest filename: D:\a\_temp\agym-c64-38001250527-5872-u8q4q801\client\Recepcion\_internal\tzdata\zoneinfo\America\El_Salvador
2026-10-09 22:59:34.797   Time stamp of our file: 2026-10-09 22:58:06.000
2026-10-09 22:59:34.797   Installing the file.
2026-10-09 22:59:34.797   Successfully installed the file.
2026-10-09 22:59:34.797   -- File entry --
2026-10-09 22:59:34.797   Dest filename: D:\a\_temp\agym-c64-38001250527-5872-u8q4q801\client\Recepcion\_internal\tzdata\zoneinfo\America\Ensenada
2026-10-09 22:59:34.797   Time stamp of our file: 2026-10-09 22:58:06.000
2026-10-09 22:59:34.797   Installing the file.
2026-10-09 22:59:34.797   Successfully installed the file.
2026-10-09 22:59:34.797   -- File entry --
2026-10-09 22:59:34.797   Dest filename: D:\a\_temp\agym-c64-38001250527-5872-u8q4q801\client\Recepcion\_internal\tzdata\zoneinfo\America\Fortaleza
2026-10-09 22:59:34.797   Time stamp of our file: 2026-10-09 22:58:06.000
2026-10-09 22:59:34.797   Installing the file.
2026-10-09 22:59:34.812   Successfully installed the file.
2026-10-09 22:59:34.812   -- File entry --
2026-10-09 22:59:34.812   Dest filename: D:\a\_temp\agym-c64-38001250527-5872-u8q4q801\client\Recepcion\_internal\tzdata\zoneinfo\America\Fort_Nelson
2026-10-09 22:59:34.812   Time stamp of our file: 2026-10-09 22:58:06.000
2026-10-09 22:59:34.812   Installing the file.
2026-10-09 22:59:34.812   Successfully installed the file.
2026-10-09 22:59:34.812   -- File entry --
2026-10-09 22:59:34.812   Dest filename: D:\a\_temp\agym-c64-38001250527-5872-u8q4q801\client\Recepcion\_internal\tzdata\zoneinfo\America\Fort_Wayne
2026-10-09 22:59:34.812   Time stamp of our file: 2026-10-09 22:58:06.000
2026-10-09 22:59:34.812   Installing the file.
2026-10-09 22:59:34.812   Successfully installed the file.
2026-10-09 22:59:34.812   -- File entry --
2026-10-09 22:59:34.812   Dest filename: D:\a\_temp\agym-c64-38001250527-5872-u8q4q801\client\Recepcion\_internal\tzdata\zoneinfo\America\Glace_Bay
2026-10-09 22:59:34.812   Time stamp of our file: 2026-10-09 22:58:06.000
2026-10-09 22:59:34.812   Installing the file.
2026-10-09 22:59:34.812   Successfully installed the file.
2026-10-09 22:59:34.812   -- File entry --
2026-10-09 22:59:34.812   Dest filename: D:\a\_temp\agym-c64-38001250527-5872-u8q4q801\client\Recepcion\_internal\tzdata\zoneinfo\America\Godthab
2026-10-09 22:59:34.812   Time stamp of our file: 2026-10-09 22:58:06.000
2026-10-09 22:59:34.812   Installing the file.
2026-10-09 22:59:34.812   Successfully installed the file.
2026-10-09 22:59:34.812   -- File entry --
2026-10-09 22:59:34.812   Dest filename: D:\a\_temp\agym-c64-38001250527-5872-u8q4q801\client\Recepcion\_internal\tzdata\zoneinfo\America\Goose_Bay
2026-10-09 22:59:34.812   Time stamp of our file: 2026-10-09 22:58:06.000
2026-10-09 22:59:34.812   Installing the file.
2026-10-09 22:59:34.812   Successfully installed the file.
2026-10-09 22:59:34.812   -- File entry --
2026-10-09 22:59:34.812   Dest filename: D:\a\_temp\agym-c64-38001250527-5872-u8q4q801\client\Recepcion\_internal\tzdata\zoneinfo\America\Grand_Turk
2026-10-09 22:59:34.812   Time stamp of our file: 2026-10-09 22:58:06.000
2026-10-09 22:59:34.812   Installing the file.
2026-10-09 22:59:34.812   Successfully installed the file.
2026-10-09 22:59:34.812   -- File entry --
2026-10-09 22:59:34.812   Dest filename: D:\a\_temp\agym-c64-38001250527-5872-u8q4q801\client\Recepcion\_internal\tzdata\zoneinfo\America\Grenada
2026-10-09 22:59:34.812   Time stamp of our file: 2026-10-09 22:58:06.000
2026-10-09 22:59:34.812   Installing the file.
2026-10-09 22:59:34.812   Successfully installed the file.
2026-10-09 22:59:34.812   -- File entry --
2026-10-09 22:59:34.812   Dest filename: D:\a\_temp\agym-c64-38001250527-5872-u8q4q801\client\Recepcion\_internal\tzdata\zoneinfo\America\Guadeloupe
2026-10-09 22:59:34.812   Time stamp of our file: 2026-10-09 22:58:06.000
2026-10-09 22:59:34.812   Installing the file.
2026-10-09 22:59:34.812   Successfully installed the file.
2026-10-09 22:59:34.812   -- File entry --
2026-10-09 22:59:34.812   Dest filename: D:\a\_temp\agym-c64-38001250527-5872-u8q4q801\client\Recepcion\_internal\tzdata\zoneinfo\America\Guatemala
2026-10-09 22:59:34.812   Time stamp of our file: 2026-10-09 22:58:06.000
2026-10-09 22:59:34.812   Installing the file.
2026-10-09 22:59:34.812   Successfully installed the file.
2026-10-09 22:59:34.812   -- File entry --
2026-10-09 22:59:34.812   Dest filename: D:\a\_temp\agym-c64-38001250527-5872-u8q4q801\client\Recepcion\_internal\tzdata\zoneinfo\America\Guayaquil
2026-10-09 22:59:34.812   Time stamp of our file: 2026-10-09 22:58:06.000
2026-10-09 22:59:34.812   Installing the file.
2026-10-09 22:59:34.812   Successfully installed the file.
2026-10-09 22:59:34.812   -- File entry --
2026-10-09 22:59:34.812   Dest filename: D:\a\_temp\agym-c64-38001250527-5872-u8q4q801\client\Recepcion\_internal\tzdata\zoneinfo\America\Guyana
2026-10-09 22:59:34.812   Time stamp of our file: 2026-10-09 22:58:06.000
2026-10-09 22:59:34.812   Installing the file.
2026-10-09 22:59:34.812   Successfully installed the file.
2026-10-09 22:59:34.812   -- File entry --
2026-10-09 22:59:34.812   Dest filename: D:\a\_temp\agym-c64-38001250527-5872-u8q4q801\client\Recepcion\_internal\tzdata\zoneinfo\America\Halifax
2026-10-09 22:59:34.812   Time stamp of our file: 2026-10-09 22:58:06.000
2026-10-09 22:59:34.812   Installing the file.
2026-10-09 22:59:34.812   Successfully installed the file.
2026-10-09 22:59:34.812   -- File entry --
2026-10-09 22:59:34.812   Dest filename: D:\a\_temp\agym-c64-38001250527-5872-u8q4q801\client\Recepcion\_internal\tzdata\zoneinfo\America\Havana
2026-10-09 22:59:34.812   Time stamp of our file: 2026-10-09 22:58:06.000
2026-10-09 22:59:34.812   Installing the file.
2026-10-09 22:59:34.812   Successfully installed the file.
2026-10-09 22:59:34.812   -- File entry --
2026-10-09 22:59:34.812   Dest filename: D:\a\_temp\agym-c64-38001250527-5872-u8q4q801\client\Recepcion\_internal\tzdata\zoneinfo\America\Hermosillo
2026-10-09 22:59:34.812   Time stamp of our file: 2026-10-09 22:58:06.000
2026-10-09 22:59:34.812   Installing the file.
2026-10-09 22:59:34.812   Successfully installed the file.
2026-10-09 22:59:34.812   -- File entry --
2026-10-09 22:59:34.812   Dest filename: D:\a\_temp\agym-c64-38001250527-5872-u8q4q801\client\Recepcion\_internal\tzdata\zoneinfo\America\Indianapolis
2026-10-09 22:59:34.812   Time stamp of our file: 2026-10-09 22:58:06.000
2026-10-09 22:59:34.812   Installing the file.
2026-10-09 22:59:34.812   Successfully installed the file.
2026-10-09 22:59:34.812   -- File entry --
2026-10-09 22:59:34.812   Dest filename: D:\a\_temp\agym-c64-38001250527-5872-u8q4q801\client\Recepcion\_internal\tzdata\zoneinfo\America\Inuvik
2026-10-09 22:59:34.812   Time stamp of our file: 2026-10-09 22:58:06.000
2026-10-09 22:59:34.812   Installing the file.
2026-10-09 22:59:34.812   Successfully installed the file.
2026-10-09 22:59:34.812   -- File entry --
2026-10-09 22:59:34.812   Dest filename: D:\a\_temp\agym-c64-38001250527-5872-u8q4q801\client\Recepcion\_internal\tzdata\zoneinfo\America\Iqaluit
2026-10-09 22:59:34.812   Time stamp of our file: 2026-10-09 22:58:06.000
2026-10-09 22:59:34.812   Installing the file.
2026-10-09 22:59:34.812   Successfully installed the file.
2026-10-09 22:59:34.812   -- File entry --
2026-10-09 22:59:34.812   Dest filename: D:\a\_temp\agym-c64-38001250527-5872-u8q4q801\client\Recepcion\_internal\tzdata\zoneinfo\America\Jamaica
2026-10-09 22:59:34.812   Time stamp of our file: 2026-10-09 22:58:06.000
2026-10-09 22:59:34.812   Installing the file.
2026-10-09 22:59:34.812   Successfully installed the file.
2026-10-09 22:59:34.812   -- File entry --
2026-10-09 22:59:34.812   Dest filename: D:\a\_temp\agym-c64-38001250527-5872-u8q4q801\client\Recepcion\_internal\tzdata\zoneinfo\America\Jujuy
2026-10-09 22:59:34.812   Time stamp of our file: 2026-10-09 22:58:06.000
2026-10-09 22:59:34.812   Installing the file.
2026-10-09 22:59:34.812   Successfully installed the file.
2026-10-09 22:59:34.812   -- File entry --
2026-10-09 22:59:34.812   Dest filename: D:\a\_temp\agym-c64-38001250527-5872-u8q4q801\client\Recepcion\_internal\tzdata\zoneinfo\America\Juneau
2026-10-09 22:59:34.812   Time stamp of our file: 2026-10-09 22:58:06.000
2026-10-09 22:59:34.812   Installing the file.
2026-10-09 22:59:34.812   Successfully installed the file.
2026-10-09 22:59:34.812   -- File entry --
2026-10-09 22:59:34.812   Dest filename: D:\a\_temp\agym-c64-38001250527-5872-u8q4q801\client\Recepcion\_internal\tzdata\zoneinfo\America\Knox_IN
2026-10-09 22:59:34.812   Time stamp of our file: 2026-10-09 22:58:06.000
2026-10-09 22:59:34.812   Installing the file.
2026-10-09 22:59:34.812   Successfully installed the file.
2026-10-09 22:59:34.812   -- File entry --
2026-10-09 22:59:34.812   Dest filename: D:\a\_temp\agym-c64-38001250527-5872-u8q4q801\client\Recepcion\_internal\tzdata\zoneinfo\America\Kralendijk
2026-10-09 22:59:34.812   Time stamp of our file: 2026-10-09 22:58:06.000
2026-10-09 22:59:34.812   Installing the file.
2026-10-09 22:59:34.812   Successfully installed the file.
2026-10-09 22:59:34.812   -- File entry --
2026-10-09 22:59:34.812   Dest filename: D:\a\_temp\agym-c64-38001250527-5872-u8q4q801\client\Recepcion\_internal\tzdata\zoneinfo\America\La_Paz
2026-10-09 22:59:34.812   Time stamp of our file: 2026-10-09 22:58:06.000
2026-10-09 22:59:34.812   Installing the file.
2026-10-09 22:59:34.812   Successfully installed the file.
2026-10-09 22:59:34.812   -- File entry --
2026-10-09 22:59:34.812   Dest filename: D:\a\_temp\agym-c64-38001250527-5872-u8q4q801\client\Recepcion\_internal\tzdata\zoneinfo\America\Lima
2026-10-09 22:59:34.812   Time stamp of our file: 2026-10-09 22:58:06.000
2026-10-09 22:59:34.812   Installing the file.
2026-10-09 22:59:34.812   Successfully installed the file.
2026-10-09 22:59:34.812   -- File entry --
2026-10-09 22:59:34.812   Dest filename: D:\a\_temp\agym-c64-38001250527-5872-u8q4q801\client\Recepcion\_internal\tzdata\zoneinfo\America\Los_Angeles
2026-10-09 22:59:34.812   Time stamp of our file: 2026-10-09 22:58:06.000
2026-10-09 22:59:34.812   Installing the file.
2026-10-09 22:59:34.812   Successfully installed the file.
2026-10-09 22:59:34.812   -- File entry --
2026-10-09 22:59:34.812   Dest filename: D:\a\_temp\agym-c64-38001250527-5872-u8q4q801\client\Recepcion\_internal\tzdata\zoneinfo\America\Louisville
2026-10-09 22:59:34.812   Time stamp of our file: 2026-10-09 22:58:06.000
2026-10-09 22:59:34.812   Installing the file.
2026-10-09 22:59:34.812   Successfully installed the file.
2026-10-09 22:59:34.812   -- File entry --
2026-10-09 22:59:34.812   Dest filename: D:\a\_temp\agym-c64-38001250527-5872-u8q4q801\client\Recepcion\_internal\tzdata\zoneinfo\America\Lower_Princes
2026-10-09 22:59:34.812   Time stamp of our file: 2026-10-09 22:58:06.000
2026-10-09 22:59:34.812   Installing the file.
2026-10-09 22:59:34.812   Successfully installed the file.
2026-10-09 22:59:34.812   -- File entry --
2026-10-09 22:59:34.812   Dest filename: D:\a\_temp\agym-c64-38001250527-5872-u8q4q801\client\Recepcion\_internal\tzdata\zoneinfo\America\Maceio
2026-10-09 22:59:34.812   Time stamp of our file: 2026-10-09 22:58:06.000
2026-10-09 22:59:34.812   Installing the file.
2026-10-09 22:59:34.812   Successfully installed the file.
2026-10-09 22:59:34.812   -- File entry --
2026-10-09 22:59:34.812   Dest filename: D:\a\_temp\agym-c64-38001250527-5872-u8q4q801\client\Recepcion\_internal\tzdata\zoneinfo\America\Managua
2026-10-09 22:59:34.812   Time stamp of our file: 2026-10-09 22:58:06.000
2026-10-09 22:59:34.812   Installing the file.
2026-10-09 22:59:34.812   Successfully installed the file.
2026-10-09 22:59:34.812   -- File entry --
2026-10-09 22:59:34.812   Dest filename: D:\a\_temp\agym-c64-38001250527-5872-u8q4q801\client\Recepcion\_internal\tzdata\zoneinfo\America\Manaus
2026-10-09 22:59:34.812   Time stamp of our file: 2026-10-09 22:58:06.000
2026-10-09 22:59:34.812   Installing the file.
2026-10-09 22:59:34.812   Successfully installed the file.
2026-10-09 22:59:34.812   -- File entry --
2026-10-09 22:59:34.812   Dest filename: D:\a\_temp\agym-c64-38001250527-5872-u8q4q801\client\Recepcion\_internal\tzdata\zoneinfo\America\Marigot
2026-10-09 22:59:34.812   Time stamp of our file: 2026-10-09 22:58:06.000
2026-10-09 22:59:34.812   Installing the file.
2026-10-09 22:59:34.812   Successfully installed the file.
2026-10-09 22:59:34.812   -- File entry --
2026-10-09 22:59:34.812   Dest filename: D:\a\_temp\agym-c64-38001250527-5872-u8q4q801\client\Recepcion\_internal\tzdata\zoneinfo\America\Martinique
2026-10-09 22:59:34.812   Time stamp of our file: 2026-10-09 22:58:06.000
2026-10-09 22:59:34.812   Installing the file.
2026-10-09 22:59:34.812   Successfully installed the file.
2026-10-09 22:59:34.812   -- File entry --
2026-10-09 22:59:34.812   Dest filename: D:\a\_temp\agym-c64-38001250527-5872-u8q4q801\client\Recepcion\_internal\tzdata\zoneinfo\America\Matamoros
2026-10-09 22:59:34.812   Time stamp of our file: 2026-10-09 22:58:06.000
2026-10-09 22:59:34.812   Installing the file.
2026-10-09 22:59:34.812   Successfully installed the file.
2026-10-09 22:59:34.812   -- File entry --
2026-10-09 22:59:34.812   Dest filename: D:\a\_temp\agym-c64-38001250527-5872-u8q4q801\client\Recepcion\_internal\tzdata\zoneinfo\America\Mazatlan
2026-10-09 22:59:34.812   Time stamp of our file: 2026-10-09 22:58:06.000
2026-10-09 22:59:34.812   Installing the file.
2026-10-09 22:59:34.812   Successfully installed the file.
2026-10-09 22:59:34.812   -- File entry --
2026-10-09 22:59:34.812   Dest filename: D:\a\_temp\agym-c64-38001250527-5872-u8q4q801\client\Recepcion\_internal\tzdata\zoneinfo\America\Mendoza
2026-10-09 22:59:34.812   Time stamp of our file: 2026-10-09 22:58:06.000
2026-10-09 22:59:34.812   Installing the file.
2026-10-09 22:59:34.828   Successfully installed the file.
2026-10-09 22:59:34.828   -- File entry --
2026-10-09 22:59:34.828   Dest filename: D:\a\_temp\agym-c64-38001250527-5872-u8q4q801\client\Recepcion\_internal\tzdata\zoneinfo\America\Menominee
2026-10-09 22:59:34.828   Time stamp of our file: 2026-10-09 22:58:06.000
2026-10-09 22:59:34.828   Installing the file.
2026-10-09 22:59:34.828   Successfully installed the file.
2026-10-09 22:59:34.828   -- File entry --
2026-10-09 22:59:34.828   Dest filename: D:\a\_temp\agym-c64-38001250527-5872-u8q4q801\client\Recepcion\_internal\tzdata\zoneinfo\America\Merida
2026-10-09 22:59:34.828   Time stamp of our file: 2026-10-09 22:58:06.000
2026-10-09 22:59:34.828   Installing the file.
2026-10-09 22:59:34.828   Successfully installed the file.
2026-10-09 22:59:34.828   -- File entry --
2026-10-09 22:59:34.828   Dest filename: D:\a\_temp\agym-c64-38001250527-5872-u8q4q801\client\Recepcion\_internal\tzdata\zoneinfo\America\Metlakatla
2026-10-09 22:59:34.828   Time stamp of our file: 2026-10-09 22:58:06.000
2026-10-09 22:59:34.828   Installing the file.
2026-10-09 22:59:34.828   Successfully installed the file.
2026-10-09 22:59:34.828   -- File entry --
2026-10-09 22:59:34.828   Dest filename: D:\a\_temp\agym-c64-38001250527-5872-u8q4q801\client\Recepcion\_internal\tzdata\zoneinfo\America\Mexico_City
2026-10-09 22:59:34.828   Time stamp of our file: 2026-10-09 22:58:06.000
2026-10-09 22:59:34.828   Installing the file.
2026-10-09 22:59:34.828   Successfully installed the file.
2026-10-09 22:59:34.828   -- File entry --
2026-10-09 22:59:34.828   Dest filename: D:\a\_temp\agym-c64-38001250527-5872-u8q4q801\client\Recepcion\_internal\tzdata\zoneinfo\America\Miquelon
2026-10-09 22:59:34.828   Time stamp of our file: 2026-10-09 22:58:06.000
2026-10-09 22:59:34.828   Installing the file.
2026-10-09 22:59:34.828   Successfully installed the file.
2026-10-09 22:59:34.828   -- File entry --
2026-10-09 22:59:34.828   Dest filename: D:\a\_temp\agym-c64-38001250527-5872-u8q4q801\client\Recepcion\_internal\tzdata\zoneinfo\America\Moncton
2026-10-09 22:59:34.828   Time stamp of our file: 2026-10-09 22:58:06.000
2026-10-09 22:59:34.828   Installing the file.
2026-10-09 22:59:34.828   Successfully installed the file.
2026-10-09 22:59:34.828   -- File entry --
2026-10-09 22:59:34.828   Dest filename: D:\a\_temp\agym-c64-38001250527-5872-u8q4q801\client\Recepcion\_internal\tzdata\zoneinfo\America\Monterrey
2026-10-09 22:59:34.828   Time stamp of our file: 2026-10-09 22:58:06.000
2026-10-09 22:59:34.828   Installing the file.
2026-10-09 22:59:34.828   Successfully installed the file.
2026-10-09 22:59:34.828   -- File entry --
2026-10-09 22:59:34.828   Dest filename: D:\a\_temp\agym-c64-38001250527-5872-u8q4q801\client\Recepcion\_internal\tzdata\zoneinfo\America\Montevideo
2026-10-09 22:59:34.828   Time stamp of our file: 2026-10-09 22:58:06.000
2026-10-09 22:59:34.828   Installing the file.
2026-10-09 22:59:34.828   Successfully installed the file.
2026-10-09 22:59:34.828   -- File entry --
2026-10-09 22:59:34.828   Dest filename: D:\a\_temp\agym-c64-38001250527-5872-u8q4q801\client\Recepcion\_internal\tzdata\zoneinfo\America\Montreal
2026-10-09 22:59:34.828   Time stamp of our file: 2026-10-09 22:58:06.000
2026-10-09 22:59:34.828   Installing the file.
2026-10-09 22:59:34.828   Successfully installed the file.
2026-10-09 22:59:34.828   -- File entry --
2026-10-09 22:59:34.828   Dest filename: D:\a\_temp\agym-c64-38001250527-5872-u8q4q801\client\Recepcion\_internal\tzdata\zoneinfo\America\Montserrat
2026-10-09 22:59:34.828   Time stamp of our file: 2026-10-09 22:58:06.000
2026-10-09 22:59:34.828   Installing the file.
2026-10-09 22:59:34.828   Successfully installed the file.
2026-10-09 22:59:34.828   -- File entry --
2026-10-09 22:59:34.828   Dest filename: D:\a\_temp\agym-c64-38001250527-5872-u8q4q801\client\Recepcion\_internal\tzdata\zoneinfo\America\Nassau
2026-10-09 22:59:34.828   Time stamp of our file: 2026-10-09 22:58:06.000
2026-10-09 22:59:34.828   Installing the file.
2026-10-09 22:59:34.828   Successfully installed the file.
2026-10-09 22:59:34.828   -- File entry --
2026-10-09 22:59:34.828   Dest filename: D:\a\_temp\agym-c64-38001250527-5872-u8q4q801\client\Recepcion\_internal\tzdata\zoneinfo\America\New_York
2026-10-09 22:59:34.828   Time stamp of our file: 2026-10-09 22:58:06.000
2026-10-09 22:59:34.828   Installing the file.
2026-10-09 22:59:34.828   Successfully installed the file.
2026-10-09 22:59:34.828   -- File entry --
2026-10-09 22:59:34.828   Dest filename: D:\a\_temp\agym-c64-38001250527-5872-u8q4q801\client\Recepcion\_internal\tzdata\zoneinfo\America\Nipigon
2026-10-09 22:59:34.828   Time stamp of our file: 2026-10-09 22:58:06.000
2026-10-09 22:59:34.828   Installing the file.
2026-10-09 22:59:34.828   Successfully installed the file.
2026-10-09 22:59:34.828   -- File entry --
2026-10-09 22:59:34.828   Dest filename: D:\a\_temp\agym-c64-38001250527-5872-u8q4q801\client\Recepcion\_internal\tzdata\zoneinfo\America\Nome
2026-10-09 22:59:34.828   Time stamp of our file: 2026-10-09 22:58:06.000
2026-10-09 22:59:34.828   Installing the file.
2026-10-09 22:59:34.828   Successfully installed the file.
2026-10-09 22:59:34.828   -- File entry --
2026-10-09 22:59:34.828   Dest filename: D:\a\_temp\agym-c64-38001250527-5872-u8q4q801\client\Recepcion\_internal\tzdata\zoneinfo\America\Noronha
2026-10-09 22:59:34.828   Time stamp of our file: 2026-10-09 22:58:06.000
2026-10-09 22:59:34.828   Installing the file.
2026-10-09 22:59:34.828   Successfully installed the file.
2026-10-09 22:59:34.828   -- File entry --
2026-10-09 22:59:34.828   Dest filename: D:\a\_temp\agym-c64-38001250527-5872-u8q4q801\client\Recepcion\_internal\tzdata\zoneinfo\America\Nuuk
2026-10-09 22:59:34.828   Time stamp of our file: 2026-10-09 22:58:06.000
2026-10-09 22:59:34.828   Installing the file.
2026-10-09 22:59:34.828   Successfully installed the file.
2026-10-09 22:59:34.828   -- File entry --
2026-10-09 22:59:34.828   Dest filename: D:\a\_temp\agym-c64-38001250527-5872-u8q4q801\client\Recepcion\_internal\tzdata\zoneinfo\America\Ojinaga
2026-10-09 22:59:34.828   Time stamp of our file: 2026-10-09 22:58:06.000
2026-10-09 22:59:34.828   Installing the file.
2026-10-09 22:59:34.828   Successfully installed the file.
2026-10-09 22:59:34.828   -- File entry --
2026-10-09 22:59:34.828   Dest filename: D:\a\_temp\agym-c64-38001250527-5872-u8q4q801\client\Recepcion\_internal\tzdata\zoneinfo\America\Panama
2026-10-09 22:59:34.828   Time stamp of our file: 2026-10-09 22:58:06.000
2026-10-09 22:59:34.828   Installing the file.
2026-10-09 22:59:34.828   Successfully installed the file.
2026-10-09 22:59:34.828   -- File entry --
2026-10-09 22:59:34.828   Dest filename: D:\a\_temp\agym-c64-38001250527-5872-u8q4q801\client\Recepcion\_internal\tzdata\zoneinfo\America\Pangnirtung
2026-10-09 22:59:34.828   Time stamp of our file: 2026-10-09 22:58:06.000
2026-10-09 22:59:34.828   Installing the file.
2026-10-09 22:59:34.828   Successfully installed the file.
2026-10-09 22:59:34.828   -- File entry --
2026-10-09 22:59:34.828   Dest filename: D:\a\_temp\agym-c64-38001250527-5872-u8q4q801\client\Recepcion\_internal\tzdata\zoneinfo\America\Paramaribo
2026-10-09 22:59:34.828   Time stamp of our file: 2026-10-09 22:58:06.000
2026-10-09 22:59:34.828   Installing the file.
2026-10-09 22:59:34.828   Successfully installed the file.
2026-10-09 22:59:34.828   -- File entry --
2026-10-09 22:59:34.828   Dest filename: D:\a\_temp\agym-c64-38001250527-5872-u8q4q801\client\Recepcion\_internal\tzdata\zoneinfo\America\Phoenix
2026-10-09 22:59:34.828   Time stamp of our file: 2026-10-09 22:58:06.000
2026-10-09 22:59:34.828   Installing the file.
2026-10-09 22:59:34.828   Successfully installed the file.
2026-10-09 22:59:34.828   -- File entry --
2026-10-09 22:59:34.828   Dest filename: D:\a\_temp\agym-c64-38001250527-5872-u8q4q801\client\Recepcion\_internal\tzdata\zoneinfo\America\Port-au-Prince
2026-10-09 22:59:34.828   Time stamp of our file: 2026-10-09 22:58:06.000
2026-10-09 22:59:34.828   Installing the file.
2026-10-09 22:59:34.828   Successfully installed the file.
2026-10-09 22:59:34.828   -- File entry --
2026-10-09 22:59:34.828   Dest filename: D:\a\_temp\agym-c64-38001250527-5872-u8q4q801\client\Recepcion\_internal\tzdata\zoneinfo\America\Porto_Acre
2026-10-09 22:59:34.828   Time stamp of our file: 2026-10-09 22:58:06.000
2026-10-09 22:59:34.828   Installing the file.
2026-10-09 22:59:34.828   Successfully installed the file.
2026-10-09 22:59:34.828   -- File entry --
2026-10-09 22:59:34.828   Dest filename: D:\a\_temp\agym-c64-38001250527-5872-u8q4q801\client\Recepcion\_internal\tzdata\zoneinfo\America\Porto_Velho
2026-10-09 22:59:34.828   Time stamp of our file: 2026-10-09 22:58:06.000
2026-10-09 22:59:34.828   Installing the file.
2026-10-09 22:59:34.828   Successfully installed the file.
2026-10-09 22:59:34.828   -- File entry --
2026-10-09 22:59:34.828   Dest filename: D:\a\_temp\agym-c64-38001250527-5872-u8q4q801\client\Recepcion\_internal\tzdata\zoneinfo\America\Port_of_Spain
2026-10-09 22:59:34.828   Time stamp of our file: 2026-10-09 22:58:06.000
2026-10-09 22:59:34.828   Installing the file.
2026-10-09 22:59:34.828   Successfully installed the file.
2026-10-09 22:59:34.828   -- File entry --
2026-10-09 22:59:34.828   Dest filename: D:\a\_temp\agym-c64-38001250527-5872-u8q4q801\client\Recepcion\_internal\tzdata\zoneinfo\America\Puerto_Rico
2026-10-09 22:59:34.828   Time stamp of our file: 2026-10-09 22:58:06.000
2026-10-09 22:59:34.828   Installing the file.
2026-10-09 22:59:34.828   Successfully installed the file.
2026-10-09 22:59:34.828   -- File entry --
2026-10-09 22:59:34.828   Dest filename: D:\a\_temp\agym-c64-38001250527-5872-u8q4q801\client\Recepcion\_internal\tzdata\zoneinfo\America\Punta_Arenas
2026-10-09 22:59:34.828   Time stamp of our file: 2026-10-09 22:58:06.000
2026-10-09 22:59:34.828   Installing the file.
2026-10-09 22:59:34.828   Successfully installed the file.
2026-10-09 22:59:34.828   -- File entry --
2026-10-09 22:59:34.828   Dest filename: D:\a\_temp\agym-c64-38001250527-5872-u8q4q801\client\Recepcion\_internal\tzdata\zoneinfo\America\Rainy_River
2026-10-09 22:59:34.828   Time stamp of our file: 2026-10-09 22:58:06.000
2026-10-09 22:59:34.828   Installing the file.
2026-10-09 22:59:34.828   Successfully installed the file.
2026-10-09 22:59:34.828   -- File entry --
2026-10-09 22:59:34.828   Dest filename: D:\a\_temp\agym-c64-38001250527-5872-u8q4q801\client\Recepcion\_internal\tzdata\zoneinfo\America\Rankin_Inlet
2026-10-09 22:59:34.828   Time stamp of our file: 2026-10-09 22:58:06.000
2026-10-09 22:59:34.828   Installing the file.
2026-10-09 22:59:34.828   Successfully installed the file.
2026-10-09 22:59:34.828   -- File entry --
2026-10-09 22:59:34.828   Dest filename: D:\a\_temp\agym-c64-38001250527-5872-u8q4q801\client\Recepcion\_internal\tzdata\zoneinfo\America\Recife
2026-10-09 22:59:34.828   Time stamp of our file: 2026-10-09 22:58:06.000
2026-10-09 22:59:34.828   Installing the file.
2026-10-09 22:59:34.828   Successfully installed the file.
2026-10-09 22:59:34.828   -- File entry --
2026-10-09 22:59:34.828   Dest filename: D:\a\_temp\agym-c64-38001250527-5872-u8q4q801\client\Recepcion\_internal\tzdata\zoneinfo\America\Regina
2026-10-09 22:59:34.828   Time stamp of our file: 2026-10-09 22:58:06.000
2026-10-09 22:59:34.828   Installing the file.
2026-10-09 22:59:34.828   Successfully installed the file.
2026-10-09 22:59:34.828   -- File entry --
2026-10-09 22:59:34.828   Dest filename: D:\a\_temp\agym-c64-38001250527-5872-u8q4q801\client\Recepcion\_internal\tzdata\zoneinfo\America\Resolute
2026-10-09 22:59:34.828   Time stamp of our file: 2026-10-09 22:58:06.000
2026-10-09 22:59:34.828   Installing the file.
2026-10-09 22:59:34.828   Successfully installed the file.
2026-10-09 22:59:34.828   -- File entry --
2026-10-09 22:59:34.828   Dest filename: D:\a\_temp\agym-c64-38001250527-5872-u8q4q801\client\Recepcion\_internal\tzdata\zoneinfo\America\Rio_Branco
2026-10-09 22:59:34.828   Time stamp of our file: 2026-10-09 22:58:06.000
2026-10-09 22:59:34.828   Installing the file.
2026-10-09 22:59:34.828   Successfully installed the file.
2026-10-09 22:59:34.828   -- File entry --
2026-10-09 22:59:34.828   Dest filename: D:\a\_temp\agym-c64-38001250527-5872-u8q4q801\client\Recepcion\_internal\tzdata\zoneinfo\America\Rosario
2026-10-09 22:59:34.828   Time stamp of our file: 2026-10-09 22:58:06.000
2026-10-09 22:59:34.828   Installing the file.
2026-10-09 22:59:34.828   Successfully installed the file.
2026-10-09 22:59:34.828   -- File entry --
2026-10-09 22:59:34.828   Dest filename: D:\a\_temp\agym-c64-38001250527-5872-u8q4q801\client\Recepcion\_internal\tzdata\zoneinfo\America\Santarem
2026-10-09 22:59:34.828   Time stamp of our file: 2026-10-09 22:58:06.000
2026-10-09 22:59:34.828   Installing the file.
2026-10-09 22:59:34.828   Successfully installed the file.
2026-10-09 22:59:34.828   -- File entry --
2026-10-09 22:59:34.844   Dest filename: D:\a\_temp\agym-c64-38001250527-5872-u8q4q801\client\Recepcion\_internal\tzdata\zoneinfo\America\Santa_Isabel
2026-10-09 22:59:34.844   Time stamp of our file: 2026-10-09 22:58:06.000
2026-10-09 22:59:34.844   Installing the file.
2026-10-09 22:59:34.844   Successfully installed the file.
2026-10-09 22:59:34.844   -- File entry --
2026-10-09 22:59:34.844   Dest filename: D:\a\_temp\agym-c64-38001250527-5872-u8q4q801\client\Recepcion\_internal\tzdata\zoneinfo\America\Santiago
2026-10-09 22:59:34.844   Time stamp of our file: 2026-10-09 22:58:06.000
2026-10-09 22:59:34.844   Installing the file.
2026-10-09 22:59:34.844   Successfully installed the file.
2026-10-09 22:59:34.844   -- File entry --
2026-10-09 22:59:34.844   Dest filename: D:\a\_temp\agym-c64-38001250527-5872-u8q4q801\client\Recepcion\_internal\tzdata\zoneinfo\America\Santo_Domingo
2026-10-09 22:59:34.844   Time stamp of our file: 2026-10-09 22:58:06.000
2026-10-09 22:59:34.844   Installing the file.
2026-10-09 22:59:34.844   Successfully installed the file.
2026-10-09 22:59:34.844   -- File entry --
2026-10-09 22:59:34.844   Dest filename: D:\a\_temp\agym-c64-38001250527-5872-u8q4q801\client\Recepcion\_internal\tzdata\zoneinfo\America\Sao_Paulo
2026-10-09 22:59:34.844   Time stamp of our file: 2026-10-09 22:58:06.000
2026-10-09 22:59:34.844   Installing the file.
2026-10-09 22:59:34.844   Successfully installed the file.
2026-10-09 22:59:34.844   -- File entry --
2026-10-09 22:59:34.844   Dest filename: D:\a\_temp\agym-c64-38001250527-5872-u8q4q801\client\Recepcion\_internal\tzdata\zoneinfo\America\Scoresbysund
2026-10-09 22:59:34.844   Time stamp of our file: 2026-10-09 22:58:06.000
2026-10-09 22:59:34.844   Installing the file.
2026-10-09 22:59:34.844   Successfully installed the file.
2026-10-09 22:59:34.844   -- File entry --
2026-10-09 22:59:34.844   Dest filename: D:\a\_temp\agym-c64-38001250527-5872-u8q4q801\client\Recepcion\_internal\tzdata\zoneinfo\America\Shiprock
2026-10-09 22:59:34.844   Time stamp of our file: 2026-10-09 22:58:06.000
2026-10-09 22:59:34.844   Installing the file.
2026-10-09 22:59:34.844   Successfully installed the file.
2026-10-09 22:59:34.844   -- File entry --
2026-10-09 22:59:34.844   Dest filename: D:\a\_temp\agym-c64-38001250527-5872-u8q4q801\client\Recepcion\_internal\tzdata\zoneinfo\America\Sitka
2026-10-09 22:59:34.844   Time stamp of our file: 2026-10-09 22:58:06.000
2026-10-09 22:59:34.844   Installing the file.
2026-10-09 22:59:34.844   Successfully installed the file.
2026-10-09 22:59:34.844   -- File entry --
2026-10-09 22:59:34.844   Dest filename: D:\a\_temp\agym-c64-38001250527-5872-u8q4q801\client\Recepcion\_internal\tzdata\zoneinfo\America\St_Barthelemy
2026-10-09 22:59:34.844   Time stamp of our file: 2026-10-09 22:58:06.000
2026-10-09 22:59:34.844   Installing the file.
2026-10-09 22:59:34.844   Successfully installed the file.
2026-10-09 22:59:34.844   -- File entry --
2026-10-09 22:59:34.844   Dest filename: D:\a\_temp\agym-c64-38001250527-5872-u8q4q801\client\Recepcion\_internal\tzdata\zoneinfo\America\St_Johns
2026-10-09 22:59:34.844   Time stamp of our file: 2026-10-09 22:58:06.000
2026-10-09 22:59:34.844   Installing the file.
2026-10-09 22:59:34.844   Successfully installed the file.
2026-10-09 22:59:34.844   -- File entry --
2026-10-09 22:59:34.844   Dest filename: D:\a\_temp\agym-c64-38001250527-5872-u8q4q801\client\Recepcion\_internal\tzdata\zoneinfo\America\St_Kitts
2026-10-09 22:59:34.844   Time stamp of our file: 2026-10-09 22:58:06.000
2026-10-09 22:59:34.844   Installing the file.
2026-10-09 22:59:34.844   Successfully installed the file.
2026-10-09 22:59:34.844   -- File entry --
2026-10-09 22:59:34.844   Dest filename: D:\a\_temp\agym-c64-38001250527-5872-u8q4q801\client\Recepcion\_internal\tzdata\zoneinfo\America\St_Lucia
2026-10-09 22:59:34.844   Time stamp of our file: 2026-10-09 22:58:06.000
2026-10-09 22:59:34.844   Installing the file.
2026-10-09 22:59:34.844   Successfully installed the file.
2026-10-09 22:59:34.844   -- File entry --
2026-10-09 22:59:34.844   Dest filename: D:\a\_temp\agym-c64-38001250527-5872-u8q4q801\client\Recepcion\_internal\tzdata\zoneinfo\America\St_Thomas
2026-10-09 22:59:34.844   Time stamp of our file: 2026-10-09 22:58:06.000
2026-10-09 22:59:34.844   Installing the file.
2026-10-09 22:59:34.844   Successfully installed the file.
2026-10-09 22:59:34.844   -- File entry --
2026-10-09 22:59:34.844   Dest filename: D:\a\_temp\agym-c64-38001250527-5872-u8q4q801\client\Recepcion\_internal\tzdata\zoneinfo\America\St_Vincent
2026-10-09 22:59:34.844   Time stamp of our file: 2026-10-09 22:58:06.000
2026-10-09 22:59:34.844   Installing the file.
2026-10-09 22:59:34.844   Successfully installed the file.
2026-10-09 22:59:34.844   -- File entry --
2026-10-09 22:59:34.844   Dest filename: D:\a\_temp\agym-c64-38001250527-5872-u8q4q801\client\Recepcion\_internal\tzdata\zoneinfo\America\Swift_Current
2026-10-09 22:59:34.844   Time stamp of our file: 2026-10-09 22:58:06.000
2026-10-09 22:59:34.844   Installing the file.
2026-10-09 22:59:34.844   Successfully installed the file.
2026-10-09 22:59:34.844   -- File entry --
2026-10-09 22:59:34.844   Dest filename: D:\a\_temp\agym-c64-38001250527-5872-u8q4q801\client\Recepcion\_internal\tzdata\zoneinfo\America\Tegucigalpa
2026-10-09 22:59:34.844   Time stamp of our file: 2026-10-09 22:58:06.000
2026-10-09 22:59:34.844   Installing the file.
2026-10-09 22:59:34.844   Successfully installed the file.
2026-10-09 22:59:34.844   -- File entry --
2026-10-09 22:59:34.844   Dest filename: D:\a\_temp\agym-c64-38001250527-5872-u8q4q801\client\Recepcion\_internal\tzdata\zoneinfo\America\Thule
2026-10-09 22:59:34.844   Time stamp of our file: 2026-10-09 22:58:06.000
2026-10-09 22:59:34.844   Installing the file.
2026-10-09 22:59:34.844   Successfully installed the file.
2026-10-09 22:59:34.844   -- File entry --
2026-10-09 22:59:34.844   Dest filename: D:\a\_temp\agym-c64-38001250527-5872-u8q4q801\client\Recepcion\_internal\tzdata\zoneinfo\America\Thunder_Bay
2026-10-09 22:59:34.844   Time stamp of our file: 2026-10-09 22:58:06.000
2026-10-09 22:59:34.844   Installing the file.
2026-10-09 22:59:34.844   Successfully installed the file.
2026-10-09 22:59:34.844   -- File entry --
2026-10-09 22:59:34.844   Dest filename: D:\a\_temp\agym-c64-38001250527-5872-u8q4q801\client\Recepcion\_internal\tzdata\zoneinfo\America\Tijuana
2026-10-09 22:59:34.844   Time stamp of our file: 2026-10-09 22:58:06.000
2026-10-09 22:59:34.844   Installing the file.
2026-10-09 22:59:34.844   Successfully installed the file.
2026-10-09 22:59:34.844   -- File entry --
2026-10-09 22:59:34.844   Dest filename: D:\a\_temp\agym-c64-38001250527-5872-u8q4q801\client\Recepcion\_internal\tzdata\zoneinfo\America\Toronto
2026-10-09 22:59:34.844   Time stamp of our file: 2026-10-09 22:58:06.000
2026-10-09 22:59:34.844   Installing the file.
2026-10-09 22:59:34.844   Successfully installed the file.
2026-10-09 22:59:34.844   -- File entry --
2026-10-09 22:59:34.844   Dest filename: D:\a\_temp\agym-c64-38001250527-5872-u8q4q801\client\Recepcion\_internal\tzdata\zoneinfo\America\Tortola
2026-10-09 22:59:34.844   Time stamp of our file: 2026-10-09 22:58:06.000
2026-10-09 22:59:34.844   Installing the file.
2026-10-09 22:59:34.844   Successfully installed the file.
2026-10-09 22:59:34.844   -- File entry --
2026-10-09 22:59:34.844   Dest filename: D:\a\_temp\agym-c64-38001250527-5872-u8q4q801\client\Recepcion\_internal\tzdata\zoneinfo\America\Vancouver
2026-10-09 22:59:34.844   Time stamp of our file: 2026-10-09 22:58:06.000
2026-10-09 22:59:34.844   Installing the file.
2026-10-09 22:59:34.844   Successfully installed the file.
2026-10-09 22:59:34.844   -- File entry --
2026-10-09 22:59:34.844   Dest filename: D:\a\_temp\agym-c64-38001250527-5872-u8q4q801\client\Recepcion\_internal\tzdata\zoneinfo\America\Virgin
2026-10-09 22:59:34.844   Time stamp of our file: 2026-10-09 22:58:06.000
2026-10-09 22:59:34.844   Installing the file.
2026-10-09 22:59:34.844   Successfully installed the file.
2026-10-09 22:59:34.844   -- File entry --
2026-10-09 22:59:34.844   Dest filename: D:\a\_temp\agym-c64-38001250527-5872-u8q4q801\client\Recepcion\_internal\tzdata\zoneinfo\America\Whitehorse
2026-10-09 22:59:34.844   Time stamp of our file: 2026-10-09 22:58:06.000
2026-10-09 22:59:34.844   Installing the file.
2026-10-09 22:59:34.844   Successfully installed the file.
2026-10-09 22:59:34.844   -- File entry --
2026-10-09 22:59:34.844   Dest filename: D:\a\_temp\agym-c64-38001250527-5872-u8q4q801\client\Recepcion\_internal\tzdata\zoneinfo\America\Winnipeg
2026-10-09 22:59:34.844   Time stamp of our file: 2026-10-09 22:58:06.000
2026-10-09 22:59:34.844   Installing the file.
2026-10-09 22:59:34.844   Successfully installed the file.
2026-10-09 22:59:34.844   -- File entry --
2026-10-09 22:59:34.844   Dest filename: D:\a\_temp\agym-c64-38001250527-5872-u8q4q801\client\Recepcion\_internal\tzdata\zoneinfo\America\Yakutat
2026-10-09 22:59:34.844   Time stamp of our file: 2026-10-09 22:58:06.000
2026-10-09 22:59:34.844   Installing the file.
2026-10-09 22:59:34.844   Successfully installed the file.
2026-10-09 22:59:34.844   -- File entry --
2026-10-09 22:59:34.844   Dest filename: D:\a\_temp\agym-c64-38001250527-5872-u8q4q801\client\Recepcion\_internal\tzdata\zoneinfo\America\Yellowknife
2026-10-09 22:59:34.844   Time stamp of our file: 2026-10-09 22:58:06.000
2026-10-09 22:59:34.844   Installing the file.
2026-10-09 22:59:34.844   Successfully installed the file.
2026-10-09 22:59:34.844   -- File entry --
2026-10-09 22:59:34.844   Dest filename: D:\a\_temp\agym-c64-38001250527-5872-u8q4q801\client\Recepcion\_internal\tzdata\zoneinfo\America\__init__.py
2026-10-09 22:59:34.844   Time stamp of our file: 2026-10-09 22:58:06.000
2026-10-09 22:59:34.844   Installing the file.
2026-10-09 22:59:34.844   Successfully installed the file.
2026-10-09 22:59:34.844   -- File entry --
2026-10-09 22:59:34.844   Dest filename: D:\a\_temp\agym-c64-38001250527-5872-u8q4q801\client\Recepcion\_internal\tzdata\zoneinfo\America\Argentina\Buenos_Aires
2026-10-09 22:59:34.844   Time stamp of our file: 2026-10-09 22:58:06.000
2026-10-09 22:59:34.844   Installing the file.
2026-10-09 22:59:34.844   Creating directory: D:\a\_temp\agym-c64-38001250527-5872-u8q4q801\client\Recepcion\_internal\tzdata\zoneinfo\America\Argentina
2026-10-09 22:59:34.844   Successfully installed the file.
2026-10-09 22:59:34.844   -- File entry --
2026-10-09 22:59:34.844   Dest filename: D:\a\_temp\agym-c64-38001250527-5872-u8q4q801\client\Recepcion\_internal\tzdata\zoneinfo\America\Argentina\Catamarca
2026-10-09 22:59:34.844   Time stamp of our file: 2026-10-09 22:58:06.000
2026-10-09 22:59:34.844   Installing the file.
2026-10-09 22:59:34.844   Successfully installed the file.
2026-10-09 22:59:34.844   -- File entry --
2026-10-09 22:59:34.844   Dest filename: D:\a\_temp\agym-c64-38001250527-5872-u8q4q801\client\Recepcion\_internal\tzdata\zoneinfo\America\Argentina\ComodRivadavia
2026-10-09 22:59:34.844   Time stamp of our file: 2026-10-09 22:58:06.000
2026-10-09 22:59:34.844   Installing the file.
2026-10-09 22:59:34.844   Successfully installed the file.
2026-10-09 22:59:34.844   -- File entry --
2026-10-09 22:59:34.844   Dest filename: D:\a\_temp\agym-c64-38001250527-5872-u8q4q801\client\Recepcion\_internal\tzdata\zoneinfo\America\Argentina\Cordoba
2026-10-09 22:59:34.844   Time stamp of our file: 2026-10-09 22:58:06.000
2026-10-09 22:59:34.844   Installing the file.
2026-10-09 22:59:34.844   Successfully installed the file.
2026-10-09 22:59:34.844   -- File entry --
2026-10-09 22:59:34.844   Dest filename: D:\a\_temp\agym-c64-38001250527-5872-u8q4q801\client\Recepcion\_internal\tzdata\zoneinfo\America\Argentina\Jujuy
2026-10-09 22:59:34.844   Time stamp of our file: 2026-10-09 22:58:06.000
2026-10-09 22:59:34.844   Installing the file.
2026-10-09 22:59:34.844   Successfully installed the file.
2026-10-09 22:59:34.844   -- File entry --
2026-10-09 22:59:34.844   Dest filename: D:\a\_temp\agym-c64-38001250527-5872-u8q4q801\client\Recepcion\_internal\tzdata\zoneinfo\America\Argentina\La_Rioja
2026-10-09 22:59:34.844   Time stamp of our file: 2026-10-09 22:58:06.000
2026-10-09 22:59:34.844   Installing the file.
2026-10-09 22:59:34.844   Successfully installed the file.
2026-10-09 22:59:34.844   -- File entry --
2026-10-09 22:59:34.844   Dest filename: D:\a\_temp\agym-c64-38001250527-5872-u8q4q801\client\Recepcion\_internal\tzdata\zoneinfo\America\Argentina\Mendoza
2026-10-09 22:59:34.844   Time stamp of our file: 2026-10-09 22:58:06.000
2026-10-09 22:59:34.844   Installing the file.
2026-10-09 22:59:34.859   Successfully installed the file.
2026-10-09 22:59:34.859   -- File entry --
2026-10-09 22:59:34.859   Dest filename: D:\a\_temp\agym-c64-38001250527-5872-u8q4q801\client\Recepcion\_internal\tzdata\zoneinfo\America\Argentina\Rio_Gallegos
2026-10-09 22:59:34.859   Time stamp of our file: 2026-10-09 22:58:06.000
2026-10-09 22:59:34.859   Installing the file.
2026-10-09 22:59:34.859   Successfully installed the file.
2026-10-09 22:59:34.859   -- File entry --
2026-10-09 22:59:34.859   Dest filename: D:\a\_temp\agym-c64-38001250527-5872-u8q4q801\client\Recepcion\_internal\tzdata\zoneinfo\America\Argentina\Salta
2026-10-09 22:59:34.859   Time stamp of our file: 2026-10-09 22:58:06.000
2026-10-09 22:59:34.859   Installing the file.
2026-10-09 22:59:34.859   Successfully installed the file.
2026-10-09 22:59:34.859   -- File entry --
2026-10-09 22:59:34.859   Dest filename: D:\a\_temp\agym-c64-38001250527-5872-u8q4q801\client\Recepcion\_internal\tzdata\zoneinfo\America\Argentina\San_Juan
2026-10-09 22:59:34.859   Time stamp of our file: 2026-10-09 22:58:06.000
2026-10-09 22:59:34.859   Installing the file.
2026-10-09 22:59:34.859   Successfully installed the file.
2026-10-09 22:59:34.859   -- File entry --
2026-10-09 22:59:34.859   Dest filename: D:\a\_temp\agym-c64-38001250527-5872-u8q4q801\client\Recepcion\_internal\tzdata\zoneinfo\America\Argentina\San_Luis
2026-10-09 22:59:34.859   Time stamp of our file: 2026-10-09 22:58:06.000
2026-10-09 22:59:34.859   Installing the file.
2026-10-09 22:59:34.859   Successfully installed the file.
2026-10-09 22:59:34.859   -- File entry --
2026-10-09 22:59:34.859   Dest filename: D:\a\_temp\agym-c64-38001250527-5872-u8q4q801\client\Recepcion\_internal\tzdata\zoneinfo\America\Argentina\Tucuman
2026-10-09 22:59:34.859   Time stamp of our file: 2026-10-09 22:58:06.000
2026-10-09 22:59:34.859   Installing the file.
2026-10-09 22:59:34.859   Successfully installed the file.
2026-10-09 22:59:34.859   -- File entry --
2026-10-09 22:59:34.859   Dest filename: D:\a\_temp\agym-c64-38001250527-5872-u8q4q801\client\Recepcion\_internal\tzdata\zoneinfo\America\Argentina\Ushuaia
2026-10-09 22:59:34.859   Time stamp of our file: 2026-10-09 22:58:06.000
2026-10-09 22:59:34.859   Installing the file.
2026-10-09 22:59:34.859   Successfully installed the file.
2026-10-09 22:59:34.859   -- File entry --
2026-10-09 22:59:34.859   Dest filename: D:\a\_temp\agym-c64-38001250527-5872-u8q4q801\client\Recepcion\_internal\tzdata\zoneinfo\America\Argentina\__init__.py
2026-10-09 22:59:34.859   Time stamp of our file: 2026-10-09 22:58:06.000
2026-10-09 22:59:34.859   Installing the file.
2026-10-09 22:59:34.859   Successfully installed the file.
2026-10-09 22:59:34.859   -- File entry --
2026-10-09 22:59:34.859   Dest filename: D:\a\_temp\agym-c64-38001250527-5872-u8q4q801\client\Recepcion\_internal\tzdata\zoneinfo\America\Indiana\Indianapolis
2026-10-09 22:59:34.859   Time stamp of our file: 2026-10-09 22:58:06.000
2026-10-09 22:59:34.859   Installing the file.
2026-10-09 22:59:34.859   Creating directory: D:\a\_temp\agym-c64-38001250527-5872-u8q4q801\client\Recepcion\_internal\tzdata\zoneinfo\America\Indiana
2026-10-09 22:59:34.859   Successfully installed the file.
2026-10-09 22:59:34.859   -- File entry --
2026-10-09 22:59:34.859   Dest filename: D:\a\_temp\agym-c64-38001250527-5872-u8q4q801\client\Recepcion\_internal\tzdata\zoneinfo\America\Indiana\Knox
2026-10-09 22:59:34.859   Time stamp of our file: 2026-10-09 22:58:06.000
2026-10-09 22:59:34.859   Installing the file.
2026-10-09 22:59:34.859   Successfully installed the file.
2026-10-09 22:59:34.859   -- File entry --
2026-10-09 22:59:34.859   Dest filename: D:\a\_temp\agym-c64-38001250527-5872-u8q4q801\client\Recepcion\_internal\tzdata\zoneinfo\America\Indiana\Marengo
2026-10-09 22:59:34.859   Time stamp of our file: 2026-10-09 22:58:06.000
2026-10-09 22:59:34.859   Installing the file.
2026-10-09 22:59:34.859   Successfully installed the file.
2026-10-09 22:59:34.859   -- File entry --
2026-10-09 22:59:34.859   Dest filename: D:\a\_temp\agym-c64-38001250527-5872-u8q4q801\client\Recepcion\_internal\tzdata\zoneinfo\America\Indiana\Petersburg
2026-10-09 22:59:34.859   Time stamp of our file: 2026-10-09 22:58:06.000
2026-10-09 22:59:34.859   Installing the file.
2026-10-09 22:59:34.859   Successfully installed the file.
2026-10-09 22:59:34.859   -- File entry --
2026-10-09 22:59:34.859   Dest filename: D:\a\_temp\agym-c64-38001250527-5872-u8q4q801\client\Recepcion\_internal\tzdata\zoneinfo\America\Indiana\Tell_City
2026-10-09 22:59:34.859   Time stamp of our file: 2026-10-09 22:58:06.000
2026-10-09 22:59:34.859   Installing the file.
2026-10-09 22:59:34.859   Successfully installed the file.
2026-10-09 22:59:34.859   -- File entry --
2026-10-09 22:59:34.859   Dest filename: D:\a\_temp\agym-c64-38001250527-5872-u8q4q801\client\Recepcion\_internal\tzdata\zoneinfo\America\Indiana\Vevay
2026-10-09 22:59:34.859   Time stamp of our file: 2026-10-09 22:58:06.000
2026-10-09 22:59:34.859   Installing the file.
2026-10-09 22:59:34.859   Successfully installed the file.
2026-10-09 22:59:34.859   -- File entry --
2026-10-09 22:59:34.859   Dest filename: D:\a\_temp\agym-c64-38001250527-5872-u8q4q801\client\Recepcion\_internal\tzdata\zoneinfo\America\Indiana\Vincennes
2026-10-09 22:59:34.859   Time stamp of our file: 2026-10-09 22:58:06.000
2026-10-09 22:59:34.859   Installing the file.
2026-10-09 22:59:34.859   Successfully installed the file.
2026-10-09 22:59:34.859   -- File entry --
2026-10-09 22:59:34.859   Dest filename: D:\a\_temp\agym-c64-38001250527-5872-u8q4q801\client\Recepcion\_internal\tzdata\zoneinfo\America\Indiana\Winamac
2026-10-09 22:59:34.859   Time stamp of our file: 2026-10-09 22:58:06.000
2026-10-09 22:59:34.859   Installing the file.
2026-10-09 22:59:34.859   Successfully installed the file.
2026-10-09 22:59:34.859   -- File entry --
2026-10-09 22:59:34.859   Dest filename: D:\a\_temp\agym-c64-38001250527-5872-u8q4q801\client\Recepcion\_internal\tzdata\zoneinfo\America\Indiana\__init__.py
2026-10-09 22:59:34.859   Time stamp of our file: 2026-10-09 22:58:06.000
2026-10-09 22:59:34.859   Installing the file.
2026-10-09 22:59:34.859   Successfully installed the file.
2026-10-09 22:59:34.859   -- File entry --
2026-10-09 22:59:34.859   Dest filename: D:\a\_temp\agym-c64-38001250527-5872-u8q4q801\client\Recepcion\_internal\tzdata\zoneinfo\America\Kentucky\Louisville
2026-10-09 22:59:34.859   Time stamp of our file: 2026-10-09 22:58:06.000
2026-10-09 22:59:34.859   Installing the file.
2026-10-09 22:59:34.859   Creating directory: D:\a\_temp\agym-c64-38001250527-5872-u8q4q801\client\Recepcion\_internal\tzdata\zoneinfo\America\Kentucky
2026-10-09 22:59:34.859   Successfully installed the file.
2026-10-09 22:59:34.859   -- File entry --
2026-10-09 22:59:34.859   Dest filename: D:\a\_temp\agym-c64-38001250527-5872-u8q4q801\client\Recepcion\_internal\tzdata\zoneinfo\America\Kentucky\Monticello
2026-10-09 22:59:34.859   Time stamp of our file: 2026-10-09 22:58:06.000
2026-10-09 22:59:34.859   Installing the file.
2026-10-09 22:59:34.859   Successfully installed the file.
2026-10-09 22:59:34.859   -- File entry --
2026-10-09 22:59:34.859   Dest filename: D:\a\_temp\agym-c64-38001250527-5872-u8q4q801\client\Recepcion\_internal\tzdata\zoneinfo\America\Kentucky\__init__.py
2026-10-09 22:59:34.859   Time stamp of our file: 2026-10-09 22:58:06.000
2026-10-09 22:59:34.859   Installing the file.
2026-10-09 22:59:34.859   Successfully installed the file.
2026-10-09 22:59:34.859   -- File entry --
2026-10-09 22:59:34.859   Dest filename: D:\a\_temp\agym-c64-38001250527-5872-u8q4q801\client\Recepcion\_internal\tzdata\zoneinfo\America\North_Dakota\Beulah
2026-10-09 22:59:34.859   Time stamp of our file: 2026-10-09 22:58:06.000
2026-10-09 22:59:34.859   Installing the file.
2026-10-09 22:59:34.859   Creating directory: D:\a\_temp\agym-c64-38001250527-5872-u8q4q801\client\Recepcion\_internal\tzdata\zoneinfo\America\North_Dakota
2026-10-09 22:59:34.859   Successfully installed the file.
2026-10-09 22:59:34.859   -- File entry --
2026-10-09 22:59:34.859   Dest filename: D:\a\_temp\agym-c64-38001250527-5872-u8q4q801\client\Recepcion\_internal\tzdata\zoneinfo\America\North_Dakota\Center
2026-10-09 22:59:34.859   Time stamp of our file: 2026-10-09 22:58:06.000
2026-10-09 22:59:34.859   Installing the file.
2026-10-09 22:59:34.859   Successfully installed the file.
2026-10-09 22:59:34.859   -- File entry --
2026-10-09 22:59:34.859   Dest filename: D:\a\_temp\agym-c64-38001250527-5872-u8q4q801\client\Recepcion\_internal\tzdata\zoneinfo\America\North_Dakota\New_Salem
2026-10-09 22:59:34.859   Time stamp of our file: 2026-10-09 22:58:06.000
2026-10-09 22:59:34.859   Installing the file.
2026-10-09 22:59:34.859   Successfully installed the file.
2026-10-09 22:59:34.859   -- File entry --
2026-10-09 22:59:34.859   Dest filename: D:\a\_temp\agym-c64-38001250527-5872-u8q4q801\client\Recepcion\_internal\tzdata\zoneinfo\America\North_Dakota\__init__.py
2026-10-09 22:59:34.859   Time stamp of our file: 2026-10-09 22:58:06.000
2026-10-09 22:59:34.859   Installing the file.
2026-10-09 22:59:34.859   Successfully installed the file.
2026-10-09 22:59:34.859   -- File entry --
2026-10-09 22:59:34.859   Dest filename: D:\a\_temp\agym-c64-38001250527-5872-u8q4q801\client\Recepcion\_internal\tzdata\zoneinfo\Antarctica\Casey
2026-10-09 22:59:34.859   Time stamp of our file: 2026-10-09 22:58:06.000
2026-10-09 22:59:34.859   Installing the file.
2026-10-09 22:59:34.859   Creating directory: D:\a\_temp\agym-c64-38001250527-5872-u8q4q801\client\Recepcion\_internal\tzdata\zoneinfo\Antarctica
2026-10-09 22:59:34.859   Successfully installed the file.
2026-10-09 22:59:34.859   -- File entry --
2026-10-09 22:59:34.859   Dest filename: D:\a\_temp\agym-c64-38001250527-5872-u8q4q801\client\Recepcion\_internal\tzdata\zoneinfo\Antarctica\Davis
2026-10-09 22:59:34.859   Time stamp of our file: 2026-10-09 22:58:06.000
2026-10-09 22:59:34.859   Installing the file.
2026-10-09 22:59:34.859   Successfully installed the file.
2026-10-09 22:59:34.859   -- File entry --
2026-10-09 22:59:34.859   Dest filename: D:\a\_temp\agym-c64-38001250527-5872-u8q4q801\client\Recepcion\_internal\tzdata\zoneinfo\Antarctica\DumontDUrville
2026-10-09 22:59:34.859   Time stamp of our file: 2026-10-09 22:58:06.000
2026-10-09 22:59:34.859   Installing the file.
2026-10-09 22:59:34.859   Successfully installed the file.
2026-10-09 22:59:34.859   -- File entry --
2026-10-09 22:59:34.859   Dest filename: D:\a\_temp\agym-c64-38001250527-5872-u8q4q801\client\Recepcion\_internal\tzdata\zoneinfo\Antarctica\Macquarie
2026-10-09 22:59:34.859   Time stamp of our file: 2026-10-09 22:58:06.000
2026-10-09 22:59:34.859   Installing the file.
2026-10-09 22:59:34.859   Successfully installed the file.
2026-10-09 22:59:34.859   -- File entry --
2026-10-09 22:59:34.859   Dest filename: D:\a\_temp\agym-c64-38001250527-5872-u8q4q801\client\Recepcion\_internal\tzdata\zoneinfo\Antarctica\Mawson
2026-10-09 22:59:34.859   Time stamp of our file: 2026-10-09 22:58:06.000
2026-10-09 22:59:34.859   Installing the file.
2026-10-09 22:59:34.859   Successfully installed the file.
2026-10-09 22:59:34.859   -- File entry --
2026-10-09 22:59:34.859   Dest filename: D:\a\_temp\agym-c64-38001250527-5872-u8q4q801\client\Recepcion\_internal\tzdata\zoneinfo\Antarctica\McMurdo
2026-10-09 22:59:34.859   Time stamp of our file: 2026-10-09 22:58:06.000
2026-10-09 22:59:34.859   Installing the file.
2026-10-09 22:59:34.859   Successfully installed the file.
2026-10-09 22:59:34.859   -- File entry --
2026-10-09 22:59:34.859   Dest filename: D:\a\_temp\agym-c64-38001250527-5872-u8q4q801\client\Recepcion\_internal\tzdata\zoneinfo\Antarctica\Palmer
2026-10-09 22:59:34.859   Time stamp of our file: 2026-10-09 22:58:06.000
2026-10-09 22:59:34.859   Installing the file.
2026-10-09 22:59:34.859   Successfully installed the file.
2026-10-09 22:59:34.859   -- File entry --
2026-10-09 22:59:34.859   Dest filename: D:\a\_temp\agym-c64-38001250527-5872-u8q4q801\client\Recepcion\_internal\tzdata\zoneinfo\Antarctica\Rothera
2026-10-09 22:59:34.859   Time stamp of our file: 2026-10-09 22:58:06.000
2026-10-09 22:59:34.859   Installing the file.
2026-10-09 22:59:34.859   Successfully installed the file.
2026-10-09 22:59:34.859   -- File entry --
2026-10-09 22:59:34.859   Dest filename: D:\a\_temp\agym-c64-38001250527-5872-u8q4q801\client\Recepcion\_internal\tzdata\zoneinfo\Antarctica\South_Pole
2026-10-09 22:59:34.859   Time stamp of our file: 2026-10-09 22:58:06.000
2026-10-09 22:59:34.859   Installing the file.
2026-10-09 22:59:34.859   Successfully installed the file.
2026-10-09 22:59:34.859   -- File entry --
2026-10-09 22:59:34.859   Dest filename: D:\a\_temp\agym-c64-38001250527-5872-u8q4q801\client\Recepcion\_internal\tzdata\zoneinfo\Antarctica\Syowa
2026-10-09 22:59:34.859   Time stamp of our file: 2026-10-09 22:58:06.000
2026-10-09 22:59:34.859   Installing the file.
2026-10-09 22:59:34.859   Successfully installed the file.
2026-10-09 22:59:34.859   -- File entry --
2026-10-09 22:59:34.859   Dest filename: D:\a\_temp\agym-c64-38001250527-5872-u8q4q801\client\Recepcion\_internal\tzdata\zoneinfo\Antarctica\Troll
2026-10-09 22:59:34.859   Time stamp of our file: 2026-10-09 22:58:06.000
2026-10-09 22:59:34.859   Installing the file.
2026-10-09 22:59:34.875   Successfully installed the file.
2026-10-09 22:59:34.875   -- File entry --
2026-10-09 22:59:34.875   Dest filename: D:\a\_temp\agym-c64-38001250527-5872-u8q4q801\client\Recepcion\_internal\tzdata\zoneinfo\Antarctica\Vostok
2026-10-09 22:59:34.875   Time stamp of our file: 2026-10-09 22:58:06.000
2026-10-09 22:59:34.875   Installing the file.
2026-10-09 22:59:34.875   Successfully installed the file.
2026-10-09 22:59:34.875   -- File entry --
2026-10-09 22:59:34.875   Dest filename: D:\a\_temp\agym-c64-38001250527-5872-u8q4q801\client\Recepcion\_internal\tzdata\zoneinfo\Antarctica\__init__.py
2026-10-09 22:59:34.875   Time stamp of our file: 2026-10-09 22:58:06.000
2026-10-09 22:59:34.875   Installing the file.
2026-10-09 22:59:34.875   Successfully installed the file.
2026-10-09 22:59:34.875   -- File entry --
2026-10-09 22:59:34.875   Dest filename: D:\a\_temp\agym-c64-38001250527-5872-u8q4q801\client\Recepcion\_internal\tzdata\zoneinfo\Arctic\Longyearbyen
2026-10-09 22:59:34.875   Time stamp of our file: 2026-10-09 22:58:06.000
2026-10-09 22:59:34.875   Installing the file.
2026-10-09 22:59:34.875   Creating directory: D:\a\_temp\agym-c64-38001250527-5872-u8q4q801\client\Recepcion\_internal\tzdata\zoneinfo\Arctic
2026-10-09 22:59:34.875   Successfully installed the file.
2026-10-09 22:59:34.875   -- File entry --
2026-10-09 22:59:34.875   Dest filename: D:\a\_temp\agym-c64-38001250527-5872-u8q4q801\client\Recepcion\_internal\tzdata\zoneinfo\Arctic\__init__.py
2026-10-09 22:59:34.875   Time stamp of our file: 2026-10-09 22:58:06.000
2026-10-09 22:59:34.875   Installing the file.
2026-10-09 22:59:34.875   Successfully installed the file.
2026-10-09 22:59:34.875   -- File entry --
2026-10-09 22:59:34.875   Dest filename: D:\a\_temp\agym-c64-38001250527-5872-u8q4q801\client\Recepcion\_internal\tzdata\zoneinfo\Asia\Aden
2026-10-09 22:59:34.875   Time stamp of our file: 2026-10-09 22:58:06.000
2026-10-09 22:59:34.875   Installing the file.
2026-10-09 22:59:34.875   Creating directory: D:\a\_temp\agym-c64-38001250527-5872-u8q4q801\client\Recepcion\_internal\tzdata\zoneinfo\Asia
2026-10-09 22:59:34.875   Successfully installed the file.
2026-10-09 22:59:34.875   -- File entry --
2026-10-09 22:59:34.875   Dest filename: D:\a\_temp\agym-c64-38001250527-5872-u8q4q801\client\Recepcion\_internal\tzdata\zoneinfo\Asia\Almaty
2026-10-09 22:59:34.875   Time stamp of our file: 2026-10-09 22:58:06.000
2026-10-09 22:59:34.875   Installing the file.
2026-10-09 22:59:34.875   Successfully installed the file.
2026-10-09 22:59:34.875   -- File entry --
2026-10-09 22:59:34.875   Dest filename: D:\a\_temp\agym-c64-38001250527-5872-u8q4q801\client\Recepcion\_internal\tzdata\zoneinfo\Asia\Amman
2026-10-09 22:59:34.875   Time stamp of our file: 2026-10-09 22:58:06.000
2026-10-09 22:59:34.875   Installing the file.
2026-10-09 22:59:34.875   Successfully installed the file.
2026-10-09 22:59:34.875   -- File entry --
2026-10-09 22:59:34.875   Dest filename: D:\a\_temp\agym-c64-38001250527-5872-u8q4q801\client\Recepcion\_internal\tzdata\zoneinfo\Asia\Anadyr
2026-10-09 22:59:34.875   Time stamp of our file: 2026-10-09 22:58:06.000
2026-10-09 22:59:34.875   Installing the file.
2026-10-09 22:59:34.875   Successfully installed the file.
2026-10-09 22:59:34.875   -- File entry --
2026-10-09 22:59:34.875   Dest filename: D:\a\_temp\agym-c64-38001250527-5872-u8q4q801\client\Recepcion\_internal\tzdata\zoneinfo\Asia\Aqtau
2026-10-09 22:59:34.875   Time stamp of our file: 2026-10-09 22:58:06.000
2026-10-09 22:59:34.875   Installing the file.
2026-10-09 22:59:34.875   Successfully installed the file.
2026-10-09 22:59:34.875   -- File entry --
2026-10-09 22:59:34.875   Dest filename: D:\a\_temp\agym-c64-38001250527-5872-u8q4q801\client\Recepcion\_internal\tzdata\zoneinfo\Asia\Aqtobe
2026-10-09 22:59:34.875   Time stamp of our file: 2026-10-09 22:58:06.000
2026-10-09 22:59:34.875   Installing the file.
2026-10-09 22:59:34.875   Successfully installed the file.
2026-10-09 22:59:34.875   -- File entry --
2026-10-09 22:59:34.875   Dest filename: D:\a\_temp\agym-c64-38001250527-5872-u8q4q801\client\Recepcion\_internal\tzdata\zoneinfo\Asia\Ashgabat
2026-10-09 22:59:34.875   Time stamp of our file: 2026-10-09 22:58:06.000
2026-10-09 22:59:34.875   Installing the file.
2026-10-09 22:59:34.875   Successfully installed the file.
2026-10-09 22:59:34.875   -- File entry --
2026-10-09 22:59:34.875   Dest filename: D:\a\_temp\agym-c64-38001250527-5872-u8q4q801\client\Recepcion\_internal\tzdata\zoneinfo\Asia\Ashkhabad
2026-10-09 22:59:34.875   Time stamp of our file: 2026-10-09 22:58:06.000
2026-10-09 22:59:34.875   Installing the file.
2026-10-09 22:59:34.875   Successfully installed the file.
2026-10-09 22:59:34.875   -- File entry --
2026-10-09 22:59:34.875   Dest filename: D:\a\_temp\agym-c64-38001250527-5872-u8q4q801\client\Recepcion\_internal\tzdata\zoneinfo\Asia\Atyrau
2026-10-09 22:59:34.875   Time stamp of our file: 2026-10-09 22:58:06.000
2026-10-09 22:59:34.875   Installing the file.
2026-10-09 22:59:34.875   Successfully installed the file.
2026-10-09 22:59:34.875   -- File entry --
2026-10-09 22:59:34.875   Dest filename: D:\a\_temp\agym-c64-38001250527-5872-u8q4q801\client\Recepcion\_internal\tzdata\zoneinfo\Asia\Baghdad
2026-10-09 22:59:34.875   Time stamp of our file: 2026-10-09 22:58:06.000
2026-10-09 22:59:34.875   Installing the file.
2026-10-09 22:59:34.875   Successfully installed the file.
2026-10-09 22:59:34.875   -- File entry --
2026-10-09 22:59:34.875   Dest filename: D:\a\_temp\agym-c64-38001250527-5872-u8q4q801\client\Recepcion\_internal\tzdata\zoneinfo\Asia\Bahrain
2026-10-09 22:59:34.875   Time stamp of our file: 2026-10-09 22:58:06.000
2026-10-09 22:59:34.875   Installing the file.
2026-10-09 22:59:34.875   Successfully installed the file.
2026-10-09 22:59:34.875   -- File entry --
2026-10-09 22:59:34.875   Dest filename: D:\a\_temp\agym-c64-38001250527-5872-u8q4q801\client\Recepcion\_internal\tzdata\zoneinfo\Asia\Baku
2026-10-09 22:59:34.875   Time stamp of our file: 2026-10-09 22:58:06.000
2026-10-09 22:59:34.875   Installing the file.
2026-10-09 22:59:34.875   Successfully installed the file.
2026-10-09 22:59:34.875   -- File entry --
2026-10-09 22:59:34.875   Dest filename: D:\a\_temp\agym-c64-38001250527-5872-u8q4q801\client\Recepcion\_internal\tzdata\zoneinfo\Asia\Bangkok
2026-10-09 22:59:34.875   Time stamp of our file: 2026-10-09 22:58:06.000
2026-10-09 22:59:34.875   Installing the file.
2026-10-09 22:59:34.875   Successfully installed the file.
2026-10-09 22:59:34.875   -- File entry --
2026-10-09 22:59:34.875   Dest filename: D:\a\_temp\agym-c64-38001250527-5872-u8q4q801\client\Recepcion\_internal\tzdata\zoneinfo\Asia\Barnaul
2026-10-09 22:59:34.875   Time stamp of our file: 2026-10-09 22:58:06.000
2026-10-09 22:59:34.875   Installing the file.
2026-10-09 22:59:34.875   Successfully installed the file.
2026-10-09 22:59:34.875   -- File entry --
2026-10-09 22:59:34.875   Dest filename: D:\a\_temp\agym-c64-38001250527-5872-u8q4q801\client\Recepcion\_internal\tzdata\zoneinfo\Asia\Beirut
2026-10-09 22:59:34.875   Time stamp of our file: 2026-10-09 22:58:06.000
2026-10-09 22:59:34.875   Installing the file.
2026-10-09 22:59:34.875   Successfully installed the file.
2026-10-09 22:59:34.875   -- File entry --
2026-10-09 22:59:34.875   Dest filename: D:\a\_temp\agym-c64-38001250527-5872-u8q4q801\client\Recepcion\_internal\tzdata\zoneinfo\Asia\Bishkek
2026-10-09 22:59:34.875   Time stamp of our file: 2026-10-09 22:58:06.000
2026-10-09 22:59:34.875   Installing the file.
2026-10-09 22:59:34.875   Successfully installed the file.
2026-10-09 22:59:34.875   -- File entry --
2026-10-09 22:59:34.875   Dest filename: D:\a\_temp\agym-c64-38001250527-5872-u8q4q801\client\Recepcion\_internal\tzdata\zoneinfo\Asia\Brunei
2026-10-09 22:59:34.875   Time stamp of our file: 2026-10-09 22:58:06.000
2026-10-09 22:59:34.875   Installing the file.
2026-10-09 22:59:34.875   Successfully installed the file.
2026-10-09 22:59:34.875   -- File entry --
2026-10-09 22:59:34.875   Dest filename: D:\a\_temp\agym-c64-38001250527-5872-u8q4q801\client\Recepcion\_internal\tzdata\zoneinfo\Asia\Calcutta
2026-10-09 22:59:34.875   Time stamp of our file: 2026-10-09 22:58:06.000
2026-10-09 22:59:34.875   Installing the file.
2026-10-09 22:59:34.875   Successfully installed the file.
2026-10-09 22:59:34.875   -- File entry --
2026-10-09 22:59:34.875   Dest filename: D:\a\_temp\agym-c64-38001250527-5872-u8q4q801\client\Recepcion\_internal\tzdata\zoneinfo\Asia\Chita
2026-10-09 22:59:34.875   Time stamp of our file: 2026-10-09 22:58:06.000
2026-10-09 22:59:34.875   Installing the file.
2026-10-09 22:59:34.875   Successfully installed the file.
2026-10-09 22:59:34.875   -- File entry --
2026-10-09 22:59:34.875   Dest filename: D:\a\_temp\agym-c64-38001250527-5872-u8q4q801\client\Recepcion\_internal\tzdata\zoneinfo\Asia\Choibalsan
2026-10-09 22:59:34.875   Time stamp of our file: 2026-10-09 22:58:06.000
2026-10-09 22:59:34.875   Installing the file.
2026-10-09 22:59:34.875   Successfully installed the file.
2026-10-09 22:59:34.875   -- File entry --
2026-10-09 22:59:34.875   Dest filename: D:\a\_temp\agym-c64-38001250527-5872-u8q4q801\client\Recepcion\_internal\tzdata\zoneinfo\Asia\Chongqing
2026-10-09 22:59:34.875   Time stamp of our file: 2026-10-09 22:58:06.000
2026-10-09 22:59:34.875   Installing the file.
2026-10-09 22:59:34.875   Successfully installed the file.
2026-10-09 22:59:34.875   -- File entry --
2026-10-09 22:59:34.875   Dest filename: D:\a\_temp\agym-c64-38001250527-5872-u8q4q801\client\Recepcion\_internal\tzdata\zoneinfo\Asia\Chungking
2026-10-09 22:59:34.875   Time stamp of our file: 2026-10-09 22:58:06.000
2026-10-09 22:59:34.875   Installing the file.
2026-10-09 22:59:34.875   Successfully installed the file.
2026-10-09 22:59:34.875   -- File entry --
2026-10-09 22:59:34.875   Dest filename: D:\a\_temp\agym-c64-38001250527-5872-u8q4q801\client\Recepcion\_internal\tzdata\zoneinfo\Asia\Colombo
2026-10-09 22:59:34.875   Time stamp of our file: 2026-10-09 22:58:06.000
2026-10-09 22:59:34.875   Installing the file.
2026-10-09 22:59:34.875   Successfully installed the file.
2026-10-09 22:59:34.875   -- File entry --
2026-10-09 22:59:34.875   Dest filename: D:\a\_temp\agym-c64-38001250527-5872-u8q4q801\client\Recepcion\_internal\tzdata\zoneinfo\Asia\Dacca
2026-10-09 22:59:34.875   Time stamp of our file: 2026-10-09 22:58:06.000
2026-10-09 22:59:34.875   Installing the file.
2026-10-09 22:59:34.875   Successfully installed the file.
2026-10-09 22:59:34.875   -- File entry --
2026-10-09 22:59:34.875   Dest filename: D:\a\_temp\agym-c64-38001250527-5872-u8q4q801\client\Recepcion\_internal\tzdata\zoneinfo\Asia\Damascus
2026-10-09 22:59:34.875   Time stamp of our file: 2026-10-09 22:58:06.000
2026-10-09 22:59:34.875   Installing the file.
2026-10-09 22:59:34.875   Successfully installed the file.
2026-10-09 22:59:34.875   -- File entry --
2026-10-09 22:59:34.875   Dest filename: D:\a\_temp\agym-c64-38001250527-5872-u8q4q801\client\Recepcion\_internal\tzdata\zoneinfo\Asia\Dhaka
2026-10-09 22:59:34.875   Time stamp of our file: 2026-10-09 22:58:06.000
2026-10-09 22:59:34.875   Installing the file.
2026-10-09 22:59:34.875   Successfully installed the file.
2026-10-09 22:59:34.875   -- File entry --
2026-10-09 22:59:34.875   Dest filename: D:\a\_temp\agym-c64-38001250527-5872-u8q4q801\client\Recepcion\_internal\tzdata\zoneinfo\Asia\Dili
2026-10-09 22:59:34.875   Time stamp of our file: 2026-10-09 22:58:06.000
2026-10-09 22:59:34.875   Installing the file.
2026-10-09 22:59:34.875   Successfully installed the file.
2026-10-09 22:59:34.875   -- File entry --
2026-10-09 22:59:34.875   Dest filename: D:\a\_temp\agym-c64-38001250527-5872-u8q4q801\client\Recepcion\_internal\tzdata\zoneinfo\Asia\Dubai
2026-10-09 22:59:34.875   Time stamp of our file: 2026-10-09 22:58:06.000
2026-10-09 22:59:34.875   Installing the file.
2026-10-09 22:59:34.875   Successfully installed the file.
2026-10-09 22:59:34.875   -- File entry --
2026-10-09 22:59:34.875   Dest filename: D:\a\_temp\agym-c64-38001250527-5872-u8q4q801\client\Recepcion\_internal\tzdata\zoneinfo\Asia\Dushanbe
2026-10-09 22:59:34.875   Time stamp of our file: 2026-10-09 22:58:06.000
2026-10-09 22:59:34.875   Installing the file.
2026-10-09 22:59:34.875   Successfully installed the file.
2026-10-09 22:59:34.875   -- File entry --
2026-10-09 22:59:34.875   Dest filename: D:\a\_temp\agym-c64-38001250527-5872-u8q4q801\client\Recepcion\_internal\tzdata\zoneinfo\Asia\Famagusta
2026-10-09 22:59:34.875   Time stamp of our file: 2026-10-09 22:58:06.000
2026-10-09 22:59:34.875   Installing the file.
2026-10-09 22:59:34.875   Successfully installed the file.
2026-10-09 22:59:34.875   -- File entry --
2026-10-09 22:59:34.875   Dest filename: D:\a\_temp\agym-c64-38001250527-5872-u8q4q801\client\Recepcion\_internal\tzdata\zoneinfo\Asia\Gaza
2026-10-09 22:59:34.875   Time stamp of our file: 2026-10-09 22:58:06.000
2026-10-09 22:59:34.875   Installing the file.
2026-10-09 22:59:34.875   Successfully installed the file.
2026-10-09 22:59:34.875   -- File entry --
2026-10-09 22:59:34.875   Dest filename: D:\a\_temp\agym-c64-38001250527-5872-u8q4q801\client\Recepcion\_internal\tzdata\zoneinfo\Asia\Harbin
2026-10-09 22:59:34.875   Time stamp of our file: 2026-10-09 22:58:06.000
2026-10-09 22:59:34.891   Installing the file.
2026-10-09 22:59:34.891   Successfully installed the file.
2026-10-09 22:59:34.891   -- File entry --
2026-10-09 22:59:34.891   Dest filename: D:\a\_temp\agym-c64-38001250527-5872-u8q4q801\client\Recepcion\_internal\tzdata\zoneinfo\Asia\Hebron
2026-10-09 22:59:34.891   Time stamp of our file: 2026-10-09 22:58:06.000
2026-10-09 22:59:34.891   Installing the file.
2026-10-09 22:59:34.891   Successfully installed the file.
2026-10-09 22:59:34.891   -- File entry --
2026-10-09 22:59:34.891   Dest filename: D:\a\_temp\agym-c64-38001250527-5872-u8q4q801\client\Recepcion\_internal\tzdata\zoneinfo\Asia\Hong_Kong
2026-10-09 22:59:34.891   Time stamp of our file: 2026-10-09 22:58:06.000
2026-10-09 22:59:34.891   Installing the file.
2026-10-09 22:59:34.891   Successfully installed the file.
2026-10-09 22:59:34.891   -- File entry --
2026-10-09 22:59:34.891   Dest filename: D:\a\_temp\agym-c64-38001250527-5872-u8q4q801\client\Recepcion\_internal\tzdata\zoneinfo\Asia\Hovd
2026-10-09 22:59:34.891   Time stamp of our file: 2026-10-09 22:58:06.000
2026-10-09 22:59:34.891   Installing the file.
2026-10-09 22:59:34.891   Successfully installed the file.
2026-10-09 22:59:34.891   -- File entry --
2026-10-09 22:59:34.891   Dest filename: D:\a\_temp\agym-c64-38001250527-5872-u8q4q801\client\Recepcion\_internal\tzdata\zoneinfo\Asia\Ho_Chi_Minh
2026-10-09 22:59:34.891   Time stamp of our file: 2026-10-09 22:58:06.000
2026-10-09 22:59:34.891   Installing the file.
2026-10-09 22:59:34.891   Successfully installed the file.
2026-10-09 22:59:34.891   -- File entry --
2026-10-09 22:59:34.891   Dest filename: D:\a\_temp\agym-c64-38001250527-5872-u8q4q801\client\Recepcion\_internal\tzdata\zoneinfo\Asia\Irkutsk
2026-10-09 22:59:34.891   Time stamp of our file: 2026-10-09 22:58:06.000
2026-10-09 22:59:34.891   Installing the file.
2026-10-09 22:59:34.891   Successfully installed the file.
2026-10-09 22:59:34.891   -- File entry --
2026-10-09 22:59:34.891   Dest filename: D:\a\_temp\agym-c64-38001250527-5872-u8q4q801\client\Recepcion\_internal\tzdata\zoneinfo\Asia\Istanbul
2026-10-09 22:59:34.891   Time stamp of our file: 2026-10-09 22:58:06.000
2026-10-09 22:59:34.891   Installing the file.
2026-10-09 22:59:34.891   Successfully installed the file.
2026-10-09 22:59:34.891   -- File entry --
2026-10-09 22:59:34.891   Dest filename: D:\a\_temp\agym-c64-38001250527-5872-u8q4q801\client\Recepcion\_internal\tzdata\zoneinfo\Asia\Jakarta
2026-10-09 22:59:34.891   Time stamp of our file: 2026-10-09 22:58:06.000
2026-10-09 22:59:34.891   Installing the file.
2026-10-09 22:59:34.891   Successfully installed the file.
2026-10-09 22:59:34.891   -- File entry --
2026-10-09 22:59:34.891   Dest filename: D:\a\_temp\agym-c64-38001250527-5872-u8q4q801\client\Recepcion\_internal\tzdata\zoneinfo\Asia\Jayapura
2026-10-09 22:59:34.891   Time stamp of our file: 2026-10-09 22:58:06.000
2026-10-09 22:59:34.891   Installing the file.
2026-10-09 22:59:34.891   Successfully installed the file.
2026-10-09 22:59:34.891   -- File entry --
2026-10-09 22:59:34.891   Dest filename: D:\a\_temp\agym-c64-38001250527-5872-u8q4q801\client\Recepcion\_internal\tzdata\zoneinfo\Asia\Jerusalem
2026-10-09 22:59:34.891   Time stamp of our file: 2026-10-09 22:58:06.000
2026-10-09 22:59:34.891   Installing the file.
2026-10-09 22:59:34.891   Successfully installed the file.
2026-10-09 22:59:34.891   -- File entry --
2026-10-09 22:59:34.891   Dest filename: D:\a\_temp\agym-c64-38001250527-5872-u8q4q801\client\Recepcion\_internal\tzdata\zoneinfo\Asia\Kabul
2026-10-09 22:59:34.891   Time stamp of our file: 2026-10-09 22:58:06.000
2026-10-09 22:59:34.891   Installing the file.
2026-10-09 22:59:34.891   Successfully installed the file.
2026-10-09 22:59:34.891   -- File entry --
2026-10-09 22:59:34.891   Dest filename: D:\a\_temp\agym-c64-38001250527-5872-u8q4q801\client\Recepcion\_internal\tzdata\zoneinfo\Asia\Kamchatka
2026-10-09 22:59:34.891   Time stamp of our file: 2026-10-09 22:58:06.000
2026-10-09 22:59:34.891   Installing the file.
2026-10-09 22:59:34.891   Successfully installed the file.
2026-10-09 22:59:34.891   -- File entry --
2026-10-09 22:59:34.891   Dest filename: D:\a\_temp\agym-c64-38001250527-5872-u8q4q801\client\Recepcion\_internal\tzdata\zoneinfo\Asia\Karachi
2026-10-09 22:59:34.891   Time stamp of our file: 2026-10-09 22:58:06.000
2026-10-09 22:59:34.891   Installing the file.
2026-10-09 22:59:34.891   Successfully installed the file.
2026-10-09 22:59:34.891   -- File entry --
2026-10-09 22:59:34.891   Dest filename: D:\a\_temp\agym-c64-38001250527-5872-u8q4q801\client\Recepcion\_internal\tzdata\zoneinfo\Asia\Kashgar
2026-10-09 22:59:34.891   Time stamp of our file: 2026-10-09 22:58:06.000
2026-10-09 22:59:34.891   Installing the file.
2026-10-09 22:59:34.891   Successfully installed the file.
2026-10-09 22:59:34.891   -- File entry --
2026-10-09 22:59:34.891   Dest filename: D:\a\_temp\agym-c64-38001250527-5872-u8q4q801\client\Recepcion\_internal\tzdata\zoneinfo\Asia\Kathmandu
2026-10-09 22:59:34.891   Time stamp of our file: 2026-10-09 22:58:06.000
2026-10-09 22:59:34.891   Installing the file.
2026-10-09 22:59:34.891   Successfully installed the file.
2026-10-09 22:59:34.891   -- File entry --
2026-10-09 22:59:34.891   Dest filename: D:\a\_temp\agym-c64-38001250527-5872-u8q4q801\client\Recepcion\_internal\tzdata\zoneinfo\Asia\Katmandu
2026-10-09 22:59:34.891   Time stamp of our file: 2026-10-09 22:58:06.000
2026-10-09 22:59:34.891   Installing the file.
2026-10-09 22:59:34.891   Successfully installed the file.
2026-10-09 22:59:34.891   -- File entry --
2026-10-09 22:59:34.891   Dest filename: D:\a\_temp\agym-c64-38001250527-5872-u8q4q801\client\Recepcion\_internal\tzdata\zoneinfo\Asia\Khandyga
2026-10-09 22:59:34.891   Time stamp of our file: 2026-10-09 22:58:06.000
2026-10-09 22:59:34.891   Installing the file.
2026-10-09 22:59:34.891   Successfully installed the file.
2026-10-09 22:59:34.891   -- File entry --
2026-10-09 22:59:34.891   Dest filename: D:\a\_temp\agym-c64-38001250527-5872-u8q4q801\client\Recepcion\_internal\tzdata\zoneinfo\Asia\Kolkata
2026-10-09 22:59:34.891   Time stamp of our file: 2026-10-09 22:58:06.000
2026-10-09 22:59:34.891   Installing the file.
2026-10-09 22:59:34.891   Successfully installed the file.
2026-10-09 22:59:34.891   -- File entry --
2026-10-09 22:59:34.891   Dest filename: D:\a\_temp\agym-c64-38001250527-5872-u8q4q801\client\Recepcion\_internal\tzdata\zoneinfo\Asia\Krasnoyarsk
2026-10-09 22:59:34.891   Time stamp of our file: 2026-10-09 22:58:06.000
2026-10-09 22:59:34.891   Installing the file.
2026-10-09 22:59:34.891   Successfully installed the file.
2026-10-09 22:59:34.891   -- File entry --
2026-10-09 22:59:34.891   Dest filename: D:\a\_temp\agym-c64-38001250527-5872-u8q4q801\client\Recepcion\_internal\tzdata\zoneinfo\Asia\Kuala_Lumpur
2026-10-09 22:59:34.891   Time stamp of our file: 2026-10-09 22:58:06.000
2026-10-09 22:59:34.891   Installing the file.
2026-10-09 22:59:34.891   Successfully installed the file.
2026-10-09 22:59:34.891   -- File entry --
2026-10-09 22:59:34.891   Dest filename: D:\a\_temp\agym-c64-38001250527-5872-u8q4q801\client\Recepcion\_internal\tzdata\zoneinfo\Asia\Kuching
2026-10-09 22:59:34.891   Time stamp of our file: 2026-10-09 22:58:06.000
2026-10-09 22:59:34.891   Installing the file.
2026-10-09 22:59:34.891   Successfully installed the file.
2026-10-09 22:59:34.891   -- File entry --
2026-10-09 22:59:34.891   Dest filename: D:\a\_temp\agym-c64-38001250527-5872-u8q4q801\client\Recepcion\_internal\tzdata\zoneinfo\Asia\Kuwait
2026-10-09 22:59:34.891   Time stamp of our file: 2026-10-09 22:58:06.000
2026-10-09 22:59:34.891   Installing the file.
2026-10-09 22:59:34.891   Successfully installed the file.
2026-10-09 22:59:34.891   -- File entry --
2026-10-09 22:59:34.891   Dest filename: D:\a\_temp\agym-c64-38001250527-5872-u8q4q801\client\Recepcion\_internal\tzdata\zoneinfo\Asia\Macao
2026-10-09 22:59:34.891   Time stamp of our file: 2026-10-09 22:58:06.000
2026-10-09 22:59:34.891   Installing the file.
2026-10-09 22:59:34.891   Successfully installed the file.
2026-10-09 22:59:34.891   -- File entry --
2026-10-09 22:59:34.891   Dest filename: D:\a\_temp\agym-c64-38001250527-5872-u8q4q801\client\Recepcion\_internal\tzdata\zoneinfo\Asia\Macau
2026-10-09 22:59:34.891   Time stamp of our file: 2026-10-09 22:58:06.000
2026-10-09 22:59:34.891   Installing the file.
2026-10-09 22:59:34.891   Successfully installed the file.
2026-10-09 22:59:34.891   -- File entry --
2026-10-09 22:59:34.891   Dest filename: D:\a\_temp\agym-c64-38001250527-5872-u8q4q801\client\Recepcion\_internal\tzdata\zoneinfo\Asia\Magadan
2026-10-09 22:59:34.891   Time stamp of our file: 2026-10-09 22:58:06.000
2026-10-09 22:59:34.891   Installing the file.
2026-10-09 22:59:34.891   Successfully installed the file.
2026-10-09 22:59:34.891   -- File entry --
2026-10-09 22:59:34.891   Dest filename: D:\a\_temp\agym-c64-38001250527-5872-u8q4q801\client\Recepcion\_internal\tzdata\zoneinfo\Asia\Makassar
2026-10-09 22:59:34.891   Time stamp of our file: 2026-10-09 22:58:06.000
2026-10-09 22:59:34.891   Installing the file.
2026-10-09 22:59:34.891   Successfully installed the file.
2026-10-09 22:59:34.891   -- File entry --
2026-10-09 22:59:34.891   Dest filename: D:\a\_temp\agym-c64-38001250527-5872-u8q4q801\client\Recepcion\_internal\tzdata\zoneinfo\Asia\Manila
2026-10-09 22:59:34.891   Time stamp of our file: 2026-10-09 22:58:06.000
2026-10-09 22:59:34.891   Installing the file.
2026-10-09 22:59:34.891   Successfully installed the file.
2026-10-09 22:59:34.891   -- File entry --
2026-10-09 22:59:34.891   Dest filename: D:\a\_temp\agym-c64-38001250527-5872-u8q4q801\client\Recepcion\_internal\tzdata\zoneinfo\Asia\Muscat
2026-10-09 22:59:34.891   Time stamp of our file: 2026-10-09 22:58:06.000
2026-10-09 22:59:34.891   Installing the file.
2026-10-09 22:59:34.891   Successfully installed the file.
2026-10-09 22:59:34.891   -- File entry --
2026-10-09 22:59:34.891   Dest filename: D:\a\_temp\agym-c64-38001250527-5872-u8q4q801\client\Recepcion\_internal\tzdata\zoneinfo\Asia\Nicosia
2026-10-09 22:59:34.891   Time stamp of our file: 2026-10-09 22:58:06.000
2026-10-09 22:59:34.891   Installing the file.
2026-10-09 22:59:34.891   Successfully installed the file.
2026-10-09 22:59:34.891   -- File entry --
2026-10-09 22:59:34.891   Dest filename: D:\a\_temp\agym-c64-38001250527-5872-u8q4q801\client\Recepcion\_internal\tzdata\zoneinfo\Asia\Novokuznetsk
2026-10-09 22:59:34.891   Time stamp of our file: 2026-10-09 22:58:06.000
2026-10-09 22:59:34.891   Installing the file.
2026-10-09 22:59:34.891   Successfully installed the file.
2026-10-09 22:59:34.891   -- File entry --
2026-10-09 22:59:34.891   Dest filename: D:\a\_temp\agym-c64-38001250527-5872-u8q4q801\client\Recepcion\_internal\tzdata\zoneinfo\Asia\Novosibirsk
2026-10-09 22:59:34.891   Time stamp of our file: 2026-10-09 22:58:06.000
2026-10-09 22:59:34.891   Installing the file.
2026-10-09 22:59:34.891   Successfully installed the file.
2026-10-09 22:59:34.891   -- File entry --
2026-10-09 22:59:34.891   Dest filename: D:\a\_temp\agym-c64-38001250527-5872-u8q4q801\client\Recepcion\_internal\tzdata\zoneinfo\Asia\Omsk
2026-10-09 22:59:34.891   Time stamp of our file: 2026-10-09 22:58:06.000
2026-10-09 22:59:34.891   Installing the file.
2026-10-09 22:59:34.891   Successfully installed the file.
2026-10-09 22:59:34.891   -- File entry --
2026-10-09 22:59:34.891   Dest filename: D:\a\_temp\agym-c64-38001250527-5872-u8q4q801\client\Recepcion\_internal\tzdata\zoneinfo\Asia\Oral
2026-10-09 22:59:34.891   Time stamp of our file: 2026-10-09 22:58:06.000
2026-10-09 22:59:34.891   Installing the file.
2026-10-09 22:59:34.891   Successfully installed the file.
2026-10-09 22:59:34.891   -- File entry --
2026-10-09 22:59:34.891   Dest filename: D:\a\_temp\agym-c64-38001250527-5872-u8q4q801\client\Recepcion\_internal\tzdata\zoneinfo\Asia\Phnom_Penh
2026-10-09 22:59:34.891   Time stamp of our file: 2026-10-09 22:58:06.000
2026-10-09 22:59:34.891   Installing the file.
2026-10-09 22:59:34.891   Successfully installed the file.
2026-10-09 22:59:34.891   -- File entry --
2026-10-09 22:59:34.891   Dest filename: D:\a\_temp\agym-c64-38001250527-5872-u8q4q801\client\Recepcion\_internal\tzdata\zoneinfo\Asia\Pontianak
2026-10-09 22:59:34.891   Time stamp of our file: 2026-10-09 22:58:06.000
2026-10-09 22:59:34.891   Installing the file.
2026-10-09 22:59:34.891   Successfully installed the file.
2026-10-09 22:59:34.891   -- File entry --
2026-10-09 22:59:34.891   Dest filename: D:\a\_temp\agym-c64-38001250527-5872-u8q4q801\client\Recepcion\_internal\tzdata\zoneinfo\Asia\Pyongyang
2026-10-09 22:59:34.891   Time stamp of our file: 2026-10-09 22:58:06.000
2026-10-09 22:59:34.891   Installing the file.
2026-10-09 22:59:34.891   Successfully installed the file.
2026-10-09 22:59:34.891   -- File entry --
2026-10-09 22:59:34.891   Dest filename: D:\a\_temp\agym-c64-38001250527-5872-u8q4q801\client\Recepcion\_internal\tzdata\zoneinfo\Asia\Qatar
2026-10-09 22:59:34.906   Time stamp of our file: 2026-10-09 22:58:06.000
2026-10-09 22:59:34.906   Installing the file.
2026-10-09 22:59:34.906   Successfully installed the file.
2026-10-09 22:59:34.906   -- File entry --
2026-10-09 22:59:34.906   Dest filename: D:\a\_temp\agym-c64-38001250527-5872-u8q4q801\client\Recepcion\_internal\tzdata\zoneinfo\Asia\Qostanay
2026-10-09 22:59:34.906   Time stamp of our file: 2026-10-09 22:58:06.000
2026-10-09 22:59:34.906   Installing the file.
2026-10-09 22:59:34.906   Successfully installed the file.
2026-10-09 22:59:34.906   -- File entry --
2026-10-09 22:59:34.906   Dest filename: D:\a\_temp\agym-c64-38001250527-5872-u8q4q801\client\Recepcion\_internal\tzdata\zoneinfo\Asia\Qyzylorda
2026-10-09 22:59:34.906   Time stamp of our file: 2026-10-09 22:58:06.000
2026-10-09 22:59:34.906   Installing the file.
2026-10-09 22:59:34.906   Successfully installed the file.
2026-10-09 22:59:34.906   -- File entry --
2026-10-09 22:59:34.906   Dest filename: D:\a\_temp\agym-c64-38001250527-5872-u8q4q801\client\Recepcion\_internal\tzdata\zoneinfo\Asia\Rangoon
2026-10-09 22:59:34.906   Time stamp of our file: 2026-10-09 22:58:06.000
2026-10-09 22:59:34.906   Installing the file.
2026-10-09 22:59:34.906   Successfully installed the file.
2026-10-09 22:59:34.906   -- File entry --
2026-10-09 22:59:34.906   Dest filename: D:\a\_temp\agym-c64-38001250527-5872-u8q4q801\client\Recepcion\_internal\tzdata\zoneinfo\Asia\Riyadh
2026-10-09 22:59:34.906   Time stamp of our file: 2026-10-09 22:58:06.000
2026-10-09 22:59:34.906   Installing the file.
2026-10-09 22:59:34.906   Successfully installed the file.
2026-10-09 22:59:34.906   -- File entry --
2026-10-09 22:59:34.906   Dest filename: D:\a\_temp\agym-c64-38001250527-5872-u8q4q801\client\Recepcion\_internal\tzdata\zoneinfo\Asia\Saigon
2026-10-09 22:59:34.906   Time stamp of our file: 2026-10-09 22:58:06.000
2026-10-09 22:59:34.906   Installing the file.
2026-10-09 22:59:34.906   Successfully installed the file.
2026-10-09 22:59:34.906   -- File entry --
2026-10-09 22:59:34.906   Dest filename: D:\a\_temp\agym-c64-38001250527-5872-u8q4q801\client\Recepcion\_internal\tzdata\zoneinfo\Asia\Sakhalin
2026-10-09 22:59:34.906   Time stamp of our file: 2026-10-09 22:58:06.000
2026-10-09 22:59:34.906   Installing the file.
2026-10-09 22:59:34.906   Successfully installed the file.
2026-10-09 22:59:34.906   -- File entry --
2026-10-09 22:59:34.906   Dest filename: D:\a\_temp\agym-c64-38001250527-5872-u8q4q801\client\Recepcion\_internal\tzdata\zoneinfo\Asia\Samarkand
2026-10-09 22:59:34.906   Time stamp of our file: 2026-10-09 22:58:06.000
2026-10-09 22:59:34.906   Installing the file.
2026-10-09 22:59:34.906   Successfully installed the file.
2026-10-09 22:59:34.906   -- File entry --
2026-10-09 22:59:34.906   Dest filename: D:\a\_temp\agym-c64-38001250527-5872-u8q4q801\client\Recepcion\_internal\tzdata\zoneinfo\Asia\Seoul
2026-10-09 22:59:34.906   Time stamp of our file: 2026-10-09 22:58:06.000
2026-10-09 22:59:34.906   Installing the file.
2026-10-09 22:59:34.906   Successfully installed the file.
2026-10-09 22:59:34.906   -- File entry --
2026-10-09 22:59:34.906   Dest filename: D:\a\_temp\agym-c64-38001250527-5872-u8q4q801\client\Recepcion\_internal\tzdata\zoneinfo\Asia\Shanghai
2026-10-09 22:59:34.906   Time stamp of our file: 2026-10-09 22:58:06.000
2026-10-09 22:59:34.906   Installing the file.
2026-10-09 22:59:34.906   Successfully installed the file.
2026-10-09 22:59:34.906   -- File entry --
2026-10-09 22:59:34.906   Dest filename: D:\a\_temp\agym-c64-38001250527-5872-u8q4q801\client\Recepcion\_internal\tzdata\zoneinfo\Asia\Singapore
2026-10-09 22:59:34.906   Time stamp of our file: 2026-10-09 22:58:06.000
2026-10-09 22:59:34.906   Installing the file.
2026-10-09 22:59:34.906   Successfully installed the file.
2026-10-09 22:59:34.906   -- File entry --
2026-10-09 22:59:34.906   Dest filename: D:\a\_temp\agym-c64-38001250527-5872-u8q4q801\client\Recepcion\_internal\tzdata\zoneinfo\Asia\Srednekolymsk
2026-10-09 22:59:34.906   Time stamp of our file: 2026-10-09 22:58:06.000
2026-10-09 22:59:34.906   Installing the file.
2026-10-09 22:59:34.906   Successfully installed the file.
2026-10-09 22:59:34.906   -- File entry --
2026-10-09 22:59:34.906   Dest filename: D:\a\_temp\agym-c64-38001250527-5872-u8q4q801\client\Recepcion\_internal\tzdata\zoneinfo\Asia\Taipei
2026-10-09 22:59:34.906   Time stamp of our file: 2026-10-09 22:58:06.000
2026-10-09 22:59:34.906   Installing the file.
2026-10-09 22:59:34.906   Successfully installed the file.
2026-10-09 22:59:34.906   -- File entry --
2026-10-09 22:59:34.906   Dest filename: D:\a\_temp\agym-c64-38001250527-5872-u8q4q801\client\Recepcion\_internal\tzdata\zoneinfo\Asia\Tashkent
2026-10-09 22:59:34.906   Time stamp of our file: 2026-10-09 22:58:06.000
2026-10-09 22:59:34.906   Installing the file.
2026-10-09 22:59:34.906   Successfully installed the file.
2026-10-09 22:59:34.906   -- File entry --
2026-10-09 22:59:34.906   Dest filename: D:\a\_temp\agym-c64-38001250527-5872-u8q4q801\client\Recepcion\_internal\tzdata\zoneinfo\Asia\Tbilisi
2026-10-09 22:59:34.906   Time stamp of our file: 2026-10-09 22:58:06.000
2026-10-09 22:59:34.906   Installing the file.
2026-10-09 22:59:34.906   Successfully installed the file.
2026-10-09 22:59:34.906   -- File entry --
2026-10-09 22:59:34.906   Dest filename: D:\a\_temp\agym-c64-38001250527-5872-u8q4q801\client\Recepcion\_internal\tzdata\zoneinfo\Asia\Tehran
2026-10-09 22:59:34.906   Time stamp of our file: 2026-10-09 22:58:06.000
2026-10-09 22:59:34.906   Installing the file.
2026-10-09 22:59:34.906   Successfully installed the file.
2026-10-09 22:59:34.906   -- File entry --
2026-10-09 22:59:34.906   Dest filename: D:\a\_temp\agym-c64-38001250527-5872-u8q4q801\client\Recepcion\_internal\tzdata\zoneinfo\Asia\Tel_Aviv
2026-10-09 22:59:34.906   Time stamp of our file: 2026-10-09 22:58:06.000
2026-10-09 22:59:34.906   Installing the file.
2026-10-09 22:59:34.906   Successfully installed the file.
2026-10-09 22:59:34.906   -- File entry --
2026-10-09 22:59:34.906   Dest filename: D:\a\_temp\agym-c64-38001250527-5872-u8q4q801\client\Recepcion\_internal\tzdata\zoneinfo\Asia\Thimbu
2026-10-09 22:59:34.906   Time stamp of our file: 2026-10-09 22:58:06.000
2026-10-09 22:59:34.906   Installing the file.
2026-10-09 22:59:34.906   Successfully installed the file.
2026-10-09 22:59:34.906   -- File entry --
2026-10-09 22:59:34.906   Dest filename: D:\a\_temp\agym-c64-38001250527-5872-u8q4q801\client\Recepcion\_internal\tzdata\zoneinfo\Asia\Thimphu
2026-10-09 22:59:34.906   Time stamp of our file: 2026-10-09 22:58:06.000
2026-10-09 22:59:34.906   Installing the file.
2026-10-09 22:59:34.906   Successfully installed the file.
2026-10-09 22:59:34.906   -- File entry --
2026-10-09 22:59:34.906   Dest filename: D:\a\_temp\agym-c64-38001250527-5872-u8q4q801\client\Recepcion\_internal\tzdata\zoneinfo\Asia\Tokyo
2026-10-09 22:59:34.906   Time stamp of our file: 2026-10-09 22:58:06.000
2026-10-09 22:59:34.906   Installing the file.
2026-10-09 22:59:34.906   Successfully installed the file.
2026-10-09 22:59:34.906   -- File entry --
2026-10-09 22:59:34.906   Dest filename: D:\a\_temp\agym-c64-38001250527-5872-u8q4q801\client\Recepcion\_internal\tzdata\zoneinfo\Asia\Tomsk
2026-10-09 22:59:34.906   Time stamp of our file: 2026-10-09 22:58:06.000
2026-10-09 22:59:34.906   Installing the file.
2026-10-09 22:59:34.906   Successfully installed the file.
2026-10-09 22:59:34.906   -- File entry --
2026-10-09 22:59:34.906   Dest filename: D:\a\_temp\agym-c64-38001250527-5872-u8q4q801\client\Recepcion\_internal\tzdata\zoneinfo\Asia\Ujung_Pandang
2026-10-09 22:59:34.906   Time stamp of our file: 2026-10-09 22:58:06.000
2026-10-09 22:59:34.906   Installing the file.
2026-10-09 22:59:34.906   Successfully installed the file.
2026-10-09 22:59:34.906   -- File entry --
2026-10-09 22:59:34.906   Dest filename: D:\a\_temp\agym-c64-38001250527-5872-u8q4q801\client\Recepcion\_internal\tzdata\zoneinfo\Asia\Ulaanbaatar
2026-10-09 22:59:34.906   Time stamp of our file: 2026-10-09 22:58:06.000
2026-10-09 22:59:34.906   Installing the file.
2026-10-09 22:59:34.906   Successfully installed the file.
2026-10-09 22:59:34.906   -- File entry --
2026-10-09 22:59:34.906   Dest filename: D:\a\_temp\agym-c64-38001250527-5872-u8q4q801\client\Recepcion\_internal\tzdata\zoneinfo\Asia\Ulan_Bator
2026-10-09 22:59:34.906   Time stamp of our file: 2026-10-09 22:58:06.000
2026-10-09 22:59:34.906   Installing the file.
2026-10-09 22:59:34.906   Successfully installed the file.
2026-10-09 22:59:34.906   -- File entry --
2026-10-09 22:59:34.906   Dest filename: D:\a\_temp\agym-c64-38001250527-5872-u8q4q801\client\Recepcion\_internal\tzdata\zoneinfo\Asia\Urumqi
2026-10-09 22:59:34.906   Time stamp of our file: 2026-10-09 22:58:06.000
2026-10-09 22:59:34.906   Installing the file.
2026-10-09 22:59:34.906   Successfully installed the file.
2026-10-09 22:59:34.906   -- File entry --
2026-10-09 22:59:34.906   Dest filename: D:\a\_temp\agym-c64-38001250527-5872-u8q4q801\client\Recepcion\_internal\tzdata\zoneinfo\Asia\Ust-Nera
2026-10-09 22:59:34.906   Time stamp of our file: 2026-10-09 22:58:06.000
2026-10-09 22:59:34.906   Installing the file.
2026-10-09 22:59:34.906   Successfully installed the file.
2026-10-09 22:59:34.906   -- File entry --
2026-10-09 22:59:34.906   Dest filename: D:\a\_temp\agym-c64-38001250527-5872-u8q4q801\client\Recepcion\_internal\tzdata\zoneinfo\Asia\Vientiane
2026-10-09 22:59:34.906   Time stamp of our file: 2026-10-09 22:58:06.000
2026-10-09 22:59:34.906   Installing the file.
2026-10-09 22:59:34.906   Successfully installed the file.
2026-10-09 22:59:34.906   -- File entry --
2026-10-09 22:59:34.906   Dest filename: D:\a\_temp\agym-c64-38001250527-5872-u8q4q801\client\Recepcion\_internal\tzdata\zoneinfo\Asia\Vladivostok
2026-10-09 22:59:34.906   Time stamp of our file: 2026-10-09 22:58:06.000
2026-10-09 22:59:34.906   Installing the file.
2026-10-09 22:59:34.906   Successfully installed the file.
2026-10-09 22:59:34.906   -- File entry --
2026-10-09 22:59:34.906   Dest filename: D:\a\_temp\agym-c64-38001250527-5872-u8q4q801\client\Recepcion\_internal\tzdata\zoneinfo\Asia\Yakutsk
2026-10-09 22:59:34.906   Time stamp of our file: 2026-10-09 22:58:06.000
2026-10-09 22:59:34.906   Installing the file.
2026-10-09 22:59:34.906   Successfully installed the file.
2026-10-09 22:59:34.906   -- File entry --
2026-10-09 22:59:34.906   Dest filename: D:\a\_temp\agym-c64-38001250527-5872-u8q4q801\client\Recepcion\_internal\tzdata\zoneinfo\Asia\Yangon
2026-10-09 22:59:34.906   Time stamp of our file: 2026-10-09 22:58:06.000
2026-10-09 22:59:34.906   Installing the file.
2026-10-09 22:59:34.906   Successfully installed the file.
2026-10-09 22:59:34.906   -- File entry --
2026-10-09 22:59:34.906   Dest filename: D:\a\_temp\agym-c64-38001250527-5872-u8q4q801\client\Recepcion\_internal\tzdata\zoneinfo\Asia\Yekaterinburg
2026-10-09 22:59:34.906   Time stamp of our file: 2026-10-09 22:58:06.000
2026-10-09 22:59:34.906   Installing the file.
2026-10-09 22:59:34.906   Successfully installed the file.
2026-10-09 22:59:34.906   -- File entry --
2026-10-09 22:59:34.906   Dest filename: D:\a\_temp\agym-c64-38001250527-5872-u8q4q801\client\Recepcion\_internal\tzdata\zoneinfo\Asia\Yerevan
2026-10-09 22:59:34.906   Time stamp of our file: 2026-10-09 22:58:06.000
2026-10-09 22:59:34.906   Installing the file.
2026-10-09 22:59:34.906   Successfully installed the file.
2026-10-09 22:59:34.906   -- File entry --
2026-10-09 22:59:34.906   Dest filename: D:\a\_temp\agym-c64-38001250527-5872-u8q4q801\client\Recepcion\_internal\tzdata\zoneinfo\Asia\__init__.py
2026-10-09 22:59:34.906   Time stamp of our file: 2026-10-09 22:58:06.000
2026-10-09 22:59:34.906   Installing the file.
2026-10-09 22:59:34.906   Successfully installed the file.
2026-10-09 22:59:34.906   -- File entry --
2026-10-09 22:59:34.906   Dest filename: D:\a\_temp\agym-c64-38001250527-5872-u8q4q801\client\Recepcion\_internal\tzdata\zoneinfo\Atlantic\Azores
2026-10-09 22:59:34.906   Time stamp of our file: 2026-10-09 22:58:06.000
2026-10-09 22:59:34.906   Installing the file.
2026-10-09 22:59:34.906   Creating directory: D:\a\_temp\agym-c64-38001250527-5872-u8q4q801\client\Recepcion\_internal\tzdata\zoneinfo\Atlantic
2026-10-09 22:59:34.906   Successfully installed the file.
2026-10-09 22:59:34.906   -- File entry --
2026-10-09 22:59:34.906   Dest filename: D:\a\_temp\agym-c64-38001250527-5872-u8q4q801\client\Recepcion\_internal\tzdata\zoneinfo\Atlantic\Bermuda
2026-10-09 22:59:34.906   Time stamp of our file: 2026-10-09 22:58:06.000
2026-10-09 22:59:34.906   Installing the file.
2026-10-09 22:59:34.906   Successfully installed the file.
2026-10-09 22:59:34.906   -- File entry --
2026-10-09 22:59:34.906   Dest filename: D:\a\_temp\agym-c64-38001250527-5872-u8q4q801\client\Recepcion\_internal\tzdata\zoneinfo\Atlantic\Canary
2026-10-09 22:59:34.906   Time stamp of our file: 2026-10-09 22:58:06.000
2026-10-09 22:59:34.906   Installing the file.
2026-10-09 22:59:34.906   Successfully installed the file.
2026-10-09 22:59:34.906   -- File entry --
2026-10-09 22:59:34.906   Dest filename: D:\a\_temp\agym-c64-38001250527-5872-u8q4q801\client\Recepcion\_internal\tzdata\zoneinfo\Atlantic\Cape_Verde
2026-10-09 22:59:34.906   Time stamp of our file: 2026-10-09 22:58:06.000
2026-10-09 22:59:34.906   Installing the file.
2026-10-09 22:59:34.906   Successfully installed the file.
2026-10-09 22:59:34.906   -- File entry --
2026-10-09 22:59:34.906   Dest filename: D:\a\_temp\agym-c64-38001250527-5872-u8q4q801\client\Recepcion\_internal\tzdata\zoneinfo\Atlantic\Faeroe
2026-10-09 22:59:34.922   Time stamp of our file: 2026-10-09 22:58:06.000
2026-10-09 22:59:34.922   Installing the file.
2026-10-09 22:59:34.922   Successfully installed the file.
2026-10-09 22:59:34.922   -- File entry --
2026-10-09 22:59:34.922   Dest filename: D:\a\_temp\agym-c64-38001250527-5872-u8q4q801\client\Recepcion\_internal\tzdata\zoneinfo\Atlantic\Faroe
2026-10-09 22:59:34.922   Time stamp of our file: 2026-10-09 22:58:06.000
2026-10-09 22:59:34.922   Installing the file.
2026-10-09 22:59:34.922   Successfully installed the file.
2026-10-09 22:59:34.922   -- File entry --
2026-10-09 22:59:34.922   Dest filename: D:\a\_temp\agym-c64-38001250527-5872-u8q4q801\client\Recepcion\_internal\tzdata\zoneinfo\Atlantic\Jan_Mayen
2026-10-09 22:59:34.922   Time stamp of our file: 2026-10-09 22:58:06.000
2026-10-09 22:59:34.922   Installing the file.
2026-10-09 22:59:34.922   Successfully installed the file.
2026-10-09 22:59:34.922   -- File entry --
2026-10-09 22:59:34.922   Dest filename: D:\a\_temp\agym-c64-38001250527-5872-u8q4q801\client\Recepcion\_internal\tzdata\zoneinfo\Atlantic\Madeira
2026-10-09 22:59:34.922   Time stamp of our file: 2026-10-09 22:58:06.000
2026-10-09 22:59:34.922   Installing the file.
2026-10-09 22:59:34.922   Successfully installed the file.
2026-10-09 22:59:34.922   -- File entry --
2026-10-09 22:59:34.922   Dest filename: D:\a\_temp\agym-c64-38001250527-5872-u8q4q801\client\Recepcion\_internal\tzdata\zoneinfo\Atlantic\Reykjavik
2026-10-09 22:59:34.922   Time stamp of our file: 2026-10-09 22:58:06.000
2026-10-09 22:59:34.922   Installing the file.
2026-10-09 22:59:34.922   Successfully installed the file.
2026-10-09 22:59:34.922   -- File entry --
2026-10-09 22:59:34.922   Dest filename: D:\a\_temp\agym-c64-38001250527-5872-u8q4q801\client\Recepcion\_internal\tzdata\zoneinfo\Atlantic\South_Georgia
2026-10-09 22:59:34.922   Time stamp of our file: 2026-10-09 22:58:06.000
2026-10-09 22:59:34.922   Installing the file.
2026-10-09 22:59:34.922   Successfully installed the file.
2026-10-09 22:59:34.922   -- File entry --
2026-10-09 22:59:34.922   Dest filename: D:\a\_temp\agym-c64-38001250527-5872-u8q4q801\client\Recepcion\_internal\tzdata\zoneinfo\Atlantic\Stanley
2026-10-09 22:59:34.922   Time stamp of our file: 2026-10-09 22:58:06.000
2026-10-09 22:59:34.922   Installing the file.
2026-10-09 22:59:34.922   Successfully installed the file.
2026-10-09 22:59:34.922   -- File entry --
2026-10-09 22:59:34.922   Dest filename: D:\a\_temp\agym-c64-38001250527-5872-u8q4q801\client\Recepcion\_internal\tzdata\zoneinfo\Atlantic\St_Helena
2026-10-09 22:59:34.922   Time stamp of our file: 2026-10-09 22:58:06.000
2026-10-09 22:59:34.922   Installing the file.
2026-10-09 22:59:34.922   Successfully installed the file.
2026-10-09 22:59:34.922   -- File entry --
2026-10-09 22:59:34.922   Dest filename: D:\a\_temp\agym-c64-38001250527-5872-u8q4q801\client\Recepcion\_internal\tzdata\zoneinfo\Atlantic\__init__.py
2026-10-09 22:59:34.922   Time stamp of our file: 2026-10-09 22:58:06.000
2026-10-09 22:59:34.922   Installing the file.
2026-10-09 22:59:34.922   Successfully installed the file.
2026-10-09 22:59:34.922   -- File entry --
2026-10-09 22:59:34.922   Dest filename: D:\a\_temp\agym-c64-38001250527-5872-u8q4q801\client\Recepcion\_internal\tzdata\zoneinfo\Australia\ACT
2026-10-09 22:59:34.922   Time stamp of our file: 2026-10-09 22:58:06.000
2026-10-09 22:59:34.922   Installing the file.
2026-10-09 22:59:34.922   Creating directory: D:\a\_temp\agym-c64-38001250527-5872-u8q4q801\client\Recepcion\_internal\tzdata\zoneinfo\Australia
2026-10-09 22:59:34.922   Successfully installed the file.
2026-10-09 22:59:34.922   -- File entry --
2026-10-09 22:59:34.922   Dest filename: D:\a\_temp\agym-c64-38001250527-5872-u8q4q801\client\Recepcion\_internal\tzdata\zoneinfo\Australia\Adelaide
2026-10-09 22:59:34.922   Time stamp of our file: 2026-10-09 22:58:06.000
2026-10-09 22:59:34.922   Installing the file.
2026-10-09 22:59:34.922   Successfully installed the file.
2026-10-09 22:59:34.922   -- File entry --
2026-10-09 22:59:34.922   Dest filename: D:\a\_temp\agym-c64-38001250527-5872-u8q4q801\client\Recepcion\_internal\tzdata\zoneinfo\Australia\Brisbane
2026-10-09 22:59:34.922   Time stamp of our file: 2026-10-09 22:58:06.000
2026-10-09 22:59:34.922   Installing the file.
2026-10-09 22:59:34.922   Successfully installed the file.
2026-10-09 22:59:34.922   -- File entry --
2026-10-09 22:59:34.922   Dest filename: D:\a\_temp\agym-c64-38001250527-5872-u8q4q801\client\Recepcion\_internal\tzdata\zoneinfo\Australia\Broken_Hill
2026-10-09 22:59:34.922   Time stamp of our file: 2026-10-09 22:58:06.000
2026-10-09 22:59:34.922   Installing the file.
2026-10-09 22:59:34.922   Successfully installed the file.
2026-10-09 22:59:34.922   -- File entry --
2026-10-09 22:59:34.922   Dest filename: D:\a\_temp\agym-c64-38001250527-5872-u8q4q801\client\Recepcion\_internal\tzdata\zoneinfo\Australia\Canberra
2026-10-09 22:59:34.922   Time stamp of our file: 2026-10-09 22:58:06.000
2026-10-09 22:59:34.922   Installing the file.
2026-10-09 22:59:34.922   Successfully installed the file.
2026-10-09 22:59:34.922   -- File entry --
2026-10-09 22:59:34.922   Dest filename: D:\a\_temp\agym-c64-38001250527-5872-u8q4q801\client\Recepcion\_internal\tzdata\zoneinfo\Australia\Currie
2026-10-09 22:59:34.922   Time stamp of our file: 2026-10-09 22:58:06.000
2026-10-09 22:59:34.922   Installing the file.
2026-10-09 22:59:34.922   Successfully installed the file.
2026-10-09 22:59:34.922   -- File entry --
2026-10-09 22:59:34.922   Dest filename: D:\a\_temp\agym-c64-38001250527-5872-u8q4q801\client\Recepcion\_internal\tzdata\zoneinfo\Australia\Darwin
2026-10-09 22:59:34.922   Time stamp of our file: 2026-10-09 22:58:06.000
2026-10-09 22:59:34.922   Installing the file.
2026-10-09 22:59:34.922   Successfully installed the file.
2026-10-09 22:59:34.922   -- File entry --
2026-10-09 22:59:34.922   Dest filename: D:\a\_temp\agym-c64-38001250527-5872-u8q4q801\client\Recepcion\_internal\tzdata\zoneinfo\Australia\Eucla
2026-10-09 22:59:34.922   Time stamp of our file: 2026-10-09 22:58:06.000
2026-10-09 22:59:34.922   Installing the file.
2026-10-09 22:59:34.922   Successfully installed the file.
2026-10-09 22:59:34.922   -- File entry --
2026-10-09 22:59:34.922   Dest filename: D:\a\_temp\agym-c64-38001250527-5872-u8q4q801\client\Recepcion\_internal\tzdata\zoneinfo\Australia\Hobart
2026-10-09 22:59:34.922   Time stamp of our file: 2026-10-09 22:58:06.000
2026-10-09 22:59:34.922   Installing the file.
2026-10-09 22:59:34.922   Successfully installed the file.
2026-10-09 22:59:34.922   -- File entry --
2026-10-09 22:59:34.922   Dest filename: D:\a\_temp\agym-c64-38001250527-5872-u8q4q801\client\Recepcion\_internal\tzdata\zoneinfo\Australia\LHI
2026-10-09 22:59:34.922   Time stamp of our file: 2026-10-09 22:58:06.000
2026-10-09 22:59:34.922   Installing the file.
2026-10-09 22:59:34.922   Successfully installed the file.
2026-10-09 22:59:34.922   -- File entry --
2026-10-09 22:59:34.922   Dest filename: D:\a\_temp\agym-c64-38001250527-5872-u8q4q801\client\Recepcion\_internal\tzdata\zoneinfo\Australia\Lindeman
2026-10-09 22:59:34.922   Time stamp of our file: 2026-10-09 22:58:06.000
2026-10-09 22:59:34.922   Installing the file.
2026-10-09 22:59:34.922   Successfully installed the file.
2026-10-09 22:59:34.922   -- File entry --
2026-10-09 22:59:34.922   Dest filename: D:\a\_temp\agym-c64-38001250527-5872-u8q4q801\client\Recepcion\_internal\tzdata\zoneinfo\Australia\Lord_Howe
2026-10-09 22:59:34.922   Time stamp of our file: 2026-10-09 22:58:06.000
2026-10-09 22:59:34.922   Installing the file.
2026-10-09 22:59:34.922   Successfully installed the file.
2026-10-09 22:59:34.922   -- File entry --
2026-10-09 22:59:34.922   Dest filename: D:\a\_temp\agym-c64-38001250527-5872-u8q4q801\client\Recepcion\_internal\tzdata\zoneinfo\Australia\Melbourne
2026-10-09 22:59:34.922   Time stamp of our file: 2026-10-09 22:58:06.000
2026-10-09 22:59:34.922   Installing the file.
2026-10-09 22:59:34.922   Successfully installed the file.
2026-10-09 22:59:34.922   -- File entry --
2026-10-09 22:59:34.922   Dest filename: D:\a\_temp\agym-c64-38001250527-5872-u8q4q801\client\Recepcion\_internal\tzdata\zoneinfo\Australia\North
2026-10-09 22:59:34.922   Time stamp of our file: 2026-10-09 22:58:06.000
2026-10-09 22:59:34.922   Installing the file.
2026-10-09 22:59:34.922   Successfully installed the file.
2026-10-09 22:59:34.922   -- File entry --
2026-10-09 22:59:34.922   Dest filename: D:\a\_temp\agym-c64-38001250527-5872-u8q4q801\client\Recepcion\_internal\tzdata\zoneinfo\Australia\NSW
2026-10-09 22:59:34.922   Time stamp of our file: 2026-10-09 22:58:06.000
2026-10-09 22:59:34.922   Installing the file.
2026-10-09 22:59:34.922   Successfully installed the file.
2026-10-09 22:59:34.922   -- File entry --
2026-10-09 22:59:34.922   Dest filename: D:\a\_temp\agym-c64-38001250527-5872-u8q4q801\client\Recepcion\_internal\tzdata\zoneinfo\Australia\Perth
2026-10-09 22:59:34.922   Time stamp of our file: 2026-10-09 22:58:06.000
2026-10-09 22:59:34.922   Installing the file.
2026-10-09 22:59:34.922   Successfully installed the file.
2026-10-09 22:59:34.922   -- File entry --
2026-10-09 22:59:34.922   Dest filename: D:\a\_temp\agym-c64-38001250527-5872-u8q4q801\client\Recepcion\_internal\tzdata\zoneinfo\Australia\Queensland
2026-10-09 22:59:34.922   Time stamp of our file: 2026-10-09 22:58:06.000
2026-10-09 22:59:34.922   Installing the file.
2026-10-09 22:59:34.922   Successfully installed the file.
2026-10-09 22:59:34.922   -- File entry --
2026-10-09 22:59:34.922   Dest filename: D:\a\_temp\agym-c64-38001250527-5872-u8q4q801\client\Recepcion\_internal\tzdata\zoneinfo\Australia\South
2026-10-09 22:59:34.922   Time stamp of our file: 2026-10-09 22:58:06.000
2026-10-09 22:59:34.922   Installing the file.
2026-10-09 22:59:34.922   Successfully installed the file.
2026-10-09 22:59:34.922   -- File entry --
2026-10-09 22:59:34.922   Dest filename: D:\a\_temp\agym-c64-38001250527-5872-u8q4q801\client\Recepcion\_internal\tzdata\zoneinfo\Australia\Sydney
2026-10-09 22:59:34.922   Time stamp of our file: 2026-10-09 22:58:06.000
2026-10-09 22:59:34.922   Installing the file.
2026-10-09 22:59:34.922   Successfully installed the file.
2026-10-09 22:59:34.922   -- File entry --
2026-10-09 22:59:34.922   Dest filename: D:\a\_temp\agym-c64-38001250527-5872-u8q4q801\client\Recepcion\_internal\tzdata\zoneinfo\Australia\Tasmania
2026-10-09 22:59:34.922   Time stamp of our file: 2026-10-09 22:58:06.000
2026-10-09 22:59:34.922   Installing the file.
2026-10-09 22:59:34.922   Successfully installed the file.
2026-10-09 22:59:34.922   -- File entry --
2026-10-09 22:59:34.922   Dest filename: D:\a\_temp\agym-c64-38001250527-5872-u8q4q801\client\Recepcion\_internal\tzdata\zoneinfo\Australia\Victoria
2026-10-09 22:59:34.922   Time stamp of our file: 2026-10-09 22:58:06.000
2026-10-09 22:59:34.922   Installing the file.
2026-10-09 22:59:34.922   Successfully installed the file.
2026-10-09 22:59:34.922   -- File entry --
2026-10-09 22:59:34.922   Dest filename: D:\a\_temp\agym-c64-38001250527-5872-u8q4q801\client\Recepcion\_internal\tzdata\zoneinfo\Australia\West
2026-10-09 22:59:34.922   Time stamp of our file: 2026-10-09 22:58:06.000
2026-10-09 22:59:34.922   Installing the file.
2026-10-09 22:59:34.922   Successfully installed the file.
2026-10-09 22:59:34.922   -- File entry --
2026-10-09 22:59:34.922   Dest filename: D:\a\_temp\agym-c64-38001250527-5872-u8q4q801\client\Recepcion\_internal\tzdata\zoneinfo\Australia\Yancowinna
2026-10-09 22:59:34.922   Time stamp of our file: 2026-10-09 22:58:06.000
2026-10-09 22:59:34.922   Installing the file.
2026-10-09 22:59:34.922   Successfully installed the file.
2026-10-09 22:59:34.922   -- File entry --
2026-10-09 22:59:34.922   Dest filename: D:\a\_temp\agym-c64-38001250527-5872-u8q4q801\client\Recepcion\_internal\tzdata\zoneinfo\Australia\__init__.py
2026-10-09 22:59:34.922   Time stamp of our file: 2026-10-09 22:58:06.000
2026-10-09 22:59:34.922   Installing the file.
2026-10-09 22:59:34.922   Successfully installed the file.
2026-10-09 22:59:34.922   -- File entry --
2026-10-09 22:59:34.922   Dest filename: D:\a\_temp\agym-c64-38001250527-5872-u8q4q801\client\Recepcion\_internal\tzdata\zoneinfo\Brazil\Acre
2026-10-09 22:59:34.922   Time stamp of our file: 2026-10-09 22:58:06.000
2026-10-09 22:59:34.922   Installing the file.
2026-10-09 22:59:34.922   Creating directory: D:\a\_temp\agym-c64-38001250527-5872-u8q4q801\client\Recepcion\_internal\tzdata\zoneinfo\Brazil
2026-10-09 22:59:34.922   Successfully installed the file.
2026-10-09 22:59:34.922   -- File entry --
2026-10-09 22:59:34.922   Dest filename: D:\a\_temp\agym-c64-38001250527-5872-u8q4q801\client\Recepcion\_internal\tzdata\zoneinfo\Brazil\DeNoronha
2026-10-09 22:59:34.922   Time stamp of our file: 2026-10-09 22:58:06.000
2026-10-09 22:59:34.922   Installing the file.
2026-10-09 22:59:34.922   Successfully installed the file.
2026-10-09 22:59:34.922   -- File entry --
2026-10-09 22:59:34.922   Dest filename: D:\a\_temp\agym-c64-38001250527-5872-u8q4q801\client\Recepcion\_internal\tzdata\zoneinfo\Brazil\East
2026-10-09 22:59:34.922   Time stamp of our file: 2026-10-09 22:58:06.000
2026-10-09 22:59:34.922   Installing the file.
2026-10-09 22:59:34.922   Successfully installed the file.
2026-10-09 22:59:34.922   -- File entry --
2026-10-09 22:59:34.922   Dest filename: D:\a\_temp\agym-c64-38001250527-5872-u8q4q801\client\Recepcion\_internal\tzdata\zoneinfo\Brazil\West
2026-10-09 22:59:34.922   Time stamp of our file: 2026-10-09 22:58:06.000
2026-10-09 22:59:34.922   Installing the file.
2026-10-09 22:59:34.937   Successfully installed the file.
2026-10-09 22:59:34.937   -- File entry --
2026-10-09 22:59:34.937   Dest filename: D:\a\_temp\agym-c64-38001250527-5872-u8q4q801\client\Recepcion\_internal\tzdata\zoneinfo\Brazil\__init__.py
2026-10-09 22:59:34.937   Time stamp of our file: 2026-10-09 22:58:06.000
2026-10-09 22:59:34.937   Installing the file.
2026-10-09 22:59:34.937   Successfully installed the file.
2026-10-09 22:59:34.937   -- File entry --
2026-10-09 22:59:34.937   Dest filename: D:\a\_temp\agym-c64-38001250527-5872-u8q4q801\client\Recepcion\_internal\tzdata\zoneinfo\Canada\Atlantic
2026-10-09 22:59:34.937   Time stamp of our file: 2026-10-09 22:58:06.000
2026-10-09 22:59:34.937   Installing the file.
2026-10-09 22:59:34.937   Creating directory: D:\a\_temp\agym-c64-38001250527-5872-u8q4q801\client\Recepcion\_internal\tzdata\zoneinfo\Canada
2026-10-09 22:59:34.937   Successfully installed the file.
2026-10-09 22:59:34.937   -- File entry --
2026-10-09 22:59:34.937   Dest filename: D:\a\_temp\agym-c64-38001250527-5872-u8q4q801\client\Recepcion\_internal\tzdata\zoneinfo\Canada\Central
2026-10-09 22:59:34.937   Time stamp of our file: 2026-10-09 22:58:06.000
2026-10-09 22:59:34.937   Installing the file.
2026-10-09 22:59:34.937   Successfully installed the file.
2026-10-09 22:59:34.937   -- File entry --
2026-10-09 22:59:34.937   Dest filename: D:\a\_temp\agym-c64-38001250527-5872-u8q4q801\client\Recepcion\_internal\tzdata\zoneinfo\Canada\Eastern
2026-10-09 22:59:34.937   Time stamp of our file: 2026-10-09 22:58:06.000
2026-10-09 22:59:34.937   Installing the file.
2026-10-09 22:59:34.937   Successfully installed the file.
2026-10-09 22:59:34.937   -- File entry --
2026-10-09 22:59:34.937   Dest filename: D:\a\_temp\agym-c64-38001250527-5872-u8q4q801\client\Recepcion\_internal\tzdata\zoneinfo\Canada\Mountain
2026-10-09 22:59:34.937   Time stamp of our file: 2026-10-09 22:58:06.000
2026-10-09 22:59:34.937   Installing the file.
2026-10-09 22:59:34.937   Successfully installed the file.
2026-10-09 22:59:34.937   -- File entry --
2026-10-09 22:59:34.937   Dest filename: D:\a\_temp\agym-c64-38001250527-5872-u8q4q801\client\Recepcion\_internal\tzdata\zoneinfo\Canada\Newfoundland
2026-10-09 22:59:34.937   Time stamp of our file: 2026-10-09 22:58:06.000
2026-10-09 22:59:34.937   Installing the file.
2026-10-09 22:59:34.937   Successfully installed the file.
2026-10-09 22:59:34.937   -- File entry --
2026-10-09 22:59:34.937   Dest filename: D:\a\_temp\agym-c64-38001250527-5872-u8q4q801\client\Recepcion\_internal\tzdata\zoneinfo\Canada\Pacific
2026-10-09 22:59:34.937   Time stamp of our file: 2026-10-09 22:58:06.000
2026-10-09 22:59:34.937   Installing the file.
2026-10-09 22:59:34.937   Successfully installed the file.
2026-10-09 22:59:34.937   -- File entry --
2026-10-09 22:59:34.937   Dest filename: D:\a\_temp\agym-c64-38001250527-5872-u8q4q801\client\Recepcion\_internal\tzdata\zoneinfo\Canada\Saskatchewan
2026-10-09 22:59:34.937   Time stamp of our file: 2026-10-09 22:58:06.000
2026-10-09 22:59:34.937   Installing the file.
2026-10-09 22:59:34.937   Successfully installed the file.
2026-10-09 22:59:34.937   -- File entry --
2026-10-09 22:59:34.937   Dest filename: D:\a\_temp\agym-c64-38001250527-5872-u8q4q801\client\Recepcion\_internal\tzdata\zoneinfo\Canada\Yukon
2026-10-09 22:59:34.937   Time stamp of our file: 2026-10-09 22:58:06.000
2026-10-09 22:59:34.937   Installing the file.
2026-10-09 22:59:34.937   Successfully installed the file.
2026-10-09 22:59:34.937   -- File entry --
2026-10-09 22:59:34.937   Dest filename: D:\a\_temp\agym-c64-38001250527-5872-u8q4q801\client\Recepcion\_internal\tzdata\zoneinfo\Canada\__init__.py
2026-10-09 22:59:34.937   Time stamp of our file: 2026-10-09 22:58:06.000
2026-10-09 22:59:34.937   Installing the file.
2026-10-09 22:59:34.937   Successfully installed the file.
2026-10-09 22:59:34.937   -- File entry --
2026-10-09 22:59:34.937   Dest filename: D:\a\_temp\agym-c64-38001250527-5872-u8q4q801\client\Recepcion\_internal\tzdata\zoneinfo\Chile\Continental
2026-10-09 22:59:34.937   Time stamp of our file: 2026-10-09 22:58:06.000
2026-10-09 22:59:34.937   Installing the file.
2026-10-09 22:59:34.937   Creating directory: D:\a\_temp\agym-c64-38001250527-5872-u8q4q801\client\Recepcion\_internal\tzdata\zoneinfo\Chile
2026-10-09 22:59:34.937   Successfully installed the file.
2026-10-09 22:59:34.937   -- File entry --
2026-10-09 22:59:34.937   Dest filename: D:\a\_temp\agym-c64-38001250527-5872-u8q4q801\client\Recepcion\_internal\tzdata\zoneinfo\Chile\EasterIsland
2026-10-09 22:59:34.937   Time stamp of our file: 2026-10-09 22:58:06.000
2026-10-09 22:59:34.937   Installing the file.
2026-10-09 22:59:34.937   Successfully installed the file.
2026-10-09 22:59:34.937   -- File entry --
2026-10-09 22:59:34.937   Dest filename: D:\a\_temp\agym-c64-38001250527-5872-u8q4q801\client\Recepcion\_internal\tzdata\zoneinfo\Chile\__init__.py
2026-10-09 22:59:34.937   Time stamp of our file: 2026-10-09 22:58:06.000
2026-10-09 22:59:34.937   Installing the file.
2026-10-09 22:59:34.937   Successfully installed the file.
2026-10-09 22:59:34.937   -- File entry --
2026-10-09 22:59:34.937   Dest filename: D:\a\_temp\agym-c64-38001250527-5872-u8q4q801\client\Recepcion\_internal\tzdata\zoneinfo\Etc\GMT
2026-10-09 22:59:34.937   Time stamp of our file: 2026-10-09 22:58:06.000
2026-10-09 22:59:34.937   Installing the file.
2026-10-09 22:59:34.937   Creating directory: D:\a\_temp\agym-c64-38001250527-5872-u8q4q801\client\Recepcion\_internal\tzdata\zoneinfo\Etc
2026-10-09 22:59:34.937   Successfully installed the file.
2026-10-09 22:59:34.937   -- File entry --
2026-10-09 22:59:34.937   Dest filename: D:\a\_temp\agym-c64-38001250527-5872-u8q4q801\client\Recepcion\_internal\tzdata\zoneinfo\Etc\GMT+0
2026-10-09 22:59:34.937   Time stamp of our file: 2026-10-09 22:58:06.000
2026-10-09 22:59:34.937   Installing the file.
2026-10-09 22:59:34.937   Successfully installed the file.
2026-10-09 22:59:34.937   -- File entry --
2026-10-09 22:59:34.937   Dest filename: D:\a\_temp\agym-c64-38001250527-5872-u8q4q801\client\Recepcion\_internal\tzdata\zoneinfo\Etc\GMT+1
2026-10-09 22:59:34.937   Time stamp of our file: 2026-10-09 22:58:06.000
2026-10-09 22:59:34.937   Installing the file.
2026-10-09 22:59:34.937   Successfully installed the file.
2026-10-09 22:59:34.937   -- File entry --
2026-10-09 22:59:34.937   Dest filename: D:\a\_temp\agym-c64-38001250527-5872-u8q4q801\client\Recepcion\_internal\tzdata\zoneinfo\Etc\GMT+10
2026-10-09 22:59:34.937   Time stamp of our file: 2026-10-09 22:58:06.000
2026-10-09 22:59:34.937   Installing the file.
2026-10-09 22:59:34.937   Successfully installed the file.
2026-10-09 22:59:34.937   -- File entry --
2026-10-09 22:59:34.937   Dest filename: D:\a\_temp\agym-c64-38001250527-5872-u8q4q801\client\Recepcion\_internal\tzdata\zoneinfo\Etc\GMT+11
2026-10-09 22:59:34.937   Time stamp of our file: 2026-10-09 22:58:06.000
2026-10-09 22:59:34.937   Installing the file.
2026-10-09 22:59:34.937   Successfully installed the file.
2026-10-09 22:59:34.937   -- File entry --
2026-10-09 22:59:34.937   Dest filename: D:\a\_temp\agym-c64-38001250527-5872-u8q4q801\client\Recepcion\_internal\tzdata\zoneinfo\Etc\GMT+12
2026-10-09 22:59:34.937   Time stamp of our file: 2026-10-09 22:58:06.000
2026-10-09 22:59:34.937   Installing the file.
2026-10-09 22:59:34.937   Successfully installed the file.
2026-10-09 22:59:34.937   -- File entry --
2026-10-09 22:59:34.937   Dest filename: D:\a\_temp\agym-c64-38001250527-5872-u8q4q801\client\Recepcion\_internal\tzdata\zoneinfo\Etc\GMT+2
2026-10-09 22:59:34.937   Time stamp of our file: 2026-10-09 22:58:06.000
2026-10-09 22:59:34.937   Installing the file.
2026-10-09 22:59:34.937   Successfully installed the file.
2026-10-09 22:59:34.937   -- File entry --
2026-10-09 22:59:34.937   Dest filename: D:\a\_temp\agym-c64-38001250527-5872-u8q4q801\client\Recepcion\_internal\tzdata\zoneinfo\Etc\GMT+3
2026-10-09 22:59:34.937   Time stamp of our file: 2026-10-09 22:58:06.000
2026-10-09 22:59:34.937   Installing the file.
2026-10-09 22:59:34.937   Successfully installed the file.
2026-10-09 22:59:34.937   -- File entry --
2026-10-09 22:59:34.937   Dest filename: D:\a\_temp\agym-c64-38001250527-5872-u8q4q801\client\Recepcion\_internal\tzdata\zoneinfo\Etc\GMT+4
2026-10-09 22:59:34.937   Time stamp of our file: 2026-10-09 22:58:06.000
2026-10-09 22:59:34.937   Installing the file.
2026-10-09 22:59:34.937   Successfully installed the file.
2026-10-09 22:59:34.937   -- File entry --
2026-10-09 22:59:34.937   Dest filename: D:\a\_temp\agym-c64-38001250527-5872-u8q4q801\client\Recepcion\_internal\tzdata\zoneinfo\Etc\GMT+5
2026-10-09 22:59:34.937   Time stamp of our file: 2026-10-09 22:58:06.000
2026-10-09 22:59:34.937   Installing the file.
2026-10-09 22:59:34.937   Successfully installed the file.
2026-10-09 22:59:34.937   -- File entry --
2026-10-09 22:59:34.937   Dest filename: D:\a\_temp\agym-c64-38001250527-5872-u8q4q801\client\Recepcion\_internal\tzdata\zoneinfo\Etc\GMT+6
2026-10-09 22:59:34.937   Time stamp of our file: 2026-10-09 22:58:06.000
2026-10-09 22:59:34.937   Installing the file.
2026-10-09 22:59:34.937   Successfully installed the file.
2026-10-09 22:59:34.937   -- File entry --
2026-10-09 22:59:34.937   Dest filename: D:\a\_temp\agym-c64-38001250527-5872-u8q4q801\client\Recepcion\_internal\tzdata\zoneinfo\Etc\GMT+7
2026-10-09 22:59:34.937   Time stamp of our file: 2026-10-09 22:58:06.000
2026-10-09 22:59:34.937   Installing the file.
2026-10-09 22:59:34.937   Successfully installed the file.
2026-10-09 22:59:34.937   -- File entry --
2026-10-09 22:59:34.937   Dest filename: D:\a\_temp\agym-c64-38001250527-5872-u8q4q801\client\Recepcion\_internal\tzdata\zoneinfo\Etc\GMT+8
2026-10-09 22:59:34.937   Time stamp of our file: 2026-10-09 22:58:06.000
2026-10-09 22:59:34.937   Installing the file.
2026-10-09 22:59:34.937   Successfully installed the file.
2026-10-09 22:59:34.937   -- File entry --
2026-10-09 22:59:34.937   Dest filename: D:\a\_temp\agym-c64-38001250527-5872-u8q4q801\client\Recepcion\_internal\tzdata\zoneinfo\Etc\GMT+9
2026-10-09 22:59:34.937   Time stamp of our file: 2026-10-09 22:58:06.000
2026-10-09 22:59:34.937   Installing the file.
2026-10-09 22:59:34.937   Successfully installed the file.
2026-10-09 22:59:34.937   -- File entry --
2026-10-09 22:59:34.937   Dest filename: D:\a\_temp\agym-c64-38001250527-5872-u8q4q801\client\Recepcion\_internal\tzdata\zoneinfo\Etc\GMT-0
2026-10-09 22:59:34.937   Time stamp of our file: 2026-10-09 22:58:06.000
2026-10-09 22:59:34.937   Installing the file.
2026-10-09 22:59:34.937   Successfully installed the file.
2026-10-09 22:59:34.937   -- File entry --
2026-10-09 22:59:34.937   Dest filename: D:\a\_temp\agym-c64-38001250527-5872-u8q4q801\client\Recepcion\_internal\tzdata\zoneinfo\Etc\GMT-1
2026-10-09 22:59:34.937   Time stamp of our file: 2026-10-09 22:58:06.000
2026-10-09 22:59:34.937   Installing the file.
2026-10-09 22:59:34.937   Successfully installed the file.
2026-10-09 22:59:34.937   -- File entry --
2026-10-09 22:59:34.937   Dest filename: D:\a\_temp\agym-c64-38001250527-5872-u8q4q801\client\Recepcion\_internal\tzdata\zoneinfo\Etc\GMT-10
2026-10-09 22:59:34.937   Time stamp of our file: 2026-10-09 22:58:06.000
2026-10-09 22:59:34.937   Installing the file.
2026-10-09 22:59:34.937   Successfully installed the file.
2026-10-09 22:59:34.937   -- File entry --
2026-10-09 22:59:34.937   Dest filename: D:\a\_temp\agym-c64-38001250527-5872-u8q4q801\client\Recepcion\_internal\tzdata\zoneinfo\Etc\GMT-11
2026-10-09 22:59:34.937   Time stamp of our file: 2026-10-09 22:58:06.000
2026-10-09 22:59:34.937   Installing the file.
2026-10-09 22:59:34.937   Successfully installed the file.
2026-10-09 22:59:34.937   -- File entry --
2026-10-09 22:59:34.937   Dest filename: D:\a\_temp\agym-c64-38001250527-5872-u8q4q801\client\Recepcion\_internal\tzdata\zoneinfo\Etc\GMT-12
2026-10-09 22:59:34.937   Time stamp of our file: 2026-10-09 22:58:06.000
2026-10-09 22:59:34.937   Installing the file.
2026-10-09 22:59:34.937   Successfully installed the file.
2026-10-09 22:59:34.937   -- File entry --
2026-10-09 22:59:34.937   Dest filename: D:\a\_temp\agym-c64-38001250527-5872-u8q4q801\client\Recepcion\_internal\tzdata\zoneinfo\Etc\GMT-13
2026-10-09 22:59:34.937   Time stamp of our file: 2026-10-09 22:58:06.000
2026-10-09 22:59:34.937   Installing the file.
2026-10-09 22:59:34.937   Successfully installed the file.
2026-10-09 22:59:34.937   -- File entry --
2026-10-09 22:59:34.937   Dest filename: D:\a\_temp\agym-c64-38001250527-5872-u8q4q801\client\Recepcion\_internal\tzdata\zoneinfo\Etc\GMT-14
2026-10-09 22:59:34.937   Time stamp of our file: 2026-10-09 22:58:06.000
2026-10-09 22:59:34.937   Installing the file.
2026-10-09 22:59:34.937   Successfully installed the file.
2026-10-09 22:59:34.937   -- File entry --
2026-10-09 22:59:34.937   Dest filename: D:\a\_temp\agym-c64-38001250527-5872-u8q4q801\client\Recepcion\_internal\tzdata\zoneinfo\Etc\GMT-2
2026-10-09 22:59:34.937   Time stamp of our file: 2026-10-09 22:58:06.000
2026-10-09 22:59:34.937   Installing the file.
2026-10-09 22:59:34.937   Successfully installed the file.
2026-10-09 22:59:34.937   -- File entry --
2026-10-09 22:59:34.937   Dest filename: D:\a\_temp\agym-c64-38001250527-5872-u8q4q801\client\Recepcion\_internal\tzdata\zoneinfo\Etc\GMT-3
2026-10-09 22:59:34.937   Time stamp of our file: 2026-10-09 22:58:06.000
2026-10-09 22:59:34.937   Installing the file.
2026-10-09 22:59:34.937   Successfully installed the file.
2026-10-09 22:59:34.937   -- File entry --
2026-10-09 22:59:34.937   Dest filename: D:\a\_temp\agym-c64-38001250527-5872-u8q4q801\client\Recepcion\_internal\tzdata\zoneinfo\Etc\GMT-4
2026-10-09 22:59:34.937   Time stamp of our file: 2026-10-09 22:58:06.000
2026-10-09 22:59:34.937   Installing the file.
2026-10-09 22:59:34.953   Successfully installed the file.
2026-10-09 22:59:34.953   -- File entry --
2026-10-09 22:59:34.953   Dest filename: D:\a\_temp\agym-c64-38001250527-5872-u8q4q801\client\Recepcion\_internal\tzdata\zoneinfo\Etc\GMT-5
2026-10-09 22:59:34.953   Time stamp of our file: 2026-10-09 22:58:06.000
2026-10-09 22:59:34.953   Installing the file.
2026-10-09 22:59:34.953   Successfully installed the file.
2026-10-09 22:59:34.953   -- File entry --
2026-10-09 22:59:34.953   Dest filename: D:\a\_temp\agym-c64-38001250527-5872-u8q4q801\client\Recepcion\_internal\tzdata\zoneinfo\Etc\GMT-6
2026-10-09 22:59:34.953   Time stamp of our file: 2026-10-09 22:58:06.000
2026-10-09 22:59:34.953   Installing the file.
2026-10-09 22:59:34.953   Successfully installed the file.
2026-10-09 22:59:34.953   -- File entry --
2026-10-09 22:59:34.953   Dest filename: D:\a\_temp\agym-c64-38001250527-5872-u8q4q801\client\Recepcion\_internal\tzdata\zoneinfo\Etc\GMT-7
2026-10-09 22:59:34.953   Time stamp of our file: 2026-10-09 22:58:06.000
2026-10-09 22:59:34.953   Installing the file.
2026-10-09 22:59:34.953   Successfully installed the file.
2026-10-09 22:59:34.953   -- File entry --
2026-10-09 22:59:34.953   Dest filename: D:\a\_temp\agym-c64-38001250527-5872-u8q4q801\client\Recepcion\_internal\tzdata\zoneinfo\Etc\GMT-8
2026-10-09 22:59:34.953   Time stamp of our file: 2026-10-09 22:58:06.000
2026-10-09 22:59:34.953   Installing the file.
2026-10-09 22:59:34.953   Successfully installed the file.
2026-10-09 22:59:34.953   -- File entry --
2026-10-09 22:59:34.953   Dest filename: D:\a\_temp\agym-c64-38001250527-5872-u8q4q801\client\Recepcion\_internal\tzdata\zoneinfo\Etc\GMT-9
2026-10-09 22:59:34.953   Time stamp of our file: 2026-10-09 22:58:06.000
2026-10-09 22:59:34.953   Installing the file.
2026-10-09 22:59:34.953   Successfully installed the file.
2026-10-09 22:59:34.953   -- File entry --
2026-10-09 22:59:34.953   Dest filename: D:\a\_temp\agym-c64-38001250527-5872-u8q4q801\client\Recepcion\_internal\tzdata\zoneinfo\Etc\GMT0
2026-10-09 22:59:34.953   Time stamp of our file: 2026-10-09 22:58:06.000
2026-10-09 22:59:34.953   Installing the file.
2026-10-09 22:59:34.953   Successfully installed the file.
2026-10-09 22:59:34.953   -- File entry --
2026-10-09 22:59:34.953   Dest filename: D:\a\_temp\agym-c64-38001250527-5872-u8q4q801\client\Recepcion\_internal\tzdata\zoneinfo\Etc\Greenwich
2026-10-09 22:59:34.953   Time stamp of our file: 2026-10-09 22:58:06.000
2026-10-09 22:59:34.953   Installing the file.
2026-10-09 22:59:34.953   Successfully installed the file.
2026-10-09 22:59:34.953   -- File entry --
2026-10-09 22:59:34.953   Dest filename: D:\a\_temp\agym-c64-38001250527-5872-u8q4q801\client\Recepcion\_internal\tzdata\zoneinfo\Etc\UCT
2026-10-09 22:59:34.953   Time stamp of our file: 2026-10-09 22:58:06.000
2026-10-09 22:59:34.953   Installing the file.
2026-10-09 22:59:34.953   Successfully installed the file.
2026-10-09 22:59:34.953   -- File entry --
2026-10-09 22:59:34.953   Dest filename: D:\a\_temp\agym-c64-38001250527-5872-u8q4q801\client\Recepcion\_internal\tzdata\zoneinfo\Etc\Universal
2026-10-09 22:59:34.953   Time stamp of our file: 2026-10-09 22:58:06.000
2026-10-09 22:59:34.953   Installing the file.
2026-10-09 22:59:34.953   Successfully installed the file.
2026-10-09 22:59:34.953   -- File entry --
2026-10-09 22:59:34.953   Dest filename: D:\a\_temp\agym-c64-38001250527-5872-u8q4q801\client\Recepcion\_internal\tzdata\zoneinfo\Etc\UTC
2026-10-09 22:59:34.953   Time stamp of our file: 2026-10-09 22:58:06.000
2026-10-09 22:59:34.953   Installing the file.
2026-10-09 22:59:34.953   Successfully installed the file.
2026-10-09 22:59:34.953   -- File entry --
2026-10-09 22:59:34.953   Dest filename: D:\a\_temp\agym-c64-38001250527-5872-u8q4q801\client\Recepcion\_internal\tzdata\zoneinfo\Etc\Zulu
2026-10-09 22:59:34.953   Time stamp of our file: 2026-10-09 22:58:06.000
2026-10-09 22:59:34.953   Installing the file.
2026-10-09 22:59:34.953   Successfully installed the file.
2026-10-09 22:59:34.953   -- File entry --
2026-10-09 22:59:34.953   Dest filename: D:\a\_temp\agym-c64-38001250527-5872-u8q4q801\client\Recepcion\_internal\tzdata\zoneinfo\Etc\__init__.py
2026-10-09 22:59:34.953   Time stamp of our file: 2026-10-09 22:58:06.000
2026-10-09 22:59:34.953   Installing the file.
2026-10-09 22:59:34.953   Successfully installed the file.
2026-10-09 22:59:34.953   -- File entry --
2026-10-09 22:59:34.953   Dest filename: D:\a\_temp\agym-c64-38001250527-5872-u8q4q801\client\Recepcion\_internal\tzdata\zoneinfo\Europe\Amsterdam
2026-10-09 22:59:34.953   Time stamp of our file: 2026-10-09 22:58:06.000
2026-10-09 22:59:34.953   Installing the file.
2026-10-09 22:59:34.953   Creating directory: D:\a\_temp\agym-c64-38001250527-5872-u8q4q801\client\Recepcion\_internal\tzdata\zoneinfo\Europe
2026-10-09 22:59:34.953   Successfully installed the file.
2026-10-09 22:59:34.953   -- File entry --
2026-10-09 22:59:34.953   Dest filename: D:\a\_temp\agym-c64-38001250527-5872-u8q4q801\client\Recepcion\_internal\tzdata\zoneinfo\Europe\Andorra
2026-10-09 22:59:34.953   Time stamp of our file: 2026-10-09 22:58:06.000
2026-10-09 22:59:34.953   Installing the file.
2026-10-09 22:59:34.953   Successfully installed the file.
2026-10-09 22:59:34.953   -- File entry --
2026-10-09 22:59:34.953   Dest filename: D:\a\_temp\agym-c64-38001250527-5872-u8q4q801\client\Recepcion\_internal\tzdata\zoneinfo\Europe\Astrakhan
2026-10-09 22:59:34.953   Time stamp of our file: 2026-10-09 22:58:06.000
2026-10-09 22:59:34.953   Installing the file.
2026-10-09 22:59:34.953   Successfully installed the file.
2026-10-09 22:59:34.953   -- File entry --
2026-10-09 22:59:34.953   Dest filename: D:\a\_temp\agym-c64-38001250527-5872-u8q4q801\client\Recepcion\_internal\tzdata\zoneinfo\Europe\Athens
2026-10-09 22:59:34.953   Time stamp of our file: 2026-10-09 22:58:06.000
2026-10-09 22:59:34.953   Installing the file.
2026-10-09 22:59:34.953   Successfully installed the file.
2026-10-09 22:59:34.953   -- File entry --
2026-10-09 22:59:34.953   Dest filename: D:\a\_temp\agym-c64-38001250527-5872-u8q4q801\client\Recepcion\_internal\tzdata\zoneinfo\Europe\Belfast
2026-10-09 22:59:34.953   Time stamp of our file: 2026-10-09 22:58:06.000
2026-10-09 22:59:34.953   Installing the file.
2026-10-09 22:59:34.953   Successfully installed the file.
2026-10-09 22:59:34.953   -- File entry --
2026-10-09 22:59:34.953   Dest filename: D:\a\_temp\agym-c64-38001250527-5872-u8q4q801\client\Recepcion\_internal\tzdata\zoneinfo\Europe\Belgrade
2026-10-09 22:59:34.953   Time stamp of our file: 2026-10-09 22:58:06.000
2026-10-09 22:59:34.953   Installing the file.
2026-10-09 22:59:34.953   Successfully installed the file.
2026-10-09 22:59:34.953   -- File entry --
2026-10-09 22:59:34.953   Dest filename: D:\a\_temp\agym-c64-38001250527-5872-u8q4q801\client\Recepcion\_internal\tzdata\zoneinfo\Europe\Berlin
2026-10-09 22:59:34.953   Time stamp of our file: 2026-10-09 22:58:06.000
2026-10-09 22:59:34.953   Installing the file.
2026-10-09 22:59:34.953   Successfully installed the file.
2026-10-09 22:59:34.953   -- File entry --
2026-10-09 22:59:34.953   Dest filename: D:\a\_temp\agym-c64-38001250527-5872-u8q4q801\client\Recepcion\_internal\tzdata\zoneinfo\Europe\Bratislava
2026-10-09 22:59:34.953   Time stamp of our file: 2026-10-09 22:58:06.000
2026-10-09 22:59:34.953   Installing the file.
2026-10-09 22:59:34.953   Successfully installed the file.
2026-10-09 22:59:34.953   -- File entry --
2026-10-09 22:59:34.953   Dest filename: D:\a\_temp\agym-c64-38001250527-5872-u8q4q801\client\Recepcion\_internal\tzdata\zoneinfo\Europe\Brussels
2026-10-09 22:59:34.953   Time stamp of our file: 2026-10-09 22:58:06.000
2026-10-09 22:59:34.953   Installing the file.
2026-10-09 22:59:34.953   Successfully installed the file.
2026-10-09 22:59:34.953   -- File entry --
2026-10-09 22:59:34.953   Dest filename: D:\a\_temp\agym-c64-38001250527-5872-u8q4q801\client\Recepcion\_internal\tzdata\zoneinfo\Europe\Bucharest
2026-10-09 22:59:34.953   Time stamp of our file: 2026-10-09 22:58:06.000
2026-10-09 22:59:34.953   Installing the file.
2026-10-09 22:59:34.953   Successfully installed the file.
2026-10-09 22:59:34.953   -- File entry --
2026-10-09 22:59:34.953   Dest filename: D:\a\_temp\agym-c64-38001250527-5872-u8q4q801\client\Recepcion\_internal\tzdata\zoneinfo\Europe\Budapest
2026-10-09 22:59:34.953   Time stamp of our file: 2026-10-09 22:58:06.000
2026-10-09 22:59:34.953   Installing the file.
2026-10-09 22:59:34.953   Successfully installed the file.
2026-10-09 22:59:34.953   -- File entry --
2026-10-09 22:59:34.953   Dest filename: D:\a\_temp\agym-c64-38001250527-5872-u8q4q801\client\Recepcion\_internal\tzdata\zoneinfo\Europe\Busingen
2026-10-09 22:59:34.953   Time stamp of our file: 2026-10-09 22:58:06.000
2026-10-09 22:59:34.953   Installing the file.
2026-10-09 22:59:34.953   Successfully installed the file.
2026-10-09 22:59:34.953   -- File entry --
2026-10-09 22:59:34.953   Dest filename: D:\a\_temp\agym-c64-38001250527-5872-u8q4q801\client\Recepcion\_internal\tzdata\zoneinfo\Europe\Chisinau
2026-10-09 22:59:34.953   Time stamp of our file: 2026-10-09 22:58:06.000
2026-10-09 22:59:34.953   Installing the file.
2026-10-09 22:59:34.953   Successfully installed the file.
2026-10-09 22:59:34.953   -- File entry --
2026-10-09 22:59:34.953   Dest filename: D:\a\_temp\agym-c64-38001250527-5872-u8q4q801\client\Recepcion\_internal\tzdata\zoneinfo\Europe\Copenhagen
2026-10-09 22:59:34.953   Time stamp of our file: 2026-10-09 22:58:06.000
2026-10-09 22:59:34.953   Installing the file.
2026-10-09 22:59:34.953   Successfully installed the file.
2026-10-09 22:59:34.953   -- File entry --
2026-10-09 22:59:34.953   Dest filename: D:\a\_temp\agym-c64-38001250527-5872-u8q4q801\client\Recepcion\_internal\tzdata\zoneinfo\Europe\Dublin
2026-10-09 22:59:34.953   Time stamp of our file: 2026-10-09 22:58:06.000
2026-10-09 22:59:34.953   Installing the file.
2026-10-09 22:59:34.953   Successfully installed the file.
2026-10-09 22:59:34.953   -- File entry --
2026-10-09 22:59:34.953   Dest filename: D:\a\_temp\agym-c64-38001250527-5872-u8q4q801\client\Recepcion\_internal\tzdata\zoneinfo\Europe\Gibraltar
2026-10-09 22:59:34.953   Time stamp of our file: 2026-10-09 22:58:06.000
2026-10-09 22:59:34.953   Installing the file.
2026-10-09 22:59:34.953   Successfully installed the file.
2026-10-09 22:59:34.953   -- File entry --
2026-10-09 22:59:34.953   Dest filename: D:\a\_temp\agym-c64-38001250527-5872-u8q4q801\client\Recepcion\_internal\tzdata\zoneinfo\Europe\Guernsey
2026-10-09 22:59:34.953   Time stamp of our file: 2026-10-09 22:58:06.000
2026-10-09 22:59:34.953   Installing the file.
2026-10-09 22:59:34.953   Successfully installed the file.
2026-10-09 22:59:34.953   -- File entry --
2026-10-09 22:59:34.953   Dest filename: D:\a\_temp\agym-c64-38001250527-5872-u8q4q801\client\Recepcion\_internal\tzdata\zoneinfo\Europe\Helsinki
2026-10-09 22:59:34.953   Time stamp of our file: 2026-10-09 22:58:06.000
2026-10-09 22:59:34.953   Installing the file.
2026-10-09 22:59:34.953   Successfully installed the file.
2026-10-09 22:59:34.953   -- File entry --
2026-10-09 22:59:34.953   Dest filename: D:\a\_temp\agym-c64-38001250527-5872-u8q4q801\client\Recepcion\_internal\tzdata\zoneinfo\Europe\Isle_of_Man
2026-10-09 22:59:34.953   Time stamp of our file: 2026-10-09 22:58:06.000
2026-10-09 22:59:34.953   Installing the file.
2026-10-09 22:59:34.953   Successfully installed the file.
2026-10-09 22:59:34.953   -- File entry --
2026-10-09 22:59:34.953   Dest filename: D:\a\_temp\agym-c64-38001250527-5872-u8q4q801\client\Recepcion\_internal\tzdata\zoneinfo\Europe\Istanbul
2026-10-09 22:59:34.953   Time stamp of our file: 2026-10-09 22:58:06.000
2026-10-09 22:59:34.953   Installing the file.
2026-10-09 22:59:34.953   Successfully installed the file.
2026-10-09 22:59:34.953   -- File entry --
2026-10-09 22:59:34.953   Dest filename: D:\a\_temp\agym-c64-38001250527-5872-u8q4q801\client\Recepcion\_internal\tzdata\zoneinfo\Europe\Jersey
2026-10-09 22:59:34.953   Time stamp of our file: 2026-10-09 22:58:06.000
2026-10-09 22:59:34.953   Installing the file.
2026-10-09 22:59:34.953   Successfully installed the file.
2026-10-09 22:59:34.953   -- File entry --
2026-10-09 22:59:34.953   Dest filename: D:\a\_temp\agym-c64-38001250527-5872-u8q4q801\client\Recepcion\_internal\tzdata\zoneinfo\Europe\Kaliningrad
2026-10-09 22:59:34.953   Time stamp of our file: 2026-10-09 22:58:06.000
2026-10-09 22:59:34.953   Installing the file.
2026-10-09 22:59:34.953   Successfully installed the file.
2026-10-09 22:59:34.953   -- File entry --
2026-10-09 22:59:34.953   Dest filename: D:\a\_temp\agym-c64-38001250527-5872-u8q4q801\client\Recepcion\_internal\tzdata\zoneinfo\Europe\Kiev
2026-10-09 22:59:34.953   Time stamp of our file: 2026-10-09 22:58:06.000
2026-10-09 22:59:34.953   Installing the file.
2026-10-09 22:59:34.953   Successfully installed the file.
2026-10-09 22:59:34.953   -- File entry --
2026-10-09 22:59:34.953   Dest filename: D:\a\_temp\agym-c64-38001250527-5872-u8q4q801\client\Recepcion\_internal\tzdata\zoneinfo\Europe\Kirov
2026-10-09 22:59:34.953   Time stamp of our file: 2026-10-09 22:58:06.000
2026-10-09 22:59:34.953   Installing the file.
2026-10-09 22:59:34.969   Successfully installed the file.
2026-10-09 22:59:34.969   -- File entry --
2026-10-09 22:59:34.969   Dest filename: D:\a\_temp\agym-c64-38001250527-5872-u8q4q801\client\Recepcion\_internal\tzdata\zoneinfo\Europe\Kyiv
2026-10-09 22:59:34.969   Time stamp of our file: 2026-10-09 22:58:06.000
2026-10-09 22:59:34.969   Installing the file.
2026-10-09 22:59:34.969   Successfully installed the file.
2026-10-09 22:59:34.969   -- File entry --
2026-10-09 22:59:34.969   Dest filename: D:\a\_temp\agym-c64-38001250527-5872-u8q4q801\client\Recepcion\_internal\tzdata\zoneinfo\Europe\Lisbon
2026-10-09 22:59:34.969   Time stamp of our file: 2026-10-09 22:58:06.000
2026-10-09 22:59:34.969   Installing the file.
2026-10-09 22:59:34.969   Successfully installed the file.
2026-10-09 22:59:34.969   -- File entry --
2026-10-09 22:59:34.969   Dest filename: D:\a\_temp\agym-c64-38001250527-5872-u8q4q801\client\Recepcion\_internal\tzdata\zoneinfo\Europe\Ljubljana
2026-10-09 22:59:34.969   Time stamp of our file: 2026-10-09 22:58:06.000
2026-10-09 22:59:34.969   Installing the file.
2026-10-09 22:59:34.969   Successfully installed the file.
2026-10-09 22:59:34.969   -- File entry --
2026-10-09 22:59:34.969   Dest filename: D:\a\_temp\agym-c64-38001250527-5872-u8q4q801\client\Recepcion\_internal\tzdata\zoneinfo\Europe\London
2026-10-09 22:59:34.969   Time stamp of our file: 2026-10-09 22:58:06.000
2026-10-09 22:59:34.969   Installing the file.
2026-10-09 22:59:34.969   Successfully installed the file.
2026-10-09 22:59:34.969   -- File entry --
2026-10-09 22:59:34.969   Dest filename: D:\a\_temp\agym-c64-38001250527-5872-u8q4q801\client\Recepcion\_internal\tzdata\zoneinfo\Europe\Luxembourg
2026-10-09 22:59:34.969   Time stamp of our file: 2026-10-09 22:58:06.000
2026-10-09 22:59:34.969   Installing the file.
2026-10-09 22:59:34.969   Successfully installed the file.
2026-10-09 22:59:34.969   -- File entry --
2026-10-09 22:59:34.969   Dest filename: D:\a\_temp\agym-c64-38001250527-5872-u8q4q801\client\Recepcion\_internal\tzdata\zoneinfo\Europe\Madrid
2026-10-09 22:59:34.969   Time stamp of our file: 2026-10-09 22:58:06.000
2026-10-09 22:59:34.969   Installing the file.
2026-10-09 22:59:34.969   Successfully installed the file.
2026-10-09 22:59:34.969   -- File entry --
2026-10-09 22:59:34.969   Dest filename: D:\a\_temp\agym-c64-38001250527-5872-u8q4q801\client\Recepcion\_internal\tzdata\zoneinfo\Europe\Malta
2026-10-09 22:59:34.969   Time stamp of our file: 2026-10-09 22:58:06.000
2026-10-09 22:59:34.969   Installing the file.
2026-10-09 22:59:34.969   Successfully installed the file.
2026-10-09 22:59:34.969   -- File entry --
2026-10-09 22:59:34.969   Dest filename: D:\a\_temp\agym-c64-38001250527-5872-u8q4q801\client\Recepcion\_internal\tzdata\zoneinfo\Europe\Mariehamn
2026-10-09 22:59:34.969   Time stamp of our file: 2026-10-09 22:58:06.000
2026-10-09 22:59:34.969   Installing the file.
2026-10-09 22:59:34.969   Successfully installed the file.
2026-10-09 22:59:34.969   -- File entry --
2026-10-09 22:59:34.969   Dest filename: D:\a\_temp\agym-c64-38001250527-5872-u8q4q801\client\Recepcion\_internal\tzdata\zoneinfo\Europe\Minsk
2026-10-09 22:59:34.969   Time stamp of our file: 2026-10-09 22:58:06.000
2026-10-09 22:59:34.969   Installing the file.
2026-10-09 22:59:34.969   Successfully installed the file.
2026-10-09 22:59:34.969   -- File entry --
2026-10-09 22:59:34.969   Dest filename: D:\a\_temp\agym-c64-38001250527-5872-u8q4q801\client\Recepcion\_internal\tzdata\zoneinfo\Europe\Monaco
2026-10-09 22:59:34.969   Time stamp of our file: 2026-10-09 22:58:06.000
2026-10-09 22:59:34.969   Installing the file.
2026-10-09 22:59:34.969   Successfully installed the file.
2026-10-09 22:59:34.969   -- File entry --
2026-10-09 22:59:34.969   Dest filename: D:\a\_temp\agym-c64-38001250527-5872-u8q4q801\client\Recepcion\_internal\tzdata\zoneinfo\Europe\Moscow
2026-10-09 22:59:34.969   Time stamp of our file: 2026-10-09 22:58:06.000
2026-10-09 22:59:34.969   Installing the file.
2026-10-09 22:59:34.969   Successfully installed the file.
2026-10-09 22:59:34.969   -- File entry --
2026-10-09 22:59:34.969   Dest filename: D:\a\_temp\agym-c64-38001250527-5872-u8q4q801\client\Recepcion\_internal\tzdata\zoneinfo\Europe\Nicosia
2026-10-09 22:59:34.969   Time stamp of our file: 2026-10-09 22:58:06.000
2026-10-09 22:59:34.969   Installing the file.
2026-10-09 22:59:34.969   Successfully installed the file.
2026-10-09 22:59:34.969   -- File entry --
2026-10-09 22:59:34.969   Dest filename: D:\a\_temp\agym-c64-38001250527-5872-u8q4q801\client\Recepcion\_internal\tzdata\zoneinfo\Europe\Oslo
2026-10-09 22:59:34.969   Time stamp of our file: 2026-10-09 22:58:06.000
2026-10-09 22:59:34.969   Installing the file.
2026-10-09 22:59:34.969   Successfully installed the file.
2026-10-09 22:59:34.969   -- File entry --
2026-10-09 22:59:34.969   Dest filename: D:\a\_temp\agym-c64-38001250527-5872-u8q4q801\client\Recepcion\_internal\tzdata\zoneinfo\Europe\Paris
2026-10-09 22:59:34.969   Time stamp of our file: 2026-10-09 22:58:06.000
2026-10-09 22:59:34.969   Installing the file.
2026-10-09 22:59:34.969   Successfully installed the file.
2026-10-09 22:59:34.969   -- File entry --
2026-10-09 22:59:34.969   Dest filename: D:\a\_temp\agym-c64-38001250527-5872-u8q4q801\client\Recepcion\_internal\tzdata\zoneinfo\Europe\Podgorica
2026-10-09 22:59:34.969   Time stamp of our file: 2026-10-09 22:58:06.000
2026-10-09 22:59:34.969   Installing the file.
2026-10-09 22:59:34.969   Successfully installed the file.
2026-10-09 22:59:34.969   -- File entry --
2026-10-09 22:59:34.969   Dest filename: D:\a\_temp\agym-c64-38001250527-5872-u8q4q801\client\Recepcion\_internal\tzdata\zoneinfo\Europe\Prague
2026-10-09 22:59:34.969   Time stamp of our file: 2026-10-09 22:58:06.000
2026-10-09 22:59:34.969   Installing the file.
2026-10-09 22:59:34.969   Successfully installed the file.
2026-10-09 22:59:34.969   -- File entry --
2026-10-09 22:59:34.969   Dest filename: D:\a\_temp\agym-c64-38001250527-5872-u8q4q801\client\Recepcion\_internal\tzdata\zoneinfo\Europe\Riga
2026-10-09 22:59:34.969   Time stamp of our file: 2026-10-09 22:58:06.000
2026-10-09 22:59:34.969   Installing the file.
2026-10-09 22:59:34.969   Successfully installed the file.
2026-10-09 22:59:34.969   -- File entry --
2026-10-09 22:59:34.969   Dest filename: D:\a\_temp\agym-c64-38001250527-5872-u8q4q801\client\Recepcion\_internal\tzdata\zoneinfo\Europe\Rome
2026-10-09 22:59:34.969   Time stamp of our file: 2026-10-09 22:58:06.000
2026-10-09 22:59:34.969   Installing the file.
2026-10-09 22:59:34.969   Successfully installed the file.
2026-10-09 22:59:34.969   -- File entry --
2026-10-09 22:59:34.969   Dest filename: D:\a\_temp\agym-c64-38001250527-5872-u8q4q801\client\Recepcion\_internal\tzdata\zoneinfo\Europe\Samara
2026-10-09 22:59:34.969   Time stamp of our file: 2026-10-09 22:58:06.000
2026-10-09 22:59:34.969   Installing the file.
2026-10-09 22:59:34.969   Successfully installed the file.
2026-10-09 22:59:34.969   -- File entry --
2026-10-09 22:59:34.969   Dest filename: D:\a\_temp\agym-c64-38001250527-5872-u8q4q801\client\Recepcion\_internal\tzdata\zoneinfo\Europe\San_Marino
2026-10-09 22:59:34.969   Time stamp of our file: 2026-10-09 22:58:06.000
2026-10-09 22:59:34.969   Installing the file.
2026-10-09 22:59:34.969   Successfully installed the file.
2026-10-09 22:59:34.969   -- File entry --
2026-10-09 22:59:34.969   Dest filename: D:\a\_temp\agym-c64-38001250527-5872-u8q4q801\client\Recepcion\_internal\tzdata\zoneinfo\Europe\Sarajevo
2026-10-09 22:59:34.969   Time stamp of our file: 2026-10-09 22:58:06.000
2026-10-09 22:59:34.969   Installing the file.
2026-10-09 22:59:34.969   Successfully installed the file.
2026-10-09 22:59:34.969   -- File entry --
2026-10-09 22:59:34.969   Dest filename: D:\a\_temp\agym-c64-38001250527-5872-u8q4q801\client\Recepcion\_internal\tzdata\zoneinfo\Europe\Saratov
2026-10-09 22:59:34.969   Time stamp of our file: 2026-10-09 22:58:06.000
2026-10-09 22:59:34.969   Installing the file.
2026-10-09 22:59:34.969   Successfully installed the file.
2026-10-09 22:59:34.969   -- File entry --
2026-10-09 22:59:34.969   Dest filename: D:\a\_temp\agym-c64-38001250527-5872-u8q4q801\client\Recepcion\_internal\tzdata\zoneinfo\Europe\Simferopol
2026-10-09 22:59:34.969   Time stamp of our file: 2026-10-09 22:58:06.000
2026-10-09 22:59:34.969   Installing the file.
2026-10-09 22:59:34.969   Successfully installed the file.
2026-10-09 22:59:34.969   -- File entry --
2026-10-09 22:59:34.969   Dest filename: D:\a\_temp\agym-c64-38001250527-5872-u8q4q801\client\Recepcion\_internal\tzdata\zoneinfo\Europe\Skopje
2026-10-09 22:59:34.969   Time stamp of our file: 2026-10-09 22:58:06.000
2026-10-09 22:59:34.969   Installing the file.
2026-10-09 22:59:34.969   Successfully installed the file.
2026-10-09 22:59:34.969   -- File entry --
2026-10-09 22:59:34.969   Dest filename: D:\a\_temp\agym-c64-38001250527-5872-u8q4q801\client\Recepcion\_internal\tzdata\zoneinfo\Europe\Sofia
2026-10-09 22:59:34.969   Time stamp of our file: 2026-10-09 22:58:06.000
2026-10-09 22:59:34.969   Installing the file.
2026-10-09 22:59:34.969   Successfully installed the file.
2026-10-09 22:59:34.969   -- File entry --
2026-10-09 22:59:34.969   Dest filename: D:\a\_temp\agym-c64-38001250527-5872-u8q4q801\client\Recepcion\_internal\tzdata\zoneinfo\Europe\Stockholm
2026-10-09 22:59:34.969   Time stamp of our file: 2026-10-09 22:58:06.000
2026-10-09 22:59:34.969   Installing the file.
2026-10-09 22:59:34.969   Successfully installed the file.
2026-10-09 22:59:34.969   -- File entry --
2026-10-09 22:59:34.969   Dest filename: D:\a\_temp\agym-c64-38001250527-5872-u8q4q801\client\Recepcion\_internal\tzdata\zoneinfo\Europe\Tallinn
2026-10-09 22:59:34.969   Time stamp of our file: 2026-10-09 22:58:06.000
2026-10-09 22:59:34.969   Installing the file.
2026-10-09 22:59:34.969   Successfully installed the file.
2026-10-09 22:59:34.969   -- File entry --
2026-10-09 22:59:34.969   Dest filename: D:\a\_temp\agym-c64-38001250527-5872-u8q4q801\client\Recepcion\_internal\tzdata\zoneinfo\Europe\Tirane
2026-10-09 22:59:34.969   Time stamp of our file: 2026-10-09 22:58:06.000
2026-10-09 22:59:34.969   Installing the file.
2026-10-09 22:59:34.969   Successfully installed the file.
2026-10-09 22:59:34.969   -- File entry --
2026-10-09 22:59:34.969   Dest filename: D:\a\_temp\agym-c64-38001250527-5872-u8q4q801\client\Recepcion\_internal\tzdata\zoneinfo\Europe\Tiraspol
2026-10-09 22:59:34.969   Time stamp of our file: 2026-10-09 22:58:06.000
2026-10-09 22:59:34.969   Installing the file.
2026-10-09 22:59:34.969   Successfully installed the file.
2026-10-09 22:59:34.969   -- File entry --
2026-10-09 22:59:34.969   Dest filename: D:\a\_temp\agym-c64-38001250527-5872-u8q4q801\client\Recepcion\_internal\tzdata\zoneinfo\Europe\Ulyanovsk
2026-10-09 22:59:34.969   Time stamp of our file: 2026-10-09 22:58:06.000
2026-10-09 22:59:34.969   Installing the file.
2026-10-09 22:59:34.969   Successfully installed the file.
2026-10-09 22:59:34.969   -- File entry --
2026-10-09 22:59:34.969   Dest filename: D:\a\_temp\agym-c64-38001250527-5872-u8q4q801\client\Recepcion\_internal\tzdata\zoneinfo\Europe\Uzhgorod
2026-10-09 22:59:34.969   Time stamp of our file: 2026-10-09 22:58:06.000
2026-10-09 22:59:34.969   Installing the file.
2026-10-09 22:59:34.969   Successfully installed the file.
2026-10-09 22:59:34.969   -- File entry --
2026-10-09 22:59:34.969   Dest filename: D:\a\_temp\agym-c64-38001250527-5872-u8q4q801\client\Recepcion\_internal\tzdata\zoneinfo\Europe\Vaduz
2026-10-09 22:59:34.969   Time stamp of our file: 2026-10-09 22:58:06.000
2026-10-09 22:59:34.969   Installing the file.
2026-10-09 22:59:34.969   Successfully installed the file.
2026-10-09 22:59:34.969   -- File entry --
2026-10-09 22:59:34.969   Dest filename: D:\a\_temp\agym-c64-38001250527-5872-u8q4q801\client\Recepcion\_internal\tzdata\zoneinfo\Europe\Vatican
2026-10-09 22:59:34.969   Time stamp of our file: 2026-10-09 22:58:06.000
2026-10-09 22:59:34.969   Installing the file.
2026-10-09 22:59:34.969   Successfully installed the file.
2026-10-09 22:59:34.969   -- File entry --
2026-10-09 22:59:34.969   Dest filename: D:\a\_temp\agym-c64-38001250527-5872-u8q4q801\client\Recepcion\_internal\tzdata\zoneinfo\Europe\Vienna
2026-10-09 22:59:34.969   Time stamp of our file: 2026-10-09 22:58:06.000
2026-10-09 22:59:34.969   Installing the file.
2026-10-09 22:59:34.969   Successfully installed the file.
2026-10-09 22:59:34.969   -- File entry --
2026-10-09 22:59:34.969   Dest filename: D:\a\_temp\agym-c64-38001250527-5872-u8q4q801\client\Recepcion\_internal\tzdata\zoneinfo\Europe\Vilnius
2026-10-09 22:59:34.969   Time stamp of our file: 2026-10-09 22:58:06.000
2026-10-09 22:59:34.969   Installing the file.
2026-10-09 22:59:34.969   Successfully installed the file.
2026-10-09 22:59:34.969   -- File entry --
2026-10-09 22:59:34.969   Dest filename: D:\a\_temp\agym-c64-38001250527-5872-u8q4q801\client\Recepcion\_internal\tzdata\zoneinfo\Europe\Volgograd
2026-10-09 22:59:34.969   Time stamp of our file: 2026-10-09 22:58:06.000
2026-10-09 22:59:34.969   Installing the file.
2026-10-09 22:59:34.984   Successfully installed the file.
2026-10-09 22:59:34.984   -- File entry --
2026-10-09 22:59:34.984   Dest filename: D:\a\_temp\agym-c64-38001250527-5872-u8q4q801\client\Recepcion\_internal\tzdata\zoneinfo\Europe\Warsaw
2026-10-09 22:59:34.984   Time stamp of our file: 2026-10-09 22:58:06.000
2026-10-09 22:59:34.984   Installing the file.
2026-10-09 22:59:34.984   Successfully installed the file.
2026-10-09 22:59:34.984   -- File entry --
2026-10-09 22:59:34.984   Dest filename: D:\a\_temp\agym-c64-38001250527-5872-u8q4q801\client\Recepcion\_internal\tzdata\zoneinfo\Europe\Zagreb
2026-10-09 22:59:34.984   Time stamp of our file: 2026-10-09 22:58:06.000
2026-10-09 22:59:34.984   Installing the file.
2026-10-09 22:59:34.984   Successfully installed the file.
2026-10-09 22:59:34.984   -- File entry --
2026-10-09 22:59:34.984   Dest filename: D:\a\_temp\agym-c64-38001250527-5872-u8q4q801\client\Recepcion\_internal\tzdata\zoneinfo\Europe\Zaporozhye
2026-10-09 22:59:34.984   Time stamp of our file: 2026-10-09 22:58:06.000
2026-10-09 22:59:34.984   Installing the file.
2026-10-09 22:59:34.984   Successfully installed the file.
2026-10-09 22:59:34.984   -- File entry --
2026-10-09 22:59:34.984   Dest filename: D:\a\_temp\agym-c64-38001250527-5872-u8q4q801\client\Recepcion\_internal\tzdata\zoneinfo\Europe\Zurich
2026-10-09 22:59:34.984   Time stamp of our file: 2026-10-09 22:58:06.000
2026-10-09 22:59:34.984   Installing the file.
2026-10-09 22:59:34.984   Successfully installed the file.
2026-10-09 22:59:34.984   -- File entry --
2026-10-09 22:59:34.984   Dest filename: D:\a\_temp\agym-c64-38001250527-5872-u8q4q801\client\Recepcion\_internal\tzdata\zoneinfo\Europe\__init__.py
2026-10-09 22:59:34.984   Time stamp of our file: 2026-10-09 22:58:06.000
2026-10-09 22:59:34.984   Installing the file.
2026-10-09 22:59:34.984   Successfully installed the file.
2026-10-09 22:59:34.984   -- File entry --
2026-10-09 22:59:34.984   Dest filename: D:\a\_temp\agym-c64-38001250527-5872-u8q4q801\client\Recepcion\_internal\tzdata\zoneinfo\Indian\Antananarivo
2026-10-09 22:59:34.984   Time stamp of our file: 2026-10-09 22:58:06.000
2026-10-09 22:59:34.984   Installing the file.
2026-10-09 22:59:34.984   Creating directory: D:\a\_temp\agym-c64-38001250527-5872-u8q4q801\client\Recepcion\_internal\tzdata\zoneinfo\Indian
2026-10-09 22:59:34.984   Successfully installed the file.
2026-10-09 22:59:34.984   -- File entry --
2026-10-09 22:59:34.984   Dest filename: D:\a\_temp\agym-c64-38001250527-5872-u8q4q801\client\Recepcion\_internal\tzdata\zoneinfo\Indian\Chagos
2026-10-09 22:59:34.984   Time stamp of our file: 2026-10-09 22:58:06.000
2026-10-09 22:59:34.984   Installing the file.
2026-10-09 22:59:34.984   Successfully installed the file.
2026-10-09 22:59:34.984   -- File entry --
2026-10-09 22:59:34.984   Dest filename: D:\a\_temp\agym-c64-38001250527-5872-u8q4q801\client\Recepcion\_internal\tzdata\zoneinfo\Indian\Christmas
2026-10-09 22:59:34.984   Time stamp of our file: 2026-10-09 22:58:06.000
2026-10-09 22:59:34.984   Installing the file.
2026-10-09 22:59:34.984   Successfully installed the file.
2026-10-09 22:59:34.984   -- File entry --
2026-10-09 22:59:34.984   Dest filename: D:\a\_temp\agym-c64-38001250527-5872-u8q4q801\client\Recepcion\_internal\tzdata\zoneinfo\Indian\Cocos
2026-10-09 22:59:34.984   Time stamp of our file: 2026-10-09 22:58:06.000
2026-10-09 22:59:34.984   Installing the file.
2026-10-09 22:59:34.984   Successfully installed the file.
2026-10-09 22:59:34.984   -- File entry --
2026-10-09 22:59:34.984   Dest filename: D:\a\_temp\agym-c64-38001250527-5872-u8q4q801\client\Recepcion\_internal\tzdata\zoneinfo\Indian\Comoro
2026-10-09 22:59:34.984   Time stamp of our file: 2026-10-09 22:58:06.000
2026-10-09 22:59:34.984   Installing the file.
2026-10-09 22:59:34.984   Successfully installed the file.
2026-10-09 22:59:34.984   -- File entry --
2026-10-09 22:59:34.984   Dest filename: D:\a\_temp\agym-c64-38001250527-5872-u8q4q801\client\Recepcion\_internal\tzdata\zoneinfo\Indian\Kerguelen
2026-10-09 22:59:34.984   Time stamp of our file: 2026-10-09 22:58:06.000
2026-10-09 22:59:34.984   Installing the file.
2026-10-09 22:59:34.984   Successfully installed the file.
2026-10-09 22:59:34.984   -- File entry --
2026-10-09 22:59:34.984   Dest filename: D:\a\_temp\agym-c64-38001250527-5872-u8q4q801\client\Recepcion\_internal\tzdata\zoneinfo\Indian\Mahe
2026-10-09 22:59:34.984   Time stamp of our file: 2026-10-09 22:58:06.000
2026-10-09 22:59:34.984   Installing the file.
2026-10-09 22:59:34.984   Successfully installed the file.
2026-10-09 22:59:34.984   -- File entry --
2026-10-09 22:59:34.984   Dest filename: D:\a\_temp\agym-c64-38001250527-5872-u8q4q801\client\Recepcion\_internal\tzdata\zoneinfo\Indian\Maldives
2026-10-09 22:59:34.984   Time stamp of our file: 2026-10-09 22:58:06.000
2026-10-09 22:59:34.984   Installing the file.
2026-10-09 22:59:34.984   Successfully installed the file.
2026-10-09 22:59:34.984   -- File entry --
2026-10-09 22:59:34.984   Dest filename: D:\a\_temp\agym-c64-38001250527-5872-u8q4q801\client\Recepcion\_internal\tzdata\zoneinfo\Indian\Mauritius
2026-10-09 22:59:34.984   Time stamp of our file: 2026-10-09 22:58:06.000
2026-10-09 22:59:34.984   Installing the file.
2026-10-09 22:59:34.984   Successfully installed the file.
2026-10-09 22:59:34.984   -- File entry --
2026-10-09 22:59:34.984   Dest filename: D:\a\_temp\agym-c64-38001250527-5872-u8q4q801\client\Recepcion\_internal\tzdata\zoneinfo\Indian\Mayotte
2026-10-09 22:59:34.984   Time stamp of our file: 2026-10-09 22:58:06.000
2026-10-09 22:59:34.984   Installing the file.
2026-10-09 22:59:34.984   Successfully installed the file.
2026-10-09 22:59:34.984   -- File entry --
2026-10-09 22:59:34.984   Dest filename: D:\a\_temp\agym-c64-38001250527-5872-u8q4q801\client\Recepcion\_internal\tzdata\zoneinfo\Indian\Reunion
2026-10-09 22:59:34.984   Time stamp of our file: 2026-10-09 22:58:06.000
2026-10-09 22:59:34.984   Installing the file.
2026-10-09 22:59:34.984   Successfully installed the file.
2026-10-09 22:59:34.984   -- File entry --
2026-10-09 22:59:34.984   Dest filename: D:\a\_temp\agym-c64-38001250527-5872-u8q4q801\client\Recepcion\_internal\tzdata\zoneinfo\Indian\__init__.py
2026-10-09 22:59:34.984   Time stamp of our file: 2026-10-09 22:58:06.000
2026-10-09 22:59:34.984   Installing the file.
2026-10-09 22:59:34.984   Successfully installed the file.
2026-10-09 22:59:34.984   -- File entry --
2026-10-09 22:59:34.984   Dest filename: D:\a\_temp\agym-c64-38001250527-5872-u8q4q801\client\Recepcion\_internal\tzdata\zoneinfo\Mexico\BajaNorte
2026-10-09 22:59:34.984   Time stamp of our file: 2026-10-09 22:58:06.000
2026-10-09 22:59:34.984   Installing the file.
2026-10-09 22:59:34.984   Creating directory: D:\a\_temp\agym-c64-38001250527-5872-u8q4q801\client\Recepcion\_internal\tzdata\zoneinfo\Mexico
2026-10-09 22:59:34.984   Successfully installed the file.
2026-10-09 22:59:34.984   -- File entry --
2026-10-09 22:59:34.984   Dest filename: D:\a\_temp\agym-c64-38001250527-5872-u8q4q801\client\Recepcion\_internal\tzdata\zoneinfo\Mexico\BajaSur
2026-10-09 22:59:34.984   Time stamp of our file: 2026-10-09 22:58:06.000
2026-10-09 22:59:34.984   Installing the file.
2026-10-09 22:59:34.984   Successfully installed the file.
2026-10-09 22:59:34.984   -- File entry --
2026-10-09 22:59:34.984   Dest filename: D:\a\_temp\agym-c64-38001250527-5872-u8q4q801\client\Recepcion\_internal\tzdata\zoneinfo\Mexico\General
2026-10-09 22:59:34.984   Time stamp of our file: 2026-10-09 22:58:06.000
2026-10-09 22:59:34.984   Installing the file.
2026-10-09 22:59:34.984   Successfully installed the file.
2026-10-09 22:59:34.984   -- File entry --
2026-10-09 22:59:34.984   Dest filename: D:\a\_temp\agym-c64-38001250527-5872-u8q4q801\client\Recepcion\_internal\tzdata\zoneinfo\Mexico\__init__.py
2026-10-09 22:59:34.984   Time stamp of our file: 2026-10-09 22:58:06.000
2026-10-09 22:59:34.984   Installing the file.
2026-10-09 22:59:34.984   Successfully installed the file.
2026-10-09 22:59:34.984   -- File entry --
2026-10-09 22:59:34.984   Dest filename: D:\a\_temp\agym-c64-38001250527-5872-u8q4q801\client\Recepcion\_internal\tzdata\zoneinfo\Pacific\Apia
2026-10-09 22:59:34.984   Time stamp of our file: 2026-10-09 22:58:06.000
2026-10-09 22:59:34.984   Installing the file.
2026-10-09 22:59:34.984   Creating directory: D:\a\_temp\agym-c64-38001250527-5872-u8q4q801\client\Recepcion\_internal\tzdata\zoneinfo\Pacific
2026-10-09 22:59:34.984   Successfully installed the file.
2026-10-09 22:59:34.984   -- File entry --
2026-10-09 22:59:34.984   Dest filename: D:\a\_temp\agym-c64-38001250527-5872-u8q4q801\client\Recepcion\_internal\tzdata\zoneinfo\Pacific\Auckland
2026-10-09 22:59:34.984   Time stamp of our file: 2026-10-09 22:58:06.000
2026-10-09 22:59:34.984   Installing the file.
2026-10-09 22:59:34.984   Successfully installed the file.
2026-10-09 22:59:34.984   -- File entry --
2026-10-09 22:59:34.984   Dest filename: D:\a\_temp\agym-c64-38001250527-5872-u8q4q801\client\Recepcion\_internal\tzdata\zoneinfo\Pacific\Bougainville
2026-10-09 22:59:34.984   Time stamp of our file: 2026-10-09 22:58:06.000
2026-10-09 22:59:34.984   Installing the file.
2026-10-09 22:59:34.984   Successfully installed the file.
2026-10-09 22:59:34.984   -- File entry --
2026-10-09 22:59:34.984   Dest filename: D:\a\_temp\agym-c64-38001250527-5872-u8q4q801\client\Recepcion\_internal\tzdata\zoneinfo\Pacific\Chatham
2026-10-09 22:59:34.984   Time stamp of our file: 2026-10-09 22:58:06.000
2026-10-09 22:59:34.984   Installing the file.
2026-10-09 22:59:34.984   Successfully installed the file.
2026-10-09 22:59:34.984   -- File entry --
2026-10-09 22:59:34.984   Dest filename: D:\a\_temp\agym-c64-38001250527-5872-u8q4q801\client\Recepcion\_internal\tzdata\zoneinfo\Pacific\Chuuk
2026-10-09 22:59:34.984   Time stamp of our file: 2026-10-09 22:58:06.000
2026-10-09 22:59:34.984   Installing the file.
2026-10-09 22:59:34.984   Successfully installed the file.
2026-10-09 22:59:34.984   -- File entry --
2026-10-09 22:59:34.984   Dest filename: D:\a\_temp\agym-c64-38001250527-5872-u8q4q801\client\Recepcion\_internal\tzdata\zoneinfo\Pacific\Easter
2026-10-09 22:59:34.984   Time stamp of our file: 2026-10-09 22:58:06.000
2026-10-09 22:59:34.984   Installing the file.
2026-10-09 22:59:34.984   Successfully installed the file.
2026-10-09 22:59:34.984   -- File entry --
2026-10-09 22:59:34.984   Dest filename: D:\a\_temp\agym-c64-38001250527-5872-u8q4q801\client\Recepcion\_internal\tzdata\zoneinfo\Pacific\Efate
2026-10-09 22:59:34.984   Time stamp of our file: 2026-10-09 22:58:06.000
2026-10-09 22:59:34.984   Installing the file.
2026-10-09 22:59:34.984   Successfully installed the file.
2026-10-09 22:59:34.984   -- File entry --
2026-10-09 22:59:34.984   Dest filename: D:\a\_temp\agym-c64-38001250527-5872-u8q4q801\client\Recepcion\_internal\tzdata\zoneinfo\Pacific\Enderbury
2026-10-09 22:59:34.984   Time stamp of our file: 2026-10-09 22:58:06.000
2026-10-09 22:59:34.984   Installing the file.
2026-10-09 22:59:34.984   Successfully installed the file.
2026-10-09 22:59:34.984   -- File entry --
2026-10-09 22:59:34.984   Dest filename: D:\a\_temp\agym-c64-38001250527-5872-u8q4q801\client\Recepcion\_internal\tzdata\zoneinfo\Pacific\Fakaofo
2026-10-09 22:59:34.984   Time stamp of our file: 2026-10-09 22:58:06.000
2026-10-09 22:59:34.984   Installing the file.
2026-10-09 22:59:34.984   Successfully installed the file.
2026-10-09 22:59:34.984   -- File entry --
2026-10-09 22:59:34.984   Dest filename: D:\a\_temp\agym-c64-38001250527-5872-u8q4q801\client\Recepcion\_internal\tzdata\zoneinfo\Pacific\Fiji
2026-10-09 22:59:34.984   Time stamp of our file: 2026-10-09 22:58:06.000
2026-10-09 22:59:34.984   Installing the file.
2026-10-09 22:59:34.984   Successfully installed the file.
2026-10-09 22:59:34.984   -- File entry --
2026-10-09 22:59:34.984   Dest filename: D:\a\_temp\agym-c64-38001250527-5872-u8q4q801\client\Recepcion\_internal\tzdata\zoneinfo\Pacific\Funafuti
2026-10-09 22:59:34.984   Time stamp of our file: 2026-10-09 22:58:06.000
2026-10-09 22:59:34.984   Installing the file.
2026-10-09 22:59:34.984   Successfully installed the file.
2026-10-09 22:59:34.984   -- File entry --
2026-10-09 22:59:34.984   Dest filename: D:\a\_temp\agym-c64-38001250527-5872-u8q4q801\client\Recepcion\_internal\tzdata\zoneinfo\Pacific\Galapagos
2026-10-09 22:59:34.984   Time stamp of our file: 2026-10-09 22:58:06.000
2026-10-09 22:59:34.984   Installing the file.
2026-10-09 22:59:34.984   Successfully installed the file.
2026-10-09 22:59:34.984   -- File entry --
2026-10-09 22:59:34.984   Dest filename: D:\a\_temp\agym-c64-38001250527-5872-u8q4q801\client\Recepcion\_internal\tzdata\zoneinfo\Pacific\Gambier
2026-10-09 22:59:34.984   Time stamp of our file: 2026-10-09 22:58:06.000
2026-10-09 22:59:34.984   Installing the file.
2026-10-09 22:59:34.984   Successfully installed the file.
2026-10-09 22:59:34.984   -- File entry --
2026-10-09 22:59:34.984   Dest filename: D:\a\_temp\agym-c64-38001250527-5872-u8q4q801\client\Recepcion\_internal\tzdata\zoneinfo\Pacific\Guadalcanal
2026-10-09 22:59:34.984   Time stamp of our file: 2026-10-09 22:58:06.000
2026-10-09 22:59:34.984   Installing the file.
2026-10-09 22:59:34.984   Successfully installed the file.
2026-10-09 22:59:34.984   -- File entry --
2026-10-09 22:59:34.984   Dest filename: D:\a\_temp\agym-c64-38001250527-5872-u8q4q801\client\Recepcion\_internal\tzdata\zoneinfo\Pacific\Guam
2026-10-09 22:59:34.984   Time stamp of our file: 2026-10-09 22:58:06.000
2026-10-09 22:59:34.984   Installing the file.
2026-10-09 22:59:34.984   Successfully installed the file.
2026-10-09 22:59:34.984   -- File entry --
2026-10-09 22:59:35.000   Dest filename: D:\a\_temp\agym-c64-38001250527-5872-u8q4q801\client\Recepcion\_internal\tzdata\zoneinfo\Pacific\Honolulu
2026-10-09 22:59:35.000   Time stamp of our file: 2026-10-09 22:58:06.000
2026-10-09 22:59:35.000   Installing the file.
2026-10-09 22:59:35.000   Successfully installed the file.
2026-10-09 22:59:35.000   -- File entry --
2026-10-09 22:59:35.000   Dest filename: D:\a\_temp\agym-c64-38001250527-5872-u8q4q801\client\Recepcion\_internal\tzdata\zoneinfo\Pacific\Johnston
2026-10-09 22:59:35.000   Time stamp of our file: 2026-10-09 22:58:06.000
2026-10-09 22:59:35.000   Installing the file.
2026-10-09 22:59:35.000   Successfully installed the file.
2026-10-09 22:59:35.000   -- File entry --
2026-10-09 22:59:35.000   Dest filename: D:\a\_temp\agym-c64-38001250527-5872-u8q4q801\client\Recepcion\_internal\tzdata\zoneinfo\Pacific\Kanton
2026-10-09 22:59:35.000   Time stamp of our file: 2026-10-09 22:58:06.000
2026-10-09 22:59:35.000   Installing the file.
2026-10-09 22:59:35.000   Successfully installed the file.
2026-10-09 22:59:35.000   -- File entry --
2026-10-09 22:59:35.000   Dest filename: D:\a\_temp\agym-c64-38001250527-5872-u8q4q801\client\Recepcion\_internal\tzdata\zoneinfo\Pacific\Kiritimati
2026-10-09 22:59:35.000   Time stamp of our file: 2026-10-09 22:58:06.000
2026-10-09 22:59:35.000   Installing the file.
2026-10-09 22:59:35.000   Successfully installed the file.
2026-10-09 22:59:35.000   -- File entry --
2026-10-09 22:59:35.000   Dest filename: D:\a\_temp\agym-c64-38001250527-5872-u8q4q801\client\Recepcion\_internal\tzdata\zoneinfo\Pacific\Kosrae
2026-10-09 22:59:35.000   Time stamp of our file: 2026-10-09 22:58:06.000
2026-10-09 22:59:35.000   Installing the file.
2026-10-09 22:59:35.000   Successfully installed the file.
2026-10-09 22:59:35.000   -- File entry --
2026-10-09 22:59:35.000   Dest filename: D:\a\_temp\agym-c64-38001250527-5872-u8q4q801\client\Recepcion\_internal\tzdata\zoneinfo\Pacific\Kwajalein
2026-10-09 22:59:35.000   Time stamp of our file: 2026-10-09 22:58:06.000
2026-10-09 22:59:35.000   Installing the file.
2026-10-09 22:59:35.000   Successfully installed the file.
2026-10-09 22:59:35.000   -- File entry --
2026-10-09 22:59:35.000   Dest filename: D:\a\_temp\agym-c64-38001250527-5872-u8q4q801\client\Recepcion\_internal\tzdata\zoneinfo\Pacific\Majuro
2026-10-09 22:59:35.000   Time stamp of our file: 2026-10-09 22:58:06.000
2026-10-09 22:59:35.000   Installing the file.
2026-10-09 22:59:35.000   Successfully installed the file.
2026-10-09 22:59:35.000   -- File entry --
2026-10-09 22:59:35.000   Dest filename: D:\a\_temp\agym-c64-38001250527-5872-u8q4q801\client\Recepcion\_internal\tzdata\zoneinfo\Pacific\Marquesas
2026-10-09 22:59:35.000   Time stamp of our file: 2026-10-09 22:58:06.000
2026-10-09 22:59:35.000   Installing the file.
2026-10-09 22:59:35.000   Successfully installed the file.
2026-10-09 22:59:35.000   -- File entry --
2026-10-09 22:59:35.000   Dest filename: D:\a\_temp\agym-c64-38001250527-5872-u8q4q801\client\Recepcion\_internal\tzdata\zoneinfo\Pacific\Midway
2026-10-09 22:59:35.000   Time stamp of our file: 2026-10-09 22:58:06.000
2026-10-09 22:59:35.000   Installing the file.
2026-10-09 22:59:35.000   Successfully installed the file.
2026-10-09 22:59:35.000   -- File entry --
2026-10-09 22:59:35.000   Dest filename: D:\a\_temp\agym-c64-38001250527-5872-u8q4q801\client\Recepcion\_internal\tzdata\zoneinfo\Pacific\Nauru
2026-10-09 22:59:35.000   Time stamp of our file: 2026-10-09 22:58:06.000
2026-10-09 22:59:35.000   Installing the file.
2026-10-09 22:59:35.000   Successfully installed the file.
2026-10-09 22:59:35.000   -- File entry --
2026-10-09 22:59:35.000   Dest filename: D:\a\_temp\agym-c64-38001250527-5872-u8q4q801\client\Recepcion\_internal\tzdata\zoneinfo\Pacific\Niue
2026-10-09 22:59:35.000   Time stamp of our file: 2026-10-09 22:58:06.000
2026-10-09 22:59:35.000   Installing the file.
2026-10-09 22:59:35.000   Successfully installed the file.
2026-10-09 22:59:35.000   -- File entry --
2026-10-09 22:59:35.000   Dest filename: D:\a\_temp\agym-c64-38001250527-5872-u8q4q801\client\Recepcion\_internal\tzdata\zoneinfo\Pacific\Norfolk
2026-10-09 22:59:35.000   Time stamp of our file: 2026-10-09 22:58:06.000
2026-10-09 22:59:35.000   Installing the file.
2026-10-09 22:59:35.000   Successfully installed the file.
2026-10-09 22:59:35.000   -- File entry --
2026-10-09 22:59:35.000   Dest filename: D:\a\_temp\agym-c64-38001250527-5872-u8q4q801\client\Recepcion\_internal\tzdata\zoneinfo\Pacific\Noumea
2026-10-09 22:59:35.000   Time stamp of our file: 2026-10-09 22:58:06.000
2026-10-09 22:59:35.000   Installing the file.
2026-10-09 22:59:35.000   Successfully installed the file.
2026-10-09 22:59:35.000   -- File entry --
2026-10-09 22:59:35.000   Dest filename: D:\a\_temp\agym-c64-38001250527-5872-u8q4q801\client\Recepcion\_internal\tzdata\zoneinfo\Pacific\Pago_Pago
2026-10-09 22:59:35.000   Time stamp of our file: 2026-10-09 22:58:06.000
2026-10-09 22:59:35.000   Installing the file.
2026-10-09 22:59:35.000   Successfully installed the file.
2026-10-09 22:59:35.000   -- File entry --
2026-10-09 22:59:35.000   Dest filename: D:\a\_temp\agym-c64-38001250527-5872-u8q4q801\client\Recepcion\_internal\tzdata\zoneinfo\Pacific\Palau
2026-10-09 22:59:35.000   Time stamp of our file: 2026-10-09 22:58:06.000
2026-10-09 22:59:35.000   Installing the file.
2026-10-09 22:59:35.000   Successfully installed the file.
2026-10-09 22:59:35.000   -- File entry --
2026-10-09 22:59:35.000   Dest filename: D:\a\_temp\agym-c64-38001250527-5872-u8q4q801\client\Recepcion\_internal\tzdata\zoneinfo\Pacific\Pitcairn
2026-10-09 22:59:35.000   Time stamp of our file: 2026-10-09 22:58:06.000
2026-10-09 22:59:35.000   Installing the file.
2026-10-09 22:59:35.000   Successfully installed the file.
2026-10-09 22:59:35.000   -- File entry --
2026-10-09 22:59:35.000   Dest filename: D:\a\_temp\agym-c64-38001250527-5872-u8q4q801\client\Recepcion\_internal\tzdata\zoneinfo\Pacific\Pohnpei
2026-10-09 22:59:35.000   Time stamp of our file: 2026-10-09 22:58:06.000
2026-10-09 22:59:35.000   Installing the file.
2026-10-09 22:59:35.000   Successfully installed the file.
2026-10-09 22:59:35.000   -- File entry --
2026-10-09 22:59:35.000   Dest filename: D:\a\_temp\agym-c64-38001250527-5872-u8q4q801\client\Recepcion\_internal\tzdata\zoneinfo\Pacific\Ponape
2026-10-09 22:59:35.000   Time stamp of our file: 2026-10-09 22:58:06.000
2026-10-09 22:59:35.000   Installing the file.
2026-10-09 22:59:35.000   Successfully installed the file.
2026-10-09 22:59:35.000   -- File entry --
2026-10-09 22:59:35.000   Dest filename: D:\a\_temp\agym-c64-38001250527-5872-u8q4q801\client\Recepcion\_internal\tzdata\zoneinfo\Pacific\Port_Moresby
2026-10-09 22:59:35.000   Time stamp of our file: 2026-10-09 22:58:06.000
2026-10-09 22:59:35.000   Installing the file.
2026-10-09 22:59:35.000   Successfully installed the file.
2026-10-09 22:59:35.000   -- File entry --
2026-10-09 22:59:35.000   Dest filename: D:\a\_temp\agym-c64-38001250527-5872-u8q4q801\client\Recepcion\_internal\tzdata\zoneinfo\Pacific\Rarotonga
2026-10-09 22:59:35.000   Time stamp of our file: 2026-10-09 22:58:06.000
2026-10-09 22:59:35.000   Installing the file.
2026-10-09 22:59:35.000   Successfully installed the file.
2026-10-09 22:59:35.000   -- File entry --
2026-10-09 22:59:35.000   Dest filename: D:\a\_temp\agym-c64-38001250527-5872-u8q4q801\client\Recepcion\_internal\tzdata\zoneinfo\Pacific\Saipan
2026-10-09 22:59:35.000   Time stamp of our file: 2026-10-09 22:58:06.000
2026-10-09 22:59:35.000   Installing the file.
2026-10-09 22:59:35.000   Successfully installed the file.
2026-10-09 22:59:35.000   -- File entry --
2026-10-09 22:59:35.000   Dest filename: D:\a\_temp\agym-c64-38001250527-5872-u8q4q801\client\Recepcion\_internal\tzdata\zoneinfo\Pacific\Samoa
2026-10-09 22:59:35.000   Time stamp of our file: 2026-10-09 22:58:06.000
2026-10-09 22:59:35.000   Installing the file.
2026-10-09 22:59:35.000   Successfully installed the file.
2026-10-09 22:59:35.000   -- File entry --
2026-10-09 22:59:35.000   Dest filename: D:\a\_temp\agym-c64-38001250527-5872-u8q4q801\client\Recepcion\_internal\tzdata\zoneinfo\Pacific\Tahiti
2026-10-09 22:59:35.000   Time stamp of our file: 2026-10-09 22:58:06.000
2026-10-09 22:59:35.000   Installing the file.
2026-10-09 22:59:35.000   Successfully installed the file.
2026-10-09 22:59:35.000   -- File entry --
2026-10-09 22:59:35.000   Dest filename: D:\a\_temp\agym-c64-38001250527-5872-u8q4q801\client\Recepcion\_internal\tzdata\zoneinfo\Pacific\Tarawa
2026-10-09 22:59:35.000   Time stamp of our file: 2026-10-09 22:58:06.000
2026-10-09 22:59:35.000   Installing the file.
2026-10-09 22:59:35.000   Successfully installed the file.
2026-10-09 22:59:35.000   -- File entry --
2026-10-09 22:59:35.000   Dest filename: D:\a\_temp\agym-c64-38001250527-5872-u8q4q801\client\Recepcion\_internal\tzdata\zoneinfo\Pacific\Tongatapu
2026-10-09 22:59:35.000   Time stamp of our file: 2026-10-09 22:58:06.000
2026-10-09 22:59:35.000   Installing the file.
2026-10-09 22:59:35.000   Successfully installed the file.
2026-10-09 22:59:35.000   -- File entry --
2026-10-09 22:59:35.000   Dest filename: D:\a\_temp\agym-c64-38001250527-5872-u8q4q801\client\Recepcion\_internal\tzdata\zoneinfo\Pacific\Truk
2026-10-09 22:59:35.000   Time stamp of our file: 2026-10-09 22:58:06.000
2026-10-09 22:59:35.000   Installing the file.
2026-10-09 22:59:35.000   Successfully installed the file.
2026-10-09 22:59:35.000   -- File entry --
2026-10-09 22:59:35.000   Dest filename: D:\a\_temp\agym-c64-38001250527-5872-u8q4q801\client\Recepcion\_internal\tzdata\zoneinfo\Pacific\Wake
2026-10-09 22:59:35.000   Time stamp of our file: 2026-10-09 22:58:06.000
2026-10-09 22:59:35.000   Installing the file.
2026-10-09 22:59:35.000   Successfully installed the file.
2026-10-09 22:59:35.000   -- File entry --
2026-10-09 22:59:35.000   Dest filename: D:\a\_temp\agym-c64-38001250527-5872-u8q4q801\client\Recepcion\_internal\tzdata\zoneinfo\Pacific\Wallis
2026-10-09 22:59:35.000   Time stamp of our file: 2026-10-09 22:58:06.000
2026-10-09 22:59:35.000   Installing the file.
2026-10-09 22:59:35.000   Successfully installed the file.
2026-10-09 22:59:35.000   -- File entry --
2026-10-09 22:59:35.000   Dest filename: D:\a\_temp\agym-c64-38001250527-5872-u8q4q801\client\Recepcion\_internal\tzdata\zoneinfo\Pacific\Yap
2026-10-09 22:59:35.000   Time stamp of our file: 2026-10-09 22:58:06.000
2026-10-09 22:59:35.000   Installing the file.
2026-10-09 22:59:35.000   Successfully installed the file.
2026-10-09 22:59:35.000   -- File entry --
2026-10-09 22:59:35.000   Dest filename: D:\a\_temp\agym-c64-38001250527-5872-u8q4q801\client\Recepcion\_internal\tzdata\zoneinfo\Pacific\__init__.py
2026-10-09 22:59:35.000   Time stamp of our file: 2026-10-09 22:58:06.000
2026-10-09 22:59:35.000   Installing the file.
2026-10-09 22:59:35.000   Successfully installed the file.
2026-10-09 22:59:35.000   -- File entry --
2026-10-09 22:59:35.000   Dest filename: D:\a\_temp\agym-c64-38001250527-5872-u8q4q801\client\Recepcion\_internal\tzdata\zoneinfo\US\Alaska
2026-10-09 22:59:35.000   Time stamp of our file: 2026-10-09 22:58:06.000
2026-10-09 22:59:35.000   Installing the file.
2026-10-09 22:59:35.000   Creating directory: D:\a\_temp\agym-c64-38001250527-5872-u8q4q801\client\Recepcion\_internal\tzdata\zoneinfo\US
2026-10-09 22:59:35.000   Successfully installed the file.
2026-10-09 22:59:35.000   -- File entry --
2026-10-09 22:59:35.000   Dest filename: D:\a\_temp\agym-c64-38001250527-5872-u8q4q801\client\Recepcion\_internal\tzdata\zoneinfo\US\Aleutian
2026-10-09 22:59:35.000   Time stamp of our file: 2026-10-09 22:58:06.000
2026-10-09 22:59:35.000   Installing the file.
2026-10-09 22:59:35.000   Successfully installed the file.
2026-10-09 22:59:35.000   -- File entry --
2026-10-09 22:59:35.000   Dest filename: D:\a\_temp\agym-c64-38001250527-5872-u8q4q801\client\Recepcion\_internal\tzdata\zoneinfo\US\Arizona
2026-10-09 22:59:35.000   Time stamp of our file: 2026-10-09 22:58:06.000
2026-10-09 22:59:35.000   Installing the file.
2026-10-09 22:59:35.000   Successfully installed the file.
2026-10-09 22:59:35.000   -- File entry --
2026-10-09 22:59:35.000   Dest filename: D:\a\_temp\agym-c64-38001250527-5872-u8q4q801\client\Recepcion\_internal\tzdata\zoneinfo\US\Central
2026-10-09 22:59:35.000   Time stamp of our file: 2026-10-09 22:58:06.000
2026-10-09 22:59:35.000   Installing the file.
2026-10-09 22:59:35.000   Successfully installed the file.
2026-10-09 22:59:35.000   -- File entry --
2026-10-09 22:59:35.000   Dest filename: D:\a\_temp\agym-c64-38001250527-5872-u8q4q801\client\Recepcion\_internal\tzdata\zoneinfo\US\East-Indiana
2026-10-09 22:59:35.000   Time stamp of our file: 2026-10-09 22:58:06.000
2026-10-09 22:59:35.000   Installing the file.
2026-10-09 22:59:35.000   Successfully installed the file.
2026-10-09 22:59:35.000   -- File entry --
2026-10-09 22:59:35.000   Dest filename: D:\a\_temp\agym-c64-38001250527-5872-u8q4q801\client\Recepcion\_internal\tzdata\zoneinfo\US\Eastern
2026-10-09 22:59:35.000   Time stamp of our file: 2026-10-09 22:58:06.000
2026-10-09 22:59:35.000   Installing the file.
2026-10-09 22:59:35.000   Successfully installed the file.
2026-10-09 22:59:35.000   -- File entry --
2026-10-09 22:59:35.000   Dest filename: D:\a\_temp\agym-c64-38001250527-5872-u8q4q801\client\Recepcion\_internal\tzdata\zoneinfo\US\Hawaii
2026-10-09 22:59:35.000   Time stamp of our file: 2026-10-09 22:58:06.000
2026-10-09 22:59:35.000   Installing the file.
2026-10-09 22:59:35.000   Successfully installed the file.
2026-10-09 22:59:35.000   -- File entry --
2026-10-09 22:59:35.016   Dest filename: D:\a\_temp\agym-c64-38001250527-5872-u8q4q801\client\Recepcion\_internal\tzdata\zoneinfo\US\Indiana-Starke
2026-10-09 22:59:35.016   Time stamp of our file: 2026-10-09 22:58:06.000
2026-10-09 22:59:35.016   Installing the file.
2026-10-09 22:59:35.016   Successfully installed the file.
2026-10-09 22:59:35.016   -- File entry --
2026-10-09 22:59:35.016   Dest filename: D:\a\_temp\agym-c64-38001250527-5872-u8q4q801\client\Recepcion\_internal\tzdata\zoneinfo\US\Michigan
2026-10-09 22:59:35.016   Time stamp of our file: 2026-10-09 22:58:06.000
2026-10-09 22:59:35.016   Installing the file.
2026-10-09 22:59:35.016   Successfully installed the file.
2026-10-09 22:59:35.016   -- File entry --
2026-10-09 22:59:35.016   Dest filename: D:\a\_temp\agym-c64-38001250527-5872-u8q4q801\client\Recepcion\_internal\tzdata\zoneinfo\US\Mountain
2026-10-09 22:59:35.016   Time stamp of our file: 2026-10-09 22:58:06.000
2026-10-09 22:59:35.016   Installing the file.
2026-10-09 22:59:35.016   Successfully installed the file.
2026-10-09 22:59:35.016   -- File entry --
2026-10-09 22:59:35.016   Dest filename: D:\a\_temp\agym-c64-38001250527-5872-u8q4q801\client\Recepcion\_internal\tzdata\zoneinfo\US\Pacific
2026-10-09 22:59:35.016   Time stamp of our file: 2026-10-09 22:58:06.000
2026-10-09 22:59:35.016   Installing the file.
2026-10-09 22:59:35.016   Successfully installed the file.
2026-10-09 22:59:35.016   -- File entry --
2026-10-09 22:59:35.016   Dest filename: D:\a\_temp\agym-c64-38001250527-5872-u8q4q801\client\Recepcion\_internal\tzdata\zoneinfo\US\Samoa
2026-10-09 22:59:35.016   Time stamp of our file: 2026-10-09 22:58:06.000
2026-10-09 22:59:35.016   Installing the file.
2026-10-09 22:59:35.016   Successfully installed the file.
2026-10-09 22:59:35.016   -- File entry --
2026-10-09 22:59:35.016   Dest filename: D:\a\_temp\agym-c64-38001250527-5872-u8q4q801\client\Recepcion\_internal\tzdata\zoneinfo\US\__init__.py
2026-10-09 22:59:35.016   Time stamp of our file: 2026-10-09 22:58:06.000
2026-10-09 22:59:35.016   Installing the file.
2026-10-09 22:59:35.016   Successfully installed the file.
2026-10-09 22:59:35.016   -- File entry --
2026-10-09 22:59:35.016   Dest filename: D:\a\_temp\agym-c64-38001250527-5872-u8q4q801\client\Recepcion\_internal\tzdata-2026.3.dist-info\INSTALLER
2026-10-09 22:59:35.016   Time stamp of our file: 2026-10-09 22:58:06.000
2026-10-09 22:59:35.016   Installing the file.
2026-10-09 22:59:35.016   Creating directory: D:\a\_temp\agym-c64-38001250527-5872-u8q4q801\client\Recepcion\_internal\tzdata-2026.3.dist-info
2026-10-09 22:59:35.016   Successfully installed the file.
2026-10-09 22:59:35.016   -- File entry --
2026-10-09 22:59:35.016   Dest filename: D:\a\_temp\agym-c64-38001250527-5872-u8q4q801\client\Recepcion\_internal\tzdata-2026.3.dist-info\METADATA
2026-10-09 22:59:35.016   Time stamp of our file: 2026-10-09 22:58:06.000
2026-10-09 22:59:35.016   Installing the file.
2026-10-09 22:59:35.016   Successfully installed the file.
2026-10-09 22:59:35.016   -- File entry --
2026-10-09 22:59:35.016   Dest filename: D:\a\_temp\agym-c64-38001250527-5872-u8q4q801\client\Recepcion\_internal\tzdata-2026.3.dist-info\RECORD
2026-10-09 22:59:35.016   Time stamp of our file: 2026-10-09 22:58:06.000
2026-10-09 22:59:35.016   Installing the file.
2026-10-09 22:59:35.016   Successfully installed the file.
2026-10-09 22:59:35.016   -- File entry --
2026-10-09 22:59:35.016   Dest filename: D:\a\_temp\agym-c64-38001250527-5872-u8q4q801\client\Recepcion\_internal\tzdata-2026.3.dist-info\REQUESTED
2026-10-09 22:59:35.016   Time stamp of our file: 2026-10-09 22:58:06.000
2026-10-09 22:59:35.016   Installing the file.
2026-10-09 22:59:35.016   Successfully installed the file.
2026-10-09 22:59:35.016   -- File entry --
2026-10-09 22:59:35.016   Dest filename: D:\a\_temp\agym-c64-38001250527-5872-u8q4q801\client\Recepcion\_internal\tzdata-2026.3.dist-info\top_level.txt
2026-10-09 22:59:35.016   Time stamp of our file: 2026-10-09 22:58:06.000
2026-10-09 22:59:35.016   Installing the file.
2026-10-09 22:59:35.016   Successfully installed the file.
2026-10-09 22:59:35.016   -- File entry --
2026-10-09 22:59:35.016   Dest filename: D:\a\_temp\agym-c64-38001250527-5872-u8q4q801\client\Recepcion\_internal\tzdata-2026.3.dist-info\WHEEL
2026-10-09 22:59:35.016   Time stamp of our file: 2026-10-09 22:58:06.000
2026-10-09 22:59:35.016   Installing the file.
2026-10-09 22:59:35.016   Successfully installed the file.
2026-10-09 22:59:35.016   -- File entry --
2026-10-09 22:59:35.016   Dest filename: D:\a\_temp\agym-c64-38001250527-5872-u8q4q801\client\Recepcion\_internal\tzdata-2026.3.dist-info\licenses\LICENSE
2026-10-09 22:59:35.016   Time stamp of our file: 2026-10-09 22:58:06.000
2026-10-09 22:59:35.016   Installing the file.
2026-10-09 22:59:35.016   Creating directory: D:\a\_temp\agym-c64-38001250527-5872-u8q4q801\client\Recepcion\_internal\tzdata-2026.3.dist-info\licenses
2026-10-09 22:59:35.016   Successfully installed the file.
2026-10-09 22:59:35.016   -- File entry --
2026-10-09 22:59:35.016   Dest filename: D:\a\_temp\agym-c64-38001250527-5872-u8q4q801\client\Recepcion\_internal\tzdata-2026.3.dist-info\licenses\licenses\LICENSE_APACHE
2026-10-09 22:59:35.016   Time stamp of our file: 2026-10-09 22:58:06.000
2026-10-09 22:59:35.016   Installing the file.
2026-10-09 22:59:35.016   Creating directory: D:\a\_temp\agym-c64-38001250527-5872-u8q4q801\client\Recepcion\_internal\tzdata-2026.3.dist-info\licenses\licenses
2026-10-09 22:59:35.016   Successfully installed the file.
2026-10-09 22:59:35.016   -- File entry --
2026-10-09 22:59:35.016   Dest filename: D:\a\_temp\agym-c64-38001250527-5872-u8q4q801\client\Recepcion\_internal\websockets-15.0.1.dist-info\entry_points.txt
2026-10-09 22:59:35.016   Time stamp of our file: 2026-10-09 22:58:06.000
2026-10-09 22:59:35.016   Installing the file.
2026-10-09 22:59:35.016   Creating directory: D:\a\_temp\agym-c64-38001250527-5872-u8q4q801\client\Recepcion\_internal\websockets-15.0.1.dist-info
2026-10-09 22:59:35.016   Successfully installed the file.
2026-10-09 22:59:35.016   -- File entry --
2026-10-09 22:59:35.016   Dest filename: D:\a\_temp\agym-c64-38001250527-5872-u8q4q801\client\Recepcion\_internal\websockets-15.0.1.dist-info\INSTALLER
2026-10-09 22:59:35.016   Time stamp of our file: 2026-10-09 22:58:06.000
2026-10-09 22:59:35.016   Installing the file.
2026-10-09 22:59:35.016   Successfully installed the file.
2026-10-09 22:59:35.016   -- File entry --
2026-10-09 22:59:35.016   Dest filename: D:\a\_temp\agym-c64-38001250527-5872-u8q4q801\client\Recepcion\_internal\websockets-15.0.1.dist-info\LICENSE
2026-10-09 22:59:35.016   Time stamp of our file: 2026-10-09 22:58:06.000
2026-10-09 22:59:35.016   Installing the file.
2026-10-09 22:59:35.016   Successfully installed the file.
2026-10-09 22:59:35.016   -- File entry --
2026-10-09 22:59:35.016   Dest filename: D:\a\_temp\agym-c64-38001250527-5872-u8q4q801\client\Recepcion\_internal\websockets-15.0.1.dist-info\METADATA
2026-10-09 22:59:35.016   Time stamp of our file: 2026-10-09 22:58:06.000
2026-10-09 22:59:35.016   Installing the file.
2026-10-09 22:59:35.016   Successfully installed the file.
2026-10-09 22:59:35.016   -- File entry --
2026-10-09 22:59:35.016   Dest filename: D:\a\_temp\agym-c64-38001250527-5872-u8q4q801\client\Recepcion\_internal\websockets-15.0.1.dist-info\RECORD
2026-10-09 22:59:35.016   Time stamp of our file: 2026-10-09 22:58:06.000
2026-10-09 22:59:35.016   Installing the file.
2026-10-09 22:59:35.016   Successfully installed the file.
2026-10-09 22:59:35.016   -- File entry --
2026-10-09 22:59:35.016   Dest filename: D:\a\_temp\agym-c64-38001250527-5872-u8q4q801\client\Recepcion\_internal\websockets-15.0.1.dist-info\top_level.txt
2026-10-09 22:59:35.016   Time stamp of our file: 2026-10-09 22:58:06.000
2026-10-09 22:59:35.016   Installing the file.
2026-10-09 22:59:35.016   Successfully installed the file.
2026-10-09 22:59:35.016   -- File entry --
2026-10-09 22:59:35.016   Dest filename: D:\a\_temp\agym-c64-38001250527-5872-u8q4q801\client\Recepcion\_internal\websockets-15.0.1.dist-info\WHEEL
2026-10-09 22:59:35.016   Time stamp of our file: 2026-10-09 22:58:06.000
2026-10-09 22:59:35.016   Installing the file.
2026-10-09 22:59:35.016   Successfully installed the file.
2026-10-09 22:59:35.016   -- File entry --
2026-10-09 22:59:35.016   Dest filename: D:\a\_temp\agym-c64-38001250527-5872-u8q4q801\client\Recepcion\_internal\yarl\_quoting_c.cp314-win_amd64.pyd
2026-10-09 22:59:35.016   Time stamp of our file: 2026-10-09 22:58:06.000
2026-10-09 22:59:35.016   Installing the file.
2026-10-09 22:59:35.016   Creating directory: D:\a\_temp\agym-c64-38001250527-5872-u8q4q801\client\Recepcion\_internal\yarl
2026-10-09 22:59:35.016   Successfully installed the file.
2026-10-09 22:59:35.016   -- File entry --
2026-10-09 22:59:35.016   Dest filename: D:\a\_temp\agym-c64-38001250527-5872-u8q4q801\client\Admin\icono.ico
2026-10-09 22:59:35.016   Time stamp of our file: 2026-10-09 22:49:24.000
2026-10-09 22:59:35.016   Installing the file.
2026-10-09 22:59:35.031   Successfully installed the file.
2026-10-09 22:59:35.031   -- File entry --
2026-10-09 22:59:35.031   Dest filename: D:\a\_temp\agym-c64-38001250527-5872-u8q4q801\client\Recepcion\icono_recepcion.ico
2026-10-09 22:59:35.031   Time stamp of our file: 2026-10-09 22:49:24.000
2026-10-09 22:59:35.031   Installing the file.
2026-10-09 22:59:35.031   Successfully installed the file.
2026-10-09 22:59:35.031   -- File entry --
2026-10-09 22:59:35.031   Dest filename: D:\a\_temp\agym-c64-38001250527-5872-u8q4q801\client\GymSoft-Recepcion-3.6.0.ico
2026-10-09 22:59:35.031   Time stamp of our file: 2026-10-09 22:49:24.000
2026-10-09 22:59:35.031   Installing the file.
2026-10-09 22:59:35.031   Successfully installed the file.
2026-10-09 22:59:35.031   -- File entry --
2026-10-09 22:59:35.031   Dest filename: D:\a\_temp\agym-c64-38001250527-5872-u8q4q801\client\Recepcion\icono.ico
2026-10-09 22:59:35.031   Time stamp of our file: 2026-10-09 22:49:24.000
2026-10-09 22:59:35.031   Installing the file.
2026-10-09 22:59:35.031   Successfully installed the file.
2026-10-09 22:59:35.031   -- File entry --
2026-10-09 22:59:35.031   Dest filename: D:\a\_temp\agym-c64-38001250527-5872-u8q4q801\client\GymSoft-3.6.0.ico
2026-10-09 22:59:35.031   Time stamp of our file: 2026-10-09 22:49:24.000
2026-10-09 22:59:35.031   Installing the file.
2026-10-09 22:59:35.031   Successfully installed the file.
2026-10-09 22:59:35.031   -- File entry --
2026-10-09 22:59:35.031   Dest filename: D:\a\_temp\agym-c64-38001250527-5872-u8q4q801\client\COPYRIGHT.txt
2026-10-09 22:59:35.031   Time stamp of our file: 2026-10-09 22:49:24.000
2026-10-09 22:59:35.031   Installing the file.
2026-10-09 22:59:35.031   Successfully installed the file.
2026-10-09 22:59:35.031   -- Icon entry --
2026-10-09 22:59:35.031   Dest filename: C:\Users\runneradmin\AppData\Roaming\Microsoft\Windows\Start Menu\Programs\Gym soft\Atlantic Gym Administrador.lnk
2026-10-09 22:59:35.031   Creating directory: C:\Users\runneradmin\AppData\Roaming\Microsoft\Windows\Start Menu\Programs\Gym soft
2026-10-09 22:59:35.062   Creating the icon.
2026-10-09 22:59:35.537   Successfully created the icon.
2026-10-09 22:59:35.537   -- Icon entry --
2026-10-09 22:59:35.537   Dest filename: C:\Users\runneradmin\AppData\Roaming\Microsoft\Windows\Start Menu\Programs\Gym soft\Atlantic Gym Recepción.lnk
2026-10-09 22:59:35.537   Creating the icon.
2026-10-09 22:59:35.553   Successfully created the icon.
2026-10-09 22:59:35.553   -- Icon entry --
2026-10-09 22:59:35.553   Dest filename: C:\Users\runneradmin\Desktop\Atlantic Gym Administrador.lnk
2026-10-09 22:59:35.553   Creating the icon.
2026-10-09 22:59:35.553   Successfully created the icon.
2026-10-09 22:59:35.568   -- Icon entry --
2026-10-09 22:59:35.568   Dest filename: C:\Users\runneradmin\Desktop\Atlantic Gym Recepción.lnk
2026-10-09 22:59:35.568   Creating the icon.
2026-10-09 22:59:35.568   Successfully created the icon.
2026-10-09 22:59:35.600   Saving uninstall information.
2026-10-09 22:59:35.600   Creating new uninstall key: HKEY_CURRENT_USER\Software\Microsoft\Windows\CurrentVersion\Uninstall\{6C58E8B8-C2ED-4B60-A080-EEA57BB407C2}_is1
2026-10-09 22:59:35.600   Writing uninstall key values.
2026-10-09 22:59:35.600   Detected previous administrative 64-bit install? No
2026-10-09 22:59:35.600   Detected previous administrative 32-bit install? No
2026-10-09 22:59:35.600   Installation process succeeded.
2026-10-09 22:59:56.561   Need to restart Windows? No
2026-10-09 22:59:56.561   Deinitializing Setup.
2026-10-09 22:59:56.624   Log closed.
