["C:\\ProgramData\\Chocolatey\\bin\\ISCC.exe", "/DAppVersion=3.6.1", "/DBuildValidation=1", "/DBuildDistRoot=D:\\a\\Atlantic-Software\\Atlantic-Software\\GymSoft_ZTATTUZ_3.6.1_x86\\salida\\validacion\\paquete-tecnico\\ejecuciones\\20261009T225135Z-1216\\dist", "/DBuildComponentRoot=D:\\a\\Atlantic-Software\\Atlantic-Software\\GymSoft_ZTATTUZ_3.6.1_x86\\salida\\validacion\\paquete-tecnico\\ejecuciones\\20261009T225135Z-1216\\instaladores\\componentes", "/OD:\\a\\Atlantic-Software\\Atlantic-Software\\GymSoft_ZTATTUZ_3.6.1_x86\\salida\\validacion\\paquete-tecnico\\ejecuciones\\20261009T225135Z-1216\\instaladores\\componentes", "D:\\a\\Atlantic-Software\\Atlantic-Software\\GymSoft_ZTATTUZ_3.6.1_x86\\instalador_admin.iss"]
Inno Setup 6 Command-Line Compiler
Copyright (C) 1997-2026 Jordan Russell. All rights reserved.
Portions Copyright (C) 2000-2026 Martijn Laan. All rights reserved.
Portions Copyright (C) 2001-2004 Alex Yackimoff. All rights reserved.
https://www.innosetup.com

Compiler engine version: Inno Setup 6.7.1
Non-commercial use only

Preprocessing
   Reading file: c:\program files (x86)\inno setup 6\ISPPBuiltins.iss
   Line 62: Including file: D:\a\Atlantic-Software\Atlantic-Software\GymSoft_ZTATTUZ_3.6.1_x86\digitalpersona_install.iss
   Reading file: D:\a\Atlantic-Software\Atlantic-Software\GymSoft_ZTATTUZ_3.6.1_x86\digitalpersona_install.iss
Parsing [Setup] section, line 17
Parsing [Setup] section, line 18
Parsing [Setup] section, line 19
Parsing [Setup] section, line 20
Parsing [Setup] section, line 22
Parsing [Setup] section, line 23
Parsing [Setup] section, line 25
Parsing [Setup] section, line 26
Parsing [Setup] section, line 27
Parsing [Setup] section, line 28
Parsing [Setup] section, line 29
Parsing [Setup] section, line 30
Parsing [Setup] section, line 31
Parsing [Setup] section, line 32
Parsing [Setup] section, line 33
Parsing [Setup] section, line 34
Parsing [Setup] section, line 35
Parsing [Setup] section, line 36
Parsing [Setup] section, line 37
Parsing [Setup] section, line 38
Parsing [Setup] section, line 39
Parsing [Setup] section, line 40
Parsing [Setup] section, line 41
Reading file (LicenseFile)
Reading file (WizardImageFile)
Reading file (WizardSmallImageFile)
Preparing Setup program executable
   Verification successful
   Updating icons (Setup.e32)
   Updating version info (Setup.e32)
Determining language code pages
Parsing [Languages] section, line 44
   Reading file: c:\program files (x86)\inno setup 6\Languages\Spanish.isl
   Messages in script file
Reading default messages from Default.isl
Parsing [Languages] section, line 44
   Reading file: c:\program files (x86)\inno setup 6\Languages\Spanish.isl
Parsing [LangOptions], [Messages], and [CustomMessages] sections
   Messages in script file
Reading [Code] section
Parsing [Icons] section, line 57
Parsing [Icons] section, line 58
Parsing [Icons] section, line 59
Parsing [Files] section, line 47
Parsing [Files] section, line 48
Parsing [Files] section, line 49
Parsing [Files] section, line 50
Parsing [Files] section, line 51
Parsing [Files] section, line 52
Parsing [Files] section, line 54
Compiling [Code] section
Creating setup files
   Verification successful
   Updating icons (Setup.exe)
   Compressing: D:\a\Atlantic-Software\Atlantic-Software\GymSoft_ZTATTUZ_3.6.1_x86\DigitalPersonaRuntime\.gitignore
   Compressing: D:\a\Atlantic-Software\Atlantic-Software\GymSoft_ZTATTUZ_3.6.1_x86\DigitalPersonaRuntime\0x0409.ini
   Compressing: D:\a\Atlantic-Software\Atlantic-Software\GymSoft_ZTATTUZ_3.6.1_x86\DigitalPersonaRuntime\Data1.cab
   Compressing: D:\a\Atlantic-Software\Atlantic-Software\GymSoft_ZTATTUZ_3.6.1_x86\DigitalPersonaRuntime\InstallOnly.bat
   Compressing: D:\a\Atlantic-Software\Atlantic-Software\GymSoft_ZTATTUZ_3.6.1_x86\DigitalPersonaRuntime\MANIFEST.json
   Compressing: D:\a\Atlantic-Software\Atlantic-Software\GymSoft_ZTATTUZ_3.6.1_x86\DigitalPersonaRuntime\README.md
   Compressing: D:\a\Atlantic-Software\Atlantic-Software\GymSoft_ZTATTUZ_3.6.1_x86\DigitalPersonaRuntime\setup.exe
   Compressing: D:\a\Atlantic-Software\Atlantic-Software\GymSoft_ZTATTUZ_3.6.1_x86\DigitalPersonaRuntime\Setup.ini
   Compressing: D:\a\Atlantic-Software\Atlantic-Software\GymSoft_ZTATTUZ_3.6.1_x86\DigitalPersonaRuntime\setup.msi
   Compressing: D:\a\Atlantic-Software\Atlantic-Software\GymSoft_ZTATTUZ_3.6.1_x86\DigitalPersonaRuntime\UninstallOnly.bat
   Compressing: D:\a\Atlantic-Software\Atlantic-Software\GymSoft_ZTATTUZ_3.6.1_x86\DigitalPersonaRuntime\Licenses\EULA SDK.rtf
   Compressing: D:\a\Atlantic-Software\Atlantic-Software\GymSoft_ZTATTUZ_3.6.1_x86\salida\validacion\paquete-tecnico\ejecuciones\20261009T225135Z-1216\dist\ZTATTUZ Admin\ZTATTUZ Admin.exe
   Compressing: D:\a\Atlantic-Software\Atlantic-Software\GymSoft_ZTATTUZ_3.6.1_x86\salida\validacion\paquete-tecnico\ejecuciones\20261009T225135Z-1216\dist\ZTATTUZ Admin\_internal\base_library.zip
   Compressing: D:\a\Atlantic-Software\Atlantic-Software\GymSoft_ZTATTUZ_3.6.1_x86\salida\validacion\paquete-tecnico\ejecuciones\20261009T225135Z-1216\dist\ZTATTUZ Admin\_internal\gymsoft_config.json
   Compressing: D:\a\Atlantic-Software\Atlantic-Software\GymSoft_ZTATTUZ_3.6.1_x86\salida\validacion\paquete-tecnico\ejecuciones\20261009T225135Z-1216\dist\ZTATTUZ Admin\_internal\icono.ico
   Compressing: D:\a\Atlantic-Software\Atlantic-Software\GymSoft_ZTATTUZ_3.6.1_x86\salida\validacion\paquete-tecnico\ejecuciones\20261009T225135Z-1216\dist\ZTATTUZ Admin\_internal\icono_recepcion.ico
   Compressing: D:\a\Atlantic-Software\Atlantic-Software\GymSoft_ZTATTUZ_3.6.1_x86\salida\validacion\paquete-tecnico\ejecuciones\20261009T225135Z-1216\dist\ZTATTUZ Admin\_internal\libcrypto-3.dll
   Compressing: D:\a\Atlantic-Software\Atlantic-Software\GymSoft_ZTATTUZ_3.6.1_x86\salida\validacion\paquete-tecnico\ejecuciones\20261009T225135Z-1216\dist\ZTATTUZ Admin\_internal\libffi-8.dll
   Compressing: D:\a\Atlantic-Software\Atlantic-Software\GymSoft_ZTATTUZ_3.6.1_x86\salida\validacion\paquete-tecnico\ejecuciones\20261009T225135Z-1216\dist\ZTATTUZ Admin\_internal\libssl-3.dll
   Compressing: D:\a\Atlantic-Software\Atlantic-Software\GymSoft_ZTATTUZ_3.6.1_x86\salida\validacion\paquete-tecnico\ejecuciones\20261009T225135Z-1216\dist\ZTATTUZ Admin\_internal\libtommath.dll
   Compressing: D:\a\Atlantic-Software\Atlantic-Software\GymSoft_ZTATTUZ_3.6.1_x86\salida\validacion\paquete-tecnico\ejecuciones\20261009T225135Z-1216\dist\ZTATTUZ Admin\_internal\pyexpat.pyd
   Compressing: D:\a\Atlantic-Software\Atlantic-Software\GymSoft_ZTATTUZ_3.6.1_x86\salida\validacion\paquete-tecnico\ejecuciones\20261009T225135Z-1216\dist\ZTATTUZ Admin\_internal\python3.dll
   Compressing: D:\a\Atlantic-Software\Atlantic-Software\GymSoft_ZTATTUZ_3.6.1_x86\salida\validacion\paquete-tecnico\ejecuciones\20261009T225135Z-1216\dist\ZTATTUZ Admin\_internal\python314.dll
   Compressing: D:\a\Atlantic-Software\Atlantic-Software\GymSoft_ZTATTUZ_3.6.1_x86\salida\validacion\paquete-tecnico\ejecuciones\20261009T225135Z-1216\dist\ZTATTUZ Admin\_internal\select.pyd
   Compressing: D:\a\Atlantic-Software\Atlantic-Software\GymSoft_ZTATTUZ_3.6.1_x86\salida\validacion\paquete-tecnico\ejecuciones\20261009T225135Z-1216\dist\ZTATTUZ Admin\_internal\sqlite3.dll
   Compressing: D:\a\Atlantic-Software\Atlantic-Software\GymSoft_ZTATTUZ_3.6.1_x86\salida\validacion\paquete-tecnico\ejecuciones\20261009T225135Z-1216\dist\ZTATTUZ Admin\_internal\tcl90.dll
   Compressing: D:\a\Atlantic-Software\Atlantic-Software\GymSoft_ZTATTUZ_3.6.1_x86\salida\validacion\paquete-tecnico\ejecuciones\20261009T225135Z-1216\dist\ZTATTUZ Admin\_internal\tcl9tk90.dll
   Compressing: D:\a\Atlantic-Software\Atlantic-Software\GymSoft_ZTATTUZ_3.6.1_x86\salida\validacion\paquete-tecnico\ejecuciones\20261009T225135Z-1216\dist\ZTATTUZ Admin\_internal\unicodedata.pyd
   Compressing: D:\a\Atlantic-Software\Atlantic-Software\GymSoft_ZTATTUZ_3.6.1_x86\salida\validacion\paquete-tecnico\ejecuciones\20261009T225135Z-1216\dist\ZTATTUZ Admin\_internal\VCRUNTIME140.dll
   Compressing: D:\a\Atlantic-Software\Atlantic-Software\GymSoft_ZTATTUZ_3.6.1_x86\salida\validacion\paquete-tecnico\ejecuciones\20261009T225135Z-1216\dist\ZTATTUZ Admin\_internal\zlib1.dll
   Compressing: D:\a\Atlantic-Software\Atlantic-Software\GymSoft_ZTATTUZ_3.6.1_x86\salida\validacion\paquete-tecnico\ejecuciones\20261009T225135Z-1216\dist\ZTATTUZ Admin\_internal\_asyncio.pyd
   Compressing: D:\a\Atlantic-Software\Atlantic-Software\GymSoft_ZTATTUZ_3.6.1_x86\salida\validacion\paquete-tecnico\ejecuciones\20261009T225135Z-1216\dist\ZTATTUZ Admin\_internal\_bz2.pyd
   Compressing: D:\a\Atlantic-Software\Atlantic-Software\GymSoft_ZTATTUZ_3.6.1_x86\salida\validacion\paquete-tecnico\ejecuciones\20261009T225135Z-1216\dist\ZTATTUZ Admin\_internal\_cffi_backend.cp314-win32.pyd
   Compressing: D:\a\Atlantic-Software\Atlantic-Software\GymSoft_ZTATTUZ_3.6.1_x86\salida\validacion\paquete-tecnico\ejecuciones\20261009T225135Z-1216\dist\ZTATTUZ Admin\_internal\_ctypes.pyd
   Compressing: D:\a\Atlantic-Software\Atlantic-Software\GymSoft_ZTATTUZ_3.6.1_x86\salida\validacion\paquete-tecnico\ejecuciones\20261009T225135Z-1216\dist\ZTATTUZ Admin\_internal\_decimal.pyd
   Compressing: D:\a\Atlantic-Software\Atlantic-Software\GymSoft_ZTATTUZ_3.6.1_x86\salida\validacion\paquete-tecnico\ejecuciones\20261009T225135Z-1216\dist\ZTATTUZ Admin\_internal\_elementtree.pyd
   Compressing: D:\a\Atlantic-Software\Atlantic-Software\GymSoft_ZTATTUZ_3.6.1_x86\salida\validacion\paquete-tecnico\ejecuciones\20261009T225135Z-1216\dist\ZTATTUZ Admin\_internal\_hashlib.pyd
   Compressing: D:\a\Atlantic-Software\Atlantic-Software\GymSoft_ZTATTUZ_3.6.1_x86\salida\validacion\paquete-tecnico\ejecuciones\20261009T225135Z-1216\dist\ZTATTUZ Admin\_internal\_lzma.pyd
   Compressing: D:\a\Atlantic-Software\Atlantic-Software\GymSoft_ZTATTUZ_3.6.1_x86\salida\validacion\paquete-tecnico\ejecuciones\20261009T225135Z-1216\dist\ZTATTUZ Admin\_internal\_multiprocessing.pyd
   Compressing: D:\a\Atlantic-Software\Atlantic-Software\GymSoft_ZTATTUZ_3.6.1_x86\salida\validacion\paquete-tecnico\ejecuciones\20261009T225135Z-1216\dist\ZTATTUZ Admin\_internal\_overlapped.pyd
   Compressing: D:\a\Atlantic-Software\Atlantic-Software\GymSoft_ZTATTUZ_3.6.1_x86\salida\validacion\paquete-tecnico\ejecuciones\20261009T225135Z-1216\dist\ZTATTUZ Admin\_internal\_queue.pyd
   Compressing: D:\a\Atlantic-Software\Atlantic-Software\GymSoft_ZTATTUZ_3.6.1_x86\salida\validacion\paquete-tecnico\ejecuciones\20261009T225135Z-1216\dist\ZTATTUZ Admin\_internal\_socket.pyd
   Compressing: D:\a\Atlantic-Software\Atlantic-Software\GymSoft_ZTATTUZ_3.6.1_x86\salida\validacion\paquete-tecnico\ejecuciones\20261009T225135Z-1216\dist\ZTATTUZ Admin\_internal\_sqlite3.pyd
   Compressing: D:\a\Atlantic-Software\Atlantic-Software\GymSoft_ZTATTUZ_3.6.1_x86\salida\validacion\paquete-tecnico\ejecuciones\20261009T225135Z-1216\dist\ZTATTUZ Admin\_internal\_ssl.pyd
   Compressing: D:\a\Atlantic-Software\Atlantic-Software\GymSoft_ZTATTUZ_3.6.1_x86\salida\validacion\paquete-tecnico\ejecuciones\20261009T225135Z-1216\dist\ZTATTUZ Admin\_internal\_tkinter.pyd
   Compressing: D:\a\Atlantic-Software\Atlantic-Software\GymSoft_ZTATTUZ_3.6.1_x86\salida\validacion\paquete-tecnico\ejecuciones\20261009T225135Z-1216\dist\ZTATTUZ Admin\_internal\_uuid.pyd
   Compressing: D:\a\Atlantic-Software\Atlantic-Software\GymSoft_ZTATTUZ_3.6.1_x86\salida\validacion\paquete-tecnico\ejecuciones\20261009T225135Z-1216\dist\ZTATTUZ Admin\_internal\_wmi.pyd
   Compressing: D:\a\Atlantic-Software\Atlantic-Software\GymSoft_ZTATTUZ_3.6.1_x86\salida\validacion\paquete-tecnico\ejecuciones\20261009T225135Z-1216\dist\ZTATTUZ Admin\_internal\_zoneinfo.pyd
   Compressing: D:\a\Atlantic-Software\Atlantic-Software\GymSoft_ZTATTUZ_3.6.1_x86\salida\validacion\paquete-tecnico\ejecuciones\20261009T225135Z-1216\dist\ZTATTUZ Admin\_internal\_zstd.pyd
   Compressing: D:\a\Atlantic-Software\Atlantic-Software\GymSoft_ZTATTUZ_3.6.1_x86\salida\validacion\paquete-tecnico\ejecuciones\20261009T225135Z-1216\dist\ZTATTUZ Admin\_internal\certifi\cacert.pem
   Compressing: D:\a\Atlantic-Software\Atlantic-Software\GymSoft_ZTATTUZ_3.6.1_x86\salida\validacion\paquete-tecnico\ejecuciones\20261009T225135Z-1216\dist\ZTATTUZ Admin\_internal\certifi\core.py
   Compressing: D:\a\Atlantic-Software\Atlantic-Software\GymSoft_ZTATTUZ_3.6.1_x86\salida\validacion\paquete-tecnico\ejecuciones\20261009T225135Z-1216\dist\ZTATTUZ Admin\_internal\certifi\py.typed
   Compressing: D:\a\Atlantic-Software\Atlantic-Software\GymSoft_ZTATTUZ_3.6.1_x86\salida\validacion\paquete-tecnico\ejecuciones\20261009T225135Z-1216\dist\ZTATTUZ Admin\_internal\certifi\__init__.py
   Compressing: D:\a\Atlantic-Software\Atlantic-Software\GymSoft_ZTATTUZ_3.6.1_x86\salida\validacion\paquete-tecnico\ejecuciones\20261009T225135Z-1216\dist\ZTATTUZ Admin\_internal\certifi\__main__.py
   Compressing: D:\a\Atlantic-Software\Atlantic-Software\GymSoft_ZTATTUZ_3.6.1_x86\salida\validacion\paquete-tecnico\ejecuciones\20261009T225135Z-1216\dist\ZTATTUZ Admin\_internal\certifi\tests\test_certify.py
   Compressing: D:\a\Atlantic-Software\Atlantic-Software\GymSoft_ZTATTUZ_3.6.1_x86\salida\validacion\paquete-tecnico\ejecuciones\20261009T225135Z-1216\dist\ZTATTUZ Admin\_internal\certifi\tests\__init__.py
   Compressing: D:\a\Atlantic-Software\Atlantic-Software\GymSoft_ZTATTUZ_3.6.1_x86\salida\validacion\paquete-tecnico\ejecuciones\20261009T225135Z-1216\dist\ZTATTUZ Admin\_internal\certifi-2026.7.22.dist-info\INSTALLER
   Compressing: D:\a\Atlantic-Software\Atlantic-Software\GymSoft_ZTATTUZ_3.6.1_x86\salida\validacion\paquete-tecnico\ejecuciones\20261009T225135Z-1216\dist\ZTATTUZ Admin\_internal\certifi-2026.7.22.dist-info\METADATA
   Compressing: D:\a\Atlantic-Software\Atlantic-Software\GymSoft_ZTATTUZ_3.6.1_x86\salida\validacion\paquete-tecnico\ejecuciones\20261009T225135Z-1216\dist\ZTATTUZ Admin\_internal\certifi-2026.7.22.dist-info\RECORD
   Compressing: D:\a\Atlantic-Software\Atlantic-Software\GymSoft_ZTATTUZ_3.6.1_x86\salida\validacion\paquete-tecnico\ejecuciones\20261009T225135Z-1216\dist\ZTATTUZ Admin\_internal\certifi-2026.7.22.dist-info\top_level.txt
   Compressing: D:\a\Atlantic-Software\Atlantic-Software\GymSoft_ZTATTUZ_3.6.1_x86\salida\validacion\paquete-tecnico\ejecuciones\20261009T225135Z-1216\dist\ZTATTUZ Admin\_internal\certifi-2026.7.22.dist-info\WHEEL
   Compressing: D:\a\Atlantic-Software\Atlantic-Software\GymSoft_ZTATTUZ_3.6.1_x86\salida\validacion\paquete-tecnico\ejecuciones\20261009T225135Z-1216\dist\ZTATTUZ Admin\_internal\certifi-2026.7.22.dist-info\licenses\LICENSE
   Compressing: D:\a\Atlantic-Software\Atlantic-Software\GymSoft_ZTATTUZ_3.6.1_x86\salida\validacion\paquete-tecnico\ejecuciones\20261009T225135Z-1216\dist\ZTATTUZ Admin\_internal\cryptography\hazmat\bindings\_rust.pyd
   Compressing: D:\a\Atlantic-Software\Atlantic-Software\GymSoft_ZTATTUZ_3.6.1_x86\salida\validacion\paquete-tecnico\ejecuciones\20261009T225135Z-1216\dist\ZTATTUZ Admin\_internal\cryptography-48.0.1.dist-info\INSTALLER
   Compressing: D:\a\Atlantic-Software\Atlantic-Software\GymSoft_ZTATTUZ_3.6.1_x86\salida\validacion\paquete-tecnico\ejecuciones\20261009T225135Z-1216\dist\ZTATTUZ Admin\_internal\cryptography-48.0.1.dist-info\METADATA
   Compressing: D:\a\Atlantic-Software\Atlantic-Software\GymSoft_ZTATTUZ_3.6.1_x86\salida\validacion\paquete-tecnico\ejecuciones\20261009T225135Z-1216\dist\ZTATTUZ Admin\_internal\cryptography-48.0.1.dist-info\RECORD
   Compressing: D:\a\Atlantic-Software\Atlantic-Software\GymSoft_ZTATTUZ_3.6.1_x86\salida\validacion\paquete-tecnico\ejecuciones\20261009T225135Z-1216\dist\ZTATTUZ Admin\_internal\cryptography-48.0.1.dist-info\REQUESTED
   Compressing: D:\a\Atlantic-Software\Atlantic-Software\GymSoft_ZTATTUZ_3.6.1_x86\salida\validacion\paquete-tecnico\ejecuciones\20261009T225135Z-1216\dist\ZTATTUZ Admin\_internal\cryptography-48.0.1.dist-info\WHEEL
   Compressing: D:\a\Atlantic-Software\Atlantic-Software\GymSoft_ZTATTUZ_3.6.1_x86\salida\validacion\paquete-tecnico\ejecuciones\20261009T225135Z-1216\dist\ZTATTUZ Admin\_internal\cryptography-48.0.1.dist-info\licenses\LICENSE
   Compressing: D:\a\Atlantic-Software\Atlantic-Software\GymSoft_ZTATTUZ_3.6.1_x86\salida\validacion\paquete-tecnico\ejecuciones\20261009T225135Z-1216\dist\ZTATTUZ Admin\_internal\cryptography-48.0.1.dist-info\licenses\LICENSE.APACHE
   Compressing: D:\a\Atlantic-Software\Atlantic-Software\GymSoft_ZTATTUZ_3.6.1_x86\salida\validacion\paquete-tecnico\ejecuciones\20261009T225135Z-1216\dist\ZTATTUZ Admin\_internal\cryptography-48.0.1.dist-info\licenses\LICENSE.BSD
   Compressing: D:\a\Atlantic-Software\Atlantic-Software\GymSoft_ZTATTUZ_3.6.1_x86\salida\validacion\paquete-tecnico\ejecuciones\20261009T225135Z-1216\dist\ZTATTUZ Admin\_internal\cryptography-48.0.1.dist-info\sboms\cryptography-rust.cyclonedx.json
   Compressing: D:\a\Atlantic-Software\Atlantic-Software\GymSoft_ZTATTUZ_3.6.1_x86\salida\validacion\paquete-tecnico\ejecuciones\20261009T225135Z-1216\dist\ZTATTUZ Admin\_internal\cryptography-48.0.1.dist-info\sboms\sbom.json
   Compressing: D:\a\Atlantic-Software\Atlantic-Software\GymSoft_ZTATTUZ_3.6.1_x86\salida\validacion\paquete-tecnico\ejecuciones\20261009T225135Z-1216\dist\ZTATTUZ Admin\_internal\multidict\_multidict.cp314-win32.pyd
   Compressing: D:\a\Atlantic-Software\Atlantic-Software\GymSoft_ZTATTUZ_3.6.1_x86\salida\validacion\paquete-tecnico\ejecuciones\20261009T225135Z-1216\dist\ZTATTUZ Admin\_internal\PIL\_avif.cp314-win32.pyd
   Compressing: D:\a\Atlantic-Software\Atlantic-Software\GymSoft_ZTATTUZ_3.6.1_x86\salida\validacion\paquete-tecnico\ejecuciones\20261009T225135Z-1216\dist\ZTATTUZ Admin\_internal\PIL\_imaging.cp314-win32.pyd
   Compressing: D:\a\Atlantic-Software\Atlantic-Software\GymSoft_ZTATTUZ_3.6.1_x86\salida\validacion\paquete-tecnico\ejecuciones\20261009T225135Z-1216\dist\ZTATTUZ Admin\_internal\PIL\_imagingcms.cp314-win32.pyd
   Compressing: D:\a\Atlantic-Software\Atlantic-Software\GymSoft_ZTATTUZ_3.6.1_x86\salida\validacion\paquete-tecnico\ejecuciones\20261009T225135Z-1216\dist\ZTATTUZ Admin\_internal\PIL\_imagingft.cp314-win32.pyd
   Compressing: D:\a\Atlantic-Software\Atlantic-Software\GymSoft_ZTATTUZ_3.6.1_x86\salida\validacion\paquete-tecnico\ejecuciones\20261009T225135Z-1216\dist\ZTATTUZ Admin\_internal\PIL\_imagingmath.cp314-win32.pyd
   Compressing: D:\a\Atlantic-Software\Atlantic-Software\GymSoft_ZTATTUZ_3.6.1_x86\salida\validacion\paquete-tecnico\ejecuciones\20261009T225135Z-1216\dist\ZTATTUZ Admin\_internal\PIL\_imagingtk.cp314-win32.pyd
   Compressing: D:\a\Atlantic-Software\Atlantic-Software\GymSoft_ZTATTUZ_3.6.1_x86\salida\validacion\paquete-tecnico\ejecuciones\20261009T225135Z-1216\dist\ZTATTUZ Admin\_internal\PIL\_webp.cp314-win32.pyd
   Compressing: D:\a\Atlantic-Software\Atlantic-Software\GymSoft_ZTATTUZ_3.6.1_x86\salida\validacion\paquete-tecnico\ejecuciones\20261009T225135Z-1216\dist\ZTATTUZ Admin\_internal\postgrest\base_client.py
   Compressing: D:\a\Atlantic-Software\Atlantic-Software\GymSoft_ZTATTUZ_3.6.1_x86\salida\validacion\paquete-tecnico\ejecuciones\20261009T225135Z-1216\dist\ZTATTUZ Admin\_internal\postgrest\base_request_builder.py
   Compressing: D:\a\Atlantic-Software\Atlantic-Software\GymSoft_ZTATTUZ_3.6.1_x86\salida\validacion\paquete-tecnico\ejecuciones\20261009T225135Z-1216\dist\ZTATTUZ Admin\_internal\postgrest\constants.py
   Compressing: D:\a\Atlantic-Software\Atlantic-Software\GymSoft_ZTATTUZ_3.6.1_x86\salida\validacion\paquete-tecnico\ejecuciones\20261009T225135Z-1216\dist\ZTATTUZ Admin\_internal\postgrest\exceptions.py
   Compressing: D:\a\Atlantic-Software\Atlantic-Software\GymSoft_ZTATTUZ_3.6.1_x86\salida\validacion\paquete-tecnico\ejecuciones\20261009T225135Z-1216\dist\ZTATTUZ Admin\_internal\postgrest\py.typed
   Compressing: D:\a\Atlantic-Software\Atlantic-Software\GymSoft_ZTATTUZ_3.6.1_x86\salida\validacion\paquete-tecnico\ejecuciones\20261009T225135Z-1216\dist\ZTATTUZ Admin\_internal\postgrest\types.py
   Compressing: D:\a\Atlantic-Software\Atlantic-Software\GymSoft_ZTATTUZ_3.6.1_x86\salida\validacion\paquete-tecnico\ejecuciones\20261009T225135Z-1216\dist\ZTATTUZ Admin\_internal\postgrest\utils.py
   Compressing: D:\a\Atlantic-Software\Atlantic-Software\GymSoft_ZTATTUZ_3.6.1_x86\salida\validacion\paquete-tecnico\ejecuciones\20261009T225135Z-1216\dist\ZTATTUZ Admin\_internal\postgrest\version.py
   Compressing: D:\a\Atlantic-Software\Atlantic-Software\GymSoft_ZTATTUZ_3.6.1_x86\salida\validacion\paquete-tecnico\ejecuciones\20261009T225135Z-1216\dist\ZTATTUZ Admin\_internal\postgrest\__init__.py
   Compressing: D:\a\Atlantic-Software\Atlantic-Software\GymSoft_ZTATTUZ_3.6.1_x86\salida\validacion\paquete-tecnico\ejecuciones\20261009T225135Z-1216\dist\ZTATTUZ Admin\_internal\postgrest\_async\client.py
   Compressing: D:\a\Atlantic-Software\Atlantic-Software\GymSoft_ZTATTUZ_3.6.1_x86\salida\validacion\paquete-tecnico\ejecuciones\20261009T225135Z-1216\dist\ZTATTUZ Admin\_internal\postgrest\_async\request_builder.py
   Compressing: D:\a\Atlantic-Software\Atlantic-Software\GymSoft_ZTATTUZ_3.6.1_x86\salida\validacion\paquete-tecnico\ejecuciones\20261009T225135Z-1216\dist\ZTATTUZ Admin\_internal\postgrest\_async\__init__.py
   Compressing: D:\a\Atlantic-Software\Atlantic-Software\GymSoft_ZTATTUZ_3.6.1_x86\salida\validacion\paquete-tecnico\ejecuciones\20261009T225135Z-1216\dist\ZTATTUZ Admin\_internal\postgrest\_sync\client.py
   Compressing: D:\a\Atlantic-Software\Atlantic-Software\GymSoft_ZTATTUZ_3.6.1_x86\salida\validacion\paquete-tecnico\ejecuciones\20261009T225135Z-1216\dist\ZTATTUZ Admin\_internal\postgrest\_sync\request_builder.py
   Compressing: D:\a\Atlantic-Software\Atlantic-Software\GymSoft_ZTATTUZ_3.6.1_x86\salida\validacion\paquete-tecnico\ejecuciones\20261009T225135Z-1216\dist\ZTATTUZ Admin\_internal\postgrest\_sync\__init__.py
   Compressing: D:\a\Atlantic-Software\Atlantic-Software\GymSoft_ZTATTUZ_3.6.1_x86\salida\validacion\paquete-tecnico\ejecuciones\20261009T225135Z-1216\dist\ZTATTUZ Admin\_internal\postgrest-2.31.0.dist-info\INSTALLER
   Compressing: D:\a\Atlantic-Software\Atlantic-Software\GymSoft_ZTATTUZ_3.6.1_x86\salida\validacion\paquete-tecnico\ejecuciones\20261009T225135Z-1216\dist\ZTATTUZ Admin\_internal\postgrest-2.31.0.dist-info\METADATA
   Compressing: D:\a\Atlantic-Software\Atlantic-Software\GymSoft_ZTATTUZ_3.6.1_x86\salida\validacion\paquete-tecnico\ejecuciones\20261009T225135Z-1216\dist\ZTATTUZ Admin\_internal\postgrest-2.31.0.dist-info\RECORD
   Compressing: D:\a\Atlantic-Software\Atlantic-Software\GymSoft_ZTATTUZ_3.6.1_x86\salida\validacion\paquete-tecnico\ejecuciones\20261009T225135Z-1216\dist\ZTATTUZ Admin\_internal\postgrest-2.31.0.dist-info\WHEEL
   Compressing: D:\a\Atlantic-Software\Atlantic-Software\GymSoft_ZTATTUZ_3.6.1_x86\salida\validacion\paquete-tecnico\ejecuciones\20261009T225135Z-1216\dist\ZTATTUZ Admin\_internal\propcache\_helpers_c.cp314-win32.pyd
   Compressing: D:\a\Atlantic-Software\Atlantic-Software\GymSoft_ZTATTUZ_3.6.1_x86\salida\validacion\paquete-tecnico\ejecuciones\20261009T225135Z-1216\dist\ZTATTUZ Admin\_internal\pydantic-2.14.0.dist-info\INSTALLER
   Compressing: D:\a\Atlantic-Software\Atlantic-Software\GymSoft_ZTATTUZ_3.6.1_x86\salida\validacion\paquete-tecnico\ejecuciones\20261009T225135Z-1216\dist\ZTATTUZ Admin\_internal\pydantic-2.14.0.dist-info\METADATA
   Compressing: D:\a\Atlantic-Software\Atlantic-Software\GymSoft_ZTATTUZ_3.6.1_x86\salida\validacion\paquete-tecnico\ejecuciones\20261009T225135Z-1216\dist\ZTATTUZ Admin\_internal\pydantic-2.14.0.dist-info\RECORD
   Compressing: D:\a\Atlantic-Software\Atlantic-Software\GymSoft_ZTATTUZ_3.6.1_x86\salida\validacion\paquete-tecnico\ejecuciones\20261009T225135Z-1216\dist\ZTATTUZ Admin\_internal\pydantic-2.14.0.dist-info\WHEEL
   Compressing: D:\a\Atlantic-Software\Atlantic-Software\GymSoft_ZTATTUZ_3.6.1_x86\salida\validacion\paquete-tecnico\ejecuciones\20261009T225135Z-1216\dist\ZTATTUZ Admin\_internal\pydantic-2.14.0.dist-info\licenses\LICENSE
   Compressing: D:\a\Atlantic-Software\Atlantic-Software\GymSoft_ZTATTUZ_3.6.1_x86\salida\validacion\paquete-tecnico\ejecuciones\20261009T225135Z-1216\dist\ZTATTUZ Admin\_internal\pydantic_core\_pydantic_core.cp314-win32.pyd
   Compressing: D:\a\Atlantic-Software\Atlantic-Software\GymSoft_ZTATTUZ_3.6.1_x86\salida\validacion\paquete-tecnico\ejecuciones\20261009T225135Z-1216\dist\ZTATTUZ Admin\_internal\pyserial-3.5.dist-info\DESCRIPTION.rst
   Compressing: D:\a\Atlantic-Software\Atlantic-Software\GymSoft_ZTATTUZ_3.6.1_x86\salida\validacion\paquete-tecnico\ejecuciones\20261009T225135Z-1216\dist\ZTATTUZ Admin\_internal\pyserial-3.5.dist-info\entry_points.txt
   Compressing: D:\a\Atlantic-Software\Atlantic-Software\GymSoft_ZTATTUZ_3.6.1_x86\salida\validacion\paquete-tecnico\ejecuciones\20261009T225135Z-1216\dist\ZTATTUZ Admin\_internal\pyserial-3.5.dist-info\INSTALLER
   Compressing: D:\a\Atlantic-Software\Atlantic-Software\GymSoft_ZTATTUZ_3.6.1_x86\salida\validacion\paquete-tecnico\ejecuciones\20261009T225135Z-1216\dist\ZTATTUZ Admin\_internal\pyserial-3.5.dist-info\METADATA
   Compressing: D:\a\Atlantic-Software\Atlantic-Software\GymSoft_ZTATTUZ_3.6.1_x86\salida\validacion\paquete-tecnico\ejecuciones\20261009T225135Z-1216\dist\ZTATTUZ Admin\_internal\pyserial-3.5.dist-info\metadata.json
   Compressing: D:\a\Atlantic-Software\Atlantic-Software\GymSoft_ZTATTUZ_3.6.1_x86\salida\validacion\paquete-tecnico\ejecuciones\20261009T225135Z-1216\dist\ZTATTUZ Admin\_internal\pyserial-3.5.dist-info\RECORD
   Compressing: D:\a\Atlantic-Software\Atlantic-Software\GymSoft_ZTATTUZ_3.6.1_x86\salida\validacion\paquete-tecnico\ejecuciones\20261009T225135Z-1216\dist\ZTATTUZ Admin\_internal\pyserial-3.5.dist-info\REQUESTED
   Compressing: D:\a\Atlantic-Software\Atlantic-Software\GymSoft_ZTATTUZ_3.6.1_x86\salida\validacion\paquete-tecnico\ejecuciones\20261009T225135Z-1216\dist\ZTATTUZ Admin\_internal\pyserial-3.5.dist-info\top_level.txt
   Compressing: D:\a\Atlantic-Software\Atlantic-Software\GymSoft_ZTATTUZ_3.6.1_x86\salida\validacion\paquete-tecnico\ejecuciones\20261009T225135Z-1216\dist\ZTATTUZ Admin\_internal\pyserial-3.5.dist-info\WHEEL
   Compressing: D:\a\Atlantic-Software\Atlantic-Software\GymSoft_ZTATTUZ_3.6.1_x86\salida\validacion\paquete-tecnico\ejecuciones\20261009T225135Z-1216\dist\ZTATTUZ Admin\_internal\realtime\exceptions.py
   Compressing: D:\a\Atlantic-Software\Atlantic-Software\GymSoft_ZTATTUZ_3.6.1_x86\salida\validacion\paquete-tecnico\ejecuciones\20261009T225135Z-1216\dist\ZTATTUZ Admin\_internal\realtime\message.py
   Compressing: D:\a\Atlantic-Software\Atlantic-Software\GymSoft_ZTATTUZ_3.6.1_x86\salida\validacion\paquete-tecnico\ejecuciones\20261009T225135Z-1216\dist\ZTATTUZ Admin\_internal\realtime\py.typed
   Compressing: D:\a\Atlantic-Software\Atlantic-Software\GymSoft_ZTATTUZ_3.6.1_x86\salida\validacion\paquete-tecnico\ejecuciones\20261009T225135Z-1216\dist\ZTATTUZ Admin\_internal\realtime\transformers.py
   Compressing: D:\a\Atlantic-Software\Atlantic-Software\GymSoft_ZTATTUZ_3.6.1_x86\salida\validacion\paquete-tecnico\ejecuciones\20261009T225135Z-1216\dist\ZTATTUZ Admin\_internal\realtime\types.py
   Compressing: D:\a\Atlantic-Software\Atlantic-Software\GymSoft_ZTATTUZ_3.6.1_x86\salida\validacion\paquete-tecnico\ejecuciones\20261009T225135Z-1216\dist\ZTATTUZ Admin\_internal\realtime\utils.py
   Compressing: D:\a\Atlantic-Software\Atlantic-Software\GymSoft_ZTATTUZ_3.6.1_x86\salida\validacion\paquete-tecnico\ejecuciones\20261009T225135Z-1216\dist\ZTATTUZ Admin\_internal\realtime\version.py
   Compressing: D:\a\Atlantic-Software\Atlantic-Software\GymSoft_ZTATTUZ_3.6.1_x86\salida\validacion\paquete-tecnico\ejecuciones\20261009T225135Z-1216\dist\ZTATTUZ Admin\_internal\realtime\__init__.py
   Compressing: D:\a\Atlantic-Software\Atlantic-Software\GymSoft_ZTATTUZ_3.6.1_x86\salida\validacion\paquete-tecnico\ejecuciones\20261009T225135Z-1216\dist\ZTATTUZ Admin\_internal\realtime\_async\channel.py
   Compressing: D:\a\Atlantic-Software\Atlantic-Software\GymSoft_ZTATTUZ_3.6.1_x86\salida\validacion\paquete-tecnico\ejecuciones\20261009T225135Z-1216\dist\ZTATTUZ Admin\_internal\realtime\_async\client.py
   Compressing: D:\a\Atlantic-Software\Atlantic-Software\GymSoft_ZTATTUZ_3.6.1_x86\salida\validacion\paquete-tecnico\ejecuciones\20261009T225135Z-1216\dist\ZTATTUZ Admin\_internal\realtime\_async\presence.py
   Compressing: D:\a\Atlantic-Software\Atlantic-Software\GymSoft_ZTATTUZ_3.6.1_x86\salida\validacion\paquete-tecnico\ejecuciones\20261009T225135Z-1216\dist\ZTATTUZ Admin\_internal\realtime\_async\push.py
   Compressing: D:\a\Atlantic-Software\Atlantic-Software\GymSoft_ZTATTUZ_3.6.1_x86\salida\validacion\paquete-tecnico\ejecuciones\20261009T225135Z-1216\dist\ZTATTUZ Admin\_internal\realtime\_async\timer.py
   Compressing: D:\a\Atlantic-Software\Atlantic-Software\GymSoft_ZTATTUZ_3.6.1_x86\salida\validacion\paquete-tecnico\ejecuciones\20261009T225135Z-1216\dist\ZTATTUZ Admin\_internal\realtime\_async\__init__.py
   Compressing: D:\a\Atlantic-Software\Atlantic-Software\GymSoft_ZTATTUZ_3.6.1_x86\salida\validacion\paquete-tecnico\ejecuciones\20261009T225135Z-1216\dist\ZTATTUZ Admin\_internal\realtime\_sync\channel.py
   Compressing: D:\a\Atlantic-Software\Atlantic-Software\GymSoft_ZTATTUZ_3.6.1_x86\salida\validacion\paquete-tecnico\ejecuciones\20261009T225135Z-1216\dist\ZTATTUZ Admin\_internal\realtime\_sync\client.py
   Compressing: D:\a\Atlantic-Software\Atlantic-Software\GymSoft_ZTATTUZ_3.6.1_x86\salida\validacion\paquete-tecnico\ejecuciones\20261009T225135Z-1216\dist\ZTATTUZ Admin\_internal\realtime\_sync\presence.py
   Compressing: D:\a\Atlantic-Software\Atlantic-Software\GymSoft_ZTATTUZ_3.6.1_x86\salida\validacion\paquete-tecnico\ejecuciones\20261009T225135Z-1216\dist\ZTATTUZ Admin\_internal\realtime\_sync\__init__.py
   Compressing: D:\a\Atlantic-Software\Atlantic-Software\GymSoft_ZTATTUZ_3.6.1_x86\salida\validacion\paquete-tecnico\ejecuciones\20261009T225135Z-1216\dist\ZTATTUZ Admin\_internal\realtime-2.31.0.dist-info\INSTALLER
   Compressing: D:\a\Atlantic-Software\Atlantic-Software\GymSoft_ZTATTUZ_3.6.1_x86\salida\validacion\paquete-tecnico\ejecuciones\20261009T225135Z-1216\dist\ZTATTUZ Admin\_internal\realtime-2.31.0.dist-info\METADATA
   Compressing: D:\a\Atlantic-Software\Atlantic-Software\GymSoft_ZTATTUZ_3.6.1_x86\salida\validacion\paquete-tecnico\ejecuciones\20261009T225135Z-1216\dist\ZTATTUZ Admin\_internal\realtime-2.31.0.dist-info\RECORD
   Compressing: D:\a\Atlantic-Software\Atlantic-Software\GymSoft_ZTATTUZ_3.6.1_x86\salida\validacion\paquete-tecnico\ejecuciones\20261009T225135Z-1216\dist\ZTATTUZ Admin\_internal\realtime-2.31.0.dist-info\WHEEL
   Compressing: D:\a\Atlantic-Software\Atlantic-Software\GymSoft_ZTATTUZ_3.6.1_x86\salida\validacion\paquete-tecnico\ejecuciones\20261009T225135Z-1216\dist\ZTATTUZ Admin\_internal\serial\rfc2217.py
   Compressing: D:\a\Atlantic-Software\Atlantic-Software\GymSoft_ZTATTUZ_3.6.1_x86\salida\validacion\paquete-tecnico\ejecuciones\20261009T225135Z-1216\dist\ZTATTUZ Admin\_internal\serial\rs485.py
   Compressing: D:\a\Atlantic-Software\Atlantic-Software\GymSoft_ZTATTUZ_3.6.1_x86\salida\validacion\paquete-tecnico\ejecuciones\20261009T225135Z-1216\dist\ZTATTUZ Admin\_internal\serial\serialcli.py
   Compressing: D:\a\Atlantic-Software\Atlantic-Software\GymSoft_ZTATTUZ_3.6.1_x86\salida\validacion\paquete-tecnico\ejecuciones\20261009T225135Z-1216\dist\ZTATTUZ Admin\_internal\serial\serialjava.py
   Compressing: D:\a\Atlantic-Software\Atlantic-Software\GymSoft_ZTATTUZ_3.6.1_x86\salida\validacion\paquete-tecnico\ejecuciones\20261009T225135Z-1216\dist\ZTATTUZ Admin\_internal\serial\serialposix.py
   Compressing: D:\a\Atlantic-Software\Atlantic-Software\GymSoft_ZTATTUZ_3.6.1_x86\salida\validacion\paquete-tecnico\ejecuciones\20261009T225135Z-1216\dist\ZTATTUZ Admin\_internal\serial\serialutil.py
   Compressing: D:\a\Atlantic-Software\Atlantic-Software\GymSoft_ZTATTUZ_3.6.1_x86\salida\validacion\paquete-tecnico\ejecuciones\20261009T225135Z-1216\dist\ZTATTUZ Admin\_internal\serial\serialwin32.py
   Compressing: D:\a\Atlantic-Software\Atlantic-Software\GymSoft_ZTATTUZ_3.6.1_x86\salida\validacion\paquete-tecnico\ejecuciones\20261009T225135Z-1216\dist\ZTATTUZ Admin\_internal\serial\win32.py
   Compressing: D:\a\Atlantic-Software\Atlantic-Software\GymSoft_ZTATTUZ_3.6.1_x86\salida\validacion\paquete-tecnico\ejecuciones\20261009T225135Z-1216\dist\ZTATTUZ Admin\_internal\serial\__init__.py
   Compressing: D:\a\Atlantic-Software\Atlantic-Software\GymSoft_ZTATTUZ_3.6.1_x86\salida\validacion\paquete-tecnico\ejecuciones\20261009T225135Z-1216\dist\ZTATTUZ Admin\_internal\serial\__main__.py
   Compressing: D:\a\Atlantic-Software\Atlantic-Software\GymSoft_ZTATTUZ_3.6.1_x86\salida\validacion\paquete-tecnico\ejecuciones\20261009T225135Z-1216\dist\ZTATTUZ Admin\_internal\serial\threaded\__init__.py
   Compressing: D:\a\Atlantic-Software\Atlantic-Software\GymSoft_ZTATTUZ_3.6.1_x86\salida\validacion\paquete-tecnico\ejecuciones\20261009T225135Z-1216\dist\ZTATTUZ Admin\_internal\serial\tools\hexlify_codec.py
   Compressing: D:\a\Atlantic-Software\Atlantic-Software\GymSoft_ZTATTUZ_3.6.1_x86\salida\validacion\paquete-tecnico\ejecuciones\20261009T225135Z-1216\dist\ZTATTUZ Admin\_internal\serial\tools\list_ports.py
   Compressing: D:\a\Atlantic-Software\Atlantic-Software\GymSoft_ZTATTUZ_3.6.1_x86\salida\validacion\paquete-tecnico\ejecuciones\20261009T225135Z-1216\dist\ZTATTUZ Admin\_internal\serial\tools\list_ports_common.py
   Compressing: D:\a\Atlantic-Software\Atlantic-Software\GymSoft_ZTATTUZ_3.6.1_x86\salida\validacion\paquete-tecnico\ejecuciones\20261009T225135Z-1216\dist\ZTATTUZ Admin\_internal\serial\tools\list_ports_linux.py
   Compressing: D:\a\Atlantic-Software\Atlantic-Software\GymSoft_ZTATTUZ_3.6.1_x86\salida\validacion\paquete-tecnico\ejecuciones\20261009T225135Z-1216\dist\ZTATTUZ Admin\_internal\serial\tools\list_ports_osx.py
   Compressing: D:\a\Atlantic-Software\Atlantic-Software\GymSoft_ZTATTUZ_3.6.1_x86\salida\validacion\paquete-tecnico\ejecuciones\20261009T225135Z-1216\dist\ZTATTUZ Admin\_internal\serial\tools\list_ports_posix.py
   Compressing: D:\a\Atlantic-Software\Atlantic-Software\GymSoft_ZTATTUZ_3.6.1_x86\salida\validacion\paquete-tecnico\ejecuciones\20261009T225135Z-1216\dist\ZTATTUZ Admin\_internal\serial\tools\list_ports_windows.py
   Compressing: D:\a\Atlantic-Software\Atlantic-Software\GymSoft_ZTATTUZ_3.6.1_x86\salida\validacion\paquete-tecnico\ejecuciones\20261009T225135Z-1216\dist\ZTATTUZ Admin\_internal\serial\tools\miniterm.py
   Compressing: D:\a\Atlantic-Software\Atlantic-Software\GymSoft_ZTATTUZ_3.6.1_x86\salida\validacion\paquete-tecnico\ejecuciones\20261009T225135Z-1216\dist\ZTATTUZ Admin\_internal\serial\tools\__init__.py
   Compressing: D:\a\Atlantic-Software\Atlantic-Software\GymSoft_ZTATTUZ_3.6.1_x86\salida\validacion\paquete-tecnico\ejecuciones\20261009T225135Z-1216\dist\ZTATTUZ Admin\_internal\serial\urlhandler\protocol_alt.py
   Compressing: D:\a\Atlantic-Software\Atlantic-Software\GymSoft_ZTATTUZ_3.6.1_x86\salida\validacion\paquete-tecnico\ejecuciones\20261009T225135Z-1216\dist\ZTATTUZ Admin\_internal\serial\urlhandler\protocol_cp2110.py
   Compressing: D:\a\Atlantic-Software\Atlantic-Software\GymSoft_ZTATTUZ_3.6.1_x86\salida\validacion\paquete-tecnico\ejecuciones\20261009T225135Z-1216\dist\ZTATTUZ Admin\_internal\serial\urlhandler\protocol_hwgrep.py
   Compressing: D:\a\Atlantic-Software\Atlantic-Software\GymSoft_ZTATTUZ_3.6.1_x86\salida\validacion\paquete-tecnico\ejecuciones\20261009T225135Z-1216\dist\ZTATTUZ Admin\_internal\serial\urlhandler\protocol_loop.py
   Compressing: D:\a\Atlantic-Software\Atlantic-Software\GymSoft_ZTATTUZ_3.6.1_x86\salida\validacion\paquete-tecnico\ejecuciones\20261009T225135Z-1216\dist\ZTATTUZ Admin\_internal\serial\urlhandler\protocol_rfc2217.py
   Compressing: D:\a\Atlantic-Software\Atlantic-Software\GymSoft_ZTATTUZ_3.6.1_x86\salida\validacion\paquete-tecnico\ejecuciones\20261009T225135Z-1216\dist\ZTATTUZ Admin\_internal\serial\urlhandler\protocol_socket.py
   Compressing: D:\a\Atlantic-Software\Atlantic-Software\GymSoft_ZTATTUZ_3.6.1_x86\salida\validacion\paquete-tecnico\ejecuciones\20261009T225135Z-1216\dist\ZTATTUZ Admin\_internal\serial\urlhandler\protocol_spy.py
   Compressing: D:\a\Atlantic-Software\Atlantic-Software\GymSoft_ZTATTUZ_3.6.1_x86\salida\validacion\paquete-tecnico\ejecuciones\20261009T225135Z-1216\dist\ZTATTUZ Admin\_internal\serial\urlhandler\__init__.py
   Compressing: D:\a\Atlantic-Software\Atlantic-Software\GymSoft_ZTATTUZ_3.6.1_x86\salida\validacion\paquete-tecnico\ejecuciones\20261009T225135Z-1216\dist\ZTATTUZ Admin\_internal\setuptools\_vendor\jaraco\text\Lorem ipsum.txt
   Compressing: D:\a\Atlantic-Software\Atlantic-Software\GymSoft_ZTATTUZ_3.6.1_x86\salida\validacion\paquete-tecnico\ejecuciones\20261009T225135Z-1216\dist\ZTATTUZ Admin\_internal\supabase\client.py
   Compressing: D:\a\Atlantic-Software\Atlantic-Software\GymSoft_ZTATTUZ_3.6.1_x86\salida\validacion\paquete-tecnico\ejecuciones\20261009T225135Z-1216\dist\ZTATTUZ Admin\_internal\supabase\py.typed
   Compressing: D:\a\Atlantic-Software\Atlantic-Software\GymSoft_ZTATTUZ_3.6.1_x86\salida\validacion\paquete-tecnico\ejecuciones\20261009T225135Z-1216\dist\ZTATTUZ Admin\_internal\supabase\types.py
   Compressing: D:\a\Atlantic-Software\Atlantic-Software\GymSoft_ZTATTUZ_3.6.1_x86\salida\validacion\paquete-tecnico\ejecuciones\20261009T225135Z-1216\dist\ZTATTUZ Admin\_internal\supabase\version.py
   Compressing: D:\a\Atlantic-Software\Atlantic-Software\GymSoft_ZTATTUZ_3.6.1_x86\salida\validacion\paquete-tecnico\ejecuciones\20261009T225135Z-1216\dist\ZTATTUZ Admin\_internal\supabase\__init__.py
   Compressing: D:\a\Atlantic-Software\Atlantic-Software\GymSoft_ZTATTUZ_3.6.1_x86\salida\validacion\paquete-tecnico\ejecuciones\20261009T225135Z-1216\dist\ZTATTUZ Admin\_internal\supabase\lib\client_options.py
   Compressing: D:\a\Atlantic-Software\Atlantic-Software\GymSoft_ZTATTUZ_3.6.1_x86\salida\validacion\paquete-tecnico\ejecuciones\20261009T225135Z-1216\dist\ZTATTUZ Admin\_internal\supabase\lib\__init__.py
   Compressing: D:\a\Atlantic-Software\Atlantic-Software\GymSoft_ZTATTUZ_3.6.1_x86\salida\validacion\paquete-tecnico\ejecuciones\20261009T225135Z-1216\dist\ZTATTUZ Admin\_internal\supabase\_async\auth_client.py
   Compressing: D:\a\Atlantic-Software\Atlantic-Software\GymSoft_ZTATTUZ_3.6.1_x86\salida\validacion\paquete-tecnico\ejecuciones\20261009T225135Z-1216\dist\ZTATTUZ Admin\_internal\supabase\_async\client.py
   Compressing: D:\a\Atlantic-Software\Atlantic-Software\GymSoft_ZTATTUZ_3.6.1_x86\salida\validacion\paquete-tecnico\ejecuciones\20261009T225135Z-1216\dist\ZTATTUZ Admin\_internal\supabase\_async\__init__.py
   Compressing: D:\a\Atlantic-Software\Atlantic-Software\GymSoft_ZTATTUZ_3.6.1_x86\salida\validacion\paquete-tecnico\ejecuciones\20261009T225135Z-1216\dist\ZTATTUZ Admin\_internal\supabase\_sync\auth_client.py
   Compressing: D:\a\Atlantic-Software\Atlantic-Software\GymSoft_ZTATTUZ_3.6.1_x86\salida\validacion\paquete-tecnico\ejecuciones\20261009T225135Z-1216\dist\ZTATTUZ Admin\_internal\supabase\_sync\client.py
   Compressing: D:\a\Atlantic-Software\Atlantic-Software\GymSoft_ZTATTUZ_3.6.1_x86\salida\validacion\paquete-tecnico\ejecuciones\20261009T225135Z-1216\dist\ZTATTUZ Admin\_internal\supabase\_sync\__init__.py
   Compressing: D:\a\Atlantic-Software\Atlantic-Software\GymSoft_ZTATTUZ_3.6.1_x86\salida\validacion\paquete-tecnico\ejecuciones\20261009T225135Z-1216\dist\ZTATTUZ Admin\_internal\supabase-2.31.0.dist-info\INSTALLER
   Compressing: D:\a\Atlantic-Software\Atlantic-Software\GymSoft_ZTATTUZ_3.6.1_x86\salida\validacion\paquete-tecnico\ejecuciones\20261009T225135Z-1216\dist\ZTATTUZ Admin\_internal\supabase-2.31.0.dist-info\METADATA
   Compressing: D:\a\Atlantic-Software\Atlantic-Software\GymSoft_ZTATTUZ_3.6.1_x86\salida\validacion\paquete-tecnico\ejecuciones\20261009T225135Z-1216\dist\ZTATTUZ Admin\_internal\supabase-2.31.0.dist-info\RECORD
   Compressing: D:\a\Atlantic-Software\Atlantic-Software\GymSoft_ZTATTUZ_3.6.1_x86\salida\validacion\paquete-tecnico\ejecuciones\20261009T225135Z-1216\dist\ZTATTUZ Admin\_internal\supabase-2.31.0.dist-info\REQUESTED
   Compressing: D:\a\Atlantic-Software\Atlantic-Software\GymSoft_ZTATTUZ_3.6.1_x86\salida\validacion\paquete-tecnico\ejecuciones\20261009T225135Z-1216\dist\ZTATTUZ Admin\_internal\supabase-2.31.0.dist-info\WHEEL
   Compressing: D:\a\Atlantic-Software\Atlantic-Software\GymSoft_ZTATTUZ_3.6.1_x86\salida\validacion\paquete-tecnico\ejecuciones\20261009T225135Z-1216\dist\ZTATTUZ Admin\_internal\supabase-2.31.0.dist-info\licenses\LICENSE
   Compressing: D:\a\Atlantic-Software\Atlantic-Software\GymSoft_ZTATTUZ_3.6.1_x86\salida\validacion\paquete-tecnico\ejecuciones\20261009T225135Z-1216\dist\ZTATTUZ Admin\_internal\supabase_auth\constants.py
   Compressing: D:\a\Atlantic-Software\Atlantic-Software\GymSoft_ZTATTUZ_3.6.1_x86\salida\validacion\paquete-tecnico\ejecuciones\20261009T225135Z-1216\dist\ZTATTUZ Admin\_internal\supabase_auth\errors.py
   Compressing: D:\a\Atlantic-Software\Atlantic-Software\GymSoft_ZTATTUZ_3.6.1_x86\salida\validacion\paquete-tecnico\ejecuciones\20261009T225135Z-1216\dist\ZTATTUZ Admin\_internal\supabase_auth\helpers.py
   Compressing: D:\a\Atlantic-Software\Atlantic-Software\GymSoft_ZTATTUZ_3.6.1_x86\salida\validacion\paquete-tecnico\ejecuciones\20261009T225135Z-1216\dist\ZTATTUZ Admin\_internal\supabase_auth\py.typed
   Compressing: D:\a\Atlantic-Software\Atlantic-Software\GymSoft_ZTATTUZ_3.6.1_x86\salida\validacion\paquete-tecnico\ejecuciones\20261009T225135Z-1216\dist\ZTATTUZ Admin\_internal\supabase_auth\timer.py
   Compressing: D:\a\Atlantic-Software\Atlantic-Software\GymSoft_ZTATTUZ_3.6.1_x86\salida\validacion\paquete-tecnico\ejecuciones\20261009T225135Z-1216\dist\ZTATTUZ Admin\_internal\supabase_auth\types.py
   Compressing: D:\a\Atlantic-Software\Atlantic-Software\GymSoft_ZTATTUZ_3.6.1_x86\salida\validacion\paquete-tecnico\ejecuciones\20261009T225135Z-1216\dist\ZTATTUZ Admin\_internal\supabase_auth\version.py
   Compressing: D:\a\Atlantic-Software\Atlantic-Software\GymSoft_ZTATTUZ_3.6.1_x86\salida\validacion\paquete-tecnico\ejecuciones\20261009T225135Z-1216\dist\ZTATTUZ Admin\_internal\supabase_auth\__init__.py
   Compressing: D:\a\Atlantic-Software\Atlantic-Software\GymSoft_ZTATTUZ_3.6.1_x86\salida\validacion\paquete-tecnico\ejecuciones\20261009T225135Z-1216\dist\ZTATTUZ Admin\_internal\supabase_auth\_async\gotrue_admin_api.py
   Compressing: D:\a\Atlantic-Software\Atlantic-Software\GymSoft_ZTATTUZ_3.6.1_x86\salida\validacion\paquete-tecnico\ejecuciones\20261009T225135Z-1216\dist\ZTATTUZ Admin\_internal\supabase_auth\_async\gotrue_admin_mfa_api.py
   Compressing: D:\a\Atlantic-Software\Atlantic-Software\GymSoft_ZTATTUZ_3.6.1_x86\salida\validacion\paquete-tecnico\ejecuciones\20261009T225135Z-1216\dist\ZTATTUZ Admin\_internal\supabase_auth\_async\gotrue_admin_oauth_api.py
   Compressing: D:\a\Atlantic-Software\Atlantic-Software\GymSoft_ZTATTUZ_3.6.1_x86\salida\validacion\paquete-tecnico\ejecuciones\20261009T225135Z-1216\dist\ZTATTUZ Admin\_internal\supabase_auth\_async\gotrue_base_api.py
   Compressing: D:\a\Atlantic-Software\Atlantic-Software\GymSoft_ZTATTUZ_3.6.1_x86\salida\validacion\paquete-tecnico\ejecuciones\20261009T225135Z-1216\dist\ZTATTUZ Admin\_internal\supabase_auth\_async\gotrue_client.py
   Compressing: D:\a\Atlantic-Software\Atlantic-Software\GymSoft_ZTATTUZ_3.6.1_x86\salida\validacion\paquete-tecnico\ejecuciones\20261009T225135Z-1216\dist\ZTATTUZ Admin\_internal\supabase_auth\_async\gotrue_mfa_api.py
   Compressing: D:\a\Atlantic-Software\Atlantic-Software\GymSoft_ZTATTUZ_3.6.1_x86\salida\validacion\paquete-tecnico\ejecuciones\20261009T225135Z-1216\dist\ZTATTUZ Admin\_internal\supabase_auth\_async\storage.py
   Compressing: D:\a\Atlantic-Software\Atlantic-Software\GymSoft_ZTATTUZ_3.6.1_x86\salida\validacion\paquete-tecnico\ejecuciones\20261009T225135Z-1216\dist\ZTATTUZ Admin\_internal\supabase_auth\_async\__init__.py
   Compressing: D:\a\Atlantic-Software\Atlantic-Software\GymSoft_ZTATTUZ_3.6.1_x86\salida\validacion\paquete-tecnico\ejecuciones\20261009T225135Z-1216\dist\ZTATTUZ Admin\_internal\supabase_auth\_sync\gotrue_admin_api.py
   Compressing: D:\a\Atlantic-Software\Atlantic-Software\GymSoft_ZTATTUZ_3.6.1_x86\salida\validacion\paquete-tecnico\ejecuciones\20261009T225135Z-1216\dist\ZTATTUZ Admin\_internal\supabase_auth\_sync\gotrue_admin_mfa_api.py
   Compressing: D:\a\Atlantic-Software\Atlantic-Software\GymSoft_ZTATTUZ_3.6.1_x86\salida\validacion\paquete-tecnico\ejecuciones\20261009T225135Z-1216\dist\ZTATTUZ Admin\_internal\supabase_auth\_sync\gotrue_admin_oauth_api.py
   Compressing: D:\a\Atlantic-Software\Atlantic-Software\GymSoft_ZTATTUZ_3.6.1_x86\salida\validacion\paquete-tecnico\ejecuciones\20261009T225135Z-1216\dist\ZTATTUZ Admin\_internal\supabase_auth\_sync\gotrue_base_api.py
   Compressing: D:\a\Atlantic-Software\Atlantic-Software\GymSoft_ZTATTUZ_3.6.1_x86\salida\validacion\paquete-tecnico\ejecuciones\20261009T225135Z-1216\dist\ZTATTUZ Admin\_internal\supabase_auth\_sync\gotrue_client.py
   Compressing: D:\a\Atlantic-Software\Atlantic-Software\GymSoft_ZTATTUZ_3.6.1_x86\salida\validacion\paquete-tecnico\ejecuciones\20261009T225135Z-1216\dist\ZTATTUZ Admin\_internal\supabase_auth\_sync\gotrue_mfa_api.py
   Compressing: D:\a\Atlantic-Software\Atlantic-Software\GymSoft_ZTATTUZ_3.6.1_x86\salida\validacion\paquete-tecnico\ejecuciones\20261009T225135Z-1216\dist\ZTATTUZ Admin\_internal\supabase_auth\_sync\storage.py
   Compressing: D:\a\Atlantic-Software\Atlantic-Software\GymSoft_ZTATTUZ_3.6.1_x86\salida\validacion\paquete-tecnico\ejecuciones\20261009T225135Z-1216\dist\ZTATTUZ Admin\_internal\supabase_auth\_sync\__init__.py
   Compressing: D:\a\Atlantic-Software\Atlantic-Software\GymSoft_ZTATTUZ_3.6.1_x86\salida\validacion\paquete-tecnico\ejecuciones\20261009T225135Z-1216\dist\ZTATTUZ Admin\_internal\supabase_auth-2.31.0.dist-info\INSTALLER
   Compressing: D:\a\Atlantic-Software\Atlantic-Software\GymSoft_ZTATTUZ_3.6.1_x86\salida\validacion\paquete-tecnico\ejecuciones\20261009T225135Z-1216\dist\ZTATTUZ Admin\_internal\supabase_auth-2.31.0.dist-info\METADATA
   Compressing: D:\a\Atlantic-Software\Atlantic-Software\GymSoft_ZTATTUZ_3.6.1_x86\salida\validacion\paquete-tecnico\ejecuciones\20261009T225135Z-1216\dist\ZTATTUZ Admin\_internal\supabase_auth-2.31.0.dist-info\RECORD
   Compressing: D:\a\Atlantic-Software\Atlantic-Software\GymSoft_ZTATTUZ_3.6.1_x86\salida\validacion\paquete-tecnico\ejecuciones\20261009T225135Z-1216\dist\ZTATTUZ Admin\_internal\supabase_auth-2.31.0.dist-info\WHEEL
   Compressing: D:\a\Atlantic-Software\Atlantic-Software\GymSoft_ZTATTUZ_3.6.1_x86\salida\validacion\paquete-tecnico\ejecuciones\20261009T225135Z-1216\dist\ZTATTUZ Admin\_internal\tzdata\zones
   Compressing: D:\a\Atlantic-Software\Atlantic-Software\GymSoft_ZTATTUZ_3.6.1_x86\salida\validacion\paquete-tecnico\ejecuciones\20261009T225135Z-1216\dist\ZTATTUZ Admin\_internal\tzdata\__init__.py
   Compressing: D:\a\Atlantic-Software\Atlantic-Software\GymSoft_ZTATTUZ_3.6.1_x86\salida\validacion\paquete-tecnico\ejecuciones\20261009T225135Z-1216\dist\ZTATTUZ Admin\_internal\tzdata\zoneinfo\CET
   Compressing: D:\a\Atlantic-Software\Atlantic-Software\GymSoft_ZTATTUZ_3.6.1_x86\salida\validacion\paquete-tecnico\ejecuciones\20261009T225135Z-1216\dist\ZTATTUZ Admin\_internal\tzdata\zoneinfo\CST6CDT
   Compressing: D:\a\Atlantic-Software\Atlantic-Software\GymSoft_ZTATTUZ_3.6.1_x86\salida\validacion\paquete-tecnico\ejecuciones\20261009T225135Z-1216\dist\ZTATTUZ Admin\_internal\tzdata\zoneinfo\Cuba
   Compressing: D:\a\Atlantic-Software\Atlantic-Software\GymSoft_ZTATTUZ_3.6.1_x86\salida\validacion\paquete-tecnico\ejecuciones\20261009T225135Z-1216\dist\ZTATTUZ Admin\_internal\tzdata\zoneinfo\EET
   Compressing: D:\a\Atlantic-Software\Atlantic-Software\GymSoft_ZTATTUZ_3.6.1_x86\salida\validacion\paquete-tecnico\ejecuciones\20261009T225135Z-1216\dist\ZTATTUZ Admin\_internal\tzdata\zoneinfo\Egypt
   Compressing: D:\a\Atlantic-Software\Atlantic-Software\GymSoft_ZTATTUZ_3.6.1_x86\salida\validacion\paquete-tecnico\ejecuciones\20261009T225135Z-1216\dist\ZTATTUZ Admin\_internal\tzdata\zoneinfo\Eire
   Compressing: D:\a\Atlantic-Software\Atlantic-Software\GymSoft_ZTATTUZ_3.6.1_x86\salida\validacion\paquete-tecnico\ejecuciones\20261009T225135Z-1216\dist\ZTATTUZ Admin\_internal\tzdata\zoneinfo\EST
   Compressing: D:\a\Atlantic-Software\Atlantic-Software\GymSoft_ZTATTUZ_3.6.1_x86\salida\validacion\paquete-tecnico\ejecuciones\20261009T225135Z-1216\dist\ZTATTUZ Admin\_internal\tzdata\zoneinfo\EST5EDT
   Compressing: D:\a\Atlantic-Software\Atlantic-Software\GymSoft_ZTATTUZ_3.6.1_x86\salida\validacion\paquete-tecnico\ejecuciones\20261009T225135Z-1216\dist\ZTATTUZ Admin\_internal\tzdata\zoneinfo\Factory
   Compressing: D:\a\Atlantic-Software\Atlantic-Software\GymSoft_ZTATTUZ_3.6.1_x86\salida\validacion\paquete-tecnico\ejecuciones\20261009T225135Z-1216\dist\ZTATTUZ Admin\_internal\tzdata\zoneinfo\GB
   Compressing: D:\a\Atlantic-Software\Atlantic-Software\GymSoft_ZTATTUZ_3.6.1_x86\salida\validacion\paquete-tecnico\ejecuciones\20261009T225135Z-1216\dist\ZTATTUZ Admin\_internal\tzdata\zoneinfo\GB-Eire
   Compressing: D:\a\Atlantic-Software\Atlantic-Software\GymSoft_ZTATTUZ_3.6.1_x86\salida\validacion\paquete-tecnico\ejecuciones\20261009T225135Z-1216\dist\ZTATTUZ Admin\_internal\tzdata\zoneinfo\GMT
   Compressing: D:\a\Atlantic-Software\Atlantic-Software\GymSoft_ZTATTUZ_3.6.1_x86\salida\validacion\paquete-tecnico\ejecuciones\20261009T225135Z-1216\dist\ZTATTUZ Admin\_internal\tzdata\zoneinfo\GMT+0
   Compressing: D:\a\Atlantic-Software\Atlantic-Software\GymSoft_ZTATTUZ_3.6.1_x86\salida\validacion\paquete-tecnico\ejecuciones\20261009T225135Z-1216\dist\ZTATTUZ Admin\_internal\tzdata\zoneinfo\GMT-0
   Compressing: D:\a\Atlantic-Software\Atlantic-Software\GymSoft_ZTATTUZ_3.6.1_x86\salida\validacion\paquete-tecnico\ejecuciones\20261009T225135Z-1216\dist\ZTATTUZ Admin\_internal\tzdata\zoneinfo\GMT0
   Compressing: D:\a\Atlantic-Software\Atlantic-Software\GymSoft_ZTATTUZ_3.6.1_x86\salida\validacion\paquete-tecnico\ejecuciones\20261009T225135Z-1216\dist\ZTATTUZ Admin\_internal\tzdata\zoneinfo\Greenwich
   Compressing: D:\a\Atlantic-Software\Atlantic-Software\GymSoft_ZTATTUZ_3.6.1_x86\salida\validacion\paquete-tecnico\ejecuciones\20261009T225135Z-1216\dist\ZTATTUZ Admin\_internal\tzdata\zoneinfo\Hongkong
   Compressing: D:\a\Atlantic-Software\Atlantic-Software\GymSoft_ZTATTUZ_3.6.1_x86\salida\validacion\paquete-tecnico\ejecuciones\20261009T225135Z-1216\dist\ZTATTUZ Admin\_internal\tzdata\zoneinfo\HST
   Compressing: D:\a\Atlantic-Software\Atlantic-Software\GymSoft_ZTATTUZ_3.6.1_x86\salida\validacion\paquete-tecnico\ejecuciones\20261009T225135Z-1216\dist\ZTATTUZ Admin\_internal\tzdata\zoneinfo\Iceland
   Compressing: D:\a\Atlantic-Software\Atlantic-Software\GymSoft_ZTATTUZ_3.6.1_x86\salida\validacion\paquete-tecnico\ejecuciones\20261009T225135Z-1216\dist\ZTATTUZ Admin\_internal\tzdata\zoneinfo\Iran
   Compressing: D:\a\Atlantic-Software\Atlantic-Software\GymSoft_ZTATTUZ_3.6.1_x86\salida\validacion\paquete-tecnico\ejecuciones\20261009T225135Z-1216\dist\ZTATTUZ Admin\_internal\tzdata\zoneinfo\iso3166.tab
   Compressing: D:\a\Atlantic-Software\Atlantic-Software\GymSoft_ZTATTUZ_3.6.1_x86\salida\validacion\paquete-tecnico\ejecuciones\20261009T225135Z-1216\dist\ZTATTUZ Admin\_internal\tzdata\zoneinfo\Israel
   Compressing: D:\a\Atlantic-Software\Atlantic-Software\GymSoft_ZTATTUZ_3.6.1_x86\salida\validacion\paquete-tecnico\ejecuciones\20261009T225135Z-1216\dist\ZTATTUZ Admin\_internal\tzdata\zoneinfo\Jamaica
   Compressing: D:\a\Atlantic-Software\Atlantic-Software\GymSoft_ZTATTUZ_3.6.1_x86\salida\validacion\paquete-tecnico\ejecuciones\20261009T225135Z-1216\dist\ZTATTUZ Admin\_internal\tzdata\zoneinfo\Japan
   Compressing: D:\a\Atlantic-Software\Atlantic-Software\GymSoft_ZTATTUZ_3.6.1_x86\salida\validacion\paquete-tecnico\ejecuciones\20261009T225135Z-1216\dist\ZTATTUZ Admin\_internal\tzdata\zoneinfo\Kwajalein
   Compressing: D:\a\Atlantic-Software\Atlantic-Software\GymSoft_ZTATTUZ_3.6.1_x86\salida\validacion\paquete-tecnico\ejecuciones\20261009T225135Z-1216\dist\ZTATTUZ Admin\_internal\tzdata\zoneinfo\leapseconds
   Compressing: D:\a\Atlantic-Software\Atlantic-Software\GymSoft_ZTATTUZ_3.6.1_x86\salida\validacion\paquete-tecnico\ejecuciones\20261009T225135Z-1216\dist\ZTATTUZ Admin\_internal\tzdata\zoneinfo\Libya
   Compressing: D:\a\Atlantic-Software\Atlantic-Software\GymSoft_ZTATTUZ_3.6.1_x86\salida\validacion\paquete-tecnico\ejecuciones\20261009T225135Z-1216\dist\ZTATTUZ Admin\_internal\tzdata\zoneinfo\MET
   Compressing: D:\a\Atlantic-Software\Atlantic-Software\GymSoft_ZTATTUZ_3.6.1_x86\salida\validacion\paquete-tecnico\ejecuciones\20261009T225135Z-1216\dist\ZTATTUZ Admin\_internal\tzdata\zoneinfo\MST
   Compressing: D:\a\Atlantic-Software\Atlantic-Software\GymSoft_ZTATTUZ_3.6.1_x86\salida\validacion\paquete-tecnico\ejecuciones\20261009T225135Z-1216\dist\ZTATTUZ Admin\_internal\tzdata\zoneinfo\MST7MDT
   Compressing: D:\a\Atlantic-Software\Atlantic-Software\GymSoft_ZTATTUZ_3.6.1_x86\salida\validacion\paquete-tecnico\ejecuciones\20261009T225135Z-1216\dist\ZTATTUZ Admin\_internal\tzdata\zoneinfo\Navajo
   Compressing: D:\a\Atlantic-Software\Atlantic-Software\GymSoft_ZTATTUZ_3.6.1_x86\salida\validacion\paquete-tecnico\ejecuciones\20261009T225135Z-1216\dist\ZTATTUZ Admin\_internal\tzdata\zoneinfo\NZ
   Compressing: D:\a\Atlantic-Software\Atlantic-Software\GymSoft_ZTATTUZ_3.6.1_x86\salida\validacion\paquete-tecnico\ejecuciones\20261009T225135Z-1216\dist\ZTATTUZ Admin\_internal\tzdata\zoneinfo\NZ-CHAT
   Compressing: D:\a\Atlantic-Software\Atlantic-Software\GymSoft_ZTATTUZ_3.6.1_x86\salida\validacion\paquete-tecnico\ejecuciones\20261009T225135Z-1216\dist\ZTATTUZ Admin\_internal\tzdata\zoneinfo\Poland
   Compressing: D:\a\Atlantic-Software\Atlantic-Software\GymSoft_ZTATTUZ_3.6.1_x86\salida\validacion\paquete-tecnico\ejecuciones\20261009T225135Z-1216\dist\ZTATTUZ Admin\_internal\tzdata\zoneinfo\Portugal
   Compressing: D:\a\Atlantic-Software\Atlantic-Software\GymSoft_ZTATTUZ_3.6.1_x86\salida\validacion\paquete-tecnico\ejecuciones\20261009T225135Z-1216\dist\ZTATTUZ Admin\_internal\tzdata\zoneinfo\PRC
   Compressing: D:\a\Atlantic-Software\Atlantic-Software\GymSoft_ZTATTUZ_3.6.1_x86\salida\validacion\paquete-tecnico\ejecuciones\20261009T225135Z-1216\dist\ZTATTUZ Admin\_internal\tzdata\zoneinfo\PST8PDT
   Compressing: D:\a\Atlantic-Software\Atlantic-Software\GymSoft_ZTATTUZ_3.6.1_x86\salida\validacion\paquete-tecnico\ejecuciones\20261009T225135Z-1216\dist\ZTATTUZ Admin\_internal\tzdata\zoneinfo\ROC
   Compressing: D:\a\Atlantic-Software\Atlantic-Software\GymSoft_ZTATTUZ_3.6.1_x86\salida\validacion\paquete-tecnico\ejecuciones\20261009T225135Z-1216\dist\ZTATTUZ Admin\_internal\tzdata\zoneinfo\ROK
   Compressing: D:\a\Atlantic-Software\Atlantic-Software\GymSoft_ZTATTUZ_3.6.1_x86\salida\validacion\paquete-tecnico\ejecuciones\20261009T225135Z-1216\dist\ZTATTUZ Admin\_internal\tzdata\zoneinfo\Singapore
   Compressing: D:\a\Atlantic-Software\Atlantic-Software\GymSoft_ZTATTUZ_3.6.1_x86\salida\validacion\paquete-tecnico\ejecuciones\20261009T225135Z-1216\dist\ZTATTUZ Admin\_internal\tzdata\zoneinfo\Turkey
   Compressing: D:\a\Atlantic-Software\Atlantic-Software\GymSoft_ZTATTUZ_3.6.1_x86\salida\validacion\paquete-tecnico\ejecuciones\20261009T225135Z-1216\dist\ZTATTUZ Admin\_internal\tzdata\zoneinfo\tzdata.zi
   Compressing: D:\a\Atlantic-Software\Atlantic-Software\GymSoft_ZTATTUZ_3.6.1_x86\salida\validacion\paquete-tecnico\ejecuciones\20261009T225135Z-1216\dist\ZTATTUZ Admin\_internal\tzdata\zoneinfo\UCT
   Compressing: D:\a\Atlantic-Software\Atlantic-Software\GymSoft_ZTATTUZ_3.6.1_x86\salida\validacion\paquete-tecnico\ejecuciones\20261009T225135Z-1216\dist\ZTATTUZ Admin\_internal\tzdata\zoneinfo\Universal
   Compressing: D:\a\Atlantic-Software\Atlantic-Software\GymSoft_ZTATTUZ_3.6.1_x86\salida\validacion\paquete-tecnico\ejecuciones\20261009T225135Z-1216\dist\ZTATTUZ Admin\_internal\tzdata\zoneinfo\UTC
   Compressing: D:\a\Atlantic-Software\Atlantic-Software\GymSoft_ZTATTUZ_3.6.1_x86\salida\validacion\paquete-tecnico\ejecuciones\20261009T225135Z-1216\dist\ZTATTUZ Admin\_internal\tzdata\zoneinfo\W-SU
   Compressing: D:\a\Atlantic-Software\Atlantic-Software\GymSoft_ZTATTUZ_3.6.1_x86\salida\validacion\paquete-tecnico\ejecuciones\20261009T225135Z-1216\dist\ZTATTUZ Admin\_internal\tzdata\zoneinfo\WET
   Compressing: D:\a\Atlantic-Software\Atlantic-Software\GymSoft_ZTATTUZ_3.6.1_x86\salida\validacion\paquete-tecnico\ejecuciones\20261009T225135Z-1216\dist\ZTATTUZ Admin\_internal\tzdata\zoneinfo\zone.tab
   Compressing: D:\a\Atlantic-Software\Atlantic-Software\GymSoft_ZTATTUZ_3.6.1_x86\salida\validacion\paquete-tecnico\ejecuciones\20261009T225135Z-1216\dist\ZTATTUZ Admin\_internal\tzdata\zoneinfo\zone1970.tab
   Compressing: D:\a\Atlantic-Software\Atlantic-Software\GymSoft_ZTATTUZ_3.6.1_x86\salida\validacion\paquete-tecnico\ejecuciones\20261009T225135Z-1216\dist\ZTATTUZ Admin\_internal\tzdata\zoneinfo\zonenow.tab
   Compressing: D:\a\Atlantic-Software\Atlantic-Software\GymSoft_ZTATTUZ_3.6.1_x86\salida\validacion\paquete-tecnico\ejecuciones\20261009T225135Z-1216\dist\ZTATTUZ Admin\_internal\tzdata\zoneinfo\Zulu
   Compressing: D:\a\Atlantic-Software\Atlantic-Software\GymSoft_ZTATTUZ_3.6.1_x86\salida\validacion\paquete-tecnico\ejecuciones\20261009T225135Z-1216\dist\ZTATTUZ Admin\_internal\tzdata\zoneinfo\__init__.py
   Compressing: D:\a\Atlantic-Software\Atlantic-Software\GymSoft_ZTATTUZ_3.6.1_x86\salida\validacion\paquete-tecnico\ejecuciones\20261009T225135Z-1216\dist\ZTATTUZ Admin\_internal\tzdata\zoneinfo\Africa\Abidjan
   Compressing: D:\a\Atlantic-Software\Atlantic-Software\GymSoft_ZTATTUZ_3.6.1_x86\salida\validacion\paquete-tecnico\ejecuciones\20261009T225135Z-1216\dist\ZTATTUZ Admin\_internal\tzdata\zoneinfo\Africa\Accra
   Compressing: D:\a\Atlantic-Software\Atlantic-Software\GymSoft_ZTATTUZ_3.6.1_x86\salida\validacion\paquete-tecnico\ejecuciones\20261009T225135Z-1216\dist\ZTATTUZ Admin\_internal\tzdata\zoneinfo\Africa\Addis_Ababa
   Compressing: D:\a\Atlantic-Software\Atlantic-Software\GymSoft_ZTATTUZ_3.6.1_x86\salida\validacion\paquete-tecnico\ejecuciones\20261009T225135Z-1216\dist\ZTATTUZ Admin\_internal\tzdata\zoneinfo\Africa\Algiers
   Compressing: D:\a\Atlantic-Software\Atlantic-Software\GymSoft_ZTATTUZ_3.6.1_x86\salida\validacion\paquete-tecnico\ejecuciones\20261009T225135Z-1216\dist\ZTATTUZ Admin\_internal\tzdata\zoneinfo\Africa\Asmara
   Compressing: D:\a\Atlantic-Software\Atlantic-Software\GymSoft_ZTATTUZ_3.6.1_x86\salida\validacion\paquete-tecnico\ejecuciones\20261009T225135Z-1216\dist\ZTATTUZ Admin\_internal\tzdata\zoneinfo\Africa\Asmera
   Compressing: D:\a\Atlantic-Software\Atlantic-Software\GymSoft_ZTATTUZ_3.6.1_x86\salida\validacion\paquete-tecnico\ejecuciones\20261009T225135Z-1216\dist\ZTATTUZ Admin\_internal\tzdata\zoneinfo\Africa\Bamako
   Compressing: D:\a\Atlantic-Software\Atlantic-Software\GymSoft_ZTATTUZ_3.6.1_x86\salida\validacion\paquete-tecnico\ejecuciones\20261009T225135Z-1216\dist\ZTATTUZ Admin\_internal\tzdata\zoneinfo\Africa\Bangui
   Compressing: D:\a\Atlantic-Software\Atlantic-Software\GymSoft_ZTATTUZ_3.6.1_x86\salida\validacion\paquete-tecnico\ejecuciones\20261009T225135Z-1216\dist\ZTATTUZ Admin\_internal\tzdata\zoneinfo\Africa\Banjul
   Compressing: D:\a\Atlantic-Software\Atlantic-Software\GymSoft_ZTATTUZ_3.6.1_x86\salida\validacion\paquete-tecnico\ejecuciones\20261009T225135Z-1216\dist\ZTATTUZ Admin\_internal\tzdata\zoneinfo\Africa\Bissau
   Compressing: D:\a\Atlantic-Software\Atlantic-Software\GymSoft_ZTATTUZ_3.6.1_x86\salida\validacion\paquete-tecnico\ejecuciones\20261009T225135Z-1216\dist\ZTATTUZ Admin\_internal\tzdata\zoneinfo\Africa\Blantyre
   Compressing: D:\a\Atlantic-Software\Atlantic-Software\GymSoft_ZTATTUZ_3.6.1_x86\salida\validacion\paquete-tecnico\ejecuciones\20261009T225135Z-1216\dist\ZTATTUZ Admin\_internal\tzdata\zoneinfo\Africa\Brazzaville
   Compressing: D:\a\Atlantic-Software\Atlantic-Software\GymSoft_ZTATTUZ_3.6.1_x86\salida\validacion\paquete-tecnico\ejecuciones\20261009T225135Z-1216\dist\ZTATTUZ Admin\_internal\tzdata\zoneinfo\Africa\Bujumbura
   Compressing: D:\a\Atlantic-Software\Atlantic-Software\GymSoft_ZTATTUZ_3.6.1_x86\salida\validacion\paquete-tecnico\ejecuciones\20261009T225135Z-1216\dist\ZTATTUZ Admin\_internal\tzdata\zoneinfo\Africa\Cairo
   Compressing: D:\a\Atlantic-Software\Atlantic-Software\GymSoft_ZTATTUZ_3.6.1_x86\salida\validacion\paquete-tecnico\ejecuciones\20261009T225135Z-1216\dist\ZTATTUZ Admin\_internal\tzdata\zoneinfo\Africa\Casablanca
   Compressing: D:\a\Atlantic-Software\Atlantic-Software\GymSoft_ZTATTUZ_3.6.1_x86\salida\validacion\paquete-tecnico\ejecuciones\20261009T225135Z-1216\dist\ZTATTUZ Admin\_internal\tzdata\zoneinfo\Africa\Ceuta
   Compressing: D:\a\Atlantic-Software\Atlantic-Software\GymSoft_ZTATTUZ_3.6.1_x86\salida\validacion\paquete-tecnico\ejecuciones\20261009T225135Z-1216\dist\ZTATTUZ Admin\_internal\tzdata\zoneinfo\Africa\Conakry
   Compressing: D:\a\Atlantic-Software\Atlantic-Software\GymSoft_ZTATTUZ_3.6.1_x86\salida\validacion\paquete-tecnico\ejecuciones\20261009T225135Z-1216\dist\ZTATTUZ Admin\_internal\tzdata\zoneinfo\Africa\Dakar
   Compressing: D:\a\Atlantic-Software\Atlantic-Software\GymSoft_ZTATTUZ_3.6.1_x86\salida\validacion\paquete-tecnico\ejecuciones\20261009T225135Z-1216\dist\ZTATTUZ Admin\_internal\tzdata\zoneinfo\Africa\Dar_es_Salaam
   Compressing: D:\a\Atlantic-Software\Atlantic-Software\GymSoft_ZTATTUZ_3.6.1_x86\salida\validacion\paquete-tecnico\ejecuciones\20261009T225135Z-1216\dist\ZTATTUZ Admin\_internal\tzdata\zoneinfo\Africa\Djibouti
   Compressing: D:\a\Atlantic-Software\Atlantic-Software\GymSoft_ZTATTUZ_3.6.1_x86\salida\validacion\paquete-tecnico\ejecuciones\20261009T225135Z-1216\dist\ZTATTUZ Admin\_internal\tzdata\zoneinfo\Africa\Douala
   Compressing: D:\a\Atlantic-Software\Atlantic-Software\GymSoft_ZTATTUZ_3.6.1_x86\salida\validacion\paquete-tecnico\ejecuciones\20261009T225135Z-1216\dist\ZTATTUZ Admin\_internal\tzdata\zoneinfo\Africa\El_Aaiun
   Compressing: D:\a\Atlantic-Software\Atlantic-Software\GymSoft_ZTATTUZ_3.6.1_x86\salida\validacion\paquete-tecnico\ejecuciones\20261009T225135Z-1216\dist\ZTATTUZ Admin\_internal\tzdata\zoneinfo\Africa\Freetown
   Compressing: D:\a\Atlantic-Software\Atlantic-Software\GymSoft_ZTATTUZ_3.6.1_x86\salida\validacion\paquete-tecnico\ejecuciones\20261009T225135Z-1216\dist\ZTATTUZ Admin\_internal\tzdata\zoneinfo\Africa\Gaborone
   Compressing: D:\a\Atlantic-Software\Atlantic-Software\GymSoft_ZTATTUZ_3.6.1_x86\salida\validacion\paquete-tecnico\ejecuciones\20261009T225135Z-1216\dist\ZTATTUZ Admin\_internal\tzdata\zoneinfo\Africa\Harare
   Compressing: D:\a\Atlantic-Software\Atlantic-Software\GymSoft_ZTATTUZ_3.6.1_x86\salida\validacion\paquete-tecnico\ejecuciones\20261009T225135Z-1216\dist\ZTATTUZ Admin\_internal\tzdata\zoneinfo\Africa\Johannesburg
   Compressing: D:\a\Atlantic-Software\Atlantic-Software\GymSoft_ZTATTUZ_3.6.1_x86\salida\validacion\paquete-tecnico\ejecuciones\20261009T225135Z-1216\dist\ZTATTUZ Admin\_internal\tzdata\zoneinfo\Africa\Juba
   Compressing: D:\a\Atlantic-Software\Atlantic-Software\GymSoft_ZTATTUZ_3.6.1_x86\salida\validacion\paquete-tecnico\ejecuciones\20261009T225135Z-1216\dist\ZTATTUZ Admin\_internal\tzdata\zoneinfo\Africa\Kampala
   Compressing: D:\a\Atlantic-Software\Atlantic-Software\GymSoft_ZTATTUZ_3.6.1_x86\salida\validacion\paquete-tecnico\ejecuciones\20261009T225135Z-1216\dist\ZTATTUZ Admin\_internal\tzdata\zoneinfo\Africa\Khartoum
   Compressing: D:\a\Atlantic-Software\Atlantic-Software\GymSoft_ZTATTUZ_3.6.1_x86\salida\validacion\paquete-tecnico\ejecuciones\20261009T225135Z-1216\dist\ZTATTUZ Admin\_internal\tzdata\zoneinfo\Africa\Kigali
   Compressing: D:\a\Atlantic-Software\Atlantic-Software\GymSoft_ZTATTUZ_3.6.1_x86\salida\validacion\paquete-tecnico\ejecuciones\20261009T225135Z-1216\dist\ZTATTUZ Admin\_internal\tzdata\zoneinfo\Africa\Kinshasa
   Compressing: D:\a\Atlantic-Software\Atlantic-Software\GymSoft_ZTATTUZ_3.6.1_x86\salida\validacion\paquete-tecnico\ejecuciones\20261009T225135Z-1216\dist\ZTATTUZ Admin\_internal\tzdata\zoneinfo\Africa\Lagos
   Compressing: D:\a\Atlantic-Software\Atlantic-Software\GymSoft_ZTATTUZ_3.6.1_x86\salida\validacion\paquete-tecnico\ejecuciones\20261009T225135Z-1216\dist\ZTATTUZ Admin\_internal\tzdata\zoneinfo\Africa\Libreville
   Compressing: D:\a\Atlantic-Software\Atlantic-Software\GymSoft_ZTATTUZ_3.6.1_x86\salida\validacion\paquete-tecnico\ejecuciones\20261009T225135Z-1216\dist\ZTATTUZ Admin\_internal\tzdata\zoneinfo\Africa\Lome
   Compressing: D:\a\Atlantic-Software\Atlantic-Software\GymSoft_ZTATTUZ_3.6.1_x86\salida\validacion\paquete-tecnico\ejecuciones\20261009T225135Z-1216\dist\ZTATTUZ Admin\_internal\tzdata\zoneinfo\Africa\Luanda
   Compressing: D:\a\Atlantic-Software\Atlantic-Software\GymSoft_ZTATTUZ_3.6.1_x86\salida\validacion\paquete-tecnico\ejecuciones\20261009T225135Z-1216\dist\ZTATTUZ Admin\_internal\tzdata\zoneinfo\Africa\Lubumbashi
   Compressing: D:\a\Atlantic-Software\Atlantic-Software\GymSoft_ZTATTUZ_3.6.1_x86\salida\validacion\paquete-tecnico\ejecuciones\20261009T225135Z-1216\dist\ZTATTUZ Admin\_internal\tzdata\zoneinfo\Africa\Lusaka
   Compressing: D:\a\Atlantic-Software\Atlantic-Software\GymSoft_ZTATTUZ_3.6.1_x86\salida\validacion\paquete-tecnico\ejecuciones\20261009T225135Z-1216\dist\ZTATTUZ Admin\_internal\tzdata\zoneinfo\Africa\Malabo
   Compressing: D:\a\Atlantic-Software\Atlantic-Software\GymSoft_ZTATTUZ_3.6.1_x86\salida\validacion\paquete-tecnico\ejecuciones\20261009T225135Z-1216\dist\ZTATTUZ Admin\_internal\tzdata\zoneinfo\Africa\Maputo
   Compressing: D:\a\Atlantic-Software\Atlantic-Software\GymSoft_ZTATTUZ_3.6.1_x86\salida\validacion\paquete-tecnico\ejecuciones\20261009T225135Z-1216\dist\ZTATTUZ Admin\_internal\tzdata\zoneinfo\Africa\Maseru
   Compressing: D:\a\Atlantic-Software\Atlantic-Software\GymSoft_ZTATTUZ_3.6.1_x86\salida\validacion\paquete-tecnico\ejecuciones\20261009T225135Z-1216\dist\ZTATTUZ Admin\_internal\tzdata\zoneinfo\Africa\Mbabane
   Compressing: D:\a\Atlantic-Software\Atlantic-Software\GymSoft_ZTATTUZ_3.6.1_x86\salida\validacion\paquete-tecnico\ejecuciones\20261009T225135Z-1216\dist\ZTATTUZ Admin\_internal\tzdata\zoneinfo\Africa\Mogadishu
   Compressing: D:\a\Atlantic-Software\Atlantic-Software\GymSoft_ZTATTUZ_3.6.1_x86\salida\validacion\paquete-tecnico\ejecuciones\20261009T225135Z-1216\dist\ZTATTUZ Admin\_internal\tzdata\zoneinfo\Africa\Monrovia
   Compressing: D:\a\Atlantic-Software\Atlantic-Software\GymSoft_ZTATTUZ_3.6.1_x86\salida\validacion\paquete-tecnico\ejecuciones\20261009T225135Z-1216\dist\ZTATTUZ Admin\_internal\tzdata\zoneinfo\Africa\Nairobi
   Compressing: D:\a\Atlantic-Software\Atlantic-Software\GymSoft_ZTATTUZ_3.6.1_x86\salida\validacion\paquete-tecnico\ejecuciones\20261009T225135Z-1216\dist\ZTATTUZ Admin\_internal\tzdata\zoneinfo\Africa\Ndjamena
   Compressing: D:\a\Atlantic-Software\Atlantic-Software\GymSoft_ZTATTUZ_3.6.1_x86\salida\validacion\paquete-tecnico\ejecuciones\20261009T225135Z-1216\dist\ZTATTUZ Admin\_internal\tzdata\zoneinfo\Africa\Niamey
   Compressing: D:\a\Atlantic-Software\Atlantic-Software\GymSoft_ZTATTUZ_3.6.1_x86\salida\validacion\paquete-tecnico\ejecuciones\20261009T225135Z-1216\dist\ZTATTUZ Admin\_internal\tzdata\zoneinfo\Africa\Nouakchott
   Compressing: D:\a\Atlantic-Software\Atlantic-Software\GymSoft_ZTATTUZ_3.6.1_x86\salida\validacion\paquete-tecnico\ejecuciones\20261009T225135Z-1216\dist\ZTATTUZ Admin\_internal\tzdata\zoneinfo\Africa\Ouagadougou
   Compressing: D:\a\Atlantic-Software\Atlantic-Software\GymSoft_ZTATTUZ_3.6.1_x86\salida\validacion\paquete-tecnico\ejecuciones\20261009T225135Z-1216\dist\ZTATTUZ Admin\_internal\tzdata\zoneinfo\Africa\Porto-Novo
   Compressing: D:\a\Atlantic-Software\Atlantic-Software\GymSoft_ZTATTUZ_3.6.1_x86\salida\validacion\paquete-tecnico\ejecuciones\20261009T225135Z-1216\dist\ZTATTUZ Admin\_internal\tzdata\zoneinfo\Africa\Sao_Tome
   Compressing: D:\a\Atlantic-Software\Atlantic-Software\GymSoft_ZTATTUZ_3.6.1_x86\salida\validacion\paquete-tecnico\ejecuciones\20261009T225135Z-1216\dist\ZTATTUZ Admin\_internal\tzdata\zoneinfo\Africa\Timbuktu
   Compressing: D:\a\Atlantic-Software\Atlantic-Software\GymSoft_ZTATTUZ_3.6.1_x86\salida\validacion\paquete-tecnico\ejecuciones\20261009T225135Z-1216\dist\ZTATTUZ Admin\_internal\tzdata\zoneinfo\Africa\Tripoli
   Compressing: D:\a\Atlantic-Software\Atlantic-Software\GymSoft_ZTATTUZ_3.6.1_x86\salida\validacion\paquete-tecnico\ejecuciones\20261009T225135Z-1216\dist\ZTATTUZ Admin\_internal\tzdata\zoneinfo\Africa\Tunis
   Compressing: D:\a\Atlantic-Software\Atlantic-Software\GymSoft_ZTATTUZ_3.6.1_x86\salida\validacion\paquete-tecnico\ejecuciones\20261009T225135Z-1216\dist\ZTATTUZ Admin\_internal\tzdata\zoneinfo\Africa\Windhoek
   Compressing: D:\a\Atlantic-Software\Atlantic-Software\GymSoft_ZTATTUZ_3.6.1_x86\salida\validacion\paquete-tecnico\ejecuciones\20261009T225135Z-1216\dist\ZTATTUZ Admin\_internal\tzdata\zoneinfo\Africa\__init__.py
   Compressing: D:\a\Atlantic-Software\Atlantic-Software\GymSoft_ZTATTUZ_3.6.1_x86\salida\validacion\paquete-tecnico\ejecuciones\20261009T225135Z-1216\dist\ZTATTUZ Admin\_internal\tzdata\zoneinfo\America\Adak
   Compressing: D:\a\Atlantic-Software\Atlantic-Software\GymSoft_ZTATTUZ_3.6.1_x86\salida\validacion\paquete-tecnico\ejecuciones\20261009T225135Z-1216\dist\ZTATTUZ Admin\_internal\tzdata\zoneinfo\America\Anchorage
   Compressing: D:\a\Atlantic-Software\Atlantic-Software\GymSoft_ZTATTUZ_3.6.1_x86\salida\validacion\paquete-tecnico\ejecuciones\20261009T225135Z-1216\dist\ZTATTUZ Admin\_internal\tzdata\zoneinfo\America\Anguilla
   Compressing: D:\a\Atlantic-Software\Atlantic-Software\GymSoft_ZTATTUZ_3.6.1_x86\salida\validacion\paquete-tecnico\ejecuciones\20261009T225135Z-1216\dist\ZTATTUZ Admin\_internal\tzdata\zoneinfo\America\Antigua
   Compressing: D:\a\Atlantic-Software\Atlantic-Software\GymSoft_ZTATTUZ_3.6.1_x86\salida\validacion\paquete-tecnico\ejecuciones\20261009T225135Z-1216\dist\ZTATTUZ Admin\_internal\tzdata\zoneinfo\America\Araguaina
   Compressing: D:\a\Atlantic-Software\Atlantic-Software\GymSoft_ZTATTUZ_3.6.1_x86\salida\validacion\paquete-tecnico\ejecuciones\20261009T225135Z-1216\dist\ZTATTUZ Admin\_internal\tzdata\zoneinfo\America\Aruba
   Compressing: D:\a\Atlantic-Software\Atlantic-Software\GymSoft_ZTATTUZ_3.6.1_x86\salida\validacion\paquete-tecnico\ejecuciones\20261009T225135Z-1216\dist\ZTATTUZ Admin\_internal\tzdata\zoneinfo\America\Asuncion
   Compressing: D:\a\Atlantic-Software\Atlantic-Software\GymSoft_ZTATTUZ_3.6.1_x86\salida\validacion\paquete-tecnico\ejecuciones\20261009T225135Z-1216\dist\ZTATTUZ Admin\_internal\tzdata\zoneinfo\America\Atikokan
   Compressing: D:\a\Atlantic-Software\Atlantic-Software\GymSoft_ZTATTUZ_3.6.1_x86\salida\validacion\paquete-tecnico\ejecuciones\20261009T225135Z-1216\dist\ZTATTUZ Admin\_internal\tzdata\zoneinfo\America\Atka
   Compressing: D:\a\Atlantic-Software\Atlantic-Software\GymSoft_ZTATTUZ_3.6.1_x86\salida\validacion\paquete-tecnico\ejecuciones\20261009T225135Z-1216\dist\ZTATTUZ Admin\_internal\tzdata\zoneinfo\America\Bahia
   Compressing: D:\a\Atlantic-Software\Atlantic-Software\GymSoft_ZTATTUZ_3.6.1_x86\salida\validacion\paquete-tecnico\ejecuciones\20261009T225135Z-1216\dist\ZTATTUZ Admin\_internal\tzdata\zoneinfo\America\Bahia_Banderas
   Compressing: D:\a\Atlantic-Software\Atlantic-Software\GymSoft_ZTATTUZ_3.6.1_x86\salida\validacion\paquete-tecnico\ejecuciones\20261009T225135Z-1216\dist\ZTATTUZ Admin\_internal\tzdata\zoneinfo\America\Barbados
   Compressing: D:\a\Atlantic-Software\Atlantic-Software\GymSoft_ZTATTUZ_3.6.1_x86\salida\validacion\paquete-tecnico\ejecuciones\20261009T225135Z-1216\dist\ZTATTUZ Admin\_internal\tzdata\zoneinfo\America\Belem
   Compressing: D:\a\Atlantic-Software\Atlantic-Software\GymSoft_ZTATTUZ_3.6.1_x86\salida\validacion\paquete-tecnico\ejecuciones\20261009T225135Z-1216\dist\ZTATTUZ Admin\_internal\tzdata\zoneinfo\America\Belize
   Compressing: D:\a\Atlantic-Software\Atlantic-Software\GymSoft_ZTATTUZ_3.6.1_x86\salida\validacion\paquete-tecnico\ejecuciones\20261009T225135Z-1216\dist\ZTATTUZ Admin\_internal\tzdata\zoneinfo\America\Blanc-Sablon
   Compressing: D:\a\Atlantic-Software\Atlantic-Software\GymSoft_ZTATTUZ_3.6.1_x86\salida\validacion\paquete-tecnico\ejecuciones\20261009T225135Z-1216\dist\ZTATTUZ Admin\_internal\tzdata\zoneinfo\America\Boa_Vista
   Compressing: D:\a\Atlantic-Software\Atlantic-Software\GymSoft_ZTATTUZ_3.6.1_x86\salida\validacion\paquete-tecnico\ejecuciones\20261009T225135Z-1216\dist\ZTATTUZ Admin\_internal\tzdata\zoneinfo\America\Bogota
   Compressing: D:\a\Atlantic-Software\Atlantic-Software\GymSoft_ZTATTUZ_3.6.1_x86\salida\validacion\paquete-tecnico\ejecuciones\20261009T225135Z-1216\dist\ZTATTUZ Admin\_internal\tzdata\zoneinfo\America\Boise
   Compressing: D:\a\Atlantic-Software\Atlantic-Software\GymSoft_ZTATTUZ_3.6.1_x86\salida\validacion\paquete-tecnico\ejecuciones\20261009T225135Z-1216\dist\ZTATTUZ Admin\_internal\tzdata\zoneinfo\America\Buenos_Aires
   Compressing: D:\a\Atlantic-Software\Atlantic-Software\GymSoft_ZTATTUZ_3.6.1_x86\salida\validacion\paquete-tecnico\ejecuciones\20261009T225135Z-1216\dist\ZTATTUZ Admin\_internal\tzdata\zoneinfo\America\Cambridge_Bay
   Compressing: D:\a\Atlantic-Software\Atlantic-Software\GymSoft_ZTATTUZ_3.6.1_x86\salida\validacion\paquete-tecnico\ejecuciones\20261009T225135Z-1216\dist\ZTATTUZ Admin\_internal\tzdata\zoneinfo\America\Campo_Grande
   Compressing: D:\a\Atlantic-Software\Atlantic-Software\GymSoft_ZTATTUZ_3.6.1_x86\salida\validacion\paquete-tecnico\ejecuciones\20261009T225135Z-1216\dist\ZTATTUZ Admin\_internal\tzdata\zoneinfo\America\Cancun
   Compressing: D:\a\Atlantic-Software\Atlantic-Software\GymSoft_ZTATTUZ_3.6.1_x86\salida\validacion\paquete-tecnico\ejecuciones\20261009T225135Z-1216\dist\ZTATTUZ Admin\_internal\tzdata\zoneinfo\America\Caracas
   Compressing: D:\a\Atlantic-Software\Atlantic-Software\GymSoft_ZTATTUZ_3.6.1_x86\salida\validacion\paquete-tecnico\ejecuciones\20261009T225135Z-1216\dist\ZTATTUZ Admin\_internal\tzdata\zoneinfo\America\Catamarca
   Compressing: D:\a\Atlantic-Software\Atlantic-Software\GymSoft_ZTATTUZ_3.6.1_x86\salida\validacion\paquete-tecnico\ejecuciones\20261009T225135Z-1216\dist\ZTATTUZ Admin\_internal\tzdata\zoneinfo\America\Cayenne
   Compressing: D:\a\Atlantic-Software\Atlantic-Software\GymSoft_ZTATTUZ_3.6.1_x86\salida\validacion\paquete-tecnico\ejecuciones\20261009T225135Z-1216\dist\ZTATTUZ Admin\_internal\tzdata\zoneinfo\America\Cayman
   Compressing: D:\a\Atlantic-Software\Atlantic-Software\GymSoft_ZTATTUZ_3.6.1_x86\salida\validacion\paquete-tecnico\ejecuciones\20261009T225135Z-1216\dist\ZTATTUZ Admin\_internal\tzdata\zoneinfo\America\Chicago
   Compressing: D:\a\Atlantic-Software\Atlantic-Software\GymSoft_ZTATTUZ_3.6.1_x86\salida\validacion\paquete-tecnico\ejecuciones\20261009T225135Z-1216\dist\ZTATTUZ Admin\_internal\tzdata\zoneinfo\America\Chihuahua
   Compressing: D:\a\Atlantic-Software\Atlantic-Software\GymSoft_ZTATTUZ_3.6.1_x86\salida\validacion\paquete-tecnico\ejecuciones\20261009T225135Z-1216\dist\ZTATTUZ Admin\_internal\tzdata\zoneinfo\America\Ciudad_Juarez
   Compressing: D:\a\Atlantic-Software\Atlantic-Software\GymSoft_ZTATTUZ_3.6.1_x86\salida\validacion\paquete-tecnico\ejecuciones\20261009T225135Z-1216\dist\ZTATTUZ Admin\_internal\tzdata\zoneinfo\America\Coral_Harbour
   Compressing: D:\a\Atlantic-Software\Atlantic-Software\GymSoft_ZTATTUZ_3.6.1_x86\salida\validacion\paquete-tecnico\ejecuciones\20261009T225135Z-1216\dist\ZTATTUZ Admin\_internal\tzdata\zoneinfo\America\Cordoba
   Compressing: D:\a\Atlantic-Software\Atlantic-Software\GymSoft_ZTATTUZ_3.6.1_x86\salida\validacion\paquete-tecnico\ejecuciones\20261009T225135Z-1216\dist\ZTATTUZ Admin\_internal\tzdata\zoneinfo\America\Costa_Rica
   Compressing: D:\a\Atlantic-Software\Atlantic-Software\GymSoft_ZTATTUZ_3.6.1_x86\salida\validacion\paquete-tecnico\ejecuciones\20261009T225135Z-1216\dist\ZTATTUZ Admin\_internal\tzdata\zoneinfo\America\Coyhaique
   Compressing: D:\a\Atlantic-Software\Atlantic-Software\GymSoft_ZTATTUZ_3.6.1_x86\salida\validacion\paquete-tecnico\ejecuciones\20261009T225135Z-1216\dist\ZTATTUZ Admin\_internal\tzdata\zoneinfo\America\Creston
   Compressing: D:\a\Atlantic-Software\Atlantic-Software\GymSoft_ZTATTUZ_3.6.1_x86\salida\validacion\paquete-tecnico\ejecuciones\20261009T225135Z-1216\dist\ZTATTUZ Admin\_internal\tzdata\zoneinfo\America\Cuiaba
   Compressing: D:\a\Atlantic-Software\Atlantic-Software\GymSoft_ZTATTUZ_3.6.1_x86\salida\validacion\paquete-tecnico\ejecuciones\20261009T225135Z-1216\dist\ZTATTUZ Admin\_internal\tzdata\zoneinfo\America\Curacao
   Compressing: D:\a\Atlantic-Software\Atlantic-Software\GymSoft_ZTATTUZ_3.6.1_x86\salida\validacion\paquete-tecnico\ejecuciones\20261009T225135Z-1216\dist\ZTATTUZ Admin\_internal\tzdata\zoneinfo\America\Danmarkshavn
   Compressing: D:\a\Atlantic-Software\Atlantic-Software\GymSoft_ZTATTUZ_3.6.1_x86\salida\validacion\paquete-tecnico\ejecuciones\20261009T225135Z-1216\dist\ZTATTUZ Admin\_internal\tzdata\zoneinfo\America\Dawson
   Compressing: D:\a\Atlantic-Software\Atlantic-Software\GymSoft_ZTATTUZ_3.6.1_x86\salida\validacion\paquete-tecnico\ejecuciones\20261009T225135Z-1216\dist\ZTATTUZ Admin\_internal\tzdata\zoneinfo\America\Dawson_Creek
   Compressing: D:\a\Atlantic-Software\Atlantic-Software\GymSoft_ZTATTUZ_3.6.1_x86\salida\validacion\paquete-tecnico\ejecuciones\20261009T225135Z-1216\dist\ZTATTUZ Admin\_internal\tzdata\zoneinfo\America\Denver
   Compressing: D:\a\Atlantic-Software\Atlantic-Software\GymSoft_ZTATTUZ_3.6.1_x86\salida\validacion\paquete-tecnico\ejecuciones\20261009T225135Z-1216\dist\ZTATTUZ Admin\_internal\tzdata\zoneinfo\America\Detroit
   Compressing: D:\a\Atlantic-Software\Atlantic-Software\GymSoft_ZTATTUZ_3.6.1_x86\salida\validacion\paquete-tecnico\ejecuciones\20261009T225135Z-1216\dist\ZTATTUZ Admin\_internal\tzdata\zoneinfo\America\Dominica
   Compressing: D:\a\Atlantic-Software\Atlantic-Software\GymSoft_ZTATTUZ_3.6.1_x86\salida\validacion\paquete-tecnico\ejecuciones\20261009T225135Z-1216\dist\ZTATTUZ Admin\_internal\tzdata\zoneinfo\America\Edmonton
   Compressing: D:\a\Atlantic-Software\Atlantic-Software\GymSoft_ZTATTUZ_3.6.1_x86\salida\validacion\paquete-tecnico\ejecuciones\20261009T225135Z-1216\dist\ZTATTUZ Admin\_internal\tzdata\zoneinfo\America\Eirunepe
   Compressing: D:\a\Atlantic-Software\Atlantic-Software\GymSoft_ZTATTUZ_3.6.1_x86\salida\validacion\paquete-tecnico\ejecuciones\20261009T225135Z-1216\dist\ZTATTUZ Admin\_internal\tzdata\zoneinfo\America\El_Salvador
   Compressing: D:\a\Atlantic-Software\Atlantic-Software\GymSoft_ZTATTUZ_3.6.1_x86\salida\validacion\paquete-tecnico\ejecuciones\20261009T225135Z-1216\dist\ZTATTUZ Admin\_internal\tzdata\zoneinfo\America\Ensenada
   Compressing: D:\a\Atlantic-Software\Atlantic-Software\GymSoft_ZTATTUZ_3.6.1_x86\salida\validacion\paquete-tecnico\ejecuciones\20261009T225135Z-1216\dist\ZTATTUZ Admin\_internal\tzdata\zoneinfo\America\Fortaleza
   Compressing: D:\a\Atlantic-Software\Atlantic-Software\GymSoft_ZTATTUZ_3.6.1_x86\salida\validacion\paquete-tecnico\ejecuciones\20261009T225135Z-1216\dist\ZTATTUZ Admin\_internal\tzdata\zoneinfo\America\Fort_Nelson
   Compressing: D:\a\Atlantic-Software\Atlantic-Software\GymSoft_ZTATTUZ_3.6.1_x86\salida\validacion\paquete-tecnico\ejecuciones\20261009T225135Z-1216\dist\ZTATTUZ Admin\_internal\tzdata\zoneinfo\America\Fort_Wayne
   Compressing: D:\a\Atlantic-Software\Atlantic-Software\GymSoft_ZTATTUZ_3.6.1_x86\salida\validacion\paquete-tecnico\ejecuciones\20261009T225135Z-1216\dist\ZTATTUZ Admin\_internal\tzdata\zoneinfo\America\Glace_Bay
   Compressing: D:\a\Atlantic-Software\Atlantic-Software\GymSoft_ZTATTUZ_3.6.1_x86\salida\validacion\paquete-tecnico\ejecuciones\20261009T225135Z-1216\dist\ZTATTUZ Admin\_internal\tzdata\zoneinfo\America\Godthab
   Compressing: D:\a\Atlantic-Software\Atlantic-Software\GymSoft_ZTATTUZ_3.6.1_x86\salida\validacion\paquete-tecnico\ejecuciones\20261009T225135Z-1216\dist\ZTATTUZ Admin\_internal\tzdata\zoneinfo\America\Goose_Bay
   Compressing: D:\a\Atlantic-Software\Atlantic-Software\GymSoft_ZTATTUZ_3.6.1_x86\salida\validacion\paquete-tecnico\ejecuciones\20261009T225135Z-1216\dist\ZTATTUZ Admin\_internal\tzdata\zoneinfo\America\Grand_Turk
   Compressing: D:\a\Atlantic-Software\Atlantic-Software\GymSoft_ZTATTUZ_3.6.1_x86\salida\validacion\paquete-tecnico\ejecuciones\20261009T225135Z-1216\dist\ZTATTUZ Admin\_internal\tzdata\zoneinfo\America\Grenada
   Compressing: D:\a\Atlantic-Software\Atlantic-Software\GymSoft_ZTATTUZ_3.6.1_x86\salida\validacion\paquete-tecnico\ejecuciones\20261009T225135Z-1216\dist\ZTATTUZ Admin\_internal\tzdata\zoneinfo\America\Guadeloupe
   Compressing: D:\a\Atlantic-Software\Atlantic-Software\GymSoft_ZTATTUZ_3.6.1_x86\salida\validacion\paquete-tecnico\ejecuciones\20261009T225135Z-1216\dist\ZTATTUZ Admin\_internal\tzdata\zoneinfo\America\Guatemala
   Compressing: D:\a\Atlantic-Software\Atlantic-Software\GymSoft_ZTATTUZ_3.6.1_x86\salida\validacion\paquete-tecnico\ejecuciones\20261009T225135Z-1216\dist\ZTATTUZ Admin\_internal\tzdata\zoneinfo\America\Guayaquil
   Compressing: D:\a\Atlantic-Software\Atlantic-Software\GymSoft_ZTATTUZ_3.6.1_x86\salida\validacion\paquete-tecnico\ejecuciones\20261009T225135Z-1216\dist\ZTATTUZ Admin\_internal\tzdata\zoneinfo\America\Guyana
   Compressing: D:\a\Atlantic-Software\Atlantic-Software\GymSoft_ZTATTUZ_3.6.1_x86\salida\validacion\paquete-tecnico\ejecuciones\20261009T225135Z-1216\dist\ZTATTUZ Admin\_internal\tzdata\zoneinfo\America\Halifax
   Compressing: D:\a\Atlantic-Software\Atlantic-Software\GymSoft_ZTATTUZ_3.6.1_x86\salida\validacion\paquete-tecnico\ejecuciones\20261009T225135Z-1216\dist\ZTATTUZ Admin\_internal\tzdata\zoneinfo\America\Havana
   Compressing: D:\a\Atlantic-Software\Atlantic-Software\GymSoft_ZTATTUZ_3.6.1_x86\salida\validacion\paquete-tecnico\ejecuciones\20261009T225135Z-1216\dist\ZTATTUZ Admin\_internal\tzdata\zoneinfo\America\Hermosillo
   Compressing: D:\a\Atlantic-Software\Atlantic-Software\GymSoft_ZTATTUZ_3.6.1_x86\salida\validacion\paquete-tecnico\ejecuciones\20261009T225135Z-1216\dist\ZTATTUZ Admin\_internal\tzdata\zoneinfo\America\Indianapolis
   Compressing: D:\a\Atlantic-Software\Atlantic-Software\GymSoft_ZTATTUZ_3.6.1_x86\salida\validacion\paquete-tecnico\ejecuciones\20261009T225135Z-1216\dist\ZTATTUZ Admin\_internal\tzdata\zoneinfo\America\Inuvik
   Compressing: D:\a\Atlantic-Software\Atlantic-Software\GymSoft_ZTATTUZ_3.6.1_x86\salida\validacion\paquete-tecnico\ejecuciones\20261009T225135Z-1216\dist\ZTATTUZ Admin\_internal\tzdata\zoneinfo\America\Iqaluit
   Compressing: D:\a\Atlantic-Software\Atlantic-Software\GymSoft_ZTATTUZ_3.6.1_x86\salida\validacion\paquete-tecnico\ejecuciones\20261009T225135Z-1216\dist\ZTATTUZ Admin\_internal\tzdata\zoneinfo\America\Jamaica
   Compressing: D:\a\Atlantic-Software\Atlantic-Software\GymSoft_ZTATTUZ_3.6.1_x86\salida\validacion\paquete-tecnico\ejecuciones\20261009T225135Z-1216\dist\ZTATTUZ Admin\_internal\tzdata\zoneinfo\America\Jujuy
   Compressing: D:\a\Atlantic-Software\Atlantic-Software\GymSoft_ZTATTUZ_3.6.1_x86\salida\validacion\paquete-tecnico\ejecuciones\20261009T225135Z-1216\dist\ZTATTUZ Admin\_internal\tzdata\zoneinfo\America\Juneau
   Compressing: D:\a\Atlantic-Software\Atlantic-Software\GymSoft_ZTATTUZ_3.6.1_x86\salida\validacion\paquete-tecnico\ejecuciones\20261009T225135Z-1216\dist\ZTATTUZ Admin\_internal\tzdata\zoneinfo\America\Knox_IN
   Compressing: D:\a\Atlantic-Software\Atlantic-Software\GymSoft_ZTATTUZ_3.6.1_x86\salida\validacion\paquete-tecnico\ejecuciones\20261009T225135Z-1216\dist\ZTATTUZ Admin\_internal\tzdata\zoneinfo\America\Kralendijk
   Compressing: D:\a\Atlantic-Software\Atlantic-Software\GymSoft_ZTATTUZ_3.6.1_x86\salida\validacion\paquete-tecnico\ejecuciones\20261009T225135Z-1216\dist\ZTATTUZ Admin\_internal\tzdata\zoneinfo\America\La_Paz
   Compressing: D:\a\Atlantic-Software\Atlantic-Software\GymSoft_ZTATTUZ_3.6.1_x86\salida\validacion\paquete-tecnico\ejecuciones\20261009T225135Z-1216\dist\ZTATTUZ Admin\_internal\tzdata\zoneinfo\America\Lima
   Compressing: D:\a\Atlantic-Software\Atlantic-Software\GymSoft_ZTATTUZ_3.6.1_x86\salida\validacion\paquete-tecnico\ejecuciones\20261009T225135Z-1216\dist\ZTATTUZ Admin\_internal\tzdata\zoneinfo\America\Los_Angeles
   Compressing: D:\a\Atlantic-Software\Atlantic-Software\GymSoft_ZTATTUZ_3.6.1_x86\salida\validacion\paquete-tecnico\ejecuciones\20261009T225135Z-1216\dist\ZTATTUZ Admin\_internal\tzdata\zoneinfo\America\Louisville
   Compressing: D:\a\Atlantic-Software\Atlantic-Software\GymSoft_ZTATTUZ_3.6.1_x86\salida\validacion\paquete-tecnico\ejecuciones\20261009T225135Z-1216\dist\ZTATTUZ Admin\_internal\tzdata\zoneinfo\America\Lower_Princes
   Compressing: D:\a\Atlantic-Software\Atlantic-Software\GymSoft_ZTATTUZ_3.6.1_x86\salida\validacion\paquete-tecnico\ejecuciones\20261009T225135Z-1216\dist\ZTATTUZ Admin\_internal\tzdata\zoneinfo\America\Maceio
   Compressing: D:\a\Atlantic-Software\Atlantic-Software\GymSoft_ZTATTUZ_3.6.1_x86\salida\validacion\paquete-tecnico\ejecuciones\20261009T225135Z-1216\dist\ZTATTUZ Admin\_internal\tzdata\zoneinfo\America\Managua
   Compressing: D:\a\Atlantic-Software\Atlantic-Software\GymSoft_ZTATTUZ_3.6.1_x86\salida\validacion\paquete-tecnico\ejecuciones\20261009T225135Z-1216\dist\ZTATTUZ Admin\_internal\tzdata\zoneinfo\America\Manaus
   Compressing: D:\a\Atlantic-Software\Atlantic-Software\GymSoft_ZTATTUZ_3.6.1_x86\salida\validacion\paquete-tecnico\ejecuciones\20261009T225135Z-1216\dist\ZTATTUZ Admin\_internal\tzdata\zoneinfo\America\Marigot
   Compressing: D:\a\Atlantic-Software\Atlantic-Software\GymSoft_ZTATTUZ_3.6.1_x86\salida\validacion\paquete-tecnico\ejecuciones\20261009T225135Z-1216\dist\ZTATTUZ Admin\_internal\tzdata\zoneinfo\America\Martinique
   Compressing: D:\a\Atlantic-Software\Atlantic-Software\GymSoft_ZTATTUZ_3.6.1_x86\salida\validacion\paquete-tecnico\ejecuciones\20261009T225135Z-1216\dist\ZTATTUZ Admin\_internal\tzdata\zoneinfo\America\Matamoros
   Compressing: D:\a\Atlantic-Software\Atlantic-Software\GymSoft_ZTATTUZ_3.6.1_x86\salida\validacion\paquete-tecnico\ejecuciones\20261009T225135Z-1216\dist\ZTATTUZ Admin\_internal\tzdata\zoneinfo\America\Mazatlan
   Compressing: D:\a\Atlantic-Software\Atlantic-Software\GymSoft_ZTATTUZ_3.6.1_x86\salida\validacion\paquete-tecnico\ejecuciones\20261009T225135Z-1216\dist\ZTATTUZ Admin\_internal\tzdata\zoneinfo\America\Mendoza
   Compressing: D:\a\Atlantic-Software\Atlantic-Software\GymSoft_ZTATTUZ_3.6.1_x86\salida\validacion\paquete-tecnico\ejecuciones\20261009T225135Z-1216\dist\ZTATTUZ Admin\_internal\tzdata\zoneinfo\America\Menominee
   Compressing: D:\a\Atlantic-Software\Atlantic-Software\GymSoft_ZTATTUZ_3.6.1_x86\salida\validacion\paquete-tecnico\ejecuciones\20261009T225135Z-1216\dist\ZTATTUZ Admin\_internal\tzdata\zoneinfo\America\Merida
   Compressing: D:\a\Atlantic-Software\Atlantic-Software\GymSoft_ZTATTUZ_3.6.1_x86\salida\validacion\paquete-tecnico\ejecuciones\20261009T225135Z-1216\dist\ZTATTUZ Admin\_internal\tzdata\zoneinfo\America\Metlakatla
   Compressing: D:\a\Atlantic-Software\Atlantic-Software\GymSoft_ZTATTUZ_3.6.1_x86\salida\validacion\paquete-tecnico\ejecuciones\20261009T225135Z-1216\dist\ZTATTUZ Admin\_internal\tzdata\zoneinfo\America\Mexico_City
   Compressing: D:\a\Atlantic-Software\Atlantic-Software\GymSoft_ZTATTUZ_3.6.1_x86\salida\validacion\paquete-tecnico\ejecuciones\20261009T225135Z-1216\dist\ZTATTUZ Admin\_internal\tzdata\zoneinfo\America\Miquelon
   Compressing: D:\a\Atlantic-Software\Atlantic-Software\GymSoft_ZTATTUZ_3.6.1_x86\salida\validacion\paquete-tecnico\ejecuciones\20261009T225135Z-1216\dist\ZTATTUZ Admin\_internal\tzdata\zoneinfo\America\Moncton
   Compressing: D:\a\Atlantic-Software\Atlantic-Software\GymSoft_ZTATTUZ_3.6.1_x86\salida\validacion\paquete-tecnico\ejecuciones\20261009T225135Z-1216\dist\ZTATTUZ Admin\_internal\tzdata\zoneinfo\America\Monterrey
   Compressing: D:\a\Atlantic-Software\Atlantic-Software\GymSoft_ZTATTUZ_3.6.1_x86\salida\validacion\paquete-tecnico\ejecuciones\20261009T225135Z-1216\dist\ZTATTUZ Admin\_internal\tzdata\zoneinfo\America\Montevideo
   Compressing: D:\a\Atlantic-Software\Atlantic-Software\GymSoft_ZTATTUZ_3.6.1_x86\salida\validacion\paquete-tecnico\ejecuciones\20261009T225135Z-1216\dist\ZTATTUZ Admin\_internal\tzdata\zoneinfo\America\Montreal
   Compressing: D:\a\Atlantic-Software\Atlantic-Software\GymSoft_ZTATTUZ_3.6.1_x86\salida\validacion\paquete-tecnico\ejecuciones\20261009T225135Z-1216\dist\ZTATTUZ Admin\_internal\tzdata\zoneinfo\America\Montserrat
   Compressing: D:\a\Atlantic-Software\Atlantic-Software\GymSoft_ZTATTUZ_3.6.1_x86\salida\validacion\paquete-tecnico\ejecuciones\20261009T225135Z-1216\dist\ZTATTUZ Admin\_internal\tzdata\zoneinfo\America\Nassau
   Compressing: D:\a\Atlantic-Software\Atlantic-Software\GymSoft_ZTATTUZ_3.6.1_x86\salida\validacion\paquete-tecnico\ejecuciones\20261009T225135Z-1216\dist\ZTATTUZ Admin\_internal\tzdata\zoneinfo\America\New_York
   Compressing: D:\a\Atlantic-Software\Atlantic-Software\GymSoft_ZTATTUZ_3.6.1_x86\salida\validacion\paquete-tecnico\ejecuciones\20261009T225135Z-1216\dist\ZTATTUZ Admin\_internal\tzdata\zoneinfo\America\Nipigon
   Compressing: D:\a\Atlantic-Software\Atlantic-Software\GymSoft_ZTATTUZ_3.6.1_x86\salida\validacion\paquete-tecnico\ejecuciones\20261009T225135Z-1216\dist\ZTATTUZ Admin\_internal\tzdata\zoneinfo\America\Nome
   Compressing: D:\a\Atlantic-Software\Atlantic-Software\GymSoft_ZTATTUZ_3.6.1_x86\salida\validacion\paquete-tecnico\ejecuciones\20261009T225135Z-1216\dist\ZTATTUZ Admin\_internal\tzdata\zoneinfo\America\Noronha
   Compressing: D:\a\Atlantic-Software\Atlantic-Software\GymSoft_ZTATTUZ_3.6.1_x86\salida\validacion\paquete-tecnico\ejecuciones\20261009T225135Z-1216\dist\ZTATTUZ Admin\_internal\tzdata\zoneinfo\America\Nuuk
   Compressing: D:\a\Atlantic-Software\Atlantic-Software\GymSoft_ZTATTUZ_3.6.1_x86\salida\validacion\paquete-tecnico\ejecuciones\20261009T225135Z-1216\dist\ZTATTUZ Admin\_internal\tzdata\zoneinfo\America\Ojinaga
   Compressing: D:\a\Atlantic-Software\Atlantic-Software\GymSoft_ZTATTUZ_3.6.1_x86\salida\validacion\paquete-tecnico\ejecuciones\20261009T225135Z-1216\dist\ZTATTUZ Admin\_internal\tzdata\zoneinfo\America\Panama
   Compressing: D:\a\Atlantic-Software\Atlantic-Software\GymSoft_ZTATTUZ_3.6.1_x86\salida\validacion\paquete-tecnico\ejecuciones\20261009T225135Z-1216\dist\ZTATTUZ Admin\_internal\tzdata\zoneinfo\America\Pangnirtung
   Compressing: D:\a\Atlantic-Software\Atlantic-Software\GymSoft_ZTATTUZ_3.6.1_x86\salida\validacion\paquete-tecnico\ejecuciones\20261009T225135Z-1216\dist\ZTATTUZ Admin\_internal\tzdata\zoneinfo\America\Paramaribo
   Compressing: D:\a\Atlantic-Software\Atlantic-Software\GymSoft_ZTATTUZ_3.6.1_x86\salida\validacion\paquete-tecnico\ejecuciones\20261009T225135Z-1216\dist\ZTATTUZ Admin\_internal\tzdata\zoneinfo\America\Phoenix
   Compressing: D:\a\Atlantic-Software\Atlantic-Software\GymSoft_ZTATTUZ_3.6.1_x86\salida\validacion\paquete-tecnico\ejecuciones\20261009T225135Z-1216\dist\ZTATTUZ Admin\_internal\tzdata\zoneinfo\America\Port-au-Prince
   Compressing: D:\a\Atlantic-Software\Atlantic-Software\GymSoft_ZTATTUZ_3.6.1_x86\salida\validacion\paquete-tecnico\ejecuciones\20261009T225135Z-1216\dist\ZTATTUZ Admin\_internal\tzdata\zoneinfo\America\Porto_Acre
   Compressing: D:\a\Atlantic-Software\Atlantic-Software\GymSoft_ZTATTUZ_3.6.1_x86\salida\validacion\paquete-tecnico\ejecuciones\20261009T225135Z-1216\dist\ZTATTUZ Admin\_internal\tzdata\zoneinfo\America\Porto_Velho
   Compressing: D:\a\Atlantic-Software\Atlantic-Software\GymSoft_ZTATTUZ_3.6.1_x86\salida\validacion\paquete-tecnico\ejecuciones\20261009T225135Z-1216\dist\ZTATTUZ Admin\_internal\tzdata\zoneinfo\America\Port_of_Spain
   Compressing: D:\a\Atlantic-Software\Atlantic-Software\GymSoft_ZTATTUZ_3.6.1_x86\salida\validacion\paquete-tecnico\ejecuciones\20261009T225135Z-1216\dist\ZTATTUZ Admin\_internal\tzdata\zoneinfo\America\Puerto_Rico
   Compressing: D:\a\Atlantic-Software\Atlantic-Software\GymSoft_ZTATTUZ_3.6.1_x86\salida\validacion\paquete-tecnico\ejecuciones\20261009T225135Z-1216\dist\ZTATTUZ Admin\_internal\tzdata\zoneinfo\America\Punta_Arenas
   Compressing: D:\a\Atlantic-Software\Atlantic-Software\GymSoft_ZTATTUZ_3.6.1_x86\salida\validacion\paquete-tecnico\ejecuciones\20261009T225135Z-1216\dist\ZTATTUZ Admin\_internal\tzdata\zoneinfo\America\Rainy_River
   Compressing: D:\a\Atlantic-Software\Atlantic-Software\GymSoft_ZTATTUZ_3.6.1_x86\salida\validacion\paquete-tecnico\ejecuciones\20261009T225135Z-1216\dist\ZTATTUZ Admin\_internal\tzdata\zoneinfo\America\Rankin_Inlet
   Compressing: D:\a\Atlantic-Software\Atlantic-Software\GymSoft_ZTATTUZ_3.6.1_x86\salida\validacion\paquete-tecnico\ejecuciones\20261009T225135Z-1216\dist\ZTATTUZ Admin\_internal\tzdata\zoneinfo\America\Recife
   Compressing: D:\a\Atlantic-Software\Atlantic-Software\GymSoft_ZTATTUZ_3.6.1_x86\salida\validacion\paquete-tecnico\ejecuciones\20261009T225135Z-1216\dist\ZTATTUZ Admin\_internal\tzdata\zoneinfo\America\Regina
   Compressing: D:\a\Atlantic-Software\Atlantic-Software\GymSoft_ZTATTUZ_3.6.1_x86\salida\validacion\paquete-tecnico\ejecuciones\20261009T225135Z-1216\dist\ZTATTUZ Admin\_internal\tzdata\zoneinfo\America\Resolute
   Compressing: D:\a\Atlantic-Software\Atlantic-Software\GymSoft_ZTATTUZ_3.6.1_x86\salida\validacion\paquete-tecnico\ejecuciones\20261009T225135Z-1216\dist\ZTATTUZ Admin\_internal\tzdata\zoneinfo\America\Rio_Branco
   Compressing: D:\a\Atlantic-Software\Atlantic-Software\GymSoft_ZTATTUZ_3.6.1_x86\salida\validacion\paquete-tecnico\ejecuciones\20261009T225135Z-1216\dist\ZTATTUZ Admin\_internal\tzdata\zoneinfo\America\Rosario
   Compressing: D:\a\Atlantic-Software\Atlantic-Software\GymSoft_ZTATTUZ_3.6.1_x86\salida\validacion\paquete-tecnico\ejecuciones\20261009T225135Z-1216\dist\ZTATTUZ Admin\_internal\tzdata\zoneinfo\America\Santarem
   Compressing: D:\a\Atlantic-Software\Atlantic-Software\GymSoft_ZTATTUZ_3.6.1_x86\salida\validacion\paquete-tecnico\ejecuciones\20261009T225135Z-1216\dist\ZTATTUZ Admin\_internal\tzdata\zoneinfo\America\Santa_Isabel
   Compressing: D:\a\Atlantic-Software\Atlantic-Software\GymSoft_ZTATTUZ_3.6.1_x86\salida\validacion\paquete-tecnico\ejecuciones\20261009T225135Z-1216\dist\ZTATTUZ Admin\_internal\tzdata\zoneinfo\America\Santiago
   Compressing: D:\a\Atlantic-Software\Atlantic-Software\GymSoft_ZTATTUZ_3.6.1_x86\salida\validacion\paquete-tecnico\ejecuciones\20261009T225135Z-1216\dist\ZTATTUZ Admin\_internal\tzdata\zoneinfo\America\Santo_Domingo
   Compressing: D:\a\Atlantic-Software\Atlantic-Software\GymSoft_ZTATTUZ_3.6.1_x86\salida\validacion\paquete-tecnico\ejecuciones\20261009T225135Z-1216\dist\ZTATTUZ Admin\_internal\tzdata\zoneinfo\America\Sao_Paulo
   Compressing: D:\a\Atlantic-Software\Atlantic-Software\GymSoft_ZTATTUZ_3.6.1_x86\salida\validacion\paquete-tecnico\ejecuciones\20261009T225135Z-1216\dist\ZTATTUZ Admin\_internal\tzdata\zoneinfo\America\Scoresbysund
   Compressing: D:\a\Atlantic-Software\Atlantic-Software\GymSoft_ZTATTUZ_3.6.1_x86\salida\validacion\paquete-tecnico\ejecuciones\20261009T225135Z-1216\dist\ZTATTUZ Admin\_internal\tzdata\zoneinfo\America\Shiprock
   Compressing: D:\a\Atlantic-Software\Atlantic-Software\GymSoft_ZTATTUZ_3.6.1_x86\salida\validacion\paquete-tecnico\ejecuciones\20261009T225135Z-1216\dist\ZTATTUZ Admin\_internal\tzdata\zoneinfo\America\Sitka
   Compressing: D:\a\Atlantic-Software\Atlantic-Software\GymSoft_ZTATTUZ_3.6.1_x86\salida\validacion\paquete-tecnico\ejecuciones\20261009T225135Z-1216\dist\ZTATTUZ Admin\_internal\tzdata\zoneinfo\America\St_Barthelemy
   Compressing: D:\a\Atlantic-Software\Atlantic-Software\GymSoft_ZTATTUZ_3.6.1_x86\salida\validacion\paquete-tecnico\ejecuciones\20261009T225135Z-1216\dist\ZTATTUZ Admin\_internal\tzdata\zoneinfo\America\St_Johns
   Compressing: D:\a\Atlantic-Software\Atlantic-Software\GymSoft_ZTATTUZ_3.6.1_x86\salida\validacion\paquete-tecnico\ejecuciones\20261009T225135Z-1216\dist\ZTATTUZ Admin\_internal\tzdata\zoneinfo\America\St_Kitts
   Compressing: D:\a\Atlantic-Software\Atlantic-Software\GymSoft_ZTATTUZ_3.6.1_x86\salida\validacion\paquete-tecnico\ejecuciones\20261009T225135Z-1216\dist\ZTATTUZ Admin\_internal\tzdata\zoneinfo\America\St_Lucia
   Compressing: D:\a\Atlantic-Software\Atlantic-Software\GymSoft_ZTATTUZ_3.6.1_x86\salida\validacion\paquete-tecnico\ejecuciones\20261009T225135Z-1216\dist\ZTATTUZ Admin\_internal\tzdata\zoneinfo\America\St_Thomas
   Compressing: D:\a\Atlantic-Software\Atlantic-Software\GymSoft_ZTATTUZ_3.6.1_x86\salida\validacion\paquete-tecnico\ejecuciones\20261009T225135Z-1216\dist\ZTATTUZ Admin\_internal\tzdata\zoneinfo\America\St_Vincent
   Compressing: D:\a\Atlantic-Software\Atlantic-Software\GymSoft_ZTATTUZ_3.6.1_x86\salida\validacion\paquete-tecnico\ejecuciones\20261009T225135Z-1216\dist\ZTATTUZ Admin\_internal\tzdata\zoneinfo\America\Swift_Current
   Compressing: D:\a\Atlantic-Software\Atlantic-Software\GymSoft_ZTATTUZ_3.6.1_x86\salida\validacion\paquete-tecnico\ejecuciones\20261009T225135Z-1216\dist\ZTATTUZ Admin\_internal\tzdata\zoneinfo\America\Tegucigalpa
   Compressing: D:\a\Atlantic-Software\Atlantic-Software\GymSoft_ZTATTUZ_3.6.1_x86\salida\validacion\paquete-tecnico\ejecuciones\20261009T225135Z-1216\dist\ZTATTUZ Admin\_internal\tzdata\zoneinfo\America\Thule
   Compressing: D:\a\Atlantic-Software\Atlantic-Software\GymSoft_ZTATTUZ_3.6.1_x86\salida\validacion\paquete-tecnico\ejecuciones\20261009T225135Z-1216\dist\ZTATTUZ Admin\_internal\tzdata\zoneinfo\America\Thunder_Bay
   Compressing: D:\a\Atlantic-Software\Atlantic-Software\GymSoft_ZTATTUZ_3.6.1_x86\salida\validacion\paquete-tecnico\ejecuciones\20261009T225135Z-1216\dist\ZTATTUZ Admin\_internal\tzdata\zoneinfo\America\Tijuana
   Compressing: D:\a\Atlantic-Software\Atlantic-Software\GymSoft_ZTATTUZ_3.6.1_x86\salida\validacion\paquete-tecnico\ejecuciones\20261009T225135Z-1216\dist\ZTATTUZ Admin\_internal\tzdata\zoneinfo\America\Toronto
   Compressing: D:\a\Atlantic-Software\Atlantic-Software\GymSoft_ZTATTUZ_3.6.1_x86\salida\validacion\paquete-tecnico\ejecuciones\20261009T225135Z-1216\dist\ZTATTUZ Admin\_internal\tzdata\zoneinfo\America\Tortola
   Compressing: D:\a\Atlantic-Software\Atlantic-Software\GymSoft_ZTATTUZ_3.6.1_x86\salida\validacion\paquete-tecnico\ejecuciones\20261009T225135Z-1216\dist\ZTATTUZ Admin\_internal\tzdata\zoneinfo\America\Vancouver
   Compressing: D:\a\Atlantic-Software\Atlantic-Software\GymSoft_ZTATTUZ_3.6.1_x86\salida\validacion\paquete-tecnico\ejecuciones\20261009T225135Z-1216\dist\ZTATTUZ Admin\_internal\tzdata\zoneinfo\America\Virgin
   Compressing: D:\a\Atlantic-Software\Atlantic-Software\GymSoft_ZTATTUZ_3.6.1_x86\salida\validacion\paquete-tecnico\ejecuciones\20261009T225135Z-1216\dist\ZTATTUZ Admin\_internal\tzdata\zoneinfo\America\Whitehorse
   Compressing: D:\a\Atlantic-Software\Atlantic-Software\GymSoft_ZTATTUZ_3.6.1_x86\salida\validacion\paquete-tecnico\ejecuciones\20261009T225135Z-1216\dist\ZTATTUZ Admin\_internal\tzdata\zoneinfo\America\Winnipeg
   Compressing: D:\a\Atlantic-Software\Atlantic-Software\GymSoft_ZTATTUZ_3.6.1_x86\salida\validacion\paquete-tecnico\ejecuciones\20261009T225135Z-1216\dist\ZTATTUZ Admin\_internal\tzdata\zoneinfo\America\Yakutat
   Compressing: D:\a\Atlantic-Software\Atlantic-Software\GymSoft_ZTATTUZ_3.6.1_x86\salida\validacion\paquete-tecnico\ejecuciones\20261009T225135Z-1216\dist\ZTATTUZ Admin\_internal\tzdata\zoneinfo\America\Yellowknife
   Compressing: D:\a\Atlantic-Software\Atlantic-Software\GymSoft_ZTATTUZ_3.6.1_x86\salida\validacion\paquete-tecnico\ejecuciones\20261009T225135Z-1216\dist\ZTATTUZ Admin\_internal\tzdata\zoneinfo\America\__init__.py
   Compressing: D:\a\Atlantic-Software\Atlantic-Software\GymSoft_ZTATTUZ_3.6.1_x86\salida\validacion\paquete-tecnico\ejecuciones\20261009T225135Z-1216\dist\ZTATTUZ Admin\_internal\tzdata\zoneinfo\America\Argentina\Buenos_Aires
   Compressing: D:\a\Atlantic-Software\Atlantic-Software\GymSoft_ZTATTUZ_3.6.1_x86\salida\validacion\paquete-tecnico\ejecuciones\20261009T225135Z-1216\dist\ZTATTUZ Admin\_internal\tzdata\zoneinfo\America\Argentina\Catamarca
   Compressing: D:\a\Atlantic-Software\Atlantic-Software\GymSoft_ZTATTUZ_3.6.1_x86\salida\validacion\paquete-tecnico\ejecuciones\20261009T225135Z-1216\dist\ZTATTUZ Admin\_internal\tzdata\zoneinfo\America\Argentina\ComodRivadavia
   Compressing: D:\a\Atlantic-Software\Atlantic-Software\GymSoft_ZTATTUZ_3.6.1_x86\salida\validacion\paquete-tecnico\ejecuciones\20261009T225135Z-1216\dist\ZTATTUZ Admin\_internal\tzdata\zoneinfo\America\Argentina\Cordoba
   Compressing: D:\a\Atlantic-Software\Atlantic-Software\GymSoft_ZTATTUZ_3.6.1_x86\salida\validacion\paquete-tecnico\ejecuciones\20261009T225135Z-1216\dist\ZTATTUZ Admin\_internal\tzdata\zoneinfo\America\Argentina\Jujuy
   Compressing: D:\a\Atlantic-Software\Atlantic-Software\GymSoft_ZTATTUZ_3.6.1_x86\salida\validacion\paquete-tecnico\ejecuciones\20261009T225135Z-1216\dist\ZTATTUZ Admin\_internal\tzdata\zoneinfo\America\Argentina\La_Rioja
   Compressing: D:\a\Atlantic-Software\Atlantic-Software\GymSoft_ZTATTUZ_3.6.1_x86\salida\validacion\paquete-tecnico\ejecuciones\20261009T225135Z-1216\dist\ZTATTUZ Admin\_internal\tzdata\zoneinfo\America\Argentina\Mendoza
   Compressing: D:\a\Atlantic-Software\Atlantic-Software\GymSoft_ZTATTUZ_3.6.1_x86\salida\validacion\paquete-tecnico\ejecuciones\20261009T225135Z-1216\dist\ZTATTUZ Admin\_internal\tzdata\zoneinfo\America\Argentina\Rio_Gallegos
   Compressing: D:\a\Atlantic-Software\Atlantic-Software\GymSoft_ZTATTUZ_3.6.1_x86\salida\validacion\paquete-tecnico\ejecuciones\20261009T225135Z-1216\dist\ZTATTUZ Admin\_internal\tzdata\zoneinfo\America\Argentina\Salta
   Compressing: D:\a\Atlantic-Software\Atlantic-Software\GymSoft_ZTATTUZ_3.6.1_x86\salida\validacion\paquete-tecnico\ejecuciones\20261009T225135Z-1216\dist\ZTATTUZ Admin\_internal\tzdata\zoneinfo\America\Argentina\San_Juan
   Compressing: D:\a\Atlantic-Software\Atlantic-Software\GymSoft_ZTATTUZ_3.6.1_x86\salida\validacion\paquete-tecnico\ejecuciones\20261009T225135Z-1216\dist\ZTATTUZ Admin\_internal\tzdata\zoneinfo\America\Argentina\San_Luis
   Compressing: D:\a\Atlantic-Software\Atlantic-Software\GymSoft_ZTATTUZ_3.6.1_x86\salida\validacion\paquete-tecnico\ejecuciones\20261009T225135Z-1216\dist\ZTATTUZ Admin\_internal\tzdata\zoneinfo\America\Argentina\Tucuman
   Compressing: D:\a\Atlantic-Software\Atlantic-Software\GymSoft_ZTATTUZ_3.6.1_x86\salida\validacion\paquete-tecnico\ejecuciones\20261009T225135Z-1216\dist\ZTATTUZ Admin\_internal\tzdata\zoneinfo\America\Argentina\Ushuaia
   Compressing: D:\a\Atlantic-Software\Atlantic-Software\GymSoft_ZTATTUZ_3.6.1_x86\salida\validacion\paquete-tecnico\ejecuciones\20261009T225135Z-1216\dist\ZTATTUZ Admin\_internal\tzdata\zoneinfo\America\Argentina\__init__.py
   Compressing: D:\a\Atlantic-Software\Atlantic-Software\GymSoft_ZTATTUZ_3.6.1_x86\salida\validacion\paquete-tecnico\ejecuciones\20261009T225135Z-1216\dist\ZTATTUZ Admin\_internal\tzdata\zoneinfo\America\Indiana\Indianapolis
   Compressing: D:\a\Atlantic-Software\Atlantic-Software\GymSoft_ZTATTUZ_3.6.1_x86\salida\validacion\paquete-tecnico\ejecuciones\20261009T225135Z-1216\dist\ZTATTUZ Admin\_internal\tzdata\zoneinfo\America\Indiana\Knox
   Compressing: D:\a\Atlantic-Software\Atlantic-Software\GymSoft_ZTATTUZ_3.6.1_x86\salida\validacion\paquete-tecnico\ejecuciones\20261009T225135Z-1216\dist\ZTATTUZ Admin\_internal\tzdata\zoneinfo\America\Indiana\Marengo
   Compressing: D:\a\Atlantic-Software\Atlantic-Software\GymSoft_ZTATTUZ_3.6.1_x86\salida\validacion\paquete-tecnico\ejecuciones\20261009T225135Z-1216\dist\ZTATTUZ Admin\_internal\tzdata\zoneinfo\America\Indiana\Petersburg
   Compressing: D:\a\Atlantic-Software\Atlantic-Software\GymSoft_ZTATTUZ_3.6.1_x86\salida\validacion\paquete-tecnico\ejecuciones\20261009T225135Z-1216\dist\ZTATTUZ Admin\_internal\tzdata\zoneinfo\America\Indiana\Tell_City
   Compressing: D:\a\Atlantic-Software\Atlantic-Software\GymSoft_ZTATTUZ_3.6.1_x86\salida\validacion\paquete-tecnico\ejecuciones\20261009T225135Z-1216\dist\ZTATTUZ Admin\_internal\tzdata\zoneinfo\America\Indiana\Vevay
   Compressing: D:\a\Atlantic-Software\Atlantic-Software\GymSoft_ZTATTUZ_3.6.1_x86\salida\validacion\paquete-tecnico\ejecuciones\20261009T225135Z-1216\dist\ZTATTUZ Admin\_internal\tzdata\zoneinfo\America\Indiana\Vincennes
   Compressing: D:\a\Atlantic-Software\Atlantic-Software\GymSoft_ZTATTUZ_3.6.1_x86\salida\validacion\paquete-tecnico\ejecuciones\20261009T225135Z-1216\dist\ZTATTUZ Admin\_internal\tzdata\zoneinfo\America\Indiana\Winamac
   Compressing: D:\a\Atlantic-Software\Atlantic-Software\GymSoft_ZTATTUZ_3.6.1_x86\salida\validacion\paquete-tecnico\ejecuciones\20261009T225135Z-1216\dist\ZTATTUZ Admin\_internal\tzdata\zoneinfo\America\Indiana\__init__.py
   Compressing: D:\a\Atlantic-Software\Atlantic-Software\GymSoft_ZTATTUZ_3.6.1_x86\salida\validacion\paquete-tecnico\ejecuciones\20261009T225135Z-1216\dist\ZTATTUZ Admin\_internal\tzdata\zoneinfo\America\Kentucky\Louisville
   Compressing: D:\a\Atlantic-Software\Atlantic-Software\GymSoft_ZTATTUZ_3.6.1_x86\salida\validacion\paquete-tecnico\ejecuciones\20261009T225135Z-1216\dist\ZTATTUZ Admin\_internal\tzdata\zoneinfo\America\Kentucky\Monticello
   Compressing: D:\a\Atlantic-Software\Atlantic-Software\GymSoft_ZTATTUZ_3.6.1_x86\salida\validacion\paquete-tecnico\ejecuciones\20261009T225135Z-1216\dist\ZTATTUZ Admin\_internal\tzdata\zoneinfo\America\Kentucky\__init__.py
   Compressing: D:\a\Atlantic-Software\Atlantic-Software\GymSoft_ZTATTUZ_3.6.1_x86\salida\validacion\paquete-tecnico\ejecuciones\20261009T225135Z-1216\dist\ZTATTUZ Admin\_internal\tzdata\zoneinfo\America\North_Dakota\Beulah
   Compressing: D:\a\Atlantic-Software\Atlantic-Software\GymSoft_ZTATTUZ_3.6.1_x86\salida\validacion\paquete-tecnico\ejecuciones\20261009T225135Z-1216\dist\ZTATTUZ Admin\_internal\tzdata\zoneinfo\America\North_Dakota\Center
   Compressing: D:\a\Atlantic-Software\Atlantic-Software\GymSoft_ZTATTUZ_3.6.1_x86\salida\validacion\paquete-tecnico\ejecuciones\20261009T225135Z-1216\dist\ZTATTUZ Admin\_internal\tzdata\zoneinfo\America\North_Dakota\New_Salem
   Compressing: D:\a\Atlantic-Software\Atlantic-Software\GymSoft_ZTATTUZ_3.6.1_x86\salida\validacion\paquete-tecnico\ejecuciones\20261009T225135Z-1216\dist\ZTATTUZ Admin\_internal\tzdata\zoneinfo\America\North_Dakota\__init__.py
   Compressing: D:\a\Atlantic-Software\Atlantic-Software\GymSoft_ZTATTUZ_3.6.1_x86\salida\validacion\paquete-tecnico\ejecuciones\20261009T225135Z-1216\dist\ZTATTUZ Admin\_internal\tzdata\zoneinfo\Antarctica\Casey
   Compressing: D:\a\Atlantic-Software\Atlantic-Software\GymSoft_ZTATTUZ_3.6.1_x86\salida\validacion\paquete-tecnico\ejecuciones\20261009T225135Z-1216\dist\ZTATTUZ Admin\_internal\tzdata\zoneinfo\Antarctica\Davis
   Compressing: D:\a\Atlantic-Software\Atlantic-Software\GymSoft_ZTATTUZ_3.6.1_x86\salida\validacion\paquete-tecnico\ejecuciones\20261009T225135Z-1216\dist\ZTATTUZ Admin\_internal\tzdata\zoneinfo\Antarctica\DumontDUrville
   Compressing: D:\a\Atlantic-Software\Atlantic-Software\GymSoft_ZTATTUZ_3.6.1_x86\salida\validacion\paquete-tecnico\ejecuciones\20261009T225135Z-1216\dist\ZTATTUZ Admin\_internal\tzdata\zoneinfo\Antarctica\Macquarie
   Compressing: D:\a\Atlantic-Software\Atlantic-Software\GymSoft_ZTATTUZ_3.6.1_x86\salida\validacion\paquete-tecnico\ejecuciones\20261009T225135Z-1216\dist\ZTATTUZ Admin\_internal\tzdata\zoneinfo\Antarctica\Mawson
   Compressing: D:\a\Atlantic-Software\Atlantic-Software\GymSoft_ZTATTUZ_3.6.1_x86\salida\validacion\paquete-tecnico\ejecuciones\20261009T225135Z-1216\dist\ZTATTUZ Admin\_internal\tzdata\zoneinfo\Antarctica\McMurdo
   Compressing: D:\a\Atlantic-Software\Atlantic-Software\GymSoft_ZTATTUZ_3.6.1_x86\salida\validacion\paquete-tecnico\ejecuciones\20261009T225135Z-1216\dist\ZTATTUZ Admin\_internal\tzdata\zoneinfo\Antarctica\Palmer
   Compressing: D:\a\Atlantic-Software\Atlantic-Software\GymSoft_ZTATTUZ_3.6.1_x86\salida\validacion\paquete-tecnico\ejecuciones\20261009T225135Z-1216\dist\ZTATTUZ Admin\_internal\tzdata\zoneinfo\Antarctica\Rothera
   Compressing: D:\a\Atlantic-Software\Atlantic-Software\GymSoft_ZTATTUZ_3.6.1_x86\salida\validacion\paquete-tecnico\ejecuciones\20261009T225135Z-1216\dist\ZTATTUZ Admin\_internal\tzdata\zoneinfo\Antarctica\South_Pole
   Compressing: D:\a\Atlantic-Software\Atlantic-Software\GymSoft_ZTATTUZ_3.6.1_x86\salida\validacion\paquete-tecnico\ejecuciones\20261009T225135Z-1216\dist\ZTATTUZ Admin\_internal\tzdata\zoneinfo\Antarctica\Syowa
   Compressing: D:\a\Atlantic-Software\Atlantic-Software\GymSoft_ZTATTUZ_3.6.1_x86\salida\validacion\paquete-tecnico\ejecuciones\20261009T225135Z-1216\dist\ZTATTUZ Admin\_internal\tzdata\zoneinfo\Antarctica\Troll
   Compressing: D:\a\Atlantic-Software\Atlantic-Software\GymSoft_ZTATTUZ_3.6.1_x86\salida\validacion\paquete-tecnico\ejecuciones\20261009T225135Z-1216\dist\ZTATTUZ Admin\_internal\tzdata\zoneinfo\Antarctica\Vostok
   Compressing: D:\a\Atlantic-Software\Atlantic-Software\GymSoft_ZTATTUZ_3.6.1_x86\salida\validacion\paquete-tecnico\ejecuciones\20261009T225135Z-1216\dist\ZTATTUZ Admin\_internal\tzdata\zoneinfo\Antarctica\__init__.py
   Compressing: D:\a\Atlantic-Software\Atlantic-Software\GymSoft_ZTATTUZ_3.6.1_x86\salida\validacion\paquete-tecnico\ejecuciones\20261009T225135Z-1216\dist\ZTATTUZ Admin\_internal\tzdata\zoneinfo\Arctic\Longyearbyen
   Compressing: D:\a\Atlantic-Software\Atlantic-Software\GymSoft_ZTATTUZ_3.6.1_x86\salida\validacion\paquete-tecnico\ejecuciones\20261009T225135Z-1216\dist\ZTATTUZ Admin\_internal\tzdata\zoneinfo\Arctic\__init__.py
   Compressing: D:\a\Atlantic-Software\Atlantic-Software\GymSoft_ZTATTUZ_3.6.1_x86\salida\validacion\paquete-tecnico\ejecuciones\20261009T225135Z-1216\dist\ZTATTUZ Admin\_internal\tzdata\zoneinfo\Asia\Aden
   Compressing: D:\a\Atlantic-Software\Atlantic-Software\GymSoft_ZTATTUZ_3.6.1_x86\salida\validacion\paquete-tecnico\ejecuciones\20261009T225135Z-1216\dist\ZTATTUZ Admin\_internal\tzdata\zoneinfo\Asia\Almaty
   Compressing: D:\a\Atlantic-Software\Atlantic-Software\GymSoft_ZTATTUZ_3.6.1_x86\salida\validacion\paquete-tecnico\ejecuciones\20261009T225135Z-1216\dist\ZTATTUZ Admin\_internal\tzdata\zoneinfo\Asia\Amman
   Compressing: D:\a\Atlantic-Software\Atlantic-Software\GymSoft_ZTATTUZ_3.6.1_x86\salida\validacion\paquete-tecnico\ejecuciones\20261009T225135Z-1216\dist\ZTATTUZ Admin\_internal\tzdata\zoneinfo\Asia\Anadyr
   Compressing: D:\a\Atlantic-Software\Atlantic-Software\GymSoft_ZTATTUZ_3.6.1_x86\salida\validacion\paquete-tecnico\ejecuciones\20261009T225135Z-1216\dist\ZTATTUZ Admin\_internal\tzdata\zoneinfo\Asia\Aqtau
   Compressing: D:\a\Atlantic-Software\Atlantic-Software\GymSoft_ZTATTUZ_3.6.1_x86\salida\validacion\paquete-tecnico\ejecuciones\20261009T225135Z-1216\dist\ZTATTUZ Admin\_internal\tzdata\zoneinfo\Asia\Aqtobe
   Compressing: D:\a\Atlantic-Software\Atlantic-Software\GymSoft_ZTATTUZ_3.6.1_x86\salida\validacion\paquete-tecnico\ejecuciones\20261009T225135Z-1216\dist\ZTATTUZ Admin\_internal\tzdata\zoneinfo\Asia\Ashgabat
   Compressing: D:\a\Atlantic-Software\Atlantic-Software\GymSoft_ZTATTUZ_3.6.1_x86\salida\validacion\paquete-tecnico\ejecuciones\20261009T225135Z-1216\dist\ZTATTUZ Admin\_internal\tzdata\zoneinfo\Asia\Ashkhabad
   Compressing: D:\a\Atlantic-Software\Atlantic-Software\GymSoft_ZTATTUZ_3.6.1_x86\salida\validacion\paquete-tecnico\ejecuciones\20261009T225135Z-1216\dist\ZTATTUZ Admin\_internal\tzdata\zoneinfo\Asia\Atyrau
   Compressing: D:\a\Atlantic-Software\Atlantic-Software\GymSoft_ZTATTUZ_3.6.1_x86\salida\validacion\paquete-tecnico\ejecuciones\20261009T225135Z-1216\dist\ZTATTUZ Admin\_internal\tzdata\zoneinfo\Asia\Baghdad
   Compressing: D:\a\Atlantic-Software\Atlantic-Software\GymSoft_ZTATTUZ_3.6.1_x86\salida\validacion\paquete-tecnico\ejecuciones\20261009T225135Z-1216\dist\ZTATTUZ Admin\_internal\tzdata\zoneinfo\Asia\Bahrain
   Compressing: D:\a\Atlantic-Software\Atlantic-Software\GymSoft_ZTATTUZ_3.6.1_x86\salida\validacion\paquete-tecnico\ejecuciones\20261009T225135Z-1216\dist\ZTATTUZ Admin\_internal\tzdata\zoneinfo\Asia\Baku
   Compressing: D:\a\Atlantic-Software\Atlantic-Software\GymSoft_ZTATTUZ_3.6.1_x86\salida\validacion\paquete-tecnico\ejecuciones\20261009T225135Z-1216\dist\ZTATTUZ Admin\_internal\tzdata\zoneinfo\Asia\Bangkok
   Compressing: D:\a\Atlantic-Software\Atlantic-Software\GymSoft_ZTATTUZ_3.6.1_x86\salida\validacion\paquete-tecnico\ejecuciones\20261009T225135Z-1216\dist\ZTATTUZ Admin\_internal\tzdata\zoneinfo\Asia\Barnaul
   Compressing: D:\a\Atlantic-Software\Atlantic-Software\GymSoft_ZTATTUZ_3.6.1_x86\salida\validacion\paquete-tecnico\ejecuciones\20261009T225135Z-1216\dist\ZTATTUZ Admin\_internal\tzdata\zoneinfo\Asia\Beirut
   Compressing: D:\a\Atlantic-Software\Atlantic-Software\GymSoft_ZTATTUZ_3.6.1_x86\salida\validacion\paquete-tecnico\ejecuciones\20261009T225135Z-1216\dist\ZTATTUZ Admin\_internal\tzdata\zoneinfo\Asia\Bishkek
   Compressing: D:\a\Atlantic-Software\Atlantic-Software\GymSoft_ZTATTUZ_3.6.1_x86\salida\validacion\paquete-tecnico\ejecuciones\20261009T225135Z-1216\dist\ZTATTUZ Admin\_internal\tzdata\zoneinfo\Asia\Brunei
   Compressing: D:\a\Atlantic-Software\Atlantic-Software\GymSoft_ZTATTUZ_3.6.1_x86\salida\validacion\paquete-tecnico\ejecuciones\20261009T225135Z-1216\dist\ZTATTUZ Admin\_internal\tzdata\zoneinfo\Asia\Calcutta
   Compressing: D:\a\Atlantic-Software\Atlantic-Software\GymSoft_ZTATTUZ_3.6.1_x86\salida\validacion\paquete-tecnico\ejecuciones\20261009T225135Z-1216\dist\ZTATTUZ Admin\_internal\tzdata\zoneinfo\Asia\Chita
   Compressing: D:\a\Atlantic-Software\Atlantic-Software\GymSoft_ZTATTUZ_3.6.1_x86\salida\validacion\paquete-tecnico\ejecuciones\20261009T225135Z-1216\dist\ZTATTUZ Admin\_internal\tzdata\zoneinfo\Asia\Choibalsan
   Compressing: D:\a\Atlantic-Software\Atlantic-Software\GymSoft_ZTATTUZ_3.6.1_x86\salida\validacion\paquete-tecnico\ejecuciones\20261009T225135Z-1216\dist\ZTATTUZ Admin\_internal\tzdata\zoneinfo\Asia\Chongqing
   Compressing: D:\a\Atlantic-Software\Atlantic-Software\GymSoft_ZTATTUZ_3.6.1_x86\salida\validacion\paquete-tecnico\ejecuciones\20261009T225135Z-1216\dist\ZTATTUZ Admin\_internal\tzdata\zoneinfo\Asia\Chungking
   Compressing: D:\a\Atlantic-Software\Atlantic-Software\GymSoft_ZTATTUZ_3.6.1_x86\salida\validacion\paquete-tecnico\ejecuciones\20261009T225135Z-1216\dist\ZTATTUZ Admin\_internal\tzdata\zoneinfo\Asia\Colombo
   Compressing: D:\a\Atlantic-Software\Atlantic-Software\GymSoft_ZTATTUZ_3.6.1_x86\salida\validacion\paquete-tecnico\ejecuciones\20261009T225135Z-1216\dist\ZTATTUZ Admin\_internal\tzdata\zoneinfo\Asia\Dacca
   Compressing: D:\a\Atlantic-Software\Atlantic-Software\GymSoft_ZTATTUZ_3.6.1_x86\salida\validacion\paquete-tecnico\ejecuciones\20261009T225135Z-1216\dist\ZTATTUZ Admin\_internal\tzdata\zoneinfo\Asia\Damascus
   Compressing: D:\a\Atlantic-Software\Atlantic-Software\GymSoft_ZTATTUZ_3.6.1_x86\salida\validacion\paquete-tecnico\ejecuciones\20261009T225135Z-1216\dist\ZTATTUZ Admin\_internal\tzdata\zoneinfo\Asia\Dhaka
   Compressing: D:\a\Atlantic-Software\Atlantic-Software\GymSoft_ZTATTUZ_3.6.1_x86\salida\validacion\paquete-tecnico\ejecuciones\20261009T225135Z-1216\dist\ZTATTUZ Admin\_internal\tzdata\zoneinfo\Asia\Dili
   Compressing: D:\a\Atlantic-Software\Atlantic-Software\GymSoft_ZTATTUZ_3.6.1_x86\salida\validacion\paquete-tecnico\ejecuciones\20261009T225135Z-1216\dist\ZTATTUZ Admin\_internal\tzdata\zoneinfo\Asia\Dubai
   Compressing: D:\a\Atlantic-Software\Atlantic-Software\GymSoft_ZTATTUZ_3.6.1_x86\salida\validacion\paquete-tecnico\ejecuciones\20261009T225135Z-1216\dist\ZTATTUZ Admin\_internal\tzdata\zoneinfo\Asia\Dushanbe
   Compressing: D:\a\Atlantic-Software\Atlantic-Software\GymSoft_ZTATTUZ_3.6.1_x86\salida\validacion\paquete-tecnico\ejecuciones\20261009T225135Z-1216\dist\ZTATTUZ Admin\_internal\tzdata\zoneinfo\Asia\Famagusta
   Compressing: D:\a\Atlantic-Software\Atlantic-Software\GymSoft_ZTATTUZ_3.6.1_x86\salida\validacion\paquete-tecnico\ejecuciones\20261009T225135Z-1216\dist\ZTATTUZ Admin\_internal\tzdata\zoneinfo\Asia\Gaza
   Compressing: D:\a\Atlantic-Software\Atlantic-Software\GymSoft_ZTATTUZ_3.6.1_x86\salida\validacion\paquete-tecnico\ejecuciones\20261009T225135Z-1216\dist\ZTATTUZ Admin\_internal\tzdata\zoneinfo\Asia\Harbin
   Compressing: D:\a\Atlantic-Software\Atlantic-Software\GymSoft_ZTATTUZ_3.6.1_x86\salida\validacion\paquete-tecnico\ejecuciones\20261009T225135Z-1216\dist\ZTATTUZ Admin\_internal\tzdata\zoneinfo\Asia\Hebron
   Compressing: D:\a\Atlantic-Software\Atlantic-Software\GymSoft_ZTATTUZ_3.6.1_x86\salida\validacion\paquete-tecnico\ejecuciones\20261009T225135Z-1216\dist\ZTATTUZ Admin\_internal\tzdata\zoneinfo\Asia\Hong_Kong
   Compressing: D:\a\Atlantic-Software\Atlantic-Software\GymSoft_ZTATTUZ_3.6.1_x86\salida\validacion\paquete-tecnico\ejecuciones\20261009T225135Z-1216\dist\ZTATTUZ Admin\_internal\tzdata\zoneinfo\Asia\Hovd
   Compressing: D:\a\Atlantic-Software\Atlantic-Software\GymSoft_ZTATTUZ_3.6.1_x86\salida\validacion\paquete-tecnico\ejecuciones\20261009T225135Z-1216\dist\ZTATTUZ Admin\_internal\tzdata\zoneinfo\Asia\Ho_Chi_Minh
   Compressing: D:\a\Atlantic-Software\Atlantic-Software\GymSoft_ZTATTUZ_3.6.1_x86\salida\validacion\paquete-tecnico\ejecuciones\20261009T225135Z-1216\dist\ZTATTUZ Admin\_internal\tzdata\zoneinfo\Asia\Irkutsk
   Compressing: D:\a\Atlantic-Software\Atlantic-Software\GymSoft_ZTATTUZ_3.6.1_x86\salida\validacion\paquete-tecnico\ejecuciones\20261009T225135Z-1216\dist\ZTATTUZ Admin\_internal\tzdata\zoneinfo\Asia\Istanbul
   Compressing: D:\a\Atlantic-Software\Atlantic-Software\GymSoft_ZTATTUZ_3.6.1_x86\salida\validacion\paquete-tecnico\ejecuciones\20261009T225135Z-1216\dist\ZTATTUZ Admin\_internal\tzdata\zoneinfo\Asia\Jakarta
   Compressing: D:\a\Atlantic-Software\Atlantic-Software\GymSoft_ZTATTUZ_3.6.1_x86\salida\validacion\paquete-tecnico\ejecuciones\20261009T225135Z-1216\dist\ZTATTUZ Admin\_internal\tzdata\zoneinfo\Asia\Jayapura
   Compressing: D:\a\Atlantic-Software\Atlantic-Software\GymSoft_ZTATTUZ_3.6.1_x86\salida\validacion\paquete-tecnico\ejecuciones\20261009T225135Z-1216\dist\ZTATTUZ Admin\_internal\tzdata\zoneinfo\Asia\Jerusalem
   Compressing: D:\a\Atlantic-Software\Atlantic-Software\GymSoft_ZTATTUZ_3.6.1_x86\salida\validacion\paquete-tecnico\ejecuciones\20261009T225135Z-1216\dist\ZTATTUZ Admin\_internal\tzdata\zoneinfo\Asia\Kabul
   Compressing: D:\a\Atlantic-Software\Atlantic-Software\GymSoft_ZTATTUZ_3.6.1_x86\salida\validacion\paquete-tecnico\ejecuciones\20261009T225135Z-1216\dist\ZTATTUZ Admin\_internal\tzdata\zoneinfo\Asia\Kamchatka
   Compressing: D:\a\Atlantic-Software\Atlantic-Software\GymSoft_ZTATTUZ_3.6.1_x86\salida\validacion\paquete-tecnico\ejecuciones\20261009T225135Z-1216\dist\ZTATTUZ Admin\_internal\tzdata\zoneinfo\Asia\Karachi
   Compressing: D:\a\Atlantic-Software\Atlantic-Software\GymSoft_ZTATTUZ_3.6.1_x86\salida\validacion\paquete-tecnico\ejecuciones\20261009T225135Z-1216\dist\ZTATTUZ Admin\_internal\tzdata\zoneinfo\Asia\Kashgar
   Compressing: D:\a\Atlantic-Software\Atlantic-Software\GymSoft_ZTATTUZ_3.6.1_x86\salida\validacion\paquete-tecnico\ejecuciones\20261009T225135Z-1216\dist\ZTATTUZ Admin\_internal\tzdata\zoneinfo\Asia\Kathmandu
   Compressing: D:\a\Atlantic-Software\Atlantic-Software\GymSoft_ZTATTUZ_3.6.1_x86\salida\validacion\paquete-tecnico\ejecuciones\20261009T225135Z-1216\dist\ZTATTUZ Admin\_internal\tzdata\zoneinfo\Asia\Katmandu
   Compressing: D:\a\Atlantic-Software\Atlantic-Software\GymSoft_ZTATTUZ_3.6.1_x86\salida\validacion\paquete-tecnico\ejecuciones\20261009T225135Z-1216\dist\ZTATTUZ Admin\_internal\tzdata\zoneinfo\Asia\Khandyga
   Compressing: D:\a\Atlantic-Software\Atlantic-Software\GymSoft_ZTATTUZ_3.6.1_x86\salida\validacion\paquete-tecnico\ejecuciones\20261009T225135Z-1216\dist\ZTATTUZ Admin\_internal\tzdata\zoneinfo\Asia\Kolkata
   Compressing: D:\a\Atlantic-Software\Atlantic-Software\GymSoft_ZTATTUZ_3.6.1_x86\salida\validacion\paquete-tecnico\ejecuciones\20261009T225135Z-1216\dist\ZTATTUZ Admin\_internal\tzdata\zoneinfo\Asia\Krasnoyarsk
   Compressing: D:\a\Atlantic-Software\Atlantic-Software\GymSoft_ZTATTUZ_3.6.1_x86\salida\validacion\paquete-tecnico\ejecuciones\20261009T225135Z-1216\dist\ZTATTUZ Admin\_internal\tzdata\zoneinfo\Asia\Kuala_Lumpur
   Compressing: D:\a\Atlantic-Software\Atlantic-Software\GymSoft_ZTATTUZ_3.6.1_x86\salida\validacion\paquete-tecnico\ejecuciones\20261009T225135Z-1216\dist\ZTATTUZ Admin\_internal\tzdata\zoneinfo\Asia\Kuching
   Compressing: D:\a\Atlantic-Software\Atlantic-Software\GymSoft_ZTATTUZ_3.6.1_x86\salida\validacion\paquete-tecnico\ejecuciones\20261009T225135Z-1216\dist\ZTATTUZ Admin\_internal\tzdata\zoneinfo\Asia\Kuwait
   Compressing: D:\a\Atlantic-Software\Atlantic-Software\GymSoft_ZTATTUZ_3.6.1_x86\salida\validacion\paquete-tecnico\ejecuciones\20261009T225135Z-1216\dist\ZTATTUZ Admin\_internal\tzdata\zoneinfo\Asia\Macao
   Compressing: D:\a\Atlantic-Software\Atlantic-Software\GymSoft_ZTATTUZ_3.6.1_x86\salida\validacion\paquete-tecnico\ejecuciones\20261009T225135Z-1216\dist\ZTATTUZ Admin\_internal\tzdata\zoneinfo\Asia\Macau
   Compressing: D:\a\Atlantic-Software\Atlantic-Software\GymSoft_ZTATTUZ_3.6.1_x86\salida\validacion\paquete-tecnico\ejecuciones\20261009T225135Z-1216\dist\ZTATTUZ Admin\_internal\tzdata\zoneinfo\Asia\Magadan
   Compressing: D:\a\Atlantic-Software\Atlantic-Software\GymSoft_ZTATTUZ_3.6.1_x86\salida\validacion\paquete-tecnico\ejecuciones\20261009T225135Z-1216\dist\ZTATTUZ Admin\_internal\tzdata\zoneinfo\Asia\Makassar
   Compressing: D:\a\Atlantic-Software\Atlantic-Software\GymSoft_ZTATTUZ_3.6.1_x86\salida\validacion\paquete-tecnico\ejecuciones\20261009T225135Z-1216\dist\ZTATTUZ Admin\_internal\tzdata\zoneinfo\Asia\Manila
   Compressing: D:\a\Atlantic-Software\Atlantic-Software\GymSoft_ZTATTUZ_3.6.1_x86\salida\validacion\paquete-tecnico\ejecuciones\20261009T225135Z-1216\dist\ZTATTUZ Admin\_internal\tzdata\zoneinfo\Asia\Muscat
   Compressing: D:\a\Atlantic-Software\Atlantic-Software\GymSoft_ZTATTUZ_3.6.1_x86\salida\validacion\paquete-tecnico\ejecuciones\20261009T225135Z-1216\dist\ZTATTUZ Admin\_internal\tzdata\zoneinfo\Asia\Nicosia
   Compressing: D:\a\Atlantic-Software\Atlantic-Software\GymSoft_ZTATTUZ_3.6.1_x86\salida\validacion\paquete-tecnico\ejecuciones\20261009T225135Z-1216\dist\ZTATTUZ Admin\_internal\tzdata\zoneinfo\Asia\Novokuznetsk
   Compressing: D:\a\Atlantic-Software\Atlantic-Software\GymSoft_ZTATTUZ_3.6.1_x86\salida\validacion\paquete-tecnico\ejecuciones\20261009T225135Z-1216\dist\ZTATTUZ Admin\_internal\tzdata\zoneinfo\Asia\Novosibirsk
   Compressing: D:\a\Atlantic-Software\Atlantic-Software\GymSoft_ZTATTUZ_3.6.1_x86\salida\validacion\paquete-tecnico\ejecuciones\20261009T225135Z-1216\dist\ZTATTUZ Admin\_internal\tzdata\zoneinfo\Asia\Omsk
   Compressing: D:\a\Atlantic-Software\Atlantic-Software\GymSoft_ZTATTUZ_3.6.1_x86\salida\validacion\paquete-tecnico\ejecuciones\20261009T225135Z-1216\dist\ZTATTUZ Admin\_internal\tzdata\zoneinfo\Asia\Oral
   Compressing: D:\a\Atlantic-Software\Atlantic-Software\GymSoft_ZTATTUZ_3.6.1_x86\salida\validacion\paquete-tecnico\ejecuciones\20261009T225135Z-1216\dist\ZTATTUZ Admin\_internal\tzdata\zoneinfo\Asia\Phnom_Penh
   Compressing: D:\a\Atlantic-Software\Atlantic-Software\GymSoft_ZTATTUZ_3.6.1_x86\salida\validacion\paquete-tecnico\ejecuciones\20261009T225135Z-1216\dist\ZTATTUZ Admin\_internal\tzdata\zoneinfo\Asia\Pontianak
   Compressing: D:\a\Atlantic-Software\Atlantic-Software\GymSoft_ZTATTUZ_3.6.1_x86\salida\validacion\paquete-tecnico\ejecuciones\20261009T225135Z-1216\dist\ZTATTUZ Admin\_internal\tzdata\zoneinfo\Asia\Pyongyang
   Compressing: D:\a\Atlantic-Software\Atlantic-Software\GymSoft_ZTATTUZ_3.6.1_x86\salida\validacion\paquete-tecnico\ejecuciones\20261009T225135Z-1216\dist\ZTATTUZ Admin\_internal\tzdata\zoneinfo\Asia\Qatar
   Compressing: D:\a\Atlantic-Software\Atlantic-Software\GymSoft_ZTATTUZ_3.6.1_x86\salida\validacion\paquete-tecnico\ejecuciones\20261009T225135Z-1216\dist\ZTATTUZ Admin\_internal\tzdata\zoneinfo\Asia\Qostanay
   Compressing: D:\a\Atlantic-Software\Atlantic-Software\GymSoft_ZTATTUZ_3.6.1_x86\salida\validacion\paquete-tecnico\ejecuciones\20261009T225135Z-1216\dist\ZTATTUZ Admin\_internal\tzdata\zoneinfo\Asia\Qyzylorda
   Compressing: D:\a\Atlantic-Software\Atlantic-Software\GymSoft_ZTATTUZ_3.6.1_x86\salida\validacion\paquete-tecnico\ejecuciones\20261009T225135Z-1216\dist\ZTATTUZ Admin\_internal\tzdata\zoneinfo\Asia\Rangoon
   Compressing: D:\a\Atlantic-Software\Atlantic-Software\GymSoft_ZTATTUZ_3.6.1_x86\salida\validacion\paquete-tecnico\ejecuciones\20261009T225135Z-1216\dist\ZTATTUZ Admin\_internal\tzdata\zoneinfo\Asia\Riyadh
   Compressing: D:\a\Atlantic-Software\Atlantic-Software\GymSoft_ZTATTUZ_3.6.1_x86\salida\validacion\paquete-tecnico\ejecuciones\20261009T225135Z-1216\dist\ZTATTUZ Admin\_internal\tzdata\zoneinfo\Asia\Saigon
   Compressing: D:\a\Atlantic-Software\Atlantic-Software\GymSoft_ZTATTUZ_3.6.1_x86\salida\validacion\paquete-tecnico\ejecuciones\20261009T225135Z-1216\dist\ZTATTUZ Admin\_internal\tzdata\zoneinfo\Asia\Sakhalin
   Compressing: D:\a\Atlantic-Software\Atlantic-Software\GymSoft_ZTATTUZ_3.6.1_x86\salida\validacion\paquete-tecnico\ejecuciones\20261009T225135Z-1216\dist\ZTATTUZ Admin\_internal\tzdata\zoneinfo\Asia\Samarkand
   Compressing: D:\a\Atlantic-Software\Atlantic-Software\GymSoft_ZTATTUZ_3.6.1_x86\salida\validacion\paquete-tecnico\ejecuciones\20261009T225135Z-1216\dist\ZTATTUZ Admin\_internal\tzdata\zoneinfo\Asia\Seoul
   Compressing: D:\a\Atlantic-Software\Atlantic-Software\GymSoft_ZTATTUZ_3.6.1_x86\salida\validacion\paquete-tecnico\ejecuciones\20261009T225135Z-1216\dist\ZTATTUZ Admin\_internal\tzdata\zoneinfo\Asia\Shanghai
   Compressing: D:\a\Atlantic-Software\Atlantic-Software\GymSoft_ZTATTUZ_3.6.1_x86\salida\validacion\paquete-tecnico\ejecuciones\20261009T225135Z-1216\dist\ZTATTUZ Admin\_internal\tzdata\zoneinfo\Asia\Singapore
   Compressing: D:\a\Atlantic-Software\Atlantic-Software\GymSoft_ZTATTUZ_3.6.1_x86\salida\validacion\paquete-tecnico\ejecuciones\20261009T225135Z-1216\dist\ZTATTUZ Admin\_internal\tzdata\zoneinfo\Asia\Srednekolymsk
   Compressing: D:\a\Atlantic-Software\Atlantic-Software\GymSoft_ZTATTUZ_3.6.1_x86\salida\validacion\paquete-tecnico\ejecuciones\20261009T225135Z-1216\dist\ZTATTUZ Admin\_internal\tzdata\zoneinfo\Asia\Taipei
   Compressing: D:\a\Atlantic-Software\Atlantic-Software\GymSoft_ZTATTUZ_3.6.1_x86\salida\validacion\paquete-tecnico\ejecuciones\20261009T225135Z-1216\dist\ZTATTUZ Admin\_internal\tzdata\zoneinfo\Asia\Tashkent
   Compressing: D:\a\Atlantic-Software\Atlantic-Software\GymSoft_ZTATTUZ_3.6.1_x86\salida\validacion\paquete-tecnico\ejecuciones\20261009T225135Z-1216\dist\ZTATTUZ Admin\_internal\tzdata\zoneinfo\Asia\Tbilisi
   Compressing: D:\a\Atlantic-Software\Atlantic-Software\GymSoft_ZTATTUZ_3.6.1_x86\salida\validacion\paquete-tecnico\ejecuciones\20261009T225135Z-1216\dist\ZTATTUZ Admin\_internal\tzdata\zoneinfo\Asia\Tehran
   Compressing: D:\a\Atlantic-Software\Atlantic-Software\GymSoft_ZTATTUZ_3.6.1_x86\salida\validacion\paquete-tecnico\ejecuciones\20261009T225135Z-1216\dist\ZTATTUZ Admin\_internal\tzdata\zoneinfo\Asia\Tel_Aviv
   Compressing: D:\a\Atlantic-Software\Atlantic-Software\GymSoft_ZTATTUZ_3.6.1_x86\salida\validacion\paquete-tecnico\ejecuciones\20261009T225135Z-1216\dist\ZTATTUZ Admin\_internal\tzdata\zoneinfo\Asia\Thimbu
   Compressing: D:\a\Atlantic-Software\Atlantic-Software\GymSoft_ZTATTUZ_3.6.1_x86\salida\validacion\paquete-tecnico\ejecuciones\20261009T225135Z-1216\dist\ZTATTUZ Admin\_internal\tzdata\zoneinfo\Asia\Thimphu
   Compressing: D:\a\Atlantic-Software\Atlantic-Software\GymSoft_ZTATTUZ_3.6.1_x86\salida\validacion\paquete-tecnico\ejecuciones\20261009T225135Z-1216\dist\ZTATTUZ Admin\_internal\tzdata\zoneinfo\Asia\Tokyo
   Compressing: D:\a\Atlantic-Software\Atlantic-Software\GymSoft_ZTATTUZ_3.6.1_x86\salida\validacion\paquete-tecnico\ejecuciones\20261009T225135Z-1216\dist\ZTATTUZ Admin\_internal\tzdata\zoneinfo\Asia\Tomsk
   Compressing: D:\a\Atlantic-Software\Atlantic-Software\GymSoft_ZTATTUZ_3.6.1_x86\salida\validacion\paquete-tecnico\ejecuciones\20261009T225135Z-1216\dist\ZTATTUZ Admin\_internal\tzdata\zoneinfo\Asia\Ujung_Pandang
   Compressing: D:\a\Atlantic-Software\Atlantic-Software\GymSoft_ZTATTUZ_3.6.1_x86\salida\validacion\paquete-tecnico\ejecuciones\20261009T225135Z-1216\dist\ZTATTUZ Admin\_internal\tzdata\zoneinfo\Asia\Ulaanbaatar
   Compressing: D:\a\Atlantic-Software\Atlantic-Software\GymSoft_ZTATTUZ_3.6.1_x86\salida\validacion\paquete-tecnico\ejecuciones\20261009T225135Z-1216\dist\ZTATTUZ Admin\_internal\tzdata\zoneinfo\Asia\Ulan_Bator
   Compressing: D:\a\Atlantic-Software\Atlantic-Software\GymSoft_ZTATTUZ_3.6.1_x86\salida\validacion\paquete-tecnico\ejecuciones\20261009T225135Z-1216\dist\ZTATTUZ Admin\_internal\tzdata\zoneinfo\Asia\Urumqi
   Compressing: D:\a\Atlantic-Software\Atlantic-Software\GymSoft_ZTATTUZ_3.6.1_x86\salida\validacion\paquete-tecnico\ejecuciones\20261009T225135Z-1216\dist\ZTATTUZ Admin\_internal\tzdata\zoneinfo\Asia\Ust-Nera
   Compressing: D:\a\Atlantic-Software\Atlantic-Software\GymSoft_ZTATTUZ_3.6.1_x86\salida\validacion\paquete-tecnico\ejecuciones\20261009T225135Z-1216\dist\ZTATTUZ Admin\_internal\tzdata\zoneinfo\Asia\Vientiane
   Compressing: D:\a\Atlantic-Software\Atlantic-Software\GymSoft_ZTATTUZ_3.6.1_x86\salida\validacion\paquete-tecnico\ejecuciones\20261009T225135Z-1216\dist\ZTATTUZ Admin\_internal\tzdata\zoneinfo\Asia\Vladivostok
   Compressing: D:\a\Atlantic-Software\Atlantic-Software\GymSoft_ZTATTUZ_3.6.1_x86\salida\validacion\paquete-tecnico\ejecuciones\20261009T225135Z-1216\dist\ZTATTUZ Admin\_internal\tzdata\zoneinfo\Asia\Yakutsk
   Compressing: D:\a\Atlantic-Software\Atlantic-Software\GymSoft_ZTATTUZ_3.6.1_x86\salida\validacion\paquete-tecnico\ejecuciones\20261009T225135Z-1216\dist\ZTATTUZ Admin\_internal\tzdata\zoneinfo\Asia\Yangon
   Compressing: D:\a\Atlantic-Software\Atlantic-Software\GymSoft_ZTATTUZ_3.6.1_x86\salida\validacion\paquete-tecnico\ejecuciones\20261009T225135Z-1216\dist\ZTATTUZ Admin\_internal\tzdata\zoneinfo\Asia\Yekaterinburg
   Compressing: D:\a\Atlantic-Software\Atlantic-Software\GymSoft_ZTATTUZ_3.6.1_x86\salida\validacion\paquete-tecnico\ejecuciones\20261009T225135Z-1216\dist\ZTATTUZ Admin\_internal\tzdata\zoneinfo\Asia\Yerevan
   Compressing: D:\a\Atlantic-Software\Atlantic-Software\GymSoft_ZTATTUZ_3.6.1_x86\salida\validacion\paquete-tecnico\ejecuciones\20261009T225135Z-1216\dist\ZTATTUZ Admin\_internal\tzdata\zoneinfo\Asia\__init__.py
   Compressing: D:\a\Atlantic-Software\Atlantic-Software\GymSoft_ZTATTUZ_3.6.1_x86\salida\validacion\paquete-tecnico\ejecuciones\20261009T225135Z-1216\dist\ZTATTUZ Admin\_internal\tzdata\zoneinfo\Atlantic\Azores
   Compressing: D:\a\Atlantic-Software\Atlantic-Software\GymSoft_ZTATTUZ_3.6.1_x86\salida\validacion\paquete-tecnico\ejecuciones\20261009T225135Z-1216\dist\ZTATTUZ Admin\_internal\tzdata\zoneinfo\Atlantic\Bermuda
   Compressing: D:\a\Atlantic-Software\Atlantic-Software\GymSoft_ZTATTUZ_3.6.1_x86\salida\validacion\paquete-tecnico\ejecuciones\20261009T225135Z-1216\dist\ZTATTUZ Admin\_internal\tzdata\zoneinfo\Atlantic\Canary
   Compressing: D:\a\Atlantic-Software\Atlantic-Software\GymSoft_ZTATTUZ_3.6.1_x86\salida\validacion\paquete-tecnico\ejecuciones\20261009T225135Z-1216\dist\ZTATTUZ Admin\_internal\tzdata\zoneinfo\Atlantic\Cape_Verde
   Compressing: D:\a\Atlantic-Software\Atlantic-Software\GymSoft_ZTATTUZ_3.6.1_x86\salida\validacion\paquete-tecnico\ejecuciones\20261009T225135Z-1216\dist\ZTATTUZ Admin\_internal\tzdata\zoneinfo\Atlantic\Faeroe
   Compressing: D:\a\Atlantic-Software\Atlantic-Software\GymSoft_ZTATTUZ_3.6.1_x86\salida\validacion\paquete-tecnico\ejecuciones\20261009T225135Z-1216\dist\ZTATTUZ Admin\_internal\tzdata\zoneinfo\Atlantic\Faroe
   Compressing: D:\a\Atlantic-Software\Atlantic-Software\GymSoft_ZTATTUZ_3.6.1_x86\salida\validacion\paquete-tecnico\ejecuciones\20261009T225135Z-1216\dist\ZTATTUZ Admin\_internal\tzdata\zoneinfo\Atlantic\Jan_Mayen
   Compressing: D:\a\Atlantic-Software\Atlantic-Software\GymSoft_ZTATTUZ_3.6.1_x86\salida\validacion\paquete-tecnico\ejecuciones\20261009T225135Z-1216\dist\ZTATTUZ Admin\_internal\tzdata\zoneinfo\Atlantic\Madeira
   Compressing: D:\a\Atlantic-Software\Atlantic-Software\GymSoft_ZTATTUZ_3.6.1_x86\salida\validacion\paquete-tecnico\ejecuciones\20261009T225135Z-1216\dist\ZTATTUZ Admin\_internal\tzdata\zoneinfo\Atlantic\Reykjavik
   Compressing: D:\a\Atlantic-Software\Atlantic-Software\GymSoft_ZTATTUZ_3.6.1_x86\salida\validacion\paquete-tecnico\ejecuciones\20261009T225135Z-1216\dist\ZTATTUZ Admin\_internal\tzdata\zoneinfo\Atlantic\South_Georgia
   Compressing: D:\a\Atlantic-Software\Atlantic-Software\GymSoft_ZTATTUZ_3.6.1_x86\salida\validacion\paquete-tecnico\ejecuciones\20261009T225135Z-1216\dist\ZTATTUZ Admin\_internal\tzdata\zoneinfo\Atlantic\Stanley
   Compressing: D:\a\Atlantic-Software\Atlantic-Software\GymSoft_ZTATTUZ_3.6.1_x86\salida\validacion\paquete-tecnico\ejecuciones\20261009T225135Z-1216\dist\ZTATTUZ Admin\_internal\tzdata\zoneinfo\Atlantic\St_Helena
   Compressing: D:\a\Atlantic-Software\Atlantic-Software\GymSoft_ZTATTUZ_3.6.1_x86\salida\validacion\paquete-tecnico\ejecuciones\20261009T225135Z-1216\dist\ZTATTUZ Admin\_internal\tzdata\zoneinfo\Atlantic\__init__.py
   Compressing: D:\a\Atlantic-Software\Atlantic-Software\GymSoft_ZTATTUZ_3.6.1_x86\salida\validacion\paquete-tecnico\ejecuciones\20261009T225135Z-1216\dist\ZTATTUZ Admin\_internal\tzdata\zoneinfo\Australia\ACT
   Compressing: D:\a\Atlantic-Software\Atlantic-Software\GymSoft_ZTATTUZ_3.6.1_x86\salida\validacion\paquete-tecnico\ejecuciones\20261009T225135Z-1216\dist\ZTATTUZ Admin\_internal\tzdata\zoneinfo\Australia\Adelaide
   Compressing: D:\a\Atlantic-Software\Atlantic-Software\GymSoft_ZTATTUZ_3.6.1_x86\salida\validacion\paquete-tecnico\ejecuciones\20261009T225135Z-1216\dist\ZTATTUZ Admin\_internal\tzdata\zoneinfo\Australia\Brisbane
   Compressing: D:\a\Atlantic-Software\Atlantic-Software\GymSoft_ZTATTUZ_3.6.1_x86\salida\validacion\paquete-tecnico\ejecuciones\20261009T225135Z-1216\dist\ZTATTUZ Admin\_internal\tzdata\zoneinfo\Australia\Broken_Hill
   Compressing: D:\a\Atlantic-Software\Atlantic-Software\GymSoft_ZTATTUZ_3.6.1_x86\salida\validacion\paquete-tecnico\ejecuciones\20261009T225135Z-1216\dist\ZTATTUZ Admin\_internal\tzdata\zoneinfo\Australia\Canberra
   Compressing: D:\a\Atlantic-Software\Atlantic-Software\GymSoft_ZTATTUZ_3.6.1_x86\salida\validacion\paquete-tecnico\ejecuciones\20261009T225135Z-1216\dist\ZTATTUZ Admin\_internal\tzdata\zoneinfo\Australia\Currie
   Compressing: D:\a\Atlantic-Software\Atlantic-Software\GymSoft_ZTATTUZ_3.6.1_x86\salida\validacion\paquete-tecnico\ejecuciones\20261009T225135Z-1216\dist\ZTATTUZ Admin\_internal\tzdata\zoneinfo\Australia\Darwin
   Compressing: D:\a\Atlantic-Software\Atlantic-Software\GymSoft_ZTATTUZ_3.6.1_x86\salida\validacion\paquete-tecnico\ejecuciones\20261009T225135Z-1216\dist\ZTATTUZ Admin\_internal\tzdata\zoneinfo\Australia\Eucla
   Compressing: D:\a\Atlantic-Software\Atlantic-Software\GymSoft_ZTATTUZ_3.6.1_x86\salida\validacion\paquete-tecnico\ejecuciones\20261009T225135Z-1216\dist\ZTATTUZ Admin\_internal\tzdata\zoneinfo\Australia\Hobart
   Compressing: D:\a\Atlantic-Software\Atlantic-Software\GymSoft_ZTATTUZ_3.6.1_x86\salida\validacion\paquete-tecnico\ejecuciones\20261009T225135Z-1216\dist\ZTATTUZ Admin\_internal\tzdata\zoneinfo\Australia\LHI
   Compressing: D:\a\Atlantic-Software\Atlantic-Software\GymSoft_ZTATTUZ_3.6.1_x86\salida\validacion\paquete-tecnico\ejecuciones\20261009T225135Z-1216\dist\ZTATTUZ Admin\_internal\tzdata\zoneinfo\Australia\Lindeman
   Compressing: D:\a\Atlantic-Software\Atlantic-Software\GymSoft_ZTATTUZ_3.6.1_x86\salida\validacion\paquete-tecnico\ejecuciones\20261009T225135Z-1216\dist\ZTATTUZ Admin\_internal\tzdata\zoneinfo\Australia\Lord_Howe
   Compressing: D:\a\Atlantic-Software\Atlantic-Software\GymSoft_ZTATTUZ_3.6.1_x86\salida\validacion\paquete-tecnico\ejecuciones\20261009T225135Z-1216\dist\ZTATTUZ Admin\_internal\tzdata\zoneinfo\Australia\Melbourne
   Compressing: D:\a\Atlantic-Software\Atlantic-Software\GymSoft_ZTATTUZ_3.6.1_x86\salida\validacion\paquete-tecnico\ejecuciones\20261009T225135Z-1216\dist\ZTATTUZ Admin\_internal\tzdata\zoneinfo\Australia\North
   Compressing: D:\a\Atlantic-Software\Atlantic-Software\GymSoft_ZTATTUZ_3.6.1_x86\salida\validacion\paquete-tecnico\ejecuciones\20261009T225135Z-1216\dist\ZTATTUZ Admin\_internal\tzdata\zoneinfo\Australia\NSW
   Compressing: D:\a\Atlantic-Software\Atlantic-Software\GymSoft_ZTATTUZ_3.6.1_x86\salida\validacion\paquete-tecnico\ejecuciones\20261009T225135Z-1216\dist\ZTATTUZ Admin\_internal\tzdata\zoneinfo\Australia\Perth
   Compressing: D:\a\Atlantic-Software\Atlantic-Software\GymSoft_ZTATTUZ_3.6.1_x86\salida\validacion\paquete-tecnico\ejecuciones\20261009T225135Z-1216\dist\ZTATTUZ Admin\_internal\tzdata\zoneinfo\Australia\Queensland
   Compressing: D:\a\Atlantic-Software\Atlantic-Software\GymSoft_ZTATTUZ_3.6.1_x86\salida\validacion\paquete-tecnico\ejecuciones\20261009T225135Z-1216\dist\ZTATTUZ Admin\_internal\tzdata\zoneinfo\Australia\South
   Compressing: D:\a\Atlantic-Software\Atlantic-Software\GymSoft_ZTATTUZ_3.6.1_x86\salida\validacion\paquete-tecnico\ejecuciones\20261009T225135Z-1216\dist\ZTATTUZ Admin\_internal\tzdata\zoneinfo\Australia\Sydney
   Compressing: D:\a\Atlantic-Software\Atlantic-Software\GymSoft_ZTATTUZ_3.6.1_x86\salida\validacion\paquete-tecnico\ejecuciones\20261009T225135Z-1216\dist\ZTATTUZ Admin\_internal\tzdata\zoneinfo\Australia\Tasmania
   Compressing: D:\a\Atlantic-Software\Atlantic-Software\GymSoft_ZTATTUZ_3.6.1_x86\salida\validacion\paquete-tecnico\ejecuciones\20261009T225135Z-1216\dist\ZTATTUZ Admin\_internal\tzdata\zoneinfo\Australia\Victoria
   Compressing: D:\a\Atlantic-Software\Atlantic-Software\GymSoft_ZTATTUZ_3.6.1_x86\salida\validacion\paquete-tecnico\ejecuciones\20261009T225135Z-1216\dist\ZTATTUZ Admin\_internal\tzdata\zoneinfo\Australia\West
   Compressing: D:\a\Atlantic-Software\Atlantic-Software\GymSoft_ZTATTUZ_3.6.1_x86\salida\validacion\paquete-tecnico\ejecuciones\20261009T225135Z-1216\dist\ZTATTUZ Admin\_internal\tzdata\zoneinfo\Australia\Yancowinna
   Compressing: D:\a\Atlantic-Software\Atlantic-Software\GymSoft_ZTATTUZ_3.6.1_x86\salida\validacion\paquete-tecnico\ejecuciones\20261009T225135Z-1216\dist\ZTATTUZ Admin\_internal\tzdata\zoneinfo\Australia\__init__.py
   Compressing: D:\a\Atlantic-Software\Atlantic-Software\GymSoft_ZTATTUZ_3.6.1_x86\salida\validacion\paquete-tecnico\ejecuciones\20261009T225135Z-1216\dist\ZTATTUZ Admin\_internal\tzdata\zoneinfo\Brazil\Acre
   Compressing: D:\a\Atlantic-Software\Atlantic-Software\GymSoft_ZTATTUZ_3.6.1_x86\salida\validacion\paquete-tecnico\ejecuciones\20261009T225135Z-1216\dist\ZTATTUZ Admin\_internal\tzdata\zoneinfo\Brazil\DeNoronha
   Compressing: D:\a\Atlantic-Software\Atlantic-Software\GymSoft_ZTATTUZ_3.6.1_x86\salida\validacion\paquete-tecnico\ejecuciones\20261009T225135Z-1216\dist\ZTATTUZ Admin\_internal\tzdata\zoneinfo\Brazil\East
   Compressing: D:\a\Atlantic-Software\Atlantic-Software\GymSoft_ZTATTUZ_3.6.1_x86\salida\validacion\paquete-tecnico\ejecuciones\20261009T225135Z-1216\dist\ZTATTUZ Admin\_internal\tzdata\zoneinfo\Brazil\West
   Compressing: D:\a\Atlantic-Software\Atlantic-Software\GymSoft_ZTATTUZ_3.6.1_x86\salida\validacion\paquete-tecnico\ejecuciones\20261009T225135Z-1216\dist\ZTATTUZ Admin\_internal\tzdata\zoneinfo\Brazil\__init__.py
   Compressing: D:\a\Atlantic-Software\Atlantic-Software\GymSoft_ZTATTUZ_3.6.1_x86\salida\validacion\paquete-tecnico\ejecuciones\20261009T225135Z-1216\dist\ZTATTUZ Admin\_internal\tzdata\zoneinfo\Canada\Atlantic
   Compressing: D:\a\Atlantic-Software\Atlantic-Software\GymSoft_ZTATTUZ_3.6.1_x86\salida\validacion\paquete-tecnico\ejecuciones\20261009T225135Z-1216\dist\ZTATTUZ Admin\_internal\tzdata\zoneinfo\Canada\Central
   Compressing: D:\a\Atlantic-Software\Atlantic-Software\GymSoft_ZTATTUZ_3.6.1_x86\salida\validacion\paquete-tecnico\ejecuciones\20261009T225135Z-1216\dist\ZTATTUZ Admin\_internal\tzdata\zoneinfo\Canada\Eastern
   Compressing: D:\a\Atlantic-Software\Atlantic-Software\GymSoft_ZTATTUZ_3.6.1_x86\salida\validacion\paquete-tecnico\ejecuciones\20261009T225135Z-1216\dist\ZTATTUZ Admin\_internal\tzdata\zoneinfo\Canada\Mountain
   Compressing: D:\a\Atlantic-Software\Atlantic-Software\GymSoft_ZTATTUZ_3.6.1_x86\salida\validacion\paquete-tecnico\ejecuciones\20261009T225135Z-1216\dist\ZTATTUZ Admin\_internal\tzdata\zoneinfo\Canada\Newfoundland
   Compressing: D:\a\Atlantic-Software\Atlantic-Software\GymSoft_ZTATTUZ_3.6.1_x86\salida\validacion\paquete-tecnico\ejecuciones\20261009T225135Z-1216\dist\ZTATTUZ Admin\_internal\tzdata\zoneinfo\Canada\Pacific
   Compressing: D:\a\Atlantic-Software\Atlantic-Software\GymSoft_ZTATTUZ_3.6.1_x86\salida\validacion\paquete-tecnico\ejecuciones\20261009T225135Z-1216\dist\ZTATTUZ Admin\_internal\tzdata\zoneinfo\Canada\Saskatchewan
   Compressing: D:\a\Atlantic-Software\Atlantic-Software\GymSoft_ZTATTUZ_3.6.1_x86\salida\validacion\paquete-tecnico\ejecuciones\20261009T225135Z-1216\dist\ZTATTUZ Admin\_internal\tzdata\zoneinfo\Canada\Yukon
   Compressing: D:\a\Atlantic-Software\Atlantic-Software\GymSoft_ZTATTUZ_3.6.1_x86\salida\validacion\paquete-tecnico\ejecuciones\20261009T225135Z-1216\dist\ZTATTUZ Admin\_internal\tzdata\zoneinfo\Canada\__init__.py
   Compressing: D:\a\Atlantic-Software\Atlantic-Software\GymSoft_ZTATTUZ_3.6.1_x86\salida\validacion\paquete-tecnico\ejecuciones\20261009T225135Z-1216\dist\ZTATTUZ Admin\_internal\tzdata\zoneinfo\Chile\Continental
   Compressing: D:\a\Atlantic-Software\Atlantic-Software\GymSoft_ZTATTUZ_3.6.1_x86\salida\validacion\paquete-tecnico\ejecuciones\20261009T225135Z-1216\dist\ZTATTUZ Admin\_internal\tzdata\zoneinfo\Chile\EasterIsland
   Compressing: D:\a\Atlantic-Software\Atlantic-Software\GymSoft_ZTATTUZ_3.6.1_x86\salida\validacion\paquete-tecnico\ejecuciones\20261009T225135Z-1216\dist\ZTATTUZ Admin\_internal\tzdata\zoneinfo\Chile\__init__.py
   Compressing: D:\a\Atlantic-Software\Atlantic-Software\GymSoft_ZTATTUZ_3.6.1_x86\salida\validacion\paquete-tecnico\ejecuciones\20261009T225135Z-1216\dist\ZTATTUZ Admin\_internal\tzdata\zoneinfo\Etc\GMT
   Compressing: D:\a\Atlantic-Software\Atlantic-Software\GymSoft_ZTATTUZ_3.6.1_x86\salida\validacion\paquete-tecnico\ejecuciones\20261009T225135Z-1216\dist\ZTATTUZ Admin\_internal\tzdata\zoneinfo\Etc\GMT+0
   Compressing: D:\a\Atlantic-Software\Atlantic-Software\GymSoft_ZTATTUZ_3.6.1_x86\salida\validacion\paquete-tecnico\ejecuciones\20261009T225135Z-1216\dist\ZTATTUZ Admin\_internal\tzdata\zoneinfo\Etc\GMT+1
   Compressing: D:\a\Atlantic-Software\Atlantic-Software\GymSoft_ZTATTUZ_3.6.1_x86\salida\validacion\paquete-tecnico\ejecuciones\20261009T225135Z-1216\dist\ZTATTUZ Admin\_internal\tzdata\zoneinfo\Etc\GMT+10
   Compressing: D:\a\Atlantic-Software\Atlantic-Software\GymSoft_ZTATTUZ_3.6.1_x86\salida\validacion\paquete-tecnico\ejecuciones\20261009T225135Z-1216\dist\ZTATTUZ Admin\_internal\tzdata\zoneinfo\Etc\GMT+11
   Compressing: D:\a\Atlantic-Software\Atlantic-Software\GymSoft_ZTATTUZ_3.6.1_x86\salida\validacion\paquete-tecnico\ejecuciones\20261009T225135Z-1216\dist\ZTATTUZ Admin\_internal\tzdata\zoneinfo\Etc\GMT+12
   Compressing: D:\a\Atlantic-Software\Atlantic-Software\GymSoft_ZTATTUZ_3.6.1_x86\salida\validacion\paquete-tecnico\ejecuciones\20261009T225135Z-1216\dist\ZTATTUZ Admin\_internal\tzdata\zoneinfo\Etc\GMT+2
   Compressing: D:\a\Atlantic-Software\Atlantic-Software\GymSoft_ZTATTUZ_3.6.1_x86\salida\validacion\paquete-tecnico\ejecuciones\20261009T225135Z-1216\dist\ZTATTUZ Admin\_internal\tzdata\zoneinfo\Etc\GMT+3
   Compressing: D:\a\Atlantic-Software\Atlantic-Software\GymSoft_ZTATTUZ_3.6.1_x86\salida\validacion\paquete-tecnico\ejecuciones\20261009T225135Z-1216\dist\ZTATTUZ Admin\_internal\tzdata\zoneinfo\Etc\GMT+4
   Compressing: D:\a\Atlantic-Software\Atlantic-Software\GymSoft_ZTATTUZ_3.6.1_x86\salida\validacion\paquete-tecnico\ejecuciones\20261009T225135Z-1216\dist\ZTATTUZ Admin\_internal\tzdata\zoneinfo\Etc\GMT+5
   Compressing: D:\a\Atlantic-Software\Atlantic-Software\GymSoft_ZTATTUZ_3.6.1_x86\salida\validacion\paquete-tecnico\ejecuciones\20261009T225135Z-1216\dist\ZTATTUZ Admin\_internal\tzdata\zoneinfo\Etc\GMT+6
   Compressing: D:\a\Atlantic-Software\Atlantic-Software\GymSoft_ZTATTUZ_3.6.1_x86\salida\validacion\paquete-tecnico\ejecuciones\20261009T225135Z-1216\dist\ZTATTUZ Admin\_internal\tzdata\zoneinfo\Etc\GMT+7
   Compressing: D:\a\Atlantic-Software\Atlantic-Software\GymSoft_ZTATTUZ_3.6.1_x86\salida\validacion\paquete-tecnico\ejecuciones\20261009T225135Z-1216\dist\ZTATTUZ Admin\_internal\tzdata\zoneinfo\Etc\GMT+8
   Compressing: D:\a\Atlantic-Software\Atlantic-Software\GymSoft_ZTATTUZ_3.6.1_x86\salida\validacion\paquete-tecnico\ejecuciones\20261009T225135Z-1216\dist\ZTATTUZ Admin\_internal\tzdata\zoneinfo\Etc\GMT+9
   Compressing: D:\a\Atlantic-Software\Atlantic-Software\GymSoft_ZTATTUZ_3.6.1_x86\salida\validacion\paquete-tecnico\ejecuciones\20261009T225135Z-1216\dist\ZTATTUZ Admin\_internal\tzdata\zoneinfo\Etc\GMT-0
   Compressing: D:\a\Atlantic-Software\Atlantic-Software\GymSoft_ZTATTUZ_3.6.1_x86\salida\validacion\paquete-tecnico\ejecuciones\20261009T225135Z-1216\dist\ZTATTUZ Admin\_internal\tzdata\zoneinfo\Etc\GMT-1
   Compressing: D:\a\Atlantic-Software\Atlantic-Software\GymSoft_ZTATTUZ_3.6.1_x86\salida\validacion\paquete-tecnico\ejecuciones\20261009T225135Z-1216\dist\ZTATTUZ Admin\_internal\tzdata\zoneinfo\Etc\GMT-10
   Compressing: D:\a\Atlantic-Software\Atlantic-Software\GymSoft_ZTATTUZ_3.6.1_x86\salida\validacion\paquete-tecnico\ejecuciones\20261009T225135Z-1216\dist\ZTATTUZ Admin\_internal\tzdata\zoneinfo\Etc\GMT-11
   Compressing: D:\a\Atlantic-Software\Atlantic-Software\GymSoft_ZTATTUZ_3.6.1_x86\salida\validacion\paquete-tecnico\ejecuciones\20261009T225135Z-1216\dist\ZTATTUZ Admin\_internal\tzdata\zoneinfo\Etc\GMT-12
   Compressing: D:\a\Atlantic-Software\Atlantic-Software\GymSoft_ZTATTUZ_3.6.1_x86\salida\validacion\paquete-tecnico\ejecuciones\20261009T225135Z-1216\dist\ZTATTUZ Admin\_internal\tzdata\zoneinfo\Etc\GMT-13
   Compressing: D:\a\Atlantic-Software\Atlantic-Software\GymSoft_ZTATTUZ_3.6.1_x86\salida\validacion\paquete-tecnico\ejecuciones\20261009T225135Z-1216\dist\ZTATTUZ Admin\_internal\tzdata\zoneinfo\Etc\GMT-14
   Compressing: D:\a\Atlantic-Software\Atlantic-Software\GymSoft_ZTATTUZ_3.6.1_x86\salida\validacion\paquete-tecnico\ejecuciones\20261009T225135Z-1216\dist\ZTATTUZ Admin\_internal\tzdata\zoneinfo\Etc\GMT-2
   Compressing: D:\a\Atlantic-Software\Atlantic-Software\GymSoft_ZTATTUZ_3.6.1_x86\salida\validacion\paquete-tecnico\ejecuciones\20261009T225135Z-1216\dist\ZTATTUZ Admin\_internal\tzdata\zoneinfo\Etc\GMT-3
   Compressing: D:\a\Atlantic-Software\Atlantic-Software\GymSoft_ZTATTUZ_3.6.1_x86\salida\validacion\paquete-tecnico\ejecuciones\20261009T225135Z-1216\dist\ZTATTUZ Admin\_internal\tzdata\zoneinfo\Etc\GMT-4
   Compressing: D:\a\Atlantic-Software\Atlantic-Software\GymSoft_ZTATTUZ_3.6.1_x86\salida\validacion\paquete-tecnico\ejecuciones\20261009T225135Z-1216\dist\ZTATTUZ Admin\_internal\tzdata\zoneinfo\Etc\GMT-5
   Compressing: D:\a\Atlantic-Software\Atlantic-Software\GymSoft_ZTATTUZ_3.6.1_x86\salida\validacion\paquete-tecnico\ejecuciones\20261009T225135Z-1216\dist\ZTATTUZ Admin\_internal\tzdata\zoneinfo\Etc\GMT-6
   Compressing: D:\a\Atlantic-Software\Atlantic-Software\GymSoft_ZTATTUZ_3.6.1_x86\salida\validacion\paquete-tecnico\ejecuciones\20261009T225135Z-1216\dist\ZTATTUZ Admin\_internal\tzdata\zoneinfo\Etc\GMT-7
   Compressing: D:\a\Atlantic-Software\Atlantic-Software\GymSoft_ZTATTUZ_3.6.1_x86\salida\validacion\paquete-tecnico\ejecuciones\20261009T225135Z-1216\dist\ZTATTUZ Admin\_internal\tzdata\zoneinfo\Etc\GMT-8
   Compressing: D:\a\Atlantic-Software\Atlantic-Software\GymSoft_ZTATTUZ_3.6.1_x86\salida\validacion\paquete-tecnico\ejecuciones\20261009T225135Z-1216\dist\ZTATTUZ Admin\_internal\tzdata\zoneinfo\Etc\GMT-9
   Compressing: D:\a\Atlantic-Software\Atlantic-Software\GymSoft_ZTATTUZ_3.6.1_x86\salida\validacion\paquete-tecnico\ejecuciones\20261009T225135Z-1216\dist\ZTATTUZ Admin\_internal\tzdata\zoneinfo\Etc\GMT0
   Compressing: D:\a\Atlantic-Software\Atlantic-Software\GymSoft_ZTATTUZ_3.6.1_x86\salida\validacion\paquete-tecnico\ejecuciones\20261009T225135Z-1216\dist\ZTATTUZ Admin\_internal\tzdata\zoneinfo\Etc\Greenwich
   Compressing: D:\a\Atlantic-Software\Atlantic-Software\GymSoft_ZTATTUZ_3.6.1_x86\salida\validacion\paquete-tecnico\ejecuciones\20261009T225135Z-1216\dist\ZTATTUZ Admin\_internal\tzdata\zoneinfo\Etc\UCT
   Compressing: D:\a\Atlantic-Software\Atlantic-Software\GymSoft_ZTATTUZ_3.6.1_x86\salida\validacion\paquete-tecnico\ejecuciones\20261009T225135Z-1216\dist\ZTATTUZ Admin\_internal\tzdata\zoneinfo\Etc\Universal
   Compressing: D:\a\Atlantic-Software\Atlantic-Software\GymSoft_ZTATTUZ_3.6.1_x86\salida\validacion\paquete-tecnico\ejecuciones\20261009T225135Z-1216\dist\ZTATTUZ Admin\_internal\tzdata\zoneinfo\Etc\UTC
   Compressing: D:\a\Atlantic-Software\Atlantic-Software\GymSoft_ZTATTUZ_3.6.1_x86\salida\validacion\paquete-tecnico\ejecuciones\20261009T225135Z-1216\dist\ZTATTUZ Admin\_internal\tzdata\zoneinfo\Etc\Zulu
   Compressing: D:\a\Atlantic-Software\Atlantic-Software\GymSoft_ZTATTUZ_3.6.1_x86\salida\validacion\paquete-tecnico\ejecuciones\20261009T225135Z-1216\dist\ZTATTUZ Admin\_internal\tzdata\zoneinfo\Etc\__init__.py
   Compressing: D:\a\Atlantic-Software\Atlantic-Software\GymSoft_ZTATTUZ_3.6.1_x86\salida\validacion\paquete-tecnico\ejecuciones\20261009T225135Z-1216\dist\ZTATTUZ Admin\_internal\tzdata\zoneinfo\Europe\Amsterdam
   Compressing: D:\a\Atlantic-Software\Atlantic-Software\GymSoft_ZTATTUZ_3.6.1_x86\salida\validacion\paquete-tecnico\ejecuciones\20261009T225135Z-1216\dist\ZTATTUZ Admin\_internal\tzdata\zoneinfo\Europe\Andorra
   Compressing: D:\a\Atlantic-Software\Atlantic-Software\GymSoft_ZTATTUZ_3.6.1_x86\salida\validacion\paquete-tecnico\ejecuciones\20261009T225135Z-1216\dist\ZTATTUZ Admin\_internal\tzdata\zoneinfo\Europe\Astrakhan
   Compressing: D:\a\Atlantic-Software\Atlantic-Software\GymSoft_ZTATTUZ_3.6.1_x86\salida\validacion\paquete-tecnico\ejecuciones\20261009T225135Z-1216\dist\ZTATTUZ Admin\_internal\tzdata\zoneinfo\Europe\Athens
   Compressing: D:\a\Atlantic-Software\Atlantic-Software\GymSoft_ZTATTUZ_3.6.1_x86\salida\validacion\paquete-tecnico\ejecuciones\20261009T225135Z-1216\dist\ZTATTUZ Admin\_internal\tzdata\zoneinfo\Europe\Belfast
   Compressing: D:\a\Atlantic-Software\Atlantic-Software\GymSoft_ZTATTUZ_3.6.1_x86\salida\validacion\paquete-tecnico\ejecuciones\20261009T225135Z-1216\dist\ZTATTUZ Admin\_internal\tzdata\zoneinfo\Europe\Belgrade
   Compressing: D:\a\Atlantic-Software\Atlantic-Software\GymSoft_ZTATTUZ_3.6.1_x86\salida\validacion\paquete-tecnico\ejecuciones\20261009T225135Z-1216\dist\ZTATTUZ Admin\_internal\tzdata\zoneinfo\Europe\Berlin
   Compressing: D:\a\Atlantic-Software\Atlantic-Software\GymSoft_ZTATTUZ_3.6.1_x86\salida\validacion\paquete-tecnico\ejecuciones\20261009T225135Z-1216\dist\ZTATTUZ Admin\_internal\tzdata\zoneinfo\Europe\Bratislava
   Compressing: D:\a\Atlantic-Software\Atlantic-Software\GymSoft_ZTATTUZ_3.6.1_x86\salida\validacion\paquete-tecnico\ejecuciones\20261009T225135Z-1216\dist\ZTATTUZ Admin\_internal\tzdata\zoneinfo\Europe\Brussels
   Compressing: D:\a\Atlantic-Software\Atlantic-Software\GymSoft_ZTATTUZ_3.6.1_x86\salida\validacion\paquete-tecnico\ejecuciones\20261009T225135Z-1216\dist\ZTATTUZ Admin\_internal\tzdata\zoneinfo\Europe\Bucharest
   Compressing: D:\a\Atlantic-Software\Atlantic-Software\GymSoft_ZTATTUZ_3.6.1_x86\salida\validacion\paquete-tecnico\ejecuciones\20261009T225135Z-1216\dist\ZTATTUZ Admin\_internal\tzdata\zoneinfo\Europe\Budapest
   Compressing: D:\a\Atlantic-Software\Atlantic-Software\GymSoft_ZTATTUZ_3.6.1_x86\salida\validacion\paquete-tecnico\ejecuciones\20261009T225135Z-1216\dist\ZTATTUZ Admin\_internal\tzdata\zoneinfo\Europe\Busingen
   Compressing: D:\a\Atlantic-Software\Atlantic-Software\GymSoft_ZTATTUZ_3.6.1_x86\salida\validacion\paquete-tecnico\ejecuciones\20261009T225135Z-1216\dist\ZTATTUZ Admin\_internal\tzdata\zoneinfo\Europe\Chisinau
   Compressing: D:\a\Atlantic-Software\Atlantic-Software\GymSoft_ZTATTUZ_3.6.1_x86\salida\validacion\paquete-tecnico\ejecuciones\20261009T225135Z-1216\dist\ZTATTUZ Admin\_internal\tzdata\zoneinfo\Europe\Copenhagen
   Compressing: D:\a\Atlantic-Software\Atlantic-Software\GymSoft_ZTATTUZ_3.6.1_x86\salida\validacion\paquete-tecnico\ejecuciones\20261009T225135Z-1216\dist\ZTATTUZ Admin\_internal\tzdata\zoneinfo\Europe\Dublin
   Compressing: D:\a\Atlantic-Software\Atlantic-Software\GymSoft_ZTATTUZ_3.6.1_x86\salida\validacion\paquete-tecnico\ejecuciones\20261009T225135Z-1216\dist\ZTATTUZ Admin\_internal\tzdata\zoneinfo\Europe\Gibraltar
   Compressing: D:\a\Atlantic-Software\Atlantic-Software\GymSoft_ZTATTUZ_3.6.1_x86\salida\validacion\paquete-tecnico\ejecuciones\20261009T225135Z-1216\dist\ZTATTUZ Admin\_internal\tzdata\zoneinfo\Europe\Guernsey
   Compressing: D:\a\Atlantic-Software\Atlantic-Software\GymSoft_ZTATTUZ_3.6.1_x86\salida\validacion\paquete-tecnico\ejecuciones\20261009T225135Z-1216\dist\ZTATTUZ Admin\_internal\tzdata\zoneinfo\Europe\Helsinki
   Compressing: D:\a\Atlantic-Software\Atlantic-Software\GymSoft_ZTATTUZ_3.6.1_x86\salida\validacion\paquete-tecnico\ejecuciones\20261009T225135Z-1216\dist\ZTATTUZ Admin\_internal\tzdata\zoneinfo\Europe\Isle_of_Man
   Compressing: D:\a\Atlantic-Software\Atlantic-Software\GymSoft_ZTATTUZ_3.6.1_x86\salida\validacion\paquete-tecnico\ejecuciones\20261009T225135Z-1216\dist\ZTATTUZ Admin\_internal\tzdata\zoneinfo\Europe\Istanbul
   Compressing: D:\a\Atlantic-Software\Atlantic-Software\GymSoft_ZTATTUZ_3.6.1_x86\salida\validacion\paquete-tecnico\ejecuciones\20261009T225135Z-1216\dist\ZTATTUZ Admin\_internal\tzdata\zoneinfo\Europe\Jersey
   Compressing: D:\a\Atlantic-Software\Atlantic-Software\GymSoft_ZTATTUZ_3.6.1_x86\salida\validacion\paquete-tecnico\ejecuciones\20261009T225135Z-1216\dist\ZTATTUZ Admin\_internal\tzdata\zoneinfo\Europe\Kaliningrad
   Compressing: D:\a\Atlantic-Software\Atlantic-Software\GymSoft_ZTATTUZ_3.6.1_x86\salida\validacion\paquete-tecnico\ejecuciones\20261009T225135Z-1216\dist\ZTATTUZ Admin\_internal\tzdata\zoneinfo\Europe\Kiev
   Compressing: D:\a\Atlantic-Software\Atlantic-Software\GymSoft_ZTATTUZ_3.6.1_x86\salida\validacion\paquete-tecnico\ejecuciones\20261009T225135Z-1216\dist\ZTATTUZ Admin\_internal\tzdata\zoneinfo\Europe\Kirov
   Compressing: D:\a\Atlantic-Software\Atlantic-Software\GymSoft_ZTATTUZ_3.6.1_x86\salida\validacion\paquete-tecnico\ejecuciones\20261009T225135Z-1216\dist\ZTATTUZ Admin\_internal\tzdata\zoneinfo\Europe\Kyiv
   Compressing: D:\a\Atlantic-Software\Atlantic-Software\GymSoft_ZTATTUZ_3.6.1_x86\salida\validacion\paquete-tecnico\ejecuciones\20261009T225135Z-1216\dist\ZTATTUZ Admin\_internal\tzdata\zoneinfo\Europe\Lisbon
   Compressing: D:\a\Atlantic-Software\Atlantic-Software\GymSoft_ZTATTUZ_3.6.1_x86\salida\validacion\paquete-tecnico\ejecuciones\20261009T225135Z-1216\dist\ZTATTUZ Admin\_internal\tzdata\zoneinfo\Europe\Ljubljana
   Compressing: D:\a\Atlantic-Software\Atlantic-Software\GymSoft_ZTATTUZ_3.6.1_x86\salida\validacion\paquete-tecnico\ejecuciones\20261009T225135Z-1216\dist\ZTATTUZ Admin\_internal\tzdata\zoneinfo\Europe\London
   Compressing: D:\a\Atlantic-Software\Atlantic-Software\GymSoft_ZTATTUZ_3.6.1_x86\salida\validacion\paquete-tecnico\ejecuciones\20261009T225135Z-1216\dist\ZTATTUZ Admin\_internal\tzdata\zoneinfo\Europe\Luxembourg
   Compressing: D:\a\Atlantic-Software\Atlantic-Software\GymSoft_ZTATTUZ_3.6.1_x86\salida\validacion\paquete-tecnico\ejecuciones\20261009T225135Z-1216\dist\ZTATTUZ Admin\_internal\tzdata\zoneinfo\Europe\Madrid
   Compressing: D:\a\Atlantic-Software\Atlantic-Software\GymSoft_ZTATTUZ_3.6.1_x86\salida\validacion\paquete-tecnico\ejecuciones\20261009T225135Z-1216\dist\ZTATTUZ Admin\_internal\tzdata\zoneinfo\Europe\Malta
   Compressing: D:\a\Atlantic-Software\Atlantic-Software\GymSoft_ZTATTUZ_3.6.1_x86\salida\validacion\paquete-tecnico\ejecuciones\20261009T225135Z-1216\dist\ZTATTUZ Admin\_internal\tzdata\zoneinfo\Europe\Mariehamn
   Compressing: D:\a\Atlantic-Software\Atlantic-Software\GymSoft_ZTATTUZ_3.6.1_x86\salida\validacion\paquete-tecnico\ejecuciones\20261009T225135Z-1216\dist\ZTATTUZ Admin\_internal\tzdata\zoneinfo\Europe\Minsk
   Compressing: D:\a\Atlantic-Software\Atlantic-Software\GymSoft_ZTATTUZ_3.6.1_x86\salida\validacion\paquete-tecnico\ejecuciones\20261009T225135Z-1216\dist\ZTATTUZ Admin\_internal\tzdata\zoneinfo\Europe\Monaco
   Compressing: D:\a\Atlantic-Software\Atlantic-Software\GymSoft_ZTATTUZ_3.6.1_x86\salida\validacion\paquete-tecnico\ejecuciones\20261009T225135Z-1216\dist\ZTATTUZ Admin\_internal\tzdata\zoneinfo\Europe\Moscow
   Compressing: D:\a\Atlantic-Software\Atlantic-Software\GymSoft_ZTATTUZ_3.6.1_x86\salida\validacion\paquete-tecnico\ejecuciones\20261009T225135Z-1216\dist\ZTATTUZ Admin\_internal\tzdata\zoneinfo\Europe\Nicosia
   Compressing: D:\a\Atlantic-Software\Atlantic-Software\GymSoft_ZTATTUZ_3.6.1_x86\salida\validacion\paquete-tecnico\ejecuciones\20261009T225135Z-1216\dist\ZTATTUZ Admin\_internal\tzdata\zoneinfo\Europe\Oslo
   Compressing: D:\a\Atlantic-Software\Atlantic-Software\GymSoft_ZTATTUZ_3.6.1_x86\salida\validacion\paquete-tecnico\ejecuciones\20261009T225135Z-1216\dist\ZTATTUZ Admin\_internal\tzdata\zoneinfo\Europe\Paris
   Compressing: D:\a\Atlantic-Software\Atlantic-Software\GymSoft_ZTATTUZ_3.6.1_x86\salida\validacion\paquete-tecnico\ejecuciones\20261009T225135Z-1216\dist\ZTATTUZ Admin\_internal\tzdata\zoneinfo\Europe\Podgorica
   Compressing: D:\a\Atlantic-Software\Atlantic-Software\GymSoft_ZTATTUZ_3.6.1_x86\salida\validacion\paquete-tecnico\ejecuciones\20261009T225135Z-1216\dist\ZTATTUZ Admin\_internal\tzdata\zoneinfo\Europe\Prague
   Compressing: D:\a\Atlantic-Software\Atlantic-Software\GymSoft_ZTATTUZ_3.6.1_x86\salida\validacion\paquete-tecnico\ejecuciones\20261009T225135Z-1216\dist\ZTATTUZ Admin\_internal\tzdata\zoneinfo\Europe\Riga
   Compressing: D:\a\Atlantic-Software\Atlantic-Software\GymSoft_ZTATTUZ_3.6.1_x86\salida\validacion\paquete-tecnico\ejecuciones\20261009T225135Z-1216\dist\ZTATTUZ Admin\_internal\tzdata\zoneinfo\Europe\Rome
   Compressing: D:\a\Atlantic-Software\Atlantic-Software\GymSoft_ZTATTUZ_3.6.1_x86\salida\validacion\paquete-tecnico\ejecuciones\20261009T225135Z-1216\dist\ZTATTUZ Admin\_internal\tzdata\zoneinfo\Europe\Samara
   Compressing: D:\a\Atlantic-Software\Atlantic-Software\GymSoft_ZTATTUZ_3.6.1_x86\salida\validacion\paquete-tecnico\ejecuciones\20261009T225135Z-1216\dist\ZTATTUZ Admin\_internal\tzdata\zoneinfo\Europe\San_Marino
   Compressing: D:\a\Atlantic-Software\Atlantic-Software\GymSoft_ZTATTUZ_3.6.1_x86\salida\validacion\paquete-tecnico\ejecuciones\20261009T225135Z-1216\dist\ZTATTUZ Admin\_internal\tzdata\zoneinfo\Europe\Sarajevo
   Compressing: D:\a\Atlantic-Software\Atlantic-Software\GymSoft_ZTATTUZ_3.6.1_x86\salida\validacion\paquete-tecnico\ejecuciones\20261009T225135Z-1216\dist\ZTATTUZ Admin\_internal\tzdata\zoneinfo\Europe\Saratov
   Compressing: D:\a\Atlantic-Software\Atlantic-Software\GymSoft_ZTATTUZ_3.6.1_x86\salida\validacion\paquete-tecnico\ejecuciones\20261009T225135Z-1216\dist\ZTATTUZ Admin\_internal\tzdata\zoneinfo\Europe\Simferopol
   Compressing: D:\a\Atlantic-Software\Atlantic-Software\GymSoft_ZTATTUZ_3.6.1_x86\salida\validacion\paquete-tecnico\ejecuciones\20261009T225135Z-1216\dist\ZTATTUZ Admin\_internal\tzdata\zoneinfo\Europe\Skopje
   Compressing: D:\a\Atlantic-Software\Atlantic-Software\GymSoft_ZTATTUZ_3.6.1_x86\salida\validacion\paquete-tecnico\ejecuciones\20261009T225135Z-1216\dist\ZTATTUZ Admin\_internal\tzdata\zoneinfo\Europe\Sofia
   Compressing: D:\a\Atlantic-Software\Atlantic-Software\GymSoft_ZTATTUZ_3.6.1_x86\salida\validacion\paquete-tecnico\ejecuciones\20261009T225135Z-1216\dist\ZTATTUZ Admin\_internal\tzdata\zoneinfo\Europe\Stockholm
   Compressing: D:\a\Atlantic-Software\Atlantic-Software\GymSoft_ZTATTUZ_3.6.1_x86\salida\validacion\paquete-tecnico\ejecuciones\20261009T225135Z-1216\dist\ZTATTUZ Admin\_internal\tzdata\zoneinfo\Europe\Tallinn
   Compressing: D:\a\Atlantic-Software\Atlantic-Software\GymSoft_ZTATTUZ_3.6.1_x86\salida\validacion\paquete-tecnico\ejecuciones\20261009T225135Z-1216\dist\ZTATTUZ Admin\_internal\tzdata\zoneinfo\Europe\Tirane
   Compressing: D:\a\Atlantic-Software\Atlantic-Software\GymSoft_ZTATTUZ_3.6.1_x86\salida\validacion\paquete-tecnico\ejecuciones\20261009T225135Z-1216\dist\ZTATTUZ Admin\_internal\tzdata\zoneinfo\Europe\Tiraspol
   Compressing: D:\a\Atlantic-Software\Atlantic-Software\GymSoft_ZTATTUZ_3.6.1_x86\salida\validacion\paquete-tecnico\ejecuciones\20261009T225135Z-1216\dist\ZTATTUZ Admin\_internal\tzdata\zoneinfo\Europe\Ulyanovsk
   Compressing: D:\a\Atlantic-Software\Atlantic-Software\GymSoft_ZTATTUZ_3.6.1_x86\salida\validacion\paquete-tecnico\ejecuciones\20261009T225135Z-1216\dist\ZTATTUZ Admin\_internal\tzdata\zoneinfo\Europe\Uzhgorod
   Compressing: D:\a\Atlantic-Software\Atlantic-Software\GymSoft_ZTATTUZ_3.6.1_x86\salida\validacion\paquete-tecnico\ejecuciones\20261009T225135Z-1216\dist\ZTATTUZ Admin\_internal\tzdata\zoneinfo\Europe\Vaduz
   Compressing: D:\a\Atlantic-Software\Atlantic-Software\GymSoft_ZTATTUZ_3.6.1_x86\salida\validacion\paquete-tecnico\ejecuciones\20261009T225135Z-1216\dist\ZTATTUZ Admin\_internal\tzdata\zoneinfo\Europe\Vatican
   Compressing: D:\a\Atlantic-Software\Atlantic-Software\GymSoft_ZTATTUZ_3.6.1_x86\salida\validacion\paquete-tecnico\ejecuciones\20261009T225135Z-1216\dist\ZTATTUZ Admin\_internal\tzdata\zoneinfo\Europe\Vienna
   Compressing: D:\a\Atlantic-Software\Atlantic-Software\GymSoft_ZTATTUZ_3.6.1_x86\salida\validacion\paquete-tecnico\ejecuciones\20261009T225135Z-1216\dist\ZTATTUZ Admin\_internal\tzdata\zoneinfo\Europe\Vilnius
   Compressing: D:\a\Atlantic-Software\Atlantic-Software\GymSoft_ZTATTUZ_3.6.1_x86\salida\validacion\paquete-tecnico\ejecuciones\20261009T225135Z-1216\dist\ZTATTUZ Admin\_internal\tzdata\zoneinfo\Europe\Volgograd
   Compressing: D:\a\Atlantic-Software\Atlantic-Software\GymSoft_ZTATTUZ_3.6.1_x86\salida\validacion\paquete-tecnico\ejecuciones\20261009T225135Z-1216\dist\ZTATTUZ Admin\_internal\tzdata\zoneinfo\Europe\Warsaw
   Compressing: D:\a\Atlantic-Software\Atlantic-Software\GymSoft_ZTATTUZ_3.6.1_x86\salida\validacion\paquete-tecnico\ejecuciones\20261009T225135Z-1216\dist\ZTATTUZ Admin\_internal\tzdata\zoneinfo\Europe\Zagreb
   Compressing: D:\a\Atlantic-Software\Atlantic-Software\GymSoft_ZTATTUZ_3.6.1_x86\salida\validacion\paquete-tecnico\ejecuciones\20261009T225135Z-1216\dist\ZTATTUZ Admin\_internal\tzdata\zoneinfo\Europe\Zaporozhye
   Compressing: D:\a\Atlantic-Software\Atlantic-Software\GymSoft_ZTATTUZ_3.6.1_x86\salida\validacion\paquete-tecnico\ejecuciones\20261009T225135Z-1216\dist\ZTATTUZ Admin\_internal\tzdata\zoneinfo\Europe\Zurich
   Compressing: D:\a\Atlantic-Software\Atlantic-Software\GymSoft_ZTATTUZ_3.6.1_x86\salida\validacion\paquete-tecnico\ejecuciones\20261009T225135Z-1216\dist\ZTATTUZ Admin\_internal\tzdata\zoneinfo\Europe\__init__.py
   Compressing: D:\a\Atlantic-Software\Atlantic-Software\GymSoft_ZTATTUZ_3.6.1_x86\salida\validacion\paquete-tecnico\ejecuciones\20261009T225135Z-1216\dist\ZTATTUZ Admin\_internal\tzdata\zoneinfo\Indian\Antananarivo
   Compressing: D:\a\Atlantic-Software\Atlantic-Software\GymSoft_ZTATTUZ_3.6.1_x86\salida\validacion\paquete-tecnico\ejecuciones\20261009T225135Z-1216\dist\ZTATTUZ Admin\_internal\tzdata\zoneinfo\Indian\Chagos
   Compressing: D:\a\Atlantic-Software\Atlantic-Software\GymSoft_ZTATTUZ_3.6.1_x86\salida\validacion\paquete-tecnico\ejecuciones\20261009T225135Z-1216\dist\ZTATTUZ Admin\_internal\tzdata\zoneinfo\Indian\Christmas
   Compressing: D:\a\Atlantic-Software\Atlantic-Software\GymSoft_ZTATTUZ_3.6.1_x86\salida\validacion\paquete-tecnico\ejecuciones\20261009T225135Z-1216\dist\ZTATTUZ Admin\_internal\tzdata\zoneinfo\Indian\Cocos
   Compressing: D:\a\Atlantic-Software\Atlantic-Software\GymSoft_ZTATTUZ_3.6.1_x86\salida\validacion\paquete-tecnico\ejecuciones\20261009T225135Z-1216\dist\ZTATTUZ Admin\_internal\tzdata\zoneinfo\Indian\Comoro
   Compressing: D:\a\Atlantic-Software\Atlantic-Software\GymSoft_ZTATTUZ_3.6.1_x86\salida\validacion\paquete-tecnico\ejecuciones\20261009T225135Z-1216\dist\ZTATTUZ Admin\_internal\tzdata\zoneinfo\Indian\Kerguelen
   Compressing: D:\a\Atlantic-Software\Atlantic-Software\GymSoft_ZTATTUZ_3.6.1_x86\salida\validacion\paquete-tecnico\ejecuciones\20261009T225135Z-1216\dist\ZTATTUZ Admin\_internal\tzdata\zoneinfo\Indian\Mahe
   Compressing: D:\a\Atlantic-Software\Atlantic-Software\GymSoft_ZTATTUZ_3.6.1_x86\salida\validacion\paquete-tecnico\ejecuciones\20261009T225135Z-1216\dist\ZTATTUZ Admin\_internal\tzdata\zoneinfo\Indian\Maldives
   Compressing: D:\a\Atlantic-Software\Atlantic-Software\GymSoft_ZTATTUZ_3.6.1_x86\salida\validacion\paquete-tecnico\ejecuciones\20261009T225135Z-1216\dist\ZTATTUZ Admin\_internal\tzdata\zoneinfo\Indian\Mauritius
   Compressing: D:\a\Atlantic-Software\Atlantic-Software\GymSoft_ZTATTUZ_3.6.1_x86\salida\validacion\paquete-tecnico\ejecuciones\20261009T225135Z-1216\dist\ZTATTUZ Admin\_internal\tzdata\zoneinfo\Indian\Mayotte
   Compressing: D:\a\Atlantic-Software\Atlantic-Software\GymSoft_ZTATTUZ_3.6.1_x86\salida\validacion\paquete-tecnico\ejecuciones\20261009T225135Z-1216\dist\ZTATTUZ Admin\_internal\tzdata\zoneinfo\Indian\Reunion
   Compressing: D:\a\Atlantic-Software\Atlantic-Software\GymSoft_ZTATTUZ_3.6.1_x86\salida\validacion\paquete-tecnico\ejecuciones\20261009T225135Z-1216\dist\ZTATTUZ Admin\_internal\tzdata\zoneinfo\Indian\__init__.py
   Compressing: D:\a\Atlantic-Software\Atlantic-Software\GymSoft_ZTATTUZ_3.6.1_x86\salida\validacion\paquete-tecnico\ejecuciones\20261009T225135Z-1216\dist\ZTATTUZ Admin\_internal\tzdata\zoneinfo\Mexico\BajaNorte
   Compressing: D:\a\Atlantic-Software\Atlantic-Software\GymSoft_ZTATTUZ_3.6.1_x86\salida\validacion\paquete-tecnico\ejecuciones\20261009T225135Z-1216\dist\ZTATTUZ Admin\_internal\tzdata\zoneinfo\Mexico\BajaSur
   Compressing: D:\a\Atlantic-Software\Atlantic-Software\GymSoft_ZTATTUZ_3.6.1_x86\salida\validacion\paquete-tecnico\ejecuciones\20261009T225135Z-1216\dist\ZTATTUZ Admin\_internal\tzdata\zoneinfo\Mexico\General
   Compressing: D:\a\Atlantic-Software\Atlantic-Software\GymSoft_ZTATTUZ_3.6.1_x86\salida\validacion\paquete-tecnico\ejecuciones\20261009T225135Z-1216\dist\ZTATTUZ Admin\_internal\tzdata\zoneinfo\Mexico\__init__.py
   Compressing: D:\a\Atlantic-Software\Atlantic-Software\GymSoft_ZTATTUZ_3.6.1_x86\salida\validacion\paquete-tecnico\ejecuciones\20261009T225135Z-1216\dist\ZTATTUZ Admin\_internal\tzdata\zoneinfo\Pacific\Apia
   Compressing: D:\a\Atlantic-Software\Atlantic-Software\GymSoft_ZTATTUZ_3.6.1_x86\salida\validacion\paquete-tecnico\ejecuciones\20261009T225135Z-1216\dist\ZTATTUZ Admin\_internal\tzdata\zoneinfo\Pacific\Auckland
   Compressing: D:\a\Atlantic-Software\Atlantic-Software\GymSoft_ZTATTUZ_3.6.1_x86\salida\validacion\paquete-tecnico\ejecuciones\20261009T225135Z-1216\dist\ZTATTUZ Admin\_internal\tzdata\zoneinfo\Pacific\Bougainville
   Compressing: D:\a\Atlantic-Software\Atlantic-Software\GymSoft_ZTATTUZ_3.6.1_x86\salida\validacion\paquete-tecnico\ejecuciones\20261009T225135Z-1216\dist\ZTATTUZ Admin\_internal\tzdata\zoneinfo\Pacific\Chatham
   Compressing: D:\a\Atlantic-Software\Atlantic-Software\GymSoft_ZTATTUZ_3.6.1_x86\salida\validacion\paquete-tecnico\ejecuciones\20261009T225135Z-1216\dist\ZTATTUZ Admin\_internal\tzdata\zoneinfo\Pacific\Chuuk
   Compressing: D:\a\Atlantic-Software\Atlantic-Software\GymSoft_ZTATTUZ_3.6.1_x86\salida\validacion\paquete-tecnico\ejecuciones\20261009T225135Z-1216\dist\ZTATTUZ Admin\_internal\tzdata\zoneinfo\Pacific\Easter
   Compressing: D:\a\Atlantic-Software\Atlantic-Software\GymSoft_ZTATTUZ_3.6.1_x86\salida\validacion\paquete-tecnico\ejecuciones\20261009T225135Z-1216\dist\ZTATTUZ Admin\_internal\tzdata\zoneinfo\Pacific\Efate
   Compressing: D:\a\Atlantic-Software\Atlantic-Software\GymSoft_ZTATTUZ_3.6.1_x86\salida\validacion\paquete-tecnico\ejecuciones\20261009T225135Z-1216\dist\ZTATTUZ Admin\_internal\tzdata\zoneinfo\Pacific\Enderbury
   Compressing: D:\a\Atlantic-Software\Atlantic-Software\GymSoft_ZTATTUZ_3.6.1_x86\salida\validacion\paquete-tecnico\ejecuciones\20261009T225135Z-1216\dist\ZTATTUZ Admin\_internal\tzdata\zoneinfo\Pacific\Fakaofo
   Compressing: D:\a\Atlantic-Software\Atlantic-Software\GymSoft_ZTATTUZ_3.6.1_x86\salida\validacion\paquete-tecnico\ejecuciones\20261009T225135Z-1216\dist\ZTATTUZ Admin\_internal\tzdata\zoneinfo\Pacific\Fiji
   Compressing: D:\a\Atlantic-Software\Atlantic-Software\GymSoft_ZTATTUZ_3.6.1_x86\salida\validacion\paquete-tecnico\ejecuciones\20261009T225135Z-1216\dist\ZTATTUZ Admin\_internal\tzdata\zoneinfo\Pacific\Funafuti
   Compressing: D:\a\Atlantic-Software\Atlantic-Software\GymSoft_ZTATTUZ_3.6.1_x86\salida\validacion\paquete-tecnico\ejecuciones\20261009T225135Z-1216\dist\ZTATTUZ Admin\_internal\tzdata\zoneinfo\Pacific\Galapagos
   Compressing: D:\a\Atlantic-Software\Atlantic-Software\GymSoft_ZTATTUZ_3.6.1_x86\salida\validacion\paquete-tecnico\ejecuciones\20261009T225135Z-1216\dist\ZTATTUZ Admin\_internal\tzdata\zoneinfo\Pacific\Gambier
   Compressing: D:\a\Atlantic-Software\Atlantic-Software\GymSoft_ZTATTUZ_3.6.1_x86\salida\validacion\paquete-tecnico\ejecuciones\20261009T225135Z-1216\dist\ZTATTUZ Admin\_internal\tzdata\zoneinfo\Pacific\Guadalcanal
   Compressing: D:\a\Atlantic-Software\Atlantic-Software\GymSoft_ZTATTUZ_3.6.1_x86\salida\validacion\paquete-tecnico\ejecuciones\20261009T225135Z-1216\dist\ZTATTUZ Admin\_internal\tzdata\zoneinfo\Pacific\Guam
   Compressing: D:\a\Atlantic-Software\Atlantic-Software\GymSoft_ZTATTUZ_3.6.1_x86\salida\validacion\paquete-tecnico\ejecuciones\20261009T225135Z-1216\dist\ZTATTUZ Admin\_internal\tzdata\zoneinfo\Pacific\Honolulu
   Compressing: D:\a\Atlantic-Software\Atlantic-Software\GymSoft_ZTATTUZ_3.6.1_x86\salida\validacion\paquete-tecnico\ejecuciones\20261009T225135Z-1216\dist\ZTATTUZ Admin\_internal\tzdata\zoneinfo\Pacific\Johnston
   Compressing: D:\a\Atlantic-Software\Atlantic-Software\GymSoft_ZTATTUZ_3.6.1_x86\salida\validacion\paquete-tecnico\ejecuciones\20261009T225135Z-1216\dist\ZTATTUZ Admin\_internal\tzdata\zoneinfo\Pacific\Kanton
   Compressing: D:\a\Atlantic-Software\Atlantic-Software\GymSoft_ZTATTUZ_3.6.1_x86\salida\validacion\paquete-tecnico\ejecuciones\20261009T225135Z-1216\dist\ZTATTUZ Admin\_internal\tzdata\zoneinfo\Pacific\Kiritimati
   Compressing: D:\a\Atlantic-Software\Atlantic-Software\GymSoft_ZTATTUZ_3.6.1_x86\salida\validacion\paquete-tecnico\ejecuciones\20261009T225135Z-1216\dist\ZTATTUZ Admin\_internal\tzdata\zoneinfo\Pacific\Kosrae
   Compressing: D:\a\Atlantic-Software\Atlantic-Software\GymSoft_ZTATTUZ_3.6.1_x86\salida\validacion\paquete-tecnico\ejecuciones\20261009T225135Z-1216\dist\ZTATTUZ Admin\_internal\tzdata\zoneinfo\Pacific\Kwajalein
   Compressing: D:\a\Atlantic-Software\Atlantic-Software\GymSoft_ZTATTUZ_3.6.1_x86\salida\validacion\paquete-tecnico\ejecuciones\20261009T225135Z-1216\dist\ZTATTUZ Admin\_internal\tzdata\zoneinfo\Pacific\Majuro
   Compressing: D:\a\Atlantic-Software\Atlantic-Software\GymSoft_ZTATTUZ_3.6.1_x86\salida\validacion\paquete-tecnico\ejecuciones\20261009T225135Z-1216\dist\ZTATTUZ Admin\_internal\tzdata\zoneinfo\Pacific\Marquesas
   Compressing: D:\a\Atlantic-Software\Atlantic-Software\GymSoft_ZTATTUZ_3.6.1_x86\salida\validacion\paquete-tecnico\ejecuciones\20261009T225135Z-1216\dist\ZTATTUZ Admin\_internal\tzdata\zoneinfo\Pacific\Midway
   Compressing: D:\a\Atlantic-Software\Atlantic-Software\GymSoft_ZTATTUZ_3.6.1_x86\salida\validacion\paquete-tecnico\ejecuciones\20261009T225135Z-1216\dist\ZTATTUZ Admin\_internal\tzdata\zoneinfo\Pacific\Nauru
   Compressing: D:\a\Atlantic-Software\Atlantic-Software\GymSoft_ZTATTUZ_3.6.1_x86\salida\validacion\paquete-tecnico\ejecuciones\20261009T225135Z-1216\dist\ZTATTUZ Admin\_internal\tzdata\zoneinfo\Pacific\Niue
   Compressing: D:\a\Atlantic-Software\Atlantic-Software\GymSoft_ZTATTUZ_3.6.1_x86\salida\validacion\paquete-tecnico\ejecuciones\20261009T225135Z-1216\dist\ZTATTUZ Admin\_internal\tzdata\zoneinfo\Pacific\Norfolk
   Compressing: D:\a\Atlantic-Software\Atlantic-Software\GymSoft_ZTATTUZ_3.6.1_x86\salida\validacion\paquete-tecnico\ejecuciones\20261009T225135Z-1216\dist\ZTATTUZ Admin\_internal\tzdata\zoneinfo\Pacific\Noumea
   Compressing: D:\a\Atlantic-Software\Atlantic-Software\GymSoft_ZTATTUZ_3.6.1_x86\salida\validacion\paquete-tecnico\ejecuciones\20261009T225135Z-1216\dist\ZTATTUZ Admin\_internal\tzdata\zoneinfo\Pacific\Pago_Pago
   Compressing: D:\a\Atlantic-Software\Atlantic-Software\GymSoft_ZTATTUZ_3.6.1_x86\salida\validacion\paquete-tecnico\ejecuciones\20261009T225135Z-1216\dist\ZTATTUZ Admin\_internal\tzdata\zoneinfo\Pacific\Palau
   Compressing: D:\a\Atlantic-Software\Atlantic-Software\GymSoft_ZTATTUZ_3.6.1_x86\salida\validacion\paquete-tecnico\ejecuciones\20261009T225135Z-1216\dist\ZTATTUZ Admin\_internal\tzdata\zoneinfo\Pacific\Pitcairn
   Compressing: D:\a\Atlantic-Software\Atlantic-Software\GymSoft_ZTATTUZ_3.6.1_x86\salida\validacion\paquete-tecnico\ejecuciones\20261009T225135Z-1216\dist\ZTATTUZ Admin\_internal\tzdata\zoneinfo\Pacific\Pohnpei
   Compressing: D:\a\Atlantic-Software\Atlantic-Software\GymSoft_ZTATTUZ_3.6.1_x86\salida\validacion\paquete-tecnico\ejecuciones\20261009T225135Z-1216\dist\ZTATTUZ Admin\_internal\tzdata\zoneinfo\Pacific\Ponape
   Compressing: D:\a\Atlantic-Software\Atlantic-Software\GymSoft_ZTATTUZ_3.6.1_x86\salida\validacion\paquete-tecnico\ejecuciones\20261009T225135Z-1216\dist\ZTATTUZ Admin\_internal\tzdata\zoneinfo\Pacific\Port_Moresby
   Compressing: D:\a\Atlantic-Software\Atlantic-Software\GymSoft_ZTATTUZ_3.6.1_x86\salida\validacion\paquete-tecnico\ejecuciones\20261009T225135Z-1216\dist\ZTATTUZ Admin\_internal\tzdata\zoneinfo\Pacific\Rarotonga
   Compressing: D:\a\Atlantic-Software\Atlantic-Software\GymSoft_ZTATTUZ_3.6.1_x86\salida\validacion\paquete-tecnico\ejecuciones\20261009T225135Z-1216\dist\ZTATTUZ Admin\_internal\tzdata\zoneinfo\Pacific\Saipan
   Compressing: D:\a\Atlantic-Software\Atlantic-Software\GymSoft_ZTATTUZ_3.6.1_x86\salida\validacion\paquete-tecnico\ejecuciones\20261009T225135Z-1216\dist\ZTATTUZ Admin\_internal\tzdata\zoneinfo\Pacific\Samoa
   Compressing: D:\a\Atlantic-Software\Atlantic-Software\GymSoft_ZTATTUZ_3.6.1_x86\salida\validacion\paquete-tecnico\ejecuciones\20261009T225135Z-1216\dist\ZTATTUZ Admin\_internal\tzdata\zoneinfo\Pacific\Tahiti
   Compressing: D:\a\Atlantic-Software\Atlantic-Software\GymSoft_ZTATTUZ_3.6.1_x86\salida\validacion\paquete-tecnico\ejecuciones\20261009T225135Z-1216\dist\ZTATTUZ Admin\_internal\tzdata\zoneinfo\Pacific\Tarawa
   Compressing: D:\a\Atlantic-Software\Atlantic-Software\GymSoft_ZTATTUZ_3.6.1_x86\salida\validacion\paquete-tecnico\ejecuciones\20261009T225135Z-1216\dist\ZTATTUZ Admin\_internal\tzdata\zoneinfo\Pacific\Tongatapu
   Compressing: D:\a\Atlantic-Software\Atlantic-Software\GymSoft_ZTATTUZ_3.6.1_x86\salida\validacion\paquete-tecnico\ejecuciones\20261009T225135Z-1216\dist\ZTATTUZ Admin\_internal\tzdata\zoneinfo\Pacific\Truk
   Compressing: D:\a\Atlantic-Software\Atlantic-Software\GymSoft_ZTATTUZ_3.6.1_x86\salida\validacion\paquete-tecnico\ejecuciones\20261009T225135Z-1216\dist\ZTATTUZ Admin\_internal\tzdata\zoneinfo\Pacific\Wake
   Compressing: D:\a\Atlantic-Software\Atlantic-Software\GymSoft_ZTATTUZ_3.6.1_x86\salida\validacion\paquete-tecnico\ejecuciones\20261009T225135Z-1216\dist\ZTATTUZ Admin\_internal\tzdata\zoneinfo\Pacific\Wallis
   Compressing: D:\a\Atlantic-Software\Atlantic-Software\GymSoft_ZTATTUZ_3.6.1_x86\salida\validacion\paquete-tecnico\ejecuciones\20261009T225135Z-1216\dist\ZTATTUZ Admin\_internal\tzdata\zoneinfo\Pacific\Yap
   Compressing: D:\a\Atlantic-Software\Atlantic-Software\GymSoft_ZTATTUZ_3.6.1_x86\salida\validacion\paquete-tecnico\ejecuciones\20261009T225135Z-1216\dist\ZTATTUZ Admin\_internal\tzdata\zoneinfo\Pacific\__init__.py
   Compressing: D:\a\Atlantic-Software\Atlantic-Software\GymSoft_ZTATTUZ_3.6.1_x86\salida\validacion\paquete-tecnico\ejecuciones\20261009T225135Z-1216\dist\ZTATTUZ Admin\_internal\tzdata\zoneinfo\US\Alaska
   Compressing: D:\a\Atlantic-Software\Atlantic-Software\GymSoft_ZTATTUZ_3.6.1_x86\salida\validacion\paquete-tecnico\ejecuciones\20261009T225135Z-1216\dist\ZTATTUZ Admin\_internal\tzdata\zoneinfo\US\Aleutian
   Compressing: D:\a\Atlantic-Software\Atlantic-Software\GymSoft_ZTATTUZ_3.6.1_x86\salida\validacion\paquete-tecnico\ejecuciones\20261009T225135Z-1216\dist\ZTATTUZ Admin\_internal\tzdata\zoneinfo\US\Arizona
   Compressing: D:\a\Atlantic-Software\Atlantic-Software\GymSoft_ZTATTUZ_3.6.1_x86\salida\validacion\paquete-tecnico\ejecuciones\20261009T225135Z-1216\dist\ZTATTUZ Admin\_internal\tzdata\zoneinfo\US\Central
   Compressing: D:\a\Atlantic-Software\Atlantic-Software\GymSoft_ZTATTUZ_3.6.1_x86\salida\validacion\paquete-tecnico\ejecuciones\20261009T225135Z-1216\dist\ZTATTUZ Admin\_internal\tzdata\zoneinfo\US\East-Indiana
   Compressing: D:\a\Atlantic-Software\Atlantic-Software\GymSoft_ZTATTUZ_3.6.1_x86\salida\validacion\paquete-tecnico\ejecuciones\20261009T225135Z-1216\dist\ZTATTUZ Admin\_internal\tzdata\zoneinfo\US\Eastern
   Compressing: D:\a\Atlantic-Software\Atlantic-Software\GymSoft_ZTATTUZ_3.6.1_x86\salida\validacion\paquete-tecnico\ejecuciones\20261009T225135Z-1216\dist\ZTATTUZ Admin\_internal\tzdata\zoneinfo\US\Hawaii
   Compressing: D:\a\Atlantic-Software\Atlantic-Software\GymSoft_ZTATTUZ_3.6.1_x86\salida\validacion\paquete-tecnico\ejecuciones\20261009T225135Z-1216\dist\ZTATTUZ Admin\_internal\tzdata\zoneinfo\US\Indiana-Starke
   Compressing: D:\a\Atlantic-Software\Atlantic-Software\GymSoft_ZTATTUZ_3.6.1_x86\salida\validacion\paquete-tecnico\ejecuciones\20261009T225135Z-1216\dist\ZTATTUZ Admin\_internal\tzdata\zoneinfo\US\Michigan
   Compressing: D:\a\Atlantic-Software\Atlantic-Software\GymSoft_ZTATTUZ_3.6.1_x86\salida\validacion\paquete-tecnico\ejecuciones\20261009T225135Z-1216\dist\ZTATTUZ Admin\_internal\tzdata\zoneinfo\US\Mountain
   Compressing: D:\a\Atlantic-Software\Atlantic-Software\GymSoft_ZTATTUZ_3.6.1_x86\salida\validacion\paquete-tecnico\ejecuciones\20261009T225135Z-1216\dist\ZTATTUZ Admin\_internal\tzdata\zoneinfo\US\Pacific
   Compressing: D:\a\Atlantic-Software\Atlantic-Software\GymSoft_ZTATTUZ_3.6.1_x86\salida\validacion\paquete-tecnico\ejecuciones\20261009T225135Z-1216\dist\ZTATTUZ Admin\_internal\tzdata\zoneinfo\US\Samoa
   Compressing: D:\a\Atlantic-Software\Atlantic-Software\GymSoft_ZTATTUZ_3.6.1_x86\salida\validacion\paquete-tecnico\ejecuciones\20261009T225135Z-1216\dist\ZTATTUZ Admin\_internal\tzdata\zoneinfo\US\__init__.py
   Compressing: D:\a\Atlantic-Software\Atlantic-Software\GymSoft_ZTATTUZ_3.6.1_x86\salida\validacion\paquete-tecnico\ejecuciones\20261009T225135Z-1216\dist\ZTATTUZ Admin\_internal\tzdata-2026.3.dist-info\INSTALLER
   Compressing: D:\a\Atlantic-Software\Atlantic-Software\GymSoft_ZTATTUZ_3.6.1_x86\salida\validacion\paquete-tecnico\ejecuciones\20261009T225135Z-1216\dist\ZTATTUZ Admin\_internal\tzdata-2026.3.dist-info\METADATA
   Compressing: D:\a\Atlantic-Software\Atlantic-Software\GymSoft_ZTATTUZ_3.6.1_x86\salida\validacion\paquete-tecnico\ejecuciones\20261009T225135Z-1216\dist\ZTATTUZ Admin\_internal\tzdata-2026.3.dist-info\RECORD
   Compressing: D:\a\Atlantic-Software\Atlantic-Software\GymSoft_ZTATTUZ_3.6.1_x86\salida\validacion\paquete-tecnico\ejecuciones\20261009T225135Z-1216\dist\ZTATTUZ Admin\_internal\tzdata-2026.3.dist-info\REQUESTED
   Compressing: D:\a\Atlantic-Software\Atlantic-Software\GymSoft_ZTATTUZ_3.6.1_x86\salida\validacion\paquete-tecnico\ejecuciones\20261009T225135Z-1216\dist\ZTATTUZ Admin\_internal\tzdata-2026.3.dist-info\top_level.txt
   Compressing: D:\a\Atlantic-Software\Atlantic-Software\GymSoft_ZTATTUZ_3.6.1_x86\salida\validacion\paquete-tecnico\ejecuciones\20261009T225135Z-1216\dist\ZTATTUZ Admin\_internal\tzdata-2026.3.dist-info\WHEEL
   Compressing: D:\a\Atlantic-Software\Atlantic-Software\GymSoft_ZTATTUZ_3.6.1_x86\salida\validacion\paquete-tecnico\ejecuciones\20261009T225135Z-1216\dist\ZTATTUZ Admin\_internal\tzdata-2026.3.dist-info\licenses\LICENSE
   Compressing: D:\a\Atlantic-Software\Atlantic-Software\GymSoft_ZTATTUZ_3.6.1_x86\salida\validacion\paquete-tecnico\ejecuciones\20261009T225135Z-1216\dist\ZTATTUZ Admin\_internal\tzdata-2026.3.dist-info\licenses\licenses\LICENSE_APACHE
   Compressing: D:\a\Atlantic-Software\Atlantic-Software\GymSoft_ZTATTUZ_3.6.1_x86\salida\validacion\paquete-tecnico\ejecuciones\20261009T225135Z-1216\dist\ZTATTUZ Admin\_internal\websockets-15.0.1.dist-info\entry_points.txt
   Compressing: D:\a\Atlantic-Software\Atlantic-Software\GymSoft_ZTATTUZ_3.6.1_x86\salida\validacion\paquete-tecnico\ejecuciones\20261009T225135Z-1216\dist\ZTATTUZ Admin\_internal\websockets-15.0.1.dist-info\INSTALLER
   Compressing: D:\a\Atlantic-Software\Atlantic-Software\GymSoft_ZTATTUZ_3.6.1_x86\salida\validacion\paquete-tecnico\ejecuciones\20261009T225135Z-1216\dist\ZTATTUZ Admin\_internal\websockets-15.0.1.dist-info\LICENSE
   Compressing: D:\a\Atlantic-Software\Atlantic-Software\GymSoft_ZTATTUZ_3.6.1_x86\salida\validacion\paquete-tecnico\ejecuciones\20261009T225135Z-1216\dist\ZTATTUZ Admin\_internal\websockets-15.0.1.dist-info\METADATA
   Compressing: D:\a\Atlantic-Software\Atlantic-Software\GymSoft_ZTATTUZ_3.6.1_x86\salida\validacion\paquete-tecnico\ejecuciones\20261009T225135Z-1216\dist\ZTATTUZ Admin\_internal\websockets-15.0.1.dist-info\RECORD
   Compressing: D:\a\Atlantic-Software\Atlantic-Software\GymSoft_ZTATTUZ_3.6.1_x86\salida\validacion\paquete-tecnico\ejecuciones\20261009T225135Z-1216\dist\ZTATTUZ Admin\_internal\websockets-15.0.1.dist-info\top_level.txt
   Compressing: D:\a\Atlantic-Software\Atlantic-Software\GymSoft_ZTATTUZ_3.6.1_x86\salida\validacion\paquete-tecnico\ejecuciones\20261009T225135Z-1216\dist\ZTATTUZ Admin\_internal\websockets-15.0.1.dist-info\WHEEL
   Compressing: D:\a\Atlantic-Software\Atlantic-Software\GymSoft_ZTATTUZ_3.6.1_x86\icono.ico
   Compressing: D:\a\Atlantic-Software\Atlantic-Software\GymSoft_ZTATTUZ_3.6.1_x86\COPYRIGHT.txt
   Compressing: D:\a\Atlantic-Software\Atlantic-Software\GymSoft_ZTATTUZ_3.6.1_x86\LEEME_WINDOWS_MINI.txt
   Compressing: D:\a\Atlantic-Software\Atlantic-Software\GymSoft_ZTATTUZ_3.6.1_x86\LEEME_ACTUALIZAR_3.6.1.md
   Compressing: D:\a\Atlantic-Software\Atlantic-Software\GymSoft_ZTATTUZ_3.6.1_x86\GUIA_PUERTA_LCUS1.md
   Compressing Setup program executable
   Updating version info (Setup.exe)
   Updating manifest (Setup.exe)


Successful compile (12.922 sec). Resulting Setup program filename is:
D:\a\Atlantic-Software\Atlantic-Software\GymSoft_ZTATTUZ_3.6.1_x86\salida\validacion\paquete-tecnico\ejecuciones\20261009T225135Z-1216\instaladores\componentes\ZTATTUZ_Admin_3.6.1.exe
